timestamp_iso,method,endpoint,status_code,latency_ms,error
2026-08-31T04:09:51.877647+00:00,GET,http://localhost:3000/logistics/tenderos/productos-disponibles?tiendaId=bbbbbbbb-bbbb-4bbb-8bbb-bbbbbbbbbbbb&zona=Zona+Norte,200,78.791,
2026-08-31T04:09:51.909269+00:00,GET,http://localhost:3000/logistics/tenderos/productos-disponibles?tiendaId=bbbbbbbb-bbbb-4bbb-8bbb-bbbbbbbbbbbb&zona=Zona+Norte,200,60.261,
2026-08-31T04:09:51.942696+00:00,GET,http://localhost:3000/logistics/tenderos/productos-disponibles?tiendaId=bbbbbbbb-bbbb-4bbb-8bbb-bbbbbbbbbbbb&zona=Zona+Norte,200,68.326,
2026-08-31T04:09:51.975652+00:00,GET,http://localhost:3000/logistics/tenderos/productos-disponibles?tiendaId=bbbbbbbb-bbbb-4bbb-8bbb-bbbbbbbbbbbb&zona=Zona+Norte,200,51.238,
2026-08-31T04:09:52.008478+00:00,GET,http://localhost:3000/logistics/tenderos/productos-disponibles?tiendaId=bbbbbbbb-bbbb-4bbb-8bbb-bbbbbbbbbbbb&zona=Zona+Norte,200,55.873,
2026-08-31T04:09:52.042408+00:00,GET,http://localhost:3000/logistics/tenderos/productos-disponibles?tiendaId=bbbbbbbb-bbbb-4bbb-8bbb-bbbbbbbbbbbb&zona=Zona+Norte,200,55.524,
2026-08-31T04:09:52.075914+00:00,GET,http://localhost:3000/logistics/tenderos/productos-disponibles?tiendaId=bbbbbbbb-bbbb-4bbb-8bbb-bbbbbbbbbbbb&zona=Zona+Norte,200,62.703,
2026-08-31T04:09:52.109334+00:00,GET,http://localhost:3000/logistics/tenderos/productos-disponibles?tiendaId=bbbbbbbb-bbbb-4bbb-8bbb-bbbbbbbbbbbb&zona=Zona+Norte,200,53.886,
2026-08-31T04:09:52.142038+00:00,GET,http://localhost:3000/logistics/tenderos/productos-disponibles?tiendaId=bbbbbbbb-bbbb-4bbb-8bbb-bbbbbbbbbbbb&zona=Zona+Norte,200,59.464,
2026-08-31T04:09:52.176027+00:00,GET,http://localhost:3000/logistics/tenderos/productos-disponibles?tiendaId=bbbbbbbb-bbbb-4bbb-8bbb-bbbbbbbbbbbb&zona=Zona+Norte,200,51.904,
2026-08-31T04:09:52.209173+00:00,GET,http://localhost:3000/logistics/tenderos/productos-disponibles?tiendaId=bbbbbbbb-bbbb-4bbb-8bbb-bbbbbbbbbbbb&zona=Zona+Norte,200,54.019,
2026-08-31T04:09:52.242676+00:00,GET,http://localhost:3000/logistics/tenderos/productos-disponibles?tiendaId=bbbbbbbb-bbbb-4bbb-8bbb-bbbbbbbbbbbb&zona=Zona+Norte,200,52.947,
2026-08-31T04:09:52.276005+00:00,GET,http://localhost:3000/logistics/tenderos/productos-disponibles?tiendaId=bbbbbbbb-bbbb-4bbb-8bbb-bbbbbbbbbbbb&zona=Zona+Norte,200,56.087,
2026-08-31T04:09:52.309337+00:00,GET,http://localhost:3000/logistics/tenderos/productos-disponibles?tiendaId=bbbbbbbb-bbbb-4bbb-8bbb-bbbbbbbbbbbb&zona=Zona+Norte,200,48.320,
2026-08-31T04:09:52.342672+00:00,GET,http://localhost:3000/logistics/tenderos/productos-disponibles?tiendaId=bbbbbbbb-bbbb-4bbb-8bbb-bbbbbbbbbbbb&zona=Zona+Norte,200,57.423,
2026-08-31T04:09:52.375425+00:00,GET,http://localhost:3000/logistics/tenderos/productos-disponibles?tiendaId=bbbbbbbb-bbbb-4bbb-8bbb-bbbbbbbbbbbb&zona=Zona+Norte,200,53.587,
2026-08-31T04:09:52.409335+00:00,GET,http://localhost:3000/logistics/tenderos/productos-disponibles?tiendaId=bbbbbbbb-bbbb-4bbb-8bbb-bbbbbbbbbbbb&zona=Zona+Norte,200,60.154,
2026-08-31T04:09:52.442682+00:00,GET,http://localhost:3000/logistics/tenderos/productos-disponibles?tiendaId=bbbbbbbb-bbbb-4bbb-8bbb-bbbbbbbbbbbb&zona=Zona+Norte,200,51.516,
2026-08-31T04:09:52.475344+00:00,GET,http://localhost:3000/logistics/tenderos/productos-disponibles?tiendaId=bbbbbbbb-bbbb-4bbb-8bbb-bbbbbbbbbbbb&zona=Zona+Norte,200,56.128,
2026-08-31T04:09:52.509360+00:00,GET,http://localhost:3000/logistics/tenderos/productos-disponibles?tiendaId=bbbbbbbb-bbbb-4bbb-8bbb-bbbbbbbbbbbb&zona=Zona+Norte,200,49.966,
2026-08-31T04:09:52.542686+00:00,GET,http://localhost:3000/logistics/tenderos/productos-disponibles?tiendaId=bbbbbbbb-bbbb-4bbb-8bbb-bbbbbbbbbbbb&zona=Zona+Norte,200,58.178,
2026-08-31T04:09:52.575997+00:00,GET,http://localhost:3000/logistics/tenderos/productos-disponibles?tiendaId=bbbbbbbb-bbbb-4bbb-8bbb-bbbbbbbbbbbb&zona=Zona+Norte,200,51.971,
2026-08-31T04:09:52.609259+00:00,GET,http://localhost:3000/logistics/tenderos/productos-disponibles?tiendaId=bbbbbbbb-bbbb-4bbb-8bbb-bbbbbbbbbbbb&zona=Zona+Norte,200,59.749,
2026-08-31T04:09:52.641812+00:00,GET,http://localhost:3000/logistics/tenderos/productos-disponibles?tiendaId=bbbbbbbb-bbbb-4bbb-8bbb-bbbbbbbbbbbb&zona=Zona+Norte,200,52.812,
2026-08-31T04:09:52.675463+00:00,GET,http://localhost:3000/logistics/tenderos/productos-disponibles?tiendaId=bbbbbbbb-bbbb-4bbb-8bbb-bbbbbbbbbbbb&zona=Zona+Norte,200,58.287,
2026-08-31T04:09:52.708657+00:00,GET,http://localhost:3000/logistics/tenderos/productos-disponibles?tiendaId=bbbbbbbb-bbbb-4bbb-8bbb-bbbbbbbbbbbb&zona=Zona+Norte,200,51.007,
2026-08-31T04:09:52.742626+00:00,GET,http://localhost:3000/logistics/tenderos/productos-disponibles?tiendaId=bbbbbbbb-bbbb-4bbb-8bbb-bbbbbbbbbbbb&zona=Zona+Norte,200,57.698,
2026-08-31T04:09:52.776025+00:00,GET,http://localhost:3000/logistics/tenderos/productos-disponibles?tiendaId=bbbbbbbb-bbbb-4bbb-8bbb-bbbbbbbbbbbb&zona=Zona+Norte,200,55.973,
2026-08-31T04:09:52.809343+00:00,GET,http://localhost:3000/logistics/tenderos/productos-disponibles?tiendaId=bbbbbbbb-bbbb-4bbb-8bbb-bbbbbbbbbbbb&zona=Zona+Norte,200,57.451,
2026-08-31T04:09:52.842677+00:00,GET,http://localhost:3000/logistics/tenderos/productos-disponibles?tiendaId=bbbbbbbb-bbbb-4bbb-8bbb-bbbbbbbbbbbb&zona=Zona+Norte,200,49.020,
2026-08-31T04:09:52.876018+00:00,GET,http://localhost:3000/logistics/tenderos/productos-disponibles?tiendaId=bbbbbbbb-bbbb-4bbb-8bbb-bbbbbbbbbbbb&zona=Zona+Norte,200,57.755,
2026-08-31T04:09:52.908873+00:00,GET,http://localhost:3000/logistics/tenderos/productos-disponibles?tiendaId=bbbbbbbb-bbbb-4bbb-8bbb-bbbbbbbbbbbb&zona=Zona+Norte,200,51.701,
2026-08-31T04:09:52.942674+00:00,GET,http://localhost:3000/logistics/tenderos/productos-disponibles?tiendaId=bbbbbbbb-bbbb-4bbb-8bbb-bbbbbbbbbbbb&zona=Zona+Norte,200,56.993,
2026-08-31T04:09:52.975831+00:00,GET,http://localhost:3000/logistics/tenderos/productos-disponibles?tiendaId=bbbbbbbb-bbbb-4bbb-8bbb-bbbbbbbbbbbb&zona=Zona+Norte,200,53.457,
2026-08-31T04:09:53.009350+00:00,GET,http://localhost:3000/logistics/tenderos/productos-disponibles?tiendaId=bbbbbbbb-bbbb-4bbb-8bbb-bbbbbbbbbbbb&zona=Zona+Norte,200,60.342,
2026-08-31T04:09:53.042302+00:00,GET,http://localhost:3000/logistics/tenderos/productos-disponibles?tiendaId=bbbbbbbb-bbbb-4bbb-8bbb-bbbbbbbbbbbb&zona=Zona+Norte,200,50.562,
2026-08-31T04:09:53.075369+00:00,GET,http://localhost:3000/logistics/tenderos/productos-disponibles?tiendaId=bbbbbbbb-bbbb-4bbb-8bbb-bbbbbbbbbbbb&zona=Zona+Norte,200,56.874,
2026-08-31T04:09:53.109362+00:00,GET,http://localhost:3000/logistics/tenderos/productos-disponibles?tiendaId=bbbbbbbb-bbbb-4bbb-8bbb-bbbbbbbbbbbb&zona=Zona+Norte,200,51.873,
2026-08-31T04:09:53.142041+00:00,GET,http://localhost:3000/logistics/tenderos/productos-disponibles?tiendaId=bbbbbbbb-bbbb-4bbb-8bbb-bbbbbbbbbbbb&zona=Zona+Norte,200,55.572,
2026-08-31T04:09:53.176025+00:00,GET,http://localhost:3000/logistics/tenderos/productos-disponibles?tiendaId=bbbbbbbb-bbbb-4bbb-8bbb-bbbbbbbbbbbb&zona=Zona+Norte,200,52.583,
2026-08-31T04:09:53.209352+00:00,GET,http://localhost:3000/logistics/tenderos/productos-disponibles?tiendaId=bbbbbbbb-bbbb-4bbb-8bbb-bbbbbbbbbbbb&zona=Zona+Norte,200,63.042,
2026-08-31T04:09:53.242504+00:00,GET,http://localhost:3000/logistics/tenderos/productos-disponibles?tiendaId=bbbbbbbb-bbbb-4bbb-8bbb-bbbbbbbbbbbb&zona=Zona+Norte,200,60.054,
2026-08-31T04:09:53.275363+00:00,GET,http://localhost:3000/logistics/tenderos/productos-disponibles?tiendaId=bbbbbbbb-bbbb-4bbb-8bbb-bbbbbbbbbbbb&zona=Zona+Norte,200,63.073,
2026-08-31T04:09:53.308956+00:00,GET,http://localhost:3000/logistics/tenderos/productos-disponibles?tiendaId=bbbbbbbb-bbbb-4bbb-8bbb-bbbbbbbbbbbb&zona=Zona+Norte,200,54.080,
2026-08-31T04:09:53.342094+00:00,GET,http://localhost:3000/logistics/tenderos/productos-disponibles?tiendaId=bbbbbbbb-bbbb-4bbb-8bbb-bbbbbbbbbbbb&zona=Zona+Norte,200,62.324,
2026-08-31T04:09:53.376080+00:00,GET,http://localhost:3000/logistics/tenderos/productos-disponibles?tiendaId=bbbbbbbb-bbbb-4bbb-8bbb-bbbbbbbbbbbb&zona=Zona+Norte,200,54.246,
2026-08-31T04:09:53.408849+00:00,GET,http://localhost:3000/logistics/tenderos/productos-disponibles?tiendaId=bbbbbbbb-bbbb-4bbb-8bbb-bbbbbbbbbbbb&zona=Zona+Norte,200,60.444,
2026-08-31T04:09:53.442656+00:00,GET,http://localhost:3000/logistics/tenderos/productos-disponibles?tiendaId=bbbbbbbb-bbbb-4bbb-8bbb-bbbbbbbbbbbb&zona=Zona+Norte,200,53.097,
2026-08-31T04:09:53.475739+00:00,GET,http://localhost:3000/logistics/tenderos/productos-disponibles?tiendaId=bbbbbbbb-bbbb-4bbb-8bbb-bbbbbbbbbbbb&zona=Zona+Norte,200,60.164,
2026-08-31T04:09:53.509362+00:00,GET,http://localhost:3000/logistics/tenderos/productos-disponibles?tiendaId=bbbbbbbb-bbbb-4bbb-8bbb-bbbbbbbbbbbb&zona=Zona+Norte,200,51.659,
2026-08-31T04:09:53.542431+00:00,GET,http://localhost:3000/logistics/tenderos/productos-disponibles?tiendaId=bbbbbbbb-bbbb-4bbb-8bbb-bbbbbbbbbbbb&zona=Zona+Norte,200,57.903,
2026-08-31T04:09:53.576069+00:00,GET,http://localhost:3000/logistics/tenderos/productos-disponibles?tiendaId=bbbbbbbb-bbbb-4bbb-8bbb-bbbbbbbbbbbb&zona=Zona+Norte,200,50.325,
2026-08-31T04:09:53.608933+00:00,GET,http://localhost:3000/logistics/tenderos/productos-disponibles?tiendaId=bbbbbbbb-bbbb-4bbb-8bbb-bbbbbbbbbbbb&zona=Zona+Norte,200,59.236,
2026-08-31T04:09:53.642754+00:00,GET,http://localhost:3000/logistics/tenderos/productos-disponibles?tiendaId=bbbbbbbb-bbbb-4bbb-8bbb-bbbbbbbbbbbb&zona=Zona+Norte,200,59.334,
2026-08-31T04:09:53.675909+00:00,GET,http://localhost:3000/logistics/tenderos/productos-disponibles?tiendaId=bbbbbbbb-bbbb-4bbb-8bbb-bbbbbbbbbbbb&zona=Zona+Norte,200,58.991,
2026-08-31T04:09:53.709155+00:00,GET,http://localhost:3000/logistics/tenderos/productos-disponibles?tiendaId=bbbbbbbb-bbbb-4bbb-8bbb-bbbbbbbbbbbb&zona=Zona+Norte,200,57.189,
2026-08-31T04:09:53.742552+00:00,GET,http://localhost:3000/logistics/tenderos/productos-disponibles?tiendaId=bbbbbbbb-bbbb-4bbb-8bbb-bbbbbbbbbbbb&zona=Zona+Norte,200,61.965,
2026-08-31T04:09:53.775781+00:00,GET,http://localhost:3000/logistics/tenderos/productos-disponibles?tiendaId=bbbbbbbb-bbbb-4bbb-8bbb-bbbbbbbbbbbb&zona=Zona+Norte,200,58.109,
2026-08-31T04:09:53.808664+00:00,GET,http://localhost:3000/logistics/tenderos/productos-disponibles?tiendaId=bbbbbbbb-bbbb-4bbb-8bbb-bbbbbbbbbbbb&zona=Zona+Norte,200,68.150,
2026-08-31T04:09:53.842626+00:00,GET,http://localhost:3000/logistics/tenderos/productos-disponibles?tiendaId=bbbbbbbb-bbbb-4bbb-8bbb-bbbbbbbbbbbb&zona=Zona+Norte,200,63.017,
2026-08-31T04:09:53.875888+00:00,GET,http://localhost:3000/logistics/tenderos/productos-disponibles?tiendaId=bbbbbbbb-bbbb-4bbb-8bbb-bbbbbbbbbbbb&zona=Zona+Norte,200,59.085,
2026-08-31T04:09:53.908697+00:00,GET,http://localhost:3000/logistics/tenderos/productos-disponibles?tiendaId=bbbbbbbb-bbbb-4bbb-8bbb-bbbbbbbbbbbb&zona=Zona+Norte,200,58.473,
2026-08-31T04:09:53.942525+00:00,GET,http://localhost:3000/logistics/tenderos/productos-disponibles?tiendaId=bbbbbbbb-bbbb-4bbb-8bbb-bbbbbbbbbbbb&zona=Zona+Norte,200,61.585,
2026-08-31T04:09:53.975333+00:00,GET,http://localhost:3000/logistics/tenderos/productos-disponibles?tiendaId=bbbbbbbb-bbbb-4bbb-8bbb-bbbbbbbbbbbb&zona=Zona+Norte,200,59.598,
2026-08-31T04:09:54.008665+00:00,GET,http://localhost:3000/logistics/tenderos/productos-disponibles?tiendaId=bbbbbbbb-bbbb-4bbb-8bbb-bbbbbbbbbbbb&zona=Zona+Norte,200,61.454,
2026-08-31T04:09:54.042482+00:00,GET,http://localhost:3000/logistics/tenderos/productos-disponibles?tiendaId=bbbbbbbb-bbbb-4bbb-8bbb-bbbbbbbbbbbb&zona=Zona+Norte,200,54.627,
2026-08-31T04:09:54.075435+00:00,GET,http://localhost:3000/logistics/tenderos/productos-disponibles?tiendaId=bbbbbbbb-bbbb-4bbb-8bbb-bbbbbbbbbbbb&zona=Zona+Norte,200,65.356,
2026-08-31T04:09:54.108439+00:00,GET,http://localhost:3000/logistics/tenderos/productos-disponibles?tiendaId=bbbbbbbb-bbbb-4bbb-8bbb-bbbbbbbbbbbb&zona=Zona+Norte,200,57.219,
2026-08-31T04:09:54.141813+00:00,GET,http://localhost:3000/logistics/tenderos/productos-disponibles?tiendaId=bbbbbbbb-bbbb-4bbb-8bbb-bbbbbbbbbbbb&zona=Zona+Norte,200,60.397,
2026-08-31T04:09:54.175228+00:00,GET,http://localhost:3000/logistics/tenderos/productos-disponibles?tiendaId=bbbbbbbb-bbbb-4bbb-8bbb-bbbbbbbbbbbb&zona=Zona+Norte,200,62.001,
2026-08-31T04:09:54.208898+00:00,GET,http://localhost:3000/logistics/tenderos/productos-disponibles?tiendaId=bbbbbbbb-bbbb-4bbb-8bbb-bbbbbbbbbbbb&zona=Zona+Norte,200,62.155,
2026-08-31T04:09:54.242263+00:00,GET,http://localhost:3000/logistics/tenderos/productos-disponibles?tiendaId=bbbbbbbb-bbbb-4bbb-8bbb-bbbbbbbbbbbb&zona=Zona+Norte,200,59.366,
2026-08-31T04:09:54.275520+00:00,GET,http://localhost:3000/logistics/tenderos/productos-disponibles?tiendaId=bbbbbbbb-bbbb-4bbb-8bbb-bbbbbbbbbbbb&zona=Zona+Norte,200,62.286,
2026-08-31T04:09:54.308645+00:00,GET,http://localhost:3000/logistics/tenderos/productos-disponibles?tiendaId=bbbbbbbb-bbbb-4bbb-8bbb-bbbbbbbbbbbb&zona=Zona+Norte,200,57.000,
2026-08-31T04:09:54.344579+00:00,GET,http://localhost:3000/logistics/tenderos/productos-disponibles?tiendaId=bbbbbbbb-bbbb-4bbb-8bbb-bbbbbbbbbbbb&zona=Zona+Norte,200,61.346,
2026-08-31T04:09:54.375422+00:00,GET,http://localhost:3000/logistics/tenderos/productos-disponibles?tiendaId=bbbbbbbb-bbbb-4bbb-8bbb-bbbbbbbbbbbb&zona=Zona+Norte,200,56.804,
2026-08-31T04:09:54.408658+00:00,GET,http://localhost:3000/logistics/tenderos/productos-disponibles?tiendaId=bbbbbbbb-bbbb-4bbb-8bbb-bbbbbbbbbbbb&zona=Zona+Norte,200,68.282,
2026-08-31T04:09:54.442705+00:00,GET,http://localhost:3000/logistics/tenderos/productos-disponibles?tiendaId=bbbbbbbb-bbbb-4bbb-8bbb-bbbbbbbbbbbb&zona=Zona+Norte,200,64.761,
2026-08-31T04:09:54.475206+00:00,GET,http://localhost:3000/logistics/tenderos/productos-disponibles?tiendaId=bbbbbbbb-bbbb-4bbb-8bbb-bbbbbbbbbbbb&zona=Zona+Norte,200,63.915,
2026-08-31T04:09:54.508394+00:00,GET,http://localhost:3000/logistics/tenderos/productos-disponibles?tiendaId=bbbbbbbb-bbbb-4bbb-8bbb-bbbbbbbbbbbb&zona=Zona+Norte,200,54.573,
2026-08-31T04:09:54.542013+00:00,GET,http://localhost:3000/logistics/tenderos/productos-disponibles?tiendaId=bbbbbbbb-bbbb-4bbb-8bbb-bbbbbbbbbbbb&zona=Zona+Norte,200,63.059,
2026-08-31T04:09:54.576043+00:00,GET,http://localhost:3000/logistics/tenderos/productos-disponibles?tiendaId=bbbbbbbb-bbbb-4bbb-8bbb-bbbbbbbbbbbb&zona=Zona+Norte,200,56.296,
2026-08-31T04:09:54.608439+00:00,GET,http://localhost:3000/logistics/tenderos/productos-disponibles?tiendaId=bbbbbbbb-bbbb-4bbb-8bbb-bbbbbbbbbbbb&zona=Zona+Norte,200,58.436,
2026-08-31T04:09:54.642691+00:00,GET,http://localhost:3000/logistics/tenderos/productos-disponibles?tiendaId=bbbbbbbb-bbbb-4bbb-8bbb-bbbbbbbbbbbb&zona=Zona+Norte,200,58.927,
2026-08-31T04:09:54.676091+00:00,GET,http://localhost:3000/logistics/tenderos/productos-disponibles?tiendaId=bbbbbbbb-bbbb-4bbb-8bbb-bbbbbbbbbbbb&zona=Zona+Norte,200,61.092,
2026-08-31T04:09:54.709018+00:00,GET,http://localhost:3000/logistics/tenderos/productos-disponibles?tiendaId=bbbbbbbb-bbbb-4bbb-8bbb-bbbbbbbbbbbb&zona=Zona+Norte,200,59.951,
2026-08-31T04:09:54.741962+00:00,GET,http://localhost:3000/logistics/tenderos/productos-disponibles?tiendaId=bbbbbbbb-bbbb-4bbb-8bbb-bbbbbbbbbbbb&zona=Zona+Norte,200,60.340,
2026-08-31T04:09:54.775809+00:00,GET,http://localhost:3000/logistics/tenderos/productos-disponibles?tiendaId=bbbbbbbb-bbbb-4bbb-8bbb-bbbbbbbbbbbb&zona=Zona+Norte,200,54.479,
2026-08-31T04:09:54.809122+00:00,GET,http://localhost:3000/logistics/tenderos/productos-disponibles?tiendaId=bbbbbbbb-bbbb-4bbb-8bbb-bbbbbbbbbbbb&zona=Zona+Norte,200,63.124,
2026-08-31T04:09:54.842861+00:00,GET,http://localhost:3000/logistics/tenderos/productos-disponibles?tiendaId=bbbbbbbb-bbbb-4bbb-8bbb-bbbbbbbbbbbb&zona=Zona+Norte,200,59.261,
2026-08-31T04:09:54.875388+00:00,GET,http://localhost:3000/logistics/tenderos/productos-disponibles?tiendaId=bbbbbbbb-bbbb-4bbb-8bbb-bbbbbbbbbbbb&zona=Zona+Norte,200,62.400,
2026-08-31T04:09:54.909297+00:00,GET,http://localhost:3000/logistics/tenderos/productos-disponibles?tiendaId=bbbbbbbb-bbbb-4bbb-8bbb-bbbbbbbbbbbb&zona=Zona+Norte,200,53.841,
2026-08-31T04:09:54.942216+00:00,GET,http://localhost:3000/logistics/tenderos/productos-disponibles?tiendaId=bbbbbbbb-bbbb-4bbb-8bbb-bbbbbbbbbbbb&zona=Zona+Norte,200,60.065,
2026-08-31T04:09:54.976088+00:00,GET,http://localhost:3000/logistics/tenderos/productos-disponibles?tiendaId=bbbbbbbb-bbbb-4bbb-8bbb-bbbbbbbbbbbb&zona=Zona+Norte,200,53.641,
2026-08-31T04:09:55.009147+00:00,GET,http://localhost:3000/logistics/tenderos/productos-disponibles?tiendaId=bbbbbbbb-bbbb-4bbb-8bbb-bbbbbbbbbbbb&zona=Zona+Norte,200,57.617,
2026-08-31T04:09:55.042731+00:00,GET,http://localhost:3000/logistics/tenderos/productos-disponibles?tiendaId=bbbbbbbb-bbbb-4bbb-8bbb-bbbbbbbbbbbb&zona=Zona+Norte,200,57.966,
2026-08-31T04:09:55.076052+00:00,GET,http://localhost:3000/logistics/tenderos/productos-disponibles?tiendaId=bbbbbbbb-bbbb-4bbb-8bbb-bbbbbbbbbbbb&zona=Zona+Norte,200,62.811,
2026-08-31T04:09:55.109208+00:00,GET,http://localhost:3000/logistics/tenderos/productos-disponibles?tiendaId=bbbbbbbb-bbbb-4bbb-8bbb-bbbbbbbbbbbb&zona=Zona+Norte,200,54.199,
2026-08-31T04:09:55.141988+00:00,GET,http://localhost:3000/logistics/tenderos/productos-disponibles?tiendaId=bbbbbbbb-bbbb-4bbb-8bbb-bbbbbbbbbbbb&zona=Zona+Norte,200,60.384,
2026-08-31T04:09:55.175879+00:00,GET,http://localhost:3000/logistics/tenderos/productos-disponibles?tiendaId=bbbbbbbb-bbbb-4bbb-8bbb-bbbbbbbbbbbb&zona=Zona+Norte,200,60.309,
2026-08-31T04:09:55.209122+00:00,GET,http://localhost:3000/logistics/tenderos/productos-disponibles?tiendaId=bbbbbbbb-bbbb-4bbb-8bbb-bbbbbbbbbbbb&zona=Zona+Norte,200,60.656,
2026-08-31T04:09:55.242416+00:00,GET,http://localhost:3000/logistics/tenderos/productos-disponibles?tiendaId=bbbbbbbb-bbbb-4bbb-8bbb-bbbbbbbbbbbb&zona=Zona+Norte,200,52.964,
2026-08-31T04:09:55.275714+00:00,GET,http://localhost:3000/logistics/tenderos/productos-disponibles?tiendaId=bbbbbbbb-bbbb-4bbb-8bbb-bbbbbbbbbbbb&zona=Zona+Norte,200,59.410,
2026-08-31T04:09:55.309207+00:00,GET,http://localhost:3000/logistics/tenderos/productos-disponibles?tiendaId=bbbbbbbb-bbbb-4bbb-8bbb-bbbbbbbbbbbb&zona=Zona+Norte,200,53.027,
2026-08-31T04:09:55.342518+00:00,GET,http://localhost:3000/logistics/tenderos/productos-disponibles?tiendaId=bbbbbbbb-bbbb-4bbb-8bbb-bbbbbbbbbbbb&zona=Zona+Norte,200,60.805,
2026-08-31T04:09:55.375810+00:00,GET,http://localhost:3000/logistics/tenderos/productos-disponibles?tiendaId=bbbbbbbb-bbbb-4bbb-8bbb-bbbbbbbbbbbb&zona=Zona+Norte,200,54.105,
2026-08-31T04:09:55.409015+00:00,GET,http://localhost:3000/logistics/tenderos/productos-disponibles?tiendaId=bbbbbbbb-bbbb-4bbb-8bbb-bbbbbbbbbbbb&zona=Zona+Norte,200,58.057,
2026-08-31T04:09:55.442327+00:00,GET,http://localhost:3000/logistics/tenderos/productos-disponibles?tiendaId=bbbbbbbb-bbbb-4bbb-8bbb-bbbbbbbbbbbb&zona=Zona+Norte,200,55.446,
2026-08-31T04:09:55.476031+00:00,GET,http://localhost:3000/logistics/tenderos/productos-disponibles?tiendaId=bbbbbbbb-bbbb-4bbb-8bbb-bbbbbbbbbbbb&zona=Zona+Norte,200,59.346,
2026-08-31T04:09:55.508635+00:00,GET,http://localhost:3000/logistics/tenderos/productos-disponibles?tiendaId=bbbbbbbb-bbbb-4bbb-8bbb-bbbbbbbbbbbb&zona=Zona+Norte,200,54.237,
2026-08-31T04:09:55.542495+00:00,GET,http://localhost:3000/logistics/tenderos/productos-disponibles?tiendaId=bbbbbbbb-bbbb-4bbb-8bbb-bbbbbbbbbbbb&zona=Zona+Norte,200,60.360,
2026-08-31T04:09:55.575369+00:00,GET,http://localhost:3000/logistics/tenderos/productos-disponibles?tiendaId=bbbbbbbb-bbbb-4bbb-8bbb-bbbbbbbbbbbb&zona=Zona+Norte,200,53.339,
2026-08-31T04:09:55.608621+00:00,GET,http://localhost:3000/logistics/tenderos/productos-disponibles?tiendaId=bbbbbbbb-bbbb-4bbb-8bbb-bbbbbbbbbbbb&zona=Zona+Norte,200,61.449,
2026-08-31T04:09:55.641943+00:00,GET,http://localhost:3000/logistics/tenderos/productos-disponibles?tiendaId=bbbbbbbb-bbbb-4bbb-8bbb-bbbbbbbbbbbb&zona=Zona+Norte,200,58.977,
2026-08-31T04:09:55.675666+00:00,GET,http://localhost:3000/logistics/tenderos/productos-disponibles?tiendaId=bbbbbbbb-bbbb-4bbb-8bbb-bbbbbbbbbbbb&zona=Zona+Norte,200,62.080,
2026-08-31T04:09:55.709300+00:00,GET,http://localhost:3000/logistics/tenderos/productos-disponibles?tiendaId=bbbbbbbb-bbbb-4bbb-8bbb-bbbbbbbbbbbb&zona=Zona+Norte,200,55.674,
2026-08-31T04:09:55.742215+00:00,GET,http://localhost:3000/logistics/tenderos/productos-disponibles?tiendaId=bbbbbbbb-bbbb-4bbb-8bbb-bbbbbbbbbbbb&zona=Zona+Norte,200,58.871,
2026-08-31T04:09:55.775267+00:00,GET,http://localhost:3000/logistics/tenderos/productos-disponibles?tiendaId=bbbbbbbb-bbbb-4bbb-8bbb-bbbbbbbbbbbb&zona=Zona+Norte,200,54.110,
2026-08-31T04:09:55.809241+00:00,GET,http://localhost:3000/logistics/tenderos/productos-disponibles?tiendaId=bbbbbbbb-bbbb-4bbb-8bbb-bbbbbbbbbbbb&zona=Zona+Norte,200,63.954,
2026-08-31T04:09:55.842757+00:00,GET,http://localhost:3000/logistics/tenderos/productos-disponibles?tiendaId=bbbbbbbb-bbbb-4bbb-8bbb-bbbbbbbbbbbb&zona=Zona+Norte,200,59.642,
2026-08-31T04:09:55.875251+00:00,GET,http://localhost:3000/logistics/tenderos/productos-disponibles?tiendaId=bbbbbbbb-bbbb-4bbb-8bbb-bbbbbbbbbbbb&zona=Zona+Norte,200,71.172,
2026-08-31T04:09:55.909124+00:00,GET,http://localhost:3000/logistics/tenderos/productos-disponibles?tiendaId=bbbbbbbb-bbbb-4bbb-8bbb-bbbbbbbbbbbb&zona=Zona+Norte,200,61.980,
2026-08-31T04:09:55.942758+00:00,GET,http://localhost:3000/logistics/tenderos/productos-disponibles?tiendaId=bbbbbbbb-bbbb-4bbb-8bbb-bbbbbbbbbbbb&zona=Zona+Norte,200,63.074,
2026-08-31T04:09:55.975549+00:00,GET,http://localhost:3000/logistics/tenderos/productos-disponibles?tiendaId=bbbbbbbb-bbbb-4bbb-8bbb-bbbbbbbbbbbb&zona=Zona+Norte,200,63.916,
2026-08-31T04:09:56.008576+00:00,GET,http://localhost:3000/logistics/tenderos/productos-disponibles?tiendaId=bbbbbbbb-bbbb-4bbb-8bbb-bbbbbbbbbbbb&zona=Zona+Norte,200,65.973,
2026-08-31T04:09:56.041981+00:00,GET,http://localhost:3000/logistics/tenderos/productos-disponibles?tiendaId=bbbbbbbb-bbbb-4bbb-8bbb-bbbbbbbbbbbb&zona=Zona+Norte,200,57.088,
2026-08-31T04:09:56.075129+00:00,GET,http://localhost:3000/logistics/tenderos/productos-disponibles?tiendaId=bbbbbbbb-bbbb-4bbb-8bbb-bbbbbbbbbbbb&zona=Zona+Norte,200,64.800,
2026-08-31T04:09:56.109579+00:00,GET,http://localhost:3000/logistics/tenderos/productos-disponibles?tiendaId=bbbbbbbb-bbbb-4bbb-8bbb-bbbbbbbbbbbb&zona=Zona+Norte,200,56.896,
2026-08-31T04:09:56.141912+00:00,GET,http://localhost:3000/logistics/tenderos/productos-disponibles?tiendaId=bbbbbbbb-bbbb-4bbb-8bbb-bbbbbbbbbbbb&zona=Zona+Norte,200,63.744,
2026-08-31T04:09:56.176085+00:00,GET,http://localhost:3000/logistics/tenderos/productos-disponibles?tiendaId=bbbbbbbb-bbbb-4bbb-8bbb-bbbbbbbbbbbb&zona=Zona+Norte,200,60.003,
2026-08-31T04:09:56.208698+00:00,GET,http://localhost:3000/logistics/tenderos/productos-disponibles?tiendaId=bbbbbbbb-bbbb-4bbb-8bbb-bbbbbbbbbbbb&zona=Zona+Norte,200,59.527,
2026-08-31T04:09:56.242431+00:00,GET,http://localhost:3000/logistics/tenderos/productos-disponibles?tiendaId=bbbbbbbb-bbbb-4bbb-8bbb-bbbbbbbbbbbb&zona=Zona+Norte,200,55.825,
2026-08-31T04:09:56.275911+00:00,GET,http://localhost:3000/logistics/tenderos/productos-disponibles?tiendaId=bbbbbbbb-bbbb-4bbb-8bbb-bbbbbbbbbbbb&zona=Zona+Norte,200,60.457,
2026-08-31T04:09:56.309347+00:00,GET,http://localhost:3000/logistics/tenderos/productos-disponibles?tiendaId=bbbbbbbb-bbbb-4bbb-8bbb-bbbbbbbbbbbb&zona=Zona+Norte,200,54.942,
2026-08-31T04:09:56.341935+00:00,GET,http://localhost:3000/logistics/tenderos/productos-disponibles?tiendaId=bbbbbbbb-bbbb-4bbb-8bbb-bbbbbbbbbbbb&zona=Zona+Norte,200,59.936,
2026-08-31T04:09:56.375944+00:00,GET,http://localhost:3000/logistics/tenderos/productos-disponibles?tiendaId=bbbbbbbb-bbbb-4bbb-8bbb-bbbbbbbbbbbb&zona=Zona+Norte,200,50.475,
2026-08-31T04:09:56.409239+00:00,GET,http://localhost:3000/logistics/tenderos/productos-disponibles?tiendaId=bbbbbbbb-bbbb-4bbb-8bbb-bbbbbbbbbbbb&zona=Zona+Norte,200,57.339,
2026-08-31T04:09:56.442613+00:00,GET,http://localhost:3000/logistics/tenderos/productos-disponibles?tiendaId=bbbbbbbb-bbbb-4bbb-8bbb-bbbbbbbbbbbb&zona=Zona+Norte,200,58.255,
2026-08-31T04:09:56.476120+00:00,GET,http://localhost:3000/logistics/tenderos/productos-disponibles?tiendaId=bbbbbbbb-bbbb-4bbb-8bbb-bbbbbbbbbbbb&zona=Zona+Norte,200,56.400,
2026-08-31T04:09:56.509351+00:00,GET,http://localhost:3000/logistics/tenderos/productos-disponibles?tiendaId=bbbbbbbb-bbbb-4bbb-8bbb-bbbbbbbbbbbb&zona=Zona+Norte,200,51.075,
2026-08-31T04:09:56.542492+00:00,GET,http://localhost:3000/logistics/tenderos/productos-disponibles?tiendaId=bbbbbbbb-bbbb-4bbb-8bbb-bbbbbbbbbbbb&zona=Zona+Norte,200,58.919,
2026-08-31T04:09:56.575831+00:00,GET,http://localhost:3000/logistics/tenderos/productos-disponibles?tiendaId=bbbbbbbb-bbbb-4bbb-8bbb-bbbbbbbbbbbb&zona=Zona+Norte,200,50.630,
2026-08-31T04:09:56.609189+00:00,GET,http://localhost:3000/logistics/tenderos/productos-disponibles?tiendaId=bbbbbbbb-bbbb-4bbb-8bbb-bbbbbbbbbbbb&zona=Zona+Norte,200,58.506,
2026-08-31T04:09:56.642551+00:00,GET,http://localhost:3000/logistics/tenderos/productos-disponibles?tiendaId=bbbbbbbb-bbbb-4bbb-8bbb-bbbbbbbbbbbb&zona=Zona+Norte,200,52.687,
2026-08-31T04:09:56.675991+00:00,GET,http://localhost:3000/logistics/tenderos/productos-disponibles?tiendaId=bbbbbbbb-bbbb-4bbb-8bbb-bbbbbbbbbbbb&zona=Zona+Norte,200,56.893,
2026-08-31T04:09:56.709207+00:00,GET,http://localhost:3000/logistics/tenderos/productos-disponibles?tiendaId=bbbbbbbb-bbbb-4bbb-8bbb-bbbbbbbbbbbb&zona=Zona+Norte,200,49.762,
2026-08-31T04:09:56.742527+00:00,GET,http://localhost:3000/logistics/tenderos/productos-disponibles?tiendaId=bbbbbbbb-bbbb-4bbb-8bbb-bbbbbbbbbbbb&zona=Zona+Norte,200,59.500,
2026-08-31T04:09:56.775314+00:00,GET,http://localhost:3000/logistics/tenderos/productos-disponibles?tiendaId=bbbbbbbb-bbbb-4bbb-8bbb-bbbbbbbbbbbb&zona=Zona+Norte,200,50.732,
2026-08-31T04:09:56.808577+00:00,GET,http://localhost:3000/logistics/tenderos/productos-disponibles?tiendaId=bbbbbbbb-bbbb-4bbb-8bbb-bbbbbbbbbbbb&zona=Zona+Norte,200,58.801,
2026-08-31T04:09:56.842520+00:00,GET,http://localhost:3000/logistics/tenderos/productos-disponibles?tiendaId=bbbbbbbb-bbbb-4bbb-8bbb-bbbbbbbbbbbb&zona=Zona+Norte,200,49.620,
2026-08-31T04:09:56.875860+00:00,GET,http://localhost:3000/logistics/tenderos/productos-disponibles?tiendaId=bbbbbbbb-bbbb-4bbb-8bbb-bbbbbbbbbbbb&zona=Zona+Norte,200,62.699,
2026-08-31T04:09:56.909200+00:00,GET,http://localhost:3000/logistics/tenderos/productos-disponibles?tiendaId=bbbbbbbb-bbbb-4bbb-8bbb-bbbbbbbbbbbb&zona=Zona+Norte,200,57.416,
2026-08-31T04:09:56.942119+00:00,GET,http://localhost:3000/logistics/tenderos/productos-disponibles?tiendaId=bbbbbbbb-bbbb-4bbb-8bbb-bbbbbbbbbbbb&zona=Zona+Norte,200,60.091,
2026-08-31T04:09:56.976106+00:00,GET,http://localhost:3000/logistics/tenderos/productos-disponibles?tiendaId=bbbbbbbb-bbbb-4bbb-8bbb-bbbbbbbbbbbb&zona=Zona+Norte,200,54.641,
2026-08-31T04:09:57.009170+00:00,GET,http://localhost:3000/logistics/tenderos/productos-disponibles?tiendaId=bbbbbbbb-bbbb-4bbb-8bbb-bbbbbbbbbbbb&zona=Zona+Norte,200,65.355,
2026-08-31T04:09:57.042528+00:00,GET,http://localhost:3000/logistics/tenderos/productos-disponibles?tiendaId=bbbbbbbb-bbbb-4bbb-8bbb-bbbbbbbbbbbb&zona=Zona+Norte,200,60.382,
2026-08-31T04:09:57.075130+00:00,GET,http://localhost:3000/logistics/tenderos/productos-disponibles?tiendaId=bbbbbbbb-bbbb-4bbb-8bbb-bbbbbbbbbbbb&zona=Zona+Norte,200,59.727,
2026-08-31T04:09:57.109104+00:00,GET,http://localhost:3000/logistics/tenderos/productos-disponibles?tiendaId=bbbbbbbb-bbbb-4bbb-8bbb-bbbbbbbbbbbb&zona=Zona+Norte,200,49.730,
2026-08-31T04:09:57.142530+00:00,GET,http://localhost:3000/logistics/tenderos/productos-disponibles?tiendaId=bbbbbbbb-bbbb-4bbb-8bbb-bbbbbbbbbbbb&zona=Zona+Norte,200,60.261,
2026-08-31T04:09:57.176124+00:00,GET,http://localhost:3000/logistics/tenderos/productos-disponibles?tiendaId=bbbbbbbb-bbbb-4bbb-8bbb-bbbbbbbbbbbb&zona=Zona+Norte,200,50.453,
2026-08-31T04:09:57.208606+00:00,GET,http://localhost:3000/logistics/tenderos/productos-disponibles?tiendaId=bbbbbbbb-bbbb-4bbb-8bbb-bbbbbbbbbbbb&zona=Zona+Norte,200,57.437,
2026-08-31T04:09:57.242609+00:00,GET,http://localhost:3000/logistics/tenderos/productos-disponibles?tiendaId=bbbbbbbb-bbbb-4bbb-8bbb-bbbbbbbbbbbb&zona=Zona+Norte,200,48.956,
2026-08-31T04:09:57.276112+00:00,GET,http://localhost:3000/logistics/tenderos/productos-disponibles?tiendaId=bbbbbbbb-bbbb-4bbb-8bbb-bbbbbbbbbbbb&zona=Zona+Norte,200,55.488,
2026-08-31T04:09:57.308603+00:00,GET,http://localhost:3000/logistics/tenderos/productos-disponibles?tiendaId=bbbbbbbb-bbbb-4bbb-8bbb-bbbbbbbbbbbb&zona=Zona+Norte,200,48.583,
2026-08-31T04:09:57.342760+00:00,GET,http://localhost:3000/logistics/tenderos/productos-disponibles?tiendaId=bbbbbbbb-bbbb-4bbb-8bbb-bbbbbbbbbbbb&zona=Zona+Norte,200,56.133,
2026-08-31T04:09:57.376111+00:00,GET,http://localhost:3000/logistics/tenderos/productos-disponibles?tiendaId=bbbbbbbb-bbbb-4bbb-8bbb-bbbbbbbbbbbb&zona=Zona+Norte,200,47.723,
2026-08-31T04:09:57.409162+00:00,GET,http://localhost:3000/logistics/tenderos/productos-disponibles?tiendaId=bbbbbbbb-bbbb-4bbb-8bbb-bbbbbbbbbbbb&zona=Zona+Norte,200,56.326,
2026-08-31T04:09:57.442771+00:00,GET,http://localhost:3000/logistics/tenderos/productos-disponibles?tiendaId=bbbbbbbb-bbbb-4bbb-8bbb-bbbbbbbbbbbb&zona=Zona+Norte,200,53.531,
2026-08-31T04:09:57.476091+00:00,GET,http://localhost:3000/logistics/tenderos/productos-disponibles?tiendaId=bbbbbbbb-bbbb-4bbb-8bbb-bbbbbbbbbbbb&zona=Zona+Norte,200,56.743,
2026-08-31T04:09:57.509515+00:00,GET,http://localhost:3000/logistics/tenderos/productos-disponibles?tiendaId=bbbbbbbb-bbbb-4bbb-8bbb-bbbbbbbbbbbb&zona=Zona+Norte,200,48.824,
2026-08-31T04:09:57.542773+00:00,GET,http://localhost:3000/logistics/tenderos/productos-disponibles?tiendaId=bbbbbbbb-bbbb-4bbb-8bbb-bbbbbbbbbbbb&zona=Zona+Norte,200,60.841,
2026-08-31T04:09:57.575285+00:00,GET,http://localhost:3000/logistics/tenderos/productos-disponibles?tiendaId=bbbbbbbb-bbbb-4bbb-8bbb-bbbbbbbbbbbb&zona=Zona+Norte,200,57.458,
2026-08-31T04:09:57.609016+00:00,GET,http://localhost:3000/logistics/tenderos/productos-disponibles?tiendaId=bbbbbbbb-bbbb-4bbb-8bbb-bbbbbbbbbbbb&zona=Zona+Norte,200,63.761,
2026-08-31T04:09:57.641923+00:00,GET,http://localhost:3000/logistics/tenderos/productos-disponibles?tiendaId=bbbbbbbb-bbbb-4bbb-8bbb-bbbbbbbbbbbb&zona=Zona+Norte,200,61.727,
2026-08-31T04:09:57.675397+00:00,GET,http://localhost:3000/logistics/tenderos/productos-disponibles?tiendaId=bbbbbbbb-bbbb-4bbb-8bbb-bbbbbbbbbbbb&zona=Zona+Norte,200,61.559,
2026-08-31T04:09:57.709008+00:00,GET,http://localhost:3000/logistics/tenderos/productos-disponibles?tiendaId=bbbbbbbb-bbbb-4bbb-8bbb-bbbbbbbbbbbb&zona=Zona+Norte,200,55.278,
2026-08-31T04:09:57.742347+00:00,GET,http://localhost:3000/logistics/tenderos/productos-disponibles?tiendaId=bbbbbbbb-bbbb-4bbb-8bbb-bbbbbbbbbbbb&zona=Zona+Norte,200,61.823,
2026-08-31T04:09:57.776110+00:00,GET,http://localhost:3000/logistics/tenderos/productos-disponibles?tiendaId=bbbbbbbb-bbbb-4bbb-8bbb-bbbbbbbbbbbb&zona=Zona+Norte,200,53.823,
2026-08-31T04:09:57.808948+00:00,GET,http://localhost:3000/logistics/tenderos/productos-disponibles?tiendaId=bbbbbbbb-bbbb-4bbb-8bbb-bbbbbbbbbbbb&zona=Zona+Norte,200,60.287,
2026-08-31T04:09:57.842774+00:00,GET,http://localhost:3000/logistics/tenderos/productos-disponibles?tiendaId=bbbbbbbb-bbbb-4bbb-8bbb-bbbbbbbbbbbb&zona=Zona+Norte,200,53.602,
2026-08-31T04:09:57.875838+00:00,GET,http://localhost:3000/logistics/tenderos/productos-disponibles?tiendaId=bbbbbbbb-bbbb-4bbb-8bbb-bbbbbbbbbbbb&zona=Zona+Norte,200,60.195,
2026-08-31T04:09:57.908586+00:00,GET,http://localhost:3000/logistics/tenderos/productos-disponibles?tiendaId=bbbbbbbb-bbbb-4bbb-8bbb-bbbbbbbbbbbb&zona=Zona+Norte,200,55.922,
2026-08-31T04:09:57.942485+00:00,GET,http://localhost:3000/logistics/tenderos/productos-disponibles?tiendaId=bbbbbbbb-bbbb-4bbb-8bbb-bbbbbbbbbbbb&zona=Zona+Norte,200,61.230,
2026-08-31T04:09:57.976106+00:00,GET,http://localhost:3000/logistics/tenderos/productos-disponibles?tiendaId=bbbbbbbb-bbbb-4bbb-8bbb-bbbbbbbbbbbb&zona=Zona+Norte,200,61.821,
2026-08-31T04:09:58.009010+00:00,GET,http://localhost:3000/logistics/tenderos/productos-disponibles?tiendaId=bbbbbbbb-bbbb-4bbb-8bbb-bbbbbbbbbbbb&zona=Zona+Norte,200,60.918,
2026-08-31T04:09:58.042250+00:00,GET,http://localhost:3000/logistics/tenderos/productos-disponibles?tiendaId=bbbbbbbb-bbbb-4bbb-8bbb-bbbbbbbbbbbb&zona=Zona+Norte,200,53.357,
2026-08-31T04:09:58.075769+00:00,GET,http://localhost:3000/logistics/tenderos/productos-disponibles?tiendaId=bbbbbbbb-bbbb-4bbb-8bbb-bbbbbbbbbbbb&zona=Zona+Norte,200,60.409,
2026-08-31T04:09:58.109339+00:00,GET,http://localhost:3000/logistics/tenderos/productos-disponibles?tiendaId=bbbbbbbb-bbbb-4bbb-8bbb-bbbbbbbbbbbb&zona=Zona+Norte,200,52.777,
2026-08-31T04:09:58.142453+00:00,GET,http://localhost:3000/logistics/tenderos/productos-disponibles?tiendaId=bbbbbbbb-bbbb-4bbb-8bbb-bbbbbbbbbbbb&zona=Zona+Norte,200,62.902,
2026-08-31T04:09:58.176121+00:00,GET,http://localhost:3000/logistics/tenderos/productos-disponibles?tiendaId=bbbbbbbb-bbbb-4bbb-8bbb-bbbbbbbbbbbb&zona=Zona+Norte,200,58.287,
2026-08-31T04:09:58.208824+00:00,GET,http://localhost:3000/logistics/tenderos/productos-disponibles?tiendaId=bbbbbbbb-bbbb-4bbb-8bbb-bbbbbbbbbbbb&zona=Zona+Norte,200,70.634,
2026-08-31T04:09:58.242683+00:00,GET,http://localhost:3000/logistics/tenderos/productos-disponibles?tiendaId=bbbbbbbb-bbbb-4bbb-8bbb-bbbbbbbbbbbb&zona=Zona+Norte,200,64.641,
2026-08-31T04:09:58.276133+00:00,GET,http://localhost:3000/logistics/tenderos/productos-disponibles?tiendaId=bbbbbbbb-bbbb-4bbb-8bbb-bbbbbbbbbbbb&zona=Zona+Norte,200,65.868,
2026-08-31T04:09:58.308541+00:00,GET,http://localhost:3000/logistics/tenderos/productos-disponibles?tiendaId=bbbbbbbb-bbbb-4bbb-8bbb-bbbbbbbbbbbb&zona=Zona+Norte,200,52.542,
2026-08-31T04:09:58.342020+00:00,GET,http://localhost:3000/logistics/tenderos/productos-disponibles?tiendaId=bbbbbbbb-bbbb-4bbb-8bbb-bbbbbbbbbbbb&zona=Zona+Norte,200,58.478,
2026-08-31T04:09:58.376094+00:00,GET,http://localhost:3000/logistics/tenderos/productos-disponibles?tiendaId=bbbbbbbb-bbbb-4bbb-8bbb-bbbbbbbbbbbb&zona=Zona+Norte,200,51.868,
2026-08-31T04:09:58.409401+00:00,GET,http://localhost:3000/logistics/tenderos/productos-disponibles?tiendaId=bbbbbbbb-bbbb-4bbb-8bbb-bbbbbbbbbbbb&zona=Zona+Norte,200,57.567,
2026-08-31T04:09:58.442754+00:00,GET,http://localhost:3000/logistics/tenderos/productos-disponibles?tiendaId=bbbbbbbb-bbbb-4bbb-8bbb-bbbbbbbbbbbb&zona=Zona+Norte,200,53.735,
2026-08-31T04:09:58.475785+00:00,GET,http://localhost:3000/logistics/tenderos/productos-disponibles?tiendaId=bbbbbbbb-bbbb-4bbb-8bbb-bbbbbbbbbbbb&zona=Zona+Norte,200,57.193,
2026-08-31T04:09:58.509455+00:00,GET,http://localhost:3000/logistics/tenderos/productos-disponibles?tiendaId=bbbbbbbb-bbbb-4bbb-8bbb-bbbbbbbbbbbb&zona=Zona+Norte,200,47.546,
2026-08-31T04:09:58.541874+00:00,GET,http://localhost:3000/logistics/tenderos/productos-disponibles?tiendaId=bbbbbbbb-bbbb-4bbb-8bbb-bbbbbbbbbbbb&zona=Zona+Norte,200,60.974,
2026-08-31T04:09:58.576156+00:00,GET,http://localhost:3000/logistics/tenderos/productos-disponibles?tiendaId=bbbbbbbb-bbbb-4bbb-8bbb-bbbbbbbbbbbb&zona=Zona+Norte,200,56.683,
2026-08-31T04:09:58.608665+00:00,GET,http://localhost:3000/logistics/tenderos/productos-disponibles?tiendaId=bbbbbbbb-bbbb-4bbb-8bbb-bbbbbbbbbbbb&zona=Zona+Norte,200,61.830,
2026-08-31T04:09:58.642752+00:00,GET,http://localhost:3000/logistics/tenderos/productos-disponibles?tiendaId=bbbbbbbb-bbbb-4bbb-8bbb-bbbbbbbbbbbb&zona=Zona+Norte,200,47.705,
2026-08-31T04:09:58.675653+00:00,GET,http://localhost:3000/logistics/tenderos/productos-disponibles?tiendaId=bbbbbbbb-bbbb-4bbb-8bbb-bbbbbbbbbbbb&zona=Zona+Norte,200,56.418,
2026-08-31T04:09:58.709375+00:00,GET,http://localhost:3000/logistics/tenderos/productos-disponibles?tiendaId=bbbbbbbb-bbbb-4bbb-8bbb-bbbbbbbbbbbb&zona=Zona+Norte,200,48.023,
2026-08-31T04:09:58.741879+00:00,GET,http://localhost:3000/logistics/tenderos/productos-disponibles?tiendaId=bbbbbbbb-bbbb-4bbb-8bbb-bbbbbbbbbbbb&zona=Zona+Norte,200,56.465,
2026-08-31T04:09:58.775224+00:00,GET,http://localhost:3000/logistics/tenderos/productos-disponibles?tiendaId=bbbbbbbb-bbbb-4bbb-8bbb-bbbbbbbbbbbb&zona=Zona+Norte,200,51.619,
2026-08-31T04:09:58.808534+00:00,GET,http://localhost:3000/logistics/tenderos/productos-disponibles?tiendaId=bbbbbbbb-bbbb-4bbb-8bbb-bbbbbbbbbbbb&zona=Zona+Norte,200,54.166,
2026-08-31T04:09:58.842432+00:00,GET,http://localhost:3000/logistics/tenderos/productos-disponibles?tiendaId=bbbbbbbb-bbbb-4bbb-8bbb-bbbbbbbbbbbb&zona=Zona+Norte,200,48.894,
2026-08-31T04:09:58.875399+00:00,GET,http://localhost:3000/logistics/tenderos/productos-disponibles?tiendaId=bbbbbbbb-bbbb-4bbb-8bbb-bbbbbbbbbbbb&zona=Zona+Norte,200,54.037,
2026-08-31T04:09:58.909226+00:00,GET,http://localhost:3000/logistics/tenderos/productos-disponibles?tiendaId=bbbbbbbb-bbbb-4bbb-8bbb-bbbbbbbbbbbb&zona=Zona+Norte,200,47.705,
2026-08-31T04:09:58.942785+00:00,GET,http://localhost:3000/logistics/tenderos/productos-disponibles?tiendaId=bbbbbbbb-bbbb-4bbb-8bbb-bbbbbbbbbbbb&zona=Zona+Norte,200,54.950,
2026-08-31T04:09:58.975260+00:00,GET,http://localhost:3000/logistics/tenderos/productos-disponibles?tiendaId=bbbbbbbb-bbbb-4bbb-8bbb-bbbbbbbbbbbb&zona=Zona+Norte,200,53.768,
2026-08-31T04:09:59.009444+00:00,GET,http://localhost:3000/logistics/tenderos/productos-disponibles?tiendaId=bbbbbbbb-bbbb-4bbb-8bbb-bbbbbbbbbbbb&zona=Zona+Norte,200,52.909,
2026-08-31T04:09:59.042801+00:00,GET,http://localhost:3000/logistics/tenderos/productos-disponibles?tiendaId=bbbbbbbb-bbbb-4bbb-8bbb-bbbbbbbbbbbb&zona=Zona+Norte,200,47.528,
2026-08-31T04:09:59.076124+00:00,GET,http://localhost:3000/logistics/tenderos/productos-disponibles?tiendaId=bbbbbbbb-bbbb-4bbb-8bbb-bbbbbbbbbbbb&zona=Zona+Norte,200,55.179,
2026-08-31T04:09:59.109455+00:00,GET,http://localhost:3000/logistics/tenderos/productos-disponibles?tiendaId=bbbbbbbb-bbbb-4bbb-8bbb-bbbbbbbbbbbb&zona=Zona+Norte,200,47.205,
2026-08-31T04:09:59.142782+00:00,GET,http://localhost:3000/logistics/tenderos/productos-disponibles?tiendaId=bbbbbbbb-bbbb-4bbb-8bbb-bbbbbbbbbbbb&zona=Zona+Norte,200,53.563,
2026-08-31T04:09:59.176149+00:00,GET,http://localhost:3000/logistics/tenderos/productos-disponibles?tiendaId=bbbbbbbb-bbbb-4bbb-8bbb-bbbbbbbbbbbb&zona=Zona+Norte,200,48.946,
2026-08-31T04:09:59.209451+00:00,GET,http://localhost:3000/logistics/tenderos/productos-disponibles?tiendaId=bbbbbbbb-bbbb-4bbb-8bbb-bbbbbbbbbbbb&zona=Zona+Norte,200,56.072,
2026-08-31T04:09:59.242308+00:00,GET,http://localhost:3000/logistics/tenderos/productos-disponibles?tiendaId=bbbbbbbb-bbbb-4bbb-8bbb-bbbbbbbbbbbb&zona=Zona+Norte,200,51.498,
2026-08-31T04:09:59.276114+00:00,GET,http://localhost:3000/logistics/tenderos/productos-disponibles?tiendaId=bbbbbbbb-bbbb-4bbb-8bbb-bbbbbbbbbbbb&zona=Zona+Norte,200,56.381,
2026-08-31T04:09:59.309460+00:00,GET,http://localhost:3000/logistics/tenderos/productos-disponibles?tiendaId=bbbbbbbb-bbbb-4bbb-8bbb-bbbbbbbbbbbb&zona=Zona+Norte,200,48.051,
2026-08-31T04:09:59.342810+00:00,GET,http://localhost:3000/logistics/tenderos/productos-disponibles?tiendaId=bbbbbbbb-bbbb-4bbb-8bbb-bbbbbbbbbbbb&zona=Zona+Norte,200,52.485,
2026-08-31T04:09:59.375756+00:00,GET,http://localhost:3000/logistics/tenderos/productos-disponibles?tiendaId=bbbbbbbb-bbbb-4bbb-8bbb-bbbbbbbbbbbb&zona=Zona+Norte,200,49.973,
2026-08-31T04:09:59.409480+00:00,GET,http://localhost:3000/logistics/tenderos/productos-disponibles?tiendaId=bbbbbbbb-bbbb-4bbb-8bbb-bbbbbbbbbbbb&zona=Zona+Norte,200,57.160,
2026-08-31T04:09:59.442811+00:00,GET,http://localhost:3000/logistics/tenderos/productos-disponibles?tiendaId=bbbbbbbb-bbbb-4bbb-8bbb-bbbbbbbbbbbb&zona=Zona+Norte,200,50.121,
2026-08-31T04:09:59.476137+00:00,GET,http://localhost:3000/logistics/tenderos/productos-disponibles?tiendaId=bbbbbbbb-bbbb-4bbb-8bbb-bbbbbbbbbbbb&zona=Zona+Norte,200,55.857,
2026-08-31T04:09:59.508559+00:00,GET,http://localhost:3000/logistics/tenderos/productos-disponibles?tiendaId=bbbbbbbb-bbbb-4bbb-8bbb-bbbbbbbbbbbb&zona=Zona+Norte,200,51.116,
2026-08-31T04:09:59.542824+00:00,GET,http://localhost:3000/logistics/tenderos/productos-disponibles?tiendaId=bbbbbbbb-bbbb-4bbb-8bbb-bbbbbbbbbbbb&zona=Zona+Norte,200,59.218,
2026-08-31T04:09:59.576039+00:00,GET,http://localhost:3000/logistics/tenderos/productos-disponibles?tiendaId=bbbbbbbb-bbbb-4bbb-8bbb-bbbbbbbbbbbb&zona=Zona+Norte,200,52.199,
2026-08-31T04:09:59.609234+00:00,GET,http://localhost:3000/logistics/tenderos/productos-disponibles?tiendaId=bbbbbbbb-bbbb-4bbb-8bbb-bbbbbbbbbbbb&zona=Zona+Norte,200,59.828,
2026-08-31T04:09:59.642811+00:00,GET,http://localhost:3000/logistics/tenderos/productos-disponibles?tiendaId=bbbbbbbb-bbbb-4bbb-8bbb-bbbbbbbbbbbb&zona=Zona+Norte,200,51.714,
2026-08-31T04:09:59.675873+00:00,GET,http://localhost:3000/logistics/tenderos/productos-disponibles?tiendaId=bbbbbbbb-bbbb-4bbb-8bbb-bbbbbbbbbbbb&zona=Zona+Norte,200,56.751,
2026-08-31T04:09:59.709468+00:00,GET,http://localhost:3000/logistics/tenderos/productos-disponibles?tiendaId=bbbbbbbb-bbbb-4bbb-8bbb-bbbbbbbbbbbb&zona=Zona+Norte,200,50.576,
2026-08-31T04:09:59.741843+00:00,GET,http://localhost:3000/logistics/tenderos/productos-disponibles?tiendaId=bbbbbbbb-bbbb-4bbb-8bbb-bbbbbbbbbbbb&zona=Zona+Norte,200,54.919,
2026-08-31T04:09:59.776143+00:00,GET,http://localhost:3000/logistics/tenderos/productos-disponibles?tiendaId=bbbbbbbb-bbbb-4bbb-8bbb-bbbbbbbbbbbb&zona=Zona+Norte,200,46.929,
2026-08-31T04:09:59.809454+00:00,GET,http://localhost:3000/logistics/tenderos/productos-disponibles?tiendaId=bbbbbbbb-bbbb-4bbb-8bbb-bbbbbbbbbbbb&zona=Zona+Norte,200,55.051,
2026-08-31T04:09:59.842800+00:00,GET,http://localhost:3000/logistics/tenderos/productos-disponibles?tiendaId=bbbbbbbb-bbbb-4bbb-8bbb-bbbbbbbbbbbb&zona=Zona+Norte,200,50.695,
2026-08-31T04:09:59.875185+00:00,GET,http://localhost:3000/logistics/tenderos/productos-disponibles?tiendaId=bbbbbbbb-bbbb-4bbb-8bbb-bbbbbbbbbbbb&zona=Zona+Norte,200,60.074,
2026-08-31T04:09:59.908607+00:00,GET,http://localhost:3000/logistics/tenderos/productos-disponibles?tiendaId=bbbbbbbb-bbbb-4bbb-8bbb-bbbbbbbbbbbb&zona=Zona+Norte,200,53.803,
2026-08-31T04:09:59.942593+00:00,GET,http://localhost:3000/logistics/tenderos/productos-disponibles?tiendaId=bbbbbbbb-bbbb-4bbb-8bbb-bbbbbbbbbbbb&zona=Zona+Norte,200,55.539,
2026-08-31T04:09:59.976134+00:00,GET,http://localhost:3000/logistics/tenderos/productos-disponibles?tiendaId=bbbbbbbb-bbbb-4bbb-8bbb-bbbbbbbbbbbb&zona=Zona+Norte,200,49.565,
2026-08-31T04:10:00.009463+00:00,GET,http://localhost:3000/logistics/tenderos/productos-disponibles?tiendaId=bbbbbbbb-bbbb-4bbb-8bbb-bbbbbbbbbbbb&zona=Zona+Norte,200,53.453,
2026-08-31T04:10:00.042797+00:00,GET,http://localhost:3000/logistics/tenderos/productos-disponibles?tiendaId=bbbbbbbb-bbbb-4bbb-8bbb-bbbbbbbbbbbb&zona=Zona+Norte,200,49.585,
2026-08-31T04:10:00.076125+00:00,GET,http://localhost:3000/logistics/tenderos/productos-disponibles?tiendaId=bbbbbbbb-bbbb-4bbb-8bbb-bbbbbbbbbbbb&zona=Zona+Norte,200,57.551,
2026-08-31T04:10:00.109480+00:00,GET,http://localhost:3000/logistics/tenderos/productos-disponibles?tiendaId=bbbbbbbb-bbbb-4bbb-8bbb-bbbbbbbbbbbb&zona=Zona+Norte,200,49.540,
2026-08-31T04:10:00.142119+00:00,GET,http://localhost:3000/logistics/tenderos/productos-disponibles?tiendaId=bbbbbbbb-bbbb-4bbb-8bbb-bbbbbbbbbbbb&zona=Zona+Norte,200,54.543,
2026-08-31T04:10:00.176150+00:00,GET,http://localhost:3000/logistics/tenderos/productos-disponibles?tiendaId=bbbbbbbb-bbbb-4bbb-8bbb-bbbbbbbbbbbb&zona=Zona+Norte,200,52.845,
2026-08-31T04:10:00.208517+00:00,GET,http://localhost:3000/logistics/tenderos/productos-disponibles?tiendaId=bbbbbbbb-bbbb-4bbb-8bbb-bbbbbbbbbbbb&zona=Zona+Norte,200,58.905,
2026-08-31T04:10:00.242809+00:00,GET,http://localhost:3000/logistics/tenderos/productos-disponibles?tiendaId=bbbbbbbb-bbbb-4bbb-8bbb-bbbbbbbbbbbb&zona=Zona+Norte,200,48.699,
2026-08-31T04:10:00.275504+00:00,GET,http://localhost:3000/logistics/tenderos/productos-disponibles?tiendaId=bbbbbbbb-bbbb-4bbb-8bbb-bbbbbbbbbbbb&zona=Zona+Norte,200,57.922,
2026-08-31T04:10:00.308515+00:00,GET,http://localhost:3000/logistics/tenderos/productos-disponibles?tiendaId=bbbbbbbb-bbbb-4bbb-8bbb-bbbbbbbbbbbb&zona=Zona+Norte,200,50.918,
2026-08-31T04:10:00.342801+00:00,GET,http://localhost:3000/logistics/tenderos/productos-disponibles?tiendaId=bbbbbbbb-bbbb-4bbb-8bbb-bbbbbbbbbbbb&zona=Zona+Norte,200,54.925,
2026-08-31T04:10:00.376139+00:00,GET,http://localhost:3000/logistics/tenderos/productos-disponibles?tiendaId=bbbbbbbb-bbbb-4bbb-8bbb-bbbbbbbbbbbb&zona=Zona+Norte,200,53.804,
2026-08-31T04:10:00.409115+00:00,GET,http://localhost:3000/logistics/tenderos/productos-disponibles?tiendaId=bbbbbbbb-bbbb-4bbb-8bbb-bbbbbbbbbbbb&zona=Zona+Norte,200,60.166,
2026-08-31T04:10:00.442479+00:00,GET,http://localhost:3000/logistics/tenderos/productos-disponibles?tiendaId=bbbbbbbb-bbbb-4bbb-8bbb-bbbbbbbbbbbb&zona=Zona+Norte,200,54.840,
2026-08-31T04:10:00.475159+00:00,GET,http://localhost:3000/logistics/tenderos/productos-disponibles?tiendaId=bbbbbbbb-bbbb-4bbb-8bbb-bbbbbbbbbbbb&zona=Zona+Norte,200,56.926,
2026-08-31T04:10:00.508533+00:00,GET,http://localhost:3000/logistics/tenderos/productos-disponibles?tiendaId=bbbbbbbb-bbbb-4bbb-8bbb-bbbbbbbbbbbb&zona=Zona+Norte,200,54.360,
2026-08-31T04:10:00.542797+00:00,GET,http://localhost:3000/logistics/tenderos/productos-disponibles?tiendaId=bbbbbbbb-bbbb-4bbb-8bbb-bbbbbbbbbbbb&zona=Zona+Norte,200,58.452,
2026-08-31T04:10:00.576136+00:00,GET,http://localhost:3000/logistics/tenderos/productos-disponibles?tiendaId=bbbbbbbb-bbbb-4bbb-8bbb-bbbbbbbbbbbb&zona=Zona+Norte,200,52.752,
2026-08-31T04:10:00.609171+00:00,GET,http://localhost:3000/logistics/tenderos/productos-disponibles?tiendaId=bbbbbbbb-bbbb-4bbb-8bbb-bbbbbbbbbbbb&zona=Zona+Norte,200,60.710,
2026-08-31T04:10:00.641846+00:00,GET,http://localhost:3000/logistics/tenderos/productos-disponibles?tiendaId=bbbbbbbb-bbbb-4bbb-8bbb-bbbbbbbbbbbb&zona=Zona+Norte,200,55.050,
2026-08-31T04:10:00.675733+00:00,GET,http://localhost:3000/logistics/tenderos/productos-disponibles?tiendaId=bbbbbbbb-bbbb-4bbb-8bbb-bbbbbbbbbbbb&zona=Zona+Norte,200,62.504,
2026-08-31T04:10:00.709475+00:00,GET,http://localhost:3000/logistics/tenderos/productos-disponibles?tiendaId=bbbbbbbb-bbbb-4bbb-8bbb-bbbbbbbbbbbb&zona=Zona+Norte,200,54.282,
2026-08-31T04:10:00.742231+00:00,GET,http://localhost:3000/logistics/tenderos/productos-disponibles?tiendaId=bbbbbbbb-bbbb-4bbb-8bbb-bbbbbbbbbbbb&zona=Zona+Norte,200,61.576,
2026-08-31T04:10:00.776155+00:00,GET,http://localhost:3000/logistics/tenderos/productos-disponibles?tiendaId=bbbbbbbb-bbbb-4bbb-8bbb-bbbbbbbbbbbb&zona=Zona+Norte,200,55.027,
2026-08-31T04:10:00.808491+00:00,GET,http://localhost:3000/logistics/tenderos/productos-disponibles?tiendaId=bbbbbbbb-bbbb-4bbb-8bbb-bbbbbbbbbbbb&zona=Zona+Norte,200,62.211,
2026-08-31T04:10:00.842848+00:00,GET,http://localhost:3000/logistics/tenderos/productos-disponibles?tiendaId=bbbbbbbb-bbbb-4bbb-8bbb-bbbbbbbbbbbb&zona=Zona+Norte,200,55.677,
2026-08-31T04:10:00.875674+00:00,GET,http://localhost:3000/logistics/tenderos/productos-disponibles?tiendaId=bbbbbbbb-bbbb-4bbb-8bbb-bbbbbbbbbbbb&zona=Zona+Norte,200,60.866,
2026-08-31T04:10:00.908497+00:00,GET,http://localhost:3000/logistics/tenderos/productos-disponibles?tiendaId=bbbbbbbb-bbbb-4bbb-8bbb-bbbbbbbbbbbb&zona=Zona+Norte,200,54.644,
2026-08-31T04:10:00.942467+00:00,GET,http://localhost:3000/logistics/tenderos/productos-disponibles?tiendaId=bbbbbbbb-bbbb-4bbb-8bbb-bbbbbbbbbbbb&zona=Zona+Norte,200,61.586,
2026-08-31T04:10:00.975770+00:00,GET,http://localhost:3000/logistics/tenderos/productos-disponibles?tiendaId=bbbbbbbb-bbbb-4bbb-8bbb-bbbbbbbbbbbb&zona=Zona+Norte,200,54.243,
2026-08-31T04:10:01.009006+00:00,GET,http://localhost:3000/logistics/tenderos/productos-disponibles?tiendaId=bbbbbbbb-bbbb-4bbb-8bbb-bbbbbbbbbbbb&zona=Zona+Norte,200,62.186,
2026-08-31T04:10:01.042820+00:00,GET,http://localhost:3000/logistics/tenderos/productos-disponibles?tiendaId=bbbbbbbb-bbbb-4bbb-8bbb-bbbbbbbbbbbb&zona=Zona+Norte,200,56.678,
2026-08-31T04:10:01.075652+00:00,GET,http://localhost:3000/logistics/tenderos/productos-disponibles?tiendaId=bbbbbbbb-bbbb-4bbb-8bbb-bbbbbbbbbbbb&zona=Zona+Norte,200,58.553,
2026-08-31T04:10:01.109472+00:00,GET,http://localhost:3000/logistics/tenderos/productos-disponibles?tiendaId=bbbbbbbb-bbbb-4bbb-8bbb-bbbbbbbbbbbb&zona=Zona+Norte,200,55.724,
2026-08-31T04:10:01.142744+00:00,GET,http://localhost:3000/logistics/tenderos/productos-disponibles?tiendaId=bbbbbbbb-bbbb-4bbb-8bbb-bbbbbbbbbbbb&zona=Zona+Norte,200,61.888,
2026-08-31T04:10:01.176034+00:00,GET,http://localhost:3000/logistics/tenderos/productos-disponibles?tiendaId=bbbbbbbb-bbbb-4bbb-8bbb-bbbbbbbbbbbb&zona=Zona+Norte,200,56.100,
2026-08-31T04:10:01.208938+00:00,GET,http://localhost:3000/logistics/tenderos/productos-disponibles?tiendaId=bbbbbbbb-bbbb-4bbb-8bbb-bbbbbbbbbbbb&zona=Zona+Norte,200,62.920,
2026-08-31T04:10:01.242399+00:00,GET,http://localhost:3000/logistics/tenderos/productos-disponibles?tiendaId=bbbbbbbb-bbbb-4bbb-8bbb-bbbbbbbbbbbb&zona=Zona+Norte,200,55.103,
2026-08-31T04:10:01.275564+00:00,GET,http://localhost:3000/logistics/tenderos/productos-disponibles?tiendaId=bbbbbbbb-bbbb-4bbb-8bbb-bbbbbbbbbbbb&zona=Zona+Norte,200,61.730,
2026-08-31T04:10:01.309482+00:00,GET,http://localhost:3000/logistics/tenderos/productos-disponibles?tiendaId=bbbbbbbb-bbbb-4bbb-8bbb-bbbbbbbbbbbb&zona=Zona+Norte,200,58.515,
2026-08-31T04:10:01.342357+00:00,GET,http://localhost:3000/logistics/tenderos/productos-disponibles?tiendaId=bbbbbbbb-bbbb-4bbb-8bbb-bbbbbbbbbbbb&zona=Zona+Norte,200,61.270,
2026-08-31T04:10:01.376025+00:00,GET,http://localhost:3000/logistics/tenderos/productos-disponibles?tiendaId=bbbbbbbb-bbbb-4bbb-8bbb-bbbbbbbbbbbb&zona=Zona+Norte,200,58.612,
2026-08-31T04:10:01.408924+00:00,GET,http://localhost:3000/logistics/tenderos/productos-disponibles?tiendaId=bbbbbbbb-bbbb-4bbb-8bbb-bbbbbbbbbbbb&zona=Zona+Norte,200,61.594,
2026-08-31T04:10:01.442716+00:00,GET,http://localhost:3000/logistics/tenderos/productos-disponibles?tiendaId=bbbbbbbb-bbbb-4bbb-8bbb-bbbbbbbbbbbb&zona=Zona+Norte,200,55.145,
2026-08-31T04:10:01.475747+00:00,GET,http://localhost:3000/logistics/tenderos/productos-disponibles?tiendaId=bbbbbbbb-bbbb-4bbb-8bbb-bbbbbbbbbbbb&zona=Zona+Norte,200,61.636,
2026-08-31T04:10:01.509438+00:00,GET,http://localhost:3000/logistics/tenderos/productos-disponibles?tiendaId=bbbbbbbb-bbbb-4bbb-8bbb-bbbbbbbbbbbb&zona=Zona+Norte,200,55.489,
2026-08-31T04:10:01.542349+00:00,GET,http://localhost:3000/logistics/tenderos/productos-disponibles?tiendaId=bbbbbbbb-bbbb-4bbb-8bbb-bbbbbbbbbbbb&zona=Zona+Norte,200,54.999,
2026-08-31T04:10:01.575848+00:00,GET,http://localhost:3000/logistics/tenderos/productos-disponibles?tiendaId=bbbbbbbb-bbbb-4bbb-8bbb-bbbbbbbbbbbb&zona=Zona+Norte,200,52.187,
2026-08-31T04:10:01.609472+00:00,GET,http://localhost:3000/logistics/tenderos/productos-disponibles?tiendaId=bbbbbbbb-bbbb-4bbb-8bbb-bbbbbbbbbbbb&zona=Zona+Norte,200,58.417,
2026-08-31T04:10:01.642845+00:00,GET,http://localhost:3000/logistics/tenderos/productos-disponibles?tiendaId=bbbbbbbb-bbbb-4bbb-8bbb-bbbbbbbbbbbb&zona=Zona+Norte,200,51.908,
2026-08-31T04:10:01.676052+00:00,GET,http://localhost:3000/logistics/tenderos/productos-disponibles?tiendaId=bbbbbbbb-bbbb-4bbb-8bbb-bbbbbbbbbbbb&zona=Zona+Norte,200,57.581,
2026-08-31T04:10:01.709488+00:00,GET,http://localhost:3000/logistics/tenderos/productos-disponibles?tiendaId=bbbbbbbb-bbbb-4bbb-8bbb-bbbbbbbbbbbb&zona=Zona+Norte,200,54.722,
2026-08-31T04:10:01.742805+00:00,GET,http://localhost:3000/logistics/tenderos/productos-disponibles?tiendaId=bbbbbbbb-bbbb-4bbb-8bbb-bbbbbbbbbbbb&zona=Zona+Norte,200,58.788,
2026-08-31T04:10:01.776158+00:00,GET,http://localhost:3000/logistics/tenderos/productos-disponibles?tiendaId=bbbbbbbb-bbbb-4bbb-8bbb-bbbbbbbbbbbb&zona=Zona+Norte,200,51.899,
2026-08-31T04:10:01.808976+00:00,GET,http://localhost:3000/logistics/tenderos/productos-disponibles?tiendaId=bbbbbbbb-bbbb-4bbb-8bbb-bbbbbbbbbbbb&zona=Zona+Norte,200,54.278,
2026-08-31T04:10:01.842814+00:00,GET,http://localhost:3000/logistics/tenderos/productos-disponibles?tiendaId=bbbbbbbb-bbbb-4bbb-8bbb-bbbbbbbbbbbb&zona=Zona+Norte,200,51.101,
2026-08-31T04:10:01.876161+00:00,GET,http://localhost:3000/logistics/tenderos/productos-disponibles?tiendaId=bbbbbbbb-bbbb-4bbb-8bbb-bbbbbbbbbbbb&zona=Zona+Norte,200,58.139,
2026-08-31T04:10:01.909493+00:00,GET,http://localhost:3000/logistics/tenderos/productos-disponibles?tiendaId=bbbbbbbb-bbbb-4bbb-8bbb-bbbbbbbbbbbb&zona=Zona+Norte,200,49.914,
2026-08-31T04:10:01.942738+00:00,GET,http://localhost:3000/logistics/tenderos/productos-disponibles?tiendaId=bbbbbbbb-bbbb-4bbb-8bbb-bbbbbbbbbbbb&zona=Zona+Norte,200,58.314,
2026-08-31T04:10:01.976179+00:00,GET,http://localhost:3000/logistics/tenderos/productos-disponibles?tiendaId=bbbbbbbb-bbbb-4bbb-8bbb-bbbbbbbbbbbb&zona=Zona+Norte,200,56.803,
2026-08-31T04:10:02.009415+00:00,GET,http://localhost:3000/logistics/tenderos/productos-disponibles?tiendaId=bbbbbbbb-bbbb-4bbb-8bbb-bbbbbbbbbbbb&zona=Zona+Norte,200,60.586,
2026-08-31T04:10:02.042419+00:00,GET,http://localhost:3000/logistics/tenderos/productos-disponibles?tiendaId=bbbbbbbb-bbbb-4bbb-8bbb-bbbbbbbbbbbb&zona=Zona+Norte,200,56.544,
2026-08-31T04:10:02.075778+00:00,GET,http://localhost:3000/logistics/tenderos/productos-disponibles?tiendaId=bbbbbbbb-bbbb-4bbb-8bbb-bbbbbbbbbbbb&zona=Zona+Norte,200,59.309,
2026-08-31T04:10:02.109480+00:00,GET,http://localhost:3000/logistics/tenderos/productos-disponibles?tiendaId=bbbbbbbb-bbbb-4bbb-8bbb-bbbbbbbbbbbb&zona=Zona+Norte,200,62.950,
2026-08-31T04:10:02.142641+00:00,GET,http://localhost:3000/logistics/tenderos/productos-disponibles?tiendaId=bbbbbbbb-bbbb-4bbb-8bbb-bbbbbbbbbbbb&zona=Zona+Norte,200,61.550,
2026-08-31T04:10:02.175476+00:00,GET,http://localhost:3000/logistics/tenderos/productos-disponibles?tiendaId=bbbbbbbb-bbbb-4bbb-8bbb-bbbbbbbbbbbb&zona=Zona+Norte,200,52.763,
2026-08-31T04:10:02.209006+00:00,GET,http://localhost:3000/logistics/tenderos/productos-disponibles?tiendaId=bbbbbbbb-bbbb-4bbb-8bbb-bbbbbbbbbbbb&zona=Zona+Norte,200,64.758,
2026-08-31T04:10:02.242825+00:00,GET,http://localhost:3000/logistics/tenderos/productos-disponibles?tiendaId=bbbbbbbb-bbbb-4bbb-8bbb-bbbbbbbbbbbb&zona=Zona+Norte,200,55.331,
2026-08-31T04:10:02.275292+00:00,GET,http://localhost:3000/logistics/tenderos/productos-disponibles?tiendaId=bbbbbbbb-bbbb-4bbb-8bbb-bbbbbbbbbbbb&zona=Zona+Norte,200,58.112,
2026-08-31T04:10:02.309048+00:00,GET,http://localhost:3000/logistics/tenderos/productos-disponibles?tiendaId=bbbbbbbb-bbbb-4bbb-8bbb-bbbbbbbbbbbb&zona=Zona+Norte,200,54.385,
2026-08-31T04:10:02.342814+00:00,GET,http://localhost:3000/logistics/tenderos/productos-disponibles?tiendaId=bbbbbbbb-bbbb-4bbb-8bbb-bbbbbbbbbbbb&zona=Zona+Norte,200,63.714,
2026-08-31T04:10:02.376158+00:00,GET,http://localhost:3000/logistics/tenderos/productos-disponibles?tiendaId=bbbbbbbb-bbbb-4bbb-8bbb-bbbbbbbbbbbb&zona=Zona+Norte,200,55.369,
2026-08-31T04:10:02.408710+00:00,GET,http://localhost:3000/logistics/tenderos/productos-disponibles?tiendaId=bbbbbbbb-bbbb-4bbb-8bbb-bbbbbbbbbbbb&zona=Zona+Norte,200,58.610,
2026-08-31T04:10:02.442826+00:00,GET,http://localhost:3000/logistics/tenderos/productos-disponibles?tiendaId=bbbbbbbb-bbbb-4bbb-8bbb-bbbbbbbbbbbb&zona=Zona+Norte,200,54.043,
2026-08-31T04:10:02.476116+00:00,GET,http://localhost:3000/logistics/tenderos/productos-disponibles?tiendaId=bbbbbbbb-bbbb-4bbb-8bbb-bbbbbbbbbbbb&zona=Zona+Norte,200,59.208,
2026-08-31T04:10:02.509481+00:00,GET,http://localhost:3000/logistics/tenderos/productos-disponibles?tiendaId=bbbbbbbb-bbbb-4bbb-8bbb-bbbbbbbbbbbb&zona=Zona+Norte,200,56.717,
2026-08-31T04:10:02.542619+00:00,GET,http://localhost:3000/logistics/tenderos/productos-disponibles?tiendaId=bbbbbbbb-bbbb-4bbb-8bbb-bbbbbbbbbbbb&zona=Zona+Norte,200,59.869,
2026-08-31T04:10:02.576223+00:00,GET,http://localhost:3000/logistics/tenderos/productos-disponibles?tiendaId=bbbbbbbb-bbbb-4bbb-8bbb-bbbbbbbbbbbb&zona=Zona+Norte,200,60.964,
2026-08-31T04:10:02.609228+00:00,GET,http://localhost:3000/logistics/tenderos/productos-disponibles?tiendaId=bbbbbbbb-bbbb-4bbb-8bbb-bbbbbbbbbbbb&zona=Zona+Norte,200,58.790,
2026-08-31T04:10:02.642382+00:00,GET,http://localhost:3000/logistics/tenderos/productos-disponibles?tiendaId=bbbbbbbb-bbbb-4bbb-8bbb-bbbbbbbbbbbb&zona=Zona+Norte,200,53.787,
2026-08-31T04:10:02.676040+00:00,GET,http://localhost:3000/logistics/tenderos/productos-disponibles?tiendaId=bbbbbbbb-bbbb-4bbb-8bbb-bbbbbbbbbbbb&zona=Zona+Norte,200,62.276,
2026-08-31T04:10:02.709494+00:00,GET,http://localhost:3000/logistics/tenderos/productos-disponibles?tiendaId=bbbbbbbb-bbbb-4bbb-8bbb-bbbbbbbbbbbb&zona=Zona+Norte,200,55.346,
2026-08-31T04:10:02.742269+00:00,GET,http://localhost:3000/logistics/tenderos/productos-disponibles?tiendaId=bbbbbbbb-bbbb-4bbb-8bbb-bbbbbbbbbbbb&zona=Zona+Norte,200,62.722,
2026-08-31T04:10:02.775588+00:00,GET,http://localhost:3000/logistics/tenderos/productos-disponibles?tiendaId=bbbbbbbb-bbbb-4bbb-8bbb-bbbbbbbbbbbb&zona=Zona+Norte,200,54.797,
2026-08-31T04:10:02.808904+00:00,GET,http://localhost:3000/logistics/tenderos/productos-disponibles?tiendaId=bbbbbbbb-bbbb-4bbb-8bbb-bbbbbbbbbbbb&zona=Zona+Norte,200,62.433,
2026-08-31T04:10:02.842282+00:00,GET,http://localhost:3000/logistics/tenderos/productos-disponibles?tiendaId=bbbbbbbb-bbbb-4bbb-8bbb-bbbbbbbbbbbb&zona=Zona+Norte,200,55.318,
2026-08-31T04:10:02.875628+00:00,GET,http://localhost:3000/logistics/tenderos/productos-disponibles?tiendaId=bbbbbbbb-bbbb-4bbb-8bbb-bbbbbbbbbbbb&zona=Zona+Norte,200,64.021,
2026-08-31T04:10:02.909495+00:00,GET,http://localhost:3000/logistics/tenderos/productos-disponibles?tiendaId=bbbbbbbb-bbbb-4bbb-8bbb-bbbbbbbbbbbb&zona=Zona+Norte,200,55.258,
2026-08-31T04:10:02.942090+00:00,GET,http://localhost:3000/logistics/tenderos/productos-disponibles?tiendaId=bbbbbbbb-bbbb-4bbb-8bbb-bbbbbbbbbbbb&zona=Zona+Norte,200,61.753,
2026-08-31T04:10:02.976186+00:00,GET,http://localhost:3000/logistics/tenderos/productos-disponibles?tiendaId=bbbbbbbb-bbbb-4bbb-8bbb-bbbbbbbbbbbb&zona=Zona+Norte,200,53.989,
2026-08-31T04:10:03.009064+00:00,GET,http://localhost:3000/logistics/tenderos/productos-disponibles?tiendaId=bbbbbbbb-bbbb-4bbb-8bbb-bbbbbbbbbbbb&zona=Zona+Norte,200,57.676,
2026-08-31T04:10:03.042467+00:00,GET,http://localhost:3000/logistics/tenderos/productos-disponibles?tiendaId=bbbbbbbb-bbbb-4bbb-8bbb-bbbbbbbbbbbb&zona=Zona+Norte,200,54.071,
2026-08-31T04:10:03.075911+00:00,GET,http://localhost:3000/logistics/tenderos/productos-disponibles?tiendaId=bbbbbbbb-bbbb-4bbb-8bbb-bbbbbbbbbbbb&zona=Zona+Norte,200,63.580,
2026-08-31T04:10:03.109263+00:00,GET,http://localhost:3000/logistics/tenderos/productos-disponibles?tiendaId=bbbbbbbb-bbbb-4bbb-8bbb-bbbbbbbbbbbb&zona=Zona+Norte,200,57.223,
2026-08-31T04:10:03.142105+00:00,GET,http://localhost:3000/logistics/tenderos/productos-disponibles?tiendaId=bbbbbbbb-bbbb-4bbb-8bbb-bbbbbbbbbbbb&zona=Zona+Norte,200,62.618,
2026-08-31T04:10:03.176164+00:00,GET,http://localhost:3000/logistics/tenderos/productos-disponibles?tiendaId=bbbbbbbb-bbbb-4bbb-8bbb-bbbbbbbbbbbb&zona=Zona+Norte,200,53.357,
2026-08-31T04:10:03.208963+00:00,GET,http://localhost:3000/logistics/tenderos/productos-disponibles?tiendaId=bbbbbbbb-bbbb-4bbb-8bbb-bbbbbbbbbbbb&zona=Zona+Norte,200,63.630,
2026-08-31T04:10:03.242856+00:00,GET,http://localhost:3000/logistics/tenderos/productos-disponibles?tiendaId=bbbbbbbb-bbbb-4bbb-8bbb-bbbbbbbbbbbb&zona=Zona+Norte,200,61.772,
2026-08-31T04:10:03.275465+00:00,GET,http://localhost:3000/logistics/tenderos/productos-disponibles?tiendaId=bbbbbbbb-bbbb-4bbb-8bbb-bbbbbbbbbbbb&zona=Zona+Norte,200,63.671,
2026-08-31T04:10:03.308961+00:00,GET,http://localhost:3000/logistics/tenderos/productos-disponibles?tiendaId=bbbbbbbb-bbbb-4bbb-8bbb-bbbbbbbbbbbb&zona=Zona+Norte,200,57.664,
2026-08-31T04:10:03.342138+00:00,GET,http://localhost:3000/logistics/tenderos/productos-disponibles?tiendaId=bbbbbbbb-bbbb-4bbb-8bbb-bbbbbbbbbbbb&zona=Zona+Norte,200,62.613,
2026-08-31T04:10:03.376189+00:00,GET,http://localhost:3000/logistics/tenderos/productos-disponibles?tiendaId=bbbbbbbb-bbbb-4bbb-8bbb-bbbbbbbbbbbb&zona=Zona+Norte,200,55.666,
2026-08-31T04:10:03.408951+00:00,GET,http://localhost:3000/logistics/tenderos/productos-disponibles?tiendaId=bbbbbbbb-bbbb-4bbb-8bbb-bbbbbbbbbbbb&zona=Zona+Norte,200,62.852,
2026-08-31T04:10:03.442838+00:00,GET,http://localhost:3000/logistics/tenderos/productos-disponibles?tiendaId=bbbbbbbb-bbbb-4bbb-8bbb-bbbbbbbbbbbb&zona=Zona+Norte,200,57.781,
2026-08-31T04:10:03.475592+00:00,GET,http://localhost:3000/logistics/tenderos/productos-disponibles?tiendaId=bbbbbbbb-bbbb-4bbb-8bbb-bbbbbbbbbbbb&zona=Zona+Norte,200,64.740,
2026-08-31T04:10:03.509490+00:00,GET,http://localhost:3000/logistics/tenderos/productos-disponibles?tiendaId=bbbbbbbb-bbbb-4bbb-8bbb-bbbbbbbbbbbb&zona=Zona+Norte,200,61.420,
2026-08-31T04:10:03.541980+00:00,GET,http://localhost:3000/logistics/tenderos/productos-disponibles?tiendaId=bbbbbbbb-bbbb-4bbb-8bbb-bbbbbbbbbbbb&zona=Zona+Norte,200,68.447,
2026-08-31T04:10:03.575740+00:00,GET,http://localhost:3000/logistics/tenderos/productos-disponibles?tiendaId=bbbbbbbb-bbbb-4bbb-8bbb-bbbbbbbbbbbb&zona=Zona+Norte,200,66.156,
2026-08-31T04:10:03.609506+00:00,GET,http://localhost:3000/logistics/tenderos/productos-disponibles?tiendaId=bbbbbbbb-bbbb-4bbb-8bbb-bbbbbbbbbbbb&zona=Zona+Norte,200,67.934,
2026-08-31T04:10:03.641940+00:00,GET,http://localhost:3000/logistics/tenderos/productos-disponibles?tiendaId=bbbbbbbb-bbbb-4bbb-8bbb-bbbbbbbbbbbb&zona=Zona+Norte,200,65.170,
2026-08-31T04:10:03.675323+00:00,GET,http://localhost:3000/logistics/tenderos/productos-disponibles?tiendaId=bbbbbbbb-bbbb-4bbb-8bbb-bbbbbbbbbbbb&zona=Zona+Norte,200,58.842,
2026-08-31T04:10:03.708639+00:00,GET,http://localhost:3000/logistics/tenderos/productos-disponibles?tiendaId=bbbbbbbb-bbbb-4bbb-8bbb-bbbbbbbbbbbb&zona=Zona+Norte,200,55.728,
2026-08-31T04:10:03.742667+00:00,GET,http://localhost:3000/logistics/tenderos/productos-disponibles?tiendaId=bbbbbbbb-bbbb-4bbb-8bbb-bbbbbbbbbbbb&zona=Zona+Norte,200,57.872,
2026-08-31T04:10:03.776171+00:00,GET,http://localhost:3000/logistics/tenderos/productos-disponibles?tiendaId=bbbbbbbb-bbbb-4bbb-8bbb-bbbbbbbbbbbb&zona=Zona+Norte,200,56.034,
2026-08-31T04:10:03.809480+00:00,GET,http://localhost:3000/logistics/tenderos/productos-disponibles?tiendaId=bbbbbbbb-bbbb-4bbb-8bbb-bbbbbbbbbbbb&zona=Zona+Norte,200,59.947,
2026-08-31T04:10:03.842459+00:00,GET,http://localhost:3000/logistics/tenderos/productos-disponibles?tiendaId=bbbbbbbb-bbbb-4bbb-8bbb-bbbbbbbbbbbb&zona=Zona+Norte,200,58.797,
2026-08-31T04:10:03.875893+00:00,GET,http://localhost:3000/logistics/tenderos/productos-disponibles?tiendaId=bbbbbbbb-bbbb-4bbb-8bbb-bbbbbbbbbbbb&zona=Zona+Norte,200,55.598,
2026-08-31T04:10:03.909419+00:00,GET,http://localhost:3000/logistics/tenderos/productos-disponibles?tiendaId=bbbbbbbb-bbbb-4bbb-8bbb-bbbbbbbbbbbb&zona=Zona+Norte,200,49.659,
2026-08-31T04:10:03.942836+00:00,GET,http://localhost:3000/logistics/tenderos/productos-disponibles?tiendaId=bbbbbbbb-bbbb-4bbb-8bbb-bbbbbbbbbbbb&zona=Zona+Norte,200,59.846,
2026-08-31T04:10:03.975772+00:00,GET,http://localhost:3000/logistics/tenderos/productos-disponibles?tiendaId=bbbbbbbb-bbbb-4bbb-8bbb-bbbbbbbbbbbb&zona=Zona+Norte,200,51.415,
2026-08-31T04:10:04.008514+00:00,GET,http://localhost:3000/logistics/tenderos/productos-disponibles?tiendaId=bbbbbbbb-bbbb-4bbb-8bbb-bbbbbbbbbbbb&zona=Zona+Norte,200,60.899,
2026-08-31T04:10:04.042847+00:00,GET,http://localhost:3000/logistics/tenderos/productos-disponibles?tiendaId=bbbbbbbb-bbbb-4bbb-8bbb-bbbbbbbbbbbb&zona=Zona+Norte,200,50.098,
2026-08-31T04:10:04.075752+00:00,GET,http://localhost:3000/logistics/tenderos/productos-disponibles?tiendaId=bbbbbbbb-bbbb-4bbb-8bbb-bbbbbbbbbbbb&zona=Zona+Norte,200,55.683,
2026-08-31T04:10:04.109530+00:00,GET,http://localhost:3000/logistics/tenderos/productos-disponibles?tiendaId=bbbbbbbb-bbbb-4bbb-8bbb-bbbbbbbbbbbb&zona=Zona+Norte,200,56.909,
2026-08-31T04:10:04.142849+00:00,GET,http://localhost:3000/logistics/tenderos/productos-disponibles?tiendaId=bbbbbbbb-bbbb-4bbb-8bbb-bbbbbbbbbbbb&zona=Zona+Norte,200,57.615,
2026-08-31T04:10:04.175685+00:00,GET,http://localhost:3000/logistics/tenderos/productos-disponibles?tiendaId=bbbbbbbb-bbbb-4bbb-8bbb-bbbbbbbbbbbb&zona=Zona+Norte,200,51.669,
2026-08-31T04:10:04.209515+00:00,GET,http://localhost:3000/logistics/tenderos/productos-disponibles?tiendaId=bbbbbbbb-bbbb-4bbb-8bbb-bbbbbbbbbbbb&zona=Zona+Norte,200,58.137,
2026-08-31T04:10:04.242857+00:00,GET,http://localhost:3000/logistics/tenderos/productos-disponibles?tiendaId=bbbbbbbb-bbbb-4bbb-8bbb-bbbbbbbbbbbb&zona=Zona+Norte,200,52.527,
2026-08-31T04:10:04.275420+00:00,GET,http://localhost:3000/logistics/tenderos/productos-disponibles?tiendaId=bbbbbbbb-bbbb-4bbb-8bbb-bbbbbbbbbbbb&zona=Zona+Norte,200,60.937,
2026-08-31T04:10:04.309516+00:00,GET,http://localhost:3000/logistics/tenderos/productos-disponibles?tiendaId=bbbbbbbb-bbbb-4bbb-8bbb-bbbbbbbbbbbb&zona=Zona+Norte,200,56.591,
2026-08-31T04:10:04.342519+00:00,GET,http://localhost:3000/logistics/tenderos/productos-disponibles?tiendaId=bbbbbbbb-bbbb-4bbb-8bbb-bbbbbbbbbbbb&zona=Zona+Norte,200,61.470,
2026-08-31T04:10:04.376197+00:00,GET,http://localhost:3000/logistics/tenderos/productos-disponibles?tiendaId=bbbbbbbb-bbbb-4bbb-8bbb-bbbbbbbbbbbb&zona=Zona+Norte,200,53.547,
2026-08-31T04:10:04.409027+00:00,GET,http://localhost:3000/logistics/tenderos/productos-disponibles?tiendaId=bbbbbbbb-bbbb-4bbb-8bbb-bbbbbbbbbbbb&zona=Zona+Norte,200,62.226,
2026-08-31T04:10:04.442387+00:00,GET,http://localhost:3000/logistics/tenderos/productos-disponibles?tiendaId=bbbbbbbb-bbbb-4bbb-8bbb-bbbbbbbbbbbb&zona=Zona+Norte,200,55.076,
2026-08-31T04:10:04.475674+00:00,GET,http://localhost:3000/logistics/tenderos/productos-disponibles?tiendaId=bbbbbbbb-bbbb-4bbb-8bbb-bbbbbbbbbbbb&zona=Zona+Norte,200,61.926,
2026-08-31T04:10:04.509527+00:00,GET,http://localhost:3000/logistics/tenderos/productos-disponibles?tiendaId=bbbbbbbb-bbbb-4bbb-8bbb-bbbbbbbbbbbb&zona=Zona+Norte,200,54.555,
2026-08-31T04:10:04.542381+00:00,GET,http://localhost:3000/logistics/tenderos/productos-disponibles?tiendaId=bbbbbbbb-bbbb-4bbb-8bbb-bbbbbbbbbbbb&zona=Zona+Norte,200,61.729,
2026-08-31T04:10:04.576255+00:00,GET,http://localhost:3000/logistics/tenderos/productos-disponibles?tiendaId=bbbbbbbb-bbbb-4bbb-8bbb-bbbbbbbbbbbb&zona=Zona+Norte,200,54.977,
2026-08-31T04:10:04.609035+00:00,GET,http://localhost:3000/logistics/tenderos/productos-disponibles?tiendaId=bbbbbbbb-bbbb-4bbb-8bbb-bbbbbbbbbbbb&zona=Zona+Norte,200,62.490,
2026-08-31T04:10:04.642858+00:00,GET,http://localhost:3000/logistics/tenderos/productos-disponibles?tiendaId=bbbbbbbb-bbbb-4bbb-8bbb-bbbbbbbbbbbb&zona=Zona+Norte,200,55.432,
2026-08-31T04:10:04.675635+00:00,GET,http://localhost:3000/logistics/tenderos/productos-disponibles?tiendaId=bbbbbbbb-bbbb-4bbb-8bbb-bbbbbbbbbbbb&zona=Zona+Norte,200,64.195,
2026-08-31T04:10:04.709544+00:00,GET,http://localhost:3000/logistics/tenderos/productos-disponibles?tiendaId=bbbbbbbb-bbbb-4bbb-8bbb-bbbbbbbbbbbb&zona=Zona+Norte,200,55.511,
2026-08-31T04:10:04.742081+00:00,GET,http://localhost:3000/logistics/tenderos/productos-disponibles?tiendaId=bbbbbbbb-bbbb-4bbb-8bbb-bbbbbbbbbbbb&zona=Zona+Norte,200,60.014,
2026-08-31T04:10:04.776188+00:00,GET,http://localhost:3000/logistics/tenderos/productos-disponibles?tiendaId=bbbbbbbb-bbbb-4bbb-8bbb-bbbbbbbbbbbb&zona=Zona+Norte,200,53.647,
2026-08-31T04:10:04.809294+00:00,GET,http://localhost:3000/logistics/tenderos/productos-disponibles?tiendaId=bbbbbbbb-bbbb-4bbb-8bbb-bbbbbbbbbbbb&zona=Zona+Norte,200,65.170,
2026-08-31T04:10:04.842852+00:00,GET,http://localhost:3000/logistics/tenderos/productos-disponibles?tiendaId=bbbbbbbb-bbbb-4bbb-8bbb-bbbbbbbbbbbb&zona=Zona+Norte,200,59.474,
2026-08-31T04:10:04.875232+00:00,GET,http://localhost:3000/logistics/tenderos/productos-disponibles?tiendaId=bbbbbbbb-bbbb-4bbb-8bbb-bbbbbbbbbbbb&zona=Zona+Norte,200,63.857,
2026-08-31T04:10:04.909291+00:00,GET,http://localhost:3000/logistics/tenderos/productos-disponibles?tiendaId=bbbbbbbb-bbbb-4bbb-8bbb-bbbbbbbbbbbb&zona=Zona+Norte,200,55.133,
2026-08-31T04:10:04.942168+00:00,GET,http://localhost:3000/logistics/tenderos/productos-disponibles?tiendaId=bbbbbbbb-bbbb-4bbb-8bbb-bbbbbbbbbbbb&zona=Zona+Norte,200,60.800,
2026-08-31T04:10:04.976214+00:00,GET,http://localhost:3000/logistics/tenderos/productos-disponibles?tiendaId=bbbbbbbb-bbbb-4bbb-8bbb-bbbbbbbbbbbb&zona=Zona+Norte,200,53.485,
2026-08-31T04:10:05.009193+00:00,GET,http://localhost:3000/logistics/tenderos/productos-disponibles?tiendaId=bbbbbbbb-bbbb-4bbb-8bbb-bbbbbbbbbbbb&zona=Zona+Norte,200,59.521,
2026-08-31T04:10:05.042861+00:00,GET,http://localhost:3000/logistics/tenderos/productos-disponibles?tiendaId=bbbbbbbb-bbbb-4bbb-8bbb-bbbbbbbbbbbb&zona=Zona+Norte,200,53.507,
2026-08-31T04:10:05.075490+00:00,GET,http://localhost:3000/logistics/tenderos/productos-disponibles?tiendaId=bbbbbbbb-bbbb-4bbb-8bbb-bbbbbbbbbbbb&zona=Zona+Norte,200,58.926,
2026-08-31T04:10:05.109430+00:00,GET,http://localhost:3000/logistics/tenderos/productos-disponibles?tiendaId=bbbbbbbb-bbbb-4bbb-8bbb-bbbbbbbbbbbb&zona=Zona+Norte,200,53.169,
2026-08-31T04:10:05.142781+00:00,GET,http://localhost:3000/logistics/tenderos/productos-disponibles?tiendaId=bbbbbbbb-bbbb-4bbb-8bbb-bbbbbbbbbbbb&zona=Zona+Norte,200,60.940,
2026-08-31T04:10:05.175566+00:00,GET,http://localhost:3000/logistics/tenderos/productos-disponibles?tiendaId=bbbbbbbb-bbbb-4bbb-8bbb-bbbbbbbbbbbb&zona=Zona+Norte,200,52.710,
2026-08-31T04:10:05.209112+00:00,GET,http://localhost:3000/logistics/tenderos/productos-disponibles?tiendaId=bbbbbbbb-bbbb-4bbb-8bbb-bbbbbbbbbbbb&zona=Zona+Norte,200,60.097,
2026-08-31T04:10:05.242361+00:00,GET,http://localhost:3000/logistics/tenderos/productos-disponibles?tiendaId=bbbbbbbb-bbbb-4bbb-8bbb-bbbbbbbbbbbb&zona=Zona+Norte,200,61.053,
2026-08-31T04:10:05.275917+00:00,GET,http://localhost:3000/logistics/tenderos/productos-disponibles?tiendaId=bbbbbbbb-bbbb-4bbb-8bbb-bbbbbbbbbbbb&zona=Zona+Norte,200,62.102,
2026-08-31T04:10:05.309146+00:00,GET,http://localhost:3000/logistics/tenderos/productos-disponibles?tiendaId=bbbbbbbb-bbbb-4bbb-8bbb-bbbbbbbbbbbb&zona=Zona+Norte,200,57.284,
2026-08-31T04:10:05.342324+00:00,GET,http://localhost:3000/logistics/tenderos/productos-disponibles?tiendaId=bbbbbbbb-bbbb-4bbb-8bbb-bbbbbbbbbbbb&zona=Zona+Norte,200,58.078,
2026-08-31T04:10:05.375563+00:00,GET,http://localhost:3000/logistics/tenderos/productos-disponibles?tiendaId=bbbbbbbb-bbbb-4bbb-8bbb-bbbbbbbbbbbb&zona=Zona+Norte,200,58.634,
2026-08-31T04:10:05.408751+00:00,GET,http://localhost:3000/logistics/tenderos/productos-disponibles?tiendaId=bbbbbbbb-bbbb-4bbb-8bbb-bbbbbbbbbbbb&zona=Zona+Norte,200,57.420,
2026-08-31T04:10:05.442800+00:00,GET,http://localhost:3000/logistics/tenderos/productos-disponibles?tiendaId=bbbbbbbb-bbbb-4bbb-8bbb-bbbbbbbbbbbb&zona=Zona+Norte,200,52.754,
2026-08-31T04:10:05.476206+00:00,GET,http://localhost:3000/logistics/tenderos/productos-disponibles?tiendaId=bbbbbbbb-bbbb-4bbb-8bbb-bbbbbbbbbbbb&zona=Zona+Norte,200,59.996,
2026-08-31T04:10:05.509546+00:00,GET,http://localhost:3000/logistics/tenderos/productos-disponibles?tiendaId=bbbbbbbb-bbbb-4bbb-8bbb-bbbbbbbbbbbb&zona=Zona+Norte,200,53.688,
2026-08-31T04:10:05.542549+00:00,GET,http://localhost:3000/logistics/tenderos/productos-disponibles?tiendaId=bbbbbbbb-bbbb-4bbb-8bbb-bbbbbbbbbbbb&zona=Zona+Norte,200,55.311,
2026-08-31T04:10:05.575635+00:00,GET,http://localhost:3000/logistics/tenderos/productos-disponibles?tiendaId=bbbbbbbb-bbbb-4bbb-8bbb-bbbbbbbbbbbb&zona=Zona+Norte,200,51.673,
2026-08-31T04:10:05.609535+00:00,GET,http://localhost:3000/logistics/tenderos/productos-disponibles?tiendaId=bbbbbbbb-bbbb-4bbb-8bbb-bbbbbbbbbbbb&zona=Zona+Norte,200,56.717,
2026-08-31T04:10:05.642857+00:00,GET,http://localhost:3000/logistics/tenderos/productos-disponibles?tiendaId=bbbbbbbb-bbbb-4bbb-8bbb-bbbbbbbbbbbb&zona=Zona+Norte,200,51.134,
2026-08-31T04:10:05.676185+00:00,GET,http://localhost:3000/logistics/tenderos/productos-disponibles?tiendaId=bbbbbbbb-bbbb-4bbb-8bbb-bbbbbbbbbbbb&zona=Zona+Norte,200,54.023,
2026-08-31T04:10:05.709533+00:00,GET,http://localhost:3000/logistics/tenderos/productos-disponibles?tiendaId=bbbbbbbb-bbbb-4bbb-8bbb-bbbbbbbbbbbb&zona=Zona+Norte,200,52.609,
2026-08-31T04:10:05.742878+00:00,GET,http://localhost:3000/logistics/tenderos/productos-disponibles?tiendaId=bbbbbbbb-bbbb-4bbb-8bbb-bbbbbbbbbbbb&zona=Zona+Norte,200,57.996,
2026-08-31T04:10:05.776201+00:00,GET,http://localhost:3000/logistics/tenderos/productos-disponibles?tiendaId=bbbbbbbb-bbbb-4bbb-8bbb-bbbbbbbbbbbb&zona=Zona+Norte,200,54.142,
2026-08-31T04:10:05.808942+00:00,GET,http://localhost:3000/logistics/tenderos/productos-disponibles?tiendaId=bbbbbbbb-bbbb-4bbb-8bbb-bbbbbbbbbbbb&zona=Zona+Norte,200,59.492,
2026-08-31T04:10:05.842875+00:00,GET,http://localhost:3000/logistics/tenderos/productos-disponibles?tiendaId=bbbbbbbb-bbbb-4bbb-8bbb-bbbbbbbbbbbb&zona=Zona+Norte,200,52.820,
2026-08-31T04:10:05.875611+00:00,GET,http://localhost:3000/logistics/tenderos/productos-disponibles?tiendaId=bbbbbbbb-bbbb-4bbb-8bbb-bbbbbbbbbbbb&zona=Zona+Norte,200,55.393,
2026-08-31T04:10:05.909002+00:00,GET,http://localhost:3000/logistics/tenderos/productos-disponibles?tiendaId=bbbbbbbb-bbbb-4bbb-8bbb-bbbbbbbbbbbb&zona=Zona+Norte,200,54.083,
2026-08-31T04:10:05.942859+00:00,GET,http://localhost:3000/logistics/tenderos/productos-disponibles?tiendaId=bbbbbbbb-bbbb-4bbb-8bbb-bbbbbbbbbbbb&zona=Zona+Norte,200,58.301,
2026-08-31T04:10:05.976051+00:00,GET,http://localhost:3000/logistics/tenderos/productos-disponibles?tiendaId=bbbbbbbb-bbbb-4bbb-8bbb-bbbbbbbbbbbb&zona=Zona+Norte,200,54.459,
2026-08-31T04:10:06.008579+00:00,GET,http://localhost:3000/logistics/tenderos/productos-disponibles?tiendaId=bbbbbbbb-bbbb-4bbb-8bbb-bbbbbbbbbbbb&zona=Zona+Norte,200,62.206,
2026-08-31T04:10:06.042872+00:00,GET,http://localhost:3000/logistics/tenderos/productos-disponibles?tiendaId=bbbbbbbb-bbbb-4bbb-8bbb-bbbbbbbbbbbb&zona=Zona+Norte,200,61.048,
2026-08-31T04:10:06.075745+00:00,GET,http://localhost:3000/logistics/tenderos/productos-disponibles?tiendaId=bbbbbbbb-bbbb-4bbb-8bbb-bbbbbbbbbbbb&zona=Zona+Norte,200,60.881,
2026-08-31T04:10:06.109109+00:00,GET,http://localhost:3000/logistics/tenderos/productos-disponibles?tiendaId=bbbbbbbb-bbbb-4bbb-8bbb-bbbbbbbbbbbb&zona=Zona+Norte,200,55.677,
2026-08-31T04:10:06.141989+00:00,GET,http://localhost:3000/logistics/tenderos/productos-disponibles?tiendaId=bbbbbbbb-bbbb-4bbb-8bbb-bbbbbbbbbbbb&zona=Zona+Norte,200,62.225,
2026-08-31T04:10:06.176213+00:00,GET,http://localhost:3000/logistics/tenderos/productos-disponibles?tiendaId=bbbbbbbb-bbbb-4bbb-8bbb-bbbbbbbbbbbb&zona=Zona+Norte,200,63.297,
2026-08-31T04:10:06.209050+00:00,GET,http://localhost:3000/logistics/tenderos/productos-disponibles?tiendaId=bbbbbbbb-bbbb-4bbb-8bbb-bbbbbbbbbbbb&zona=Zona+Norte,200,60.224,
2026-08-31T04:10:06.242134+00:00,GET,http://localhost:3000/logistics/tenderos/productos-disponibles?tiendaId=bbbbbbbb-bbbb-4bbb-8bbb-bbbbbbbbbbbb&zona=Zona+Norte,200,57.731,
2026-08-31T04:10:06.275927+00:00,GET,http://localhost:3000/logistics/tenderos/productos-disponibles?tiendaId=bbbbbbbb-bbbb-4bbb-8bbb-bbbbbbbbbbbb&zona=Zona+Norte,200,62.858,
2026-08-31T04:10:06.309521+00:00,GET,http://localhost:3000/logistics/tenderos/productos-disponibles?tiendaId=bbbbbbbb-bbbb-4bbb-8bbb-bbbbbbbbbbbb&zona=Zona+Norte,200,54.183,
2026-08-31T04:10:06.342255+00:00,GET,http://localhost:3000/logistics/tenderos/productos-disponibles?tiendaId=bbbbbbbb-bbbb-4bbb-8bbb-bbbbbbbbbbbb&zona=Zona+Norte,200,63.559,
2026-08-31T04:10:06.376251+00:00,GET,http://localhost:3000/logistics/tenderos/productos-disponibles?tiendaId=bbbbbbbb-bbbb-4bbb-8bbb-bbbbbbbbbbbb&zona=Zona+Norte,200,55.110,
2026-08-31T04:10:06.408855+00:00,GET,http://localhost:3000/logistics/tenderos/productos-disponibles?tiendaId=bbbbbbbb-bbbb-4bbb-8bbb-bbbbbbbbbbbb&zona=Zona+Norte,200,62.267,
2026-08-31T04:10:06.442256+00:00,GET,http://localhost:3000/logistics/tenderos/productos-disponibles?tiendaId=bbbbbbbb-bbbb-4bbb-8bbb-bbbbbbbbbbbb&zona=Zona+Norte,200,54.121,
2026-08-31T04:10:06.475586+00:00,GET,http://localhost:3000/logistics/tenderos/productos-disponibles?tiendaId=bbbbbbbb-bbbb-4bbb-8bbb-bbbbbbbbbbbb&zona=Zona+Norte,200,62.561,
2026-08-31T04:10:06.509535+00:00,GET,http://localhost:3000/logistics/tenderos/productos-disponibles?tiendaId=bbbbbbbb-bbbb-4bbb-8bbb-bbbbbbbbbbbb&zona=Zona+Norte,200,60.547,
2026-08-31T04:10:06.542359+00:00,GET,http://localhost:3000/logistics/tenderos/productos-disponibles?tiendaId=bbbbbbbb-bbbb-4bbb-8bbb-bbbbbbbbbbbb&zona=Zona+Norte,200,63.663,
2026-08-31T04:10:06.575857+00:00,GET,http://localhost:3000/logistics/tenderos/productos-disponibles?tiendaId=bbbbbbbb-bbbb-4bbb-8bbb-bbbbbbbbbbbb&zona=Zona+Norte,200,62.479,
2026-08-31T04:10:06.608817+00:00,GET,http://localhost:3000/logistics/tenderos/productos-disponibles?tiendaId=bbbbbbbb-bbbb-4bbb-8bbb-bbbbbbbbbbbb&zona=Zona+Norte,200,63.787,
2026-08-31T04:10:06.642286+00:00,GET,http://localhost:3000/logistics/tenderos/productos-disponibles?tiendaId=bbbbbbbb-bbbb-4bbb-8bbb-bbbbbbbbbbbb&zona=Zona+Norte,200,55.382,
2026-08-31T04:10:06.675508+00:00,GET,http://localhost:3000/logistics/tenderos/productos-disponibles?tiendaId=bbbbbbbb-bbbb-4bbb-8bbb-bbbbbbbbbbbb&zona=Zona+Norte,200,61.928,
2026-08-31T04:10:06.709535+00:00,GET,http://localhost:3000/logistics/tenderos/productos-disponibles?tiendaId=bbbbbbbb-bbbb-4bbb-8bbb-bbbbbbbbbbbb&zona=Zona+Norte,200,55.917,
2026-08-31T04:10:06.742427+00:00,GET,http://localhost:3000/logistics/tenderos/productos-disponibles?tiendaId=bbbbbbbb-bbbb-4bbb-8bbb-bbbbbbbbbbbb&zona=Zona+Norte,200,63.133,
2026-08-31T04:10:06.775896+00:00,GET,http://localhost:3000/logistics/tenderos/productos-disponibles?tiendaId=bbbbbbbb-bbbb-4bbb-8bbb-bbbbbbbbbbbb&zona=Zona+Norte,200,54.814,
2026-08-31T04:10:06.808889+00:00,GET,http://localhost:3000/logistics/tenderos/productos-disponibles?tiendaId=bbbbbbbb-bbbb-4bbb-8bbb-bbbbbbbbbbbb&zona=Zona+Norte,200,60.752,
2026-08-31T04:10:06.842346+00:00,GET,http://localhost:3000/logistics/tenderos/productos-disponibles?tiendaId=bbbbbbbb-bbbb-4bbb-8bbb-bbbbbbbbbbbb&zona=Zona+Norte,200,54.146,
2026-08-31T04:10:06.875885+00:00,GET,http://localhost:3000/logistics/tenderos/productos-disponibles?tiendaId=bbbbbbbb-bbbb-4bbb-8bbb-bbbbbbbbbbbb&zona=Zona+Norte,200,62.584,
2026-08-31T04:10:06.909537+00:00,GET,http://localhost:3000/logistics/tenderos/productos-disponibles?tiendaId=bbbbbbbb-bbbb-4bbb-8bbb-bbbbbbbbbbbb&zona=Zona+Norte,200,61.584,
2026-08-31T04:10:06.942303+00:00,GET,http://localhost:3000/logistics/tenderos/productos-disponibles?tiendaId=bbbbbbbb-bbbb-4bbb-8bbb-bbbbbbbbbbbb&zona=Zona+Norte,200,61.163,
2026-08-31T04:10:06.975691+00:00,GET,http://localhost:3000/logistics/tenderos/productos-disponibles?tiendaId=bbbbbbbb-bbbb-4bbb-8bbb-bbbbbbbbbbbb&zona=Zona+Norte,200,55.778,
2026-08-31T04:10:07.009171+00:00,GET,http://localhost:3000/logistics/tenderos/productos-disponibles?tiendaId=bbbbbbbb-bbbb-4bbb-8bbb-bbbbbbbbbbbb&zona=Zona+Norte,200,62.528,
2026-08-31T04:10:07.042888+00:00,GET,http://localhost:3000/logistics/tenderos/productos-disponibles?tiendaId=bbbbbbbb-bbbb-4bbb-8bbb-bbbbbbbbbbbb&zona=Zona+Norte,200,59.802,
2026-08-31T04:10:07.075649+00:00,GET,http://localhost:3000/logistics/tenderos/productos-disponibles?tiendaId=bbbbbbbb-bbbb-4bbb-8bbb-bbbbbbbbbbbb&zona=Zona+Norte,200,59.475,
2026-08-31T04:10:07.108695+00:00,GET,http://localhost:3000/logistics/tenderos/productos-disponibles?tiendaId=bbbbbbbb-bbbb-4bbb-8bbb-bbbbbbbbbbbb&zona=Zona+Norte,200,60.612,
2026-08-31T04:10:07.142716+00:00,GET,http://localhost:3000/logistics/tenderos/productos-disponibles?tiendaId=bbbbbbbb-bbbb-4bbb-8bbb-bbbbbbbbbbbb&zona=Zona+Norte,200,59.667,
2026-08-31T04:10:07.175657+00:00,GET,http://localhost:3000/logistics/tenderos/productos-disponibles?tiendaId=bbbbbbbb-bbbb-4bbb-8bbb-bbbbbbbbbbbb&zona=Zona+Norte,200,56.189,
2026-08-31T04:10:07.209309+00:00,GET,http://localhost:3000/logistics/tenderos/productos-disponibles?tiendaId=bbbbbbbb-bbbb-4bbb-8bbb-bbbbbbbbbbbb&zona=Zona+Norte,200,61.145,
2026-08-31T04:10:07.242895+00:00,GET,http://localhost:3000/logistics/tenderos/productos-disponibles?tiendaId=bbbbbbbb-bbbb-4bbb-8bbb-bbbbbbbbbbbb&zona=Zona+Norte,200,58.646,
2026-08-31T04:10:07.275788+00:00,GET,http://localhost:3000/logistics/tenderos/productos-disponibles?tiendaId=bbbbbbbb-bbbb-4bbb-8bbb-bbbbbbbbbbbb&zona=Zona+Norte,200,62.860,
2026-08-31T04:10:07.309418+00:00,GET,http://localhost:3000/logistics/tenderos/productos-disponibles?tiendaId=bbbbbbbb-bbbb-4bbb-8bbb-bbbbbbbbbbbb&zona=Zona+Norte,200,60.392,
2026-08-31T04:10:07.342280+00:00,GET,http://localhost:3000/logistics/tenderos/productos-disponibles?tiendaId=bbbbbbbb-bbbb-4bbb-8bbb-bbbbbbbbbbbb&zona=Zona+Norte,200,62.341,
2026-08-31T04:10:07.375884+00:00,GET,http://localhost:3000/logistics/tenderos/productos-disponibles?tiendaId=bbbbbbbb-bbbb-4bbb-8bbb-bbbbbbbbbbbb&zona=Zona+Norte,200,60.922,
2026-08-31T04:10:07.409013+00:00,GET,http://localhost:3000/logistics/tenderos/productos-disponibles?tiendaId=bbbbbbbb-bbbb-4bbb-8bbb-bbbbbbbbbbbb&zona=Zona+Norte,200,62.786,
2026-08-31T04:10:07.442497+00:00,GET,http://localhost:3000/logistics/tenderos/productos-disponibles?tiendaId=bbbbbbbb-bbbb-4bbb-8bbb-bbbbbbbbbbbb&zona=Zona+Norte,200,59.550,
2026-08-31T04:10:07.475678+00:00,GET,http://localhost:3000/logistics/tenderos/productos-disponibles?tiendaId=bbbbbbbb-bbbb-4bbb-8bbb-bbbbbbbbbbbb&zona=Zona+Norte,200,60.457,
2026-08-31T04:10:07.509355+00:00,GET,http://localhost:3000/logistics/tenderos/productos-disponibles?tiendaId=bbbbbbbb-bbbb-4bbb-8bbb-bbbbbbbbbbbb&zona=Zona+Norte,200,57.267,
2026-08-31T04:10:07.542591+00:00,GET,http://localhost:3000/logistics/tenderos/productos-disponibles?tiendaId=bbbbbbbb-bbbb-4bbb-8bbb-bbbbbbbbbbbb&zona=Zona+Norte,200,63.717,
2026-08-31T04:10:07.576300+00:00,GET,http://localhost:3000/logistics/tenderos/productos-disponibles?tiendaId=bbbbbbbb-bbbb-4bbb-8bbb-bbbbbbbbbbbb&zona=Zona+Norte,200,58.102,
2026-08-31T04:10:07.608799+00:00,GET,http://localhost:3000/logistics/tenderos/productos-disponibles?tiendaId=bbbbbbbb-bbbb-4bbb-8bbb-bbbbbbbbbbbb&zona=Zona+Norte,200,62.509,
2026-08-31T04:10:07.642335+00:00,GET,http://localhost:3000/logistics/tenderos/productos-disponibles?tiendaId=bbbbbbbb-bbbb-4bbb-8bbb-bbbbbbbbbbbb&zona=Zona+Norte,200,60.739,
2026-08-31T04:10:07.675704+00:00,GET,http://localhost:3000/logistics/tenderos/productos-disponibles?tiendaId=bbbbbbbb-bbbb-4bbb-8bbb-bbbbbbbbbbbb&zona=Zona+Norte,200,62.755,
2026-08-31T04:10:07.709240+00:00,GET,http://localhost:3000/logistics/tenderos/productos-disponibles?tiendaId=bbbbbbbb-bbbb-4bbb-8bbb-bbbbbbbbbbbb&zona=Zona+Norte,200,60.448,
2026-08-31T04:10:07.742378+00:00,GET,http://localhost:3000/logistics/tenderos/productos-disponibles?tiendaId=bbbbbbbb-bbbb-4bbb-8bbb-bbbbbbbbbbbb&zona=Zona+Norte,200,63.642,
2026-08-31T04:10:07.775910+00:00,GET,http://localhost:3000/logistics/tenderos/productos-disponibles?tiendaId=bbbbbbbb-bbbb-4bbb-8bbb-bbbbbbbbbbbb&zona=Zona+Norte,200,55.151,
2026-08-31T04:10:07.808845+00:00,GET,http://localhost:3000/logistics/tenderos/productos-disponibles?tiendaId=bbbbbbbb-bbbb-4bbb-8bbb-bbbbbbbbbbbb&zona=Zona+Norte,200,62.770,
2026-08-31T04:10:07.842920+00:00,GET,http://localhost:3000/logistics/tenderos/productos-disponibles?tiendaId=bbbbbbbb-bbbb-4bbb-8bbb-bbbbbbbbbbbb&zona=Zona+Norte,200,54.690,
2026-08-31T04:10:07.875673+00:00,GET,http://localhost:3000/logistics/tenderos/productos-disponibles?tiendaId=bbbbbbbb-bbbb-4bbb-8bbb-bbbbbbbbbbbb&zona=Zona+Norte,200,61.683,
2026-08-31T04:10:07.909546+00:00,GET,http://localhost:3000/logistics/tenderos/productos-disponibles?tiendaId=bbbbbbbb-bbbb-4bbb-8bbb-bbbbbbbbbbbb&zona=Zona+Norte,200,56.863,
2026-08-31T04:10:07.942459+00:00,GET,http://localhost:3000/logistics/tenderos/productos-disponibles?tiendaId=bbbbbbbb-bbbb-4bbb-8bbb-bbbbbbbbbbbb&zona=Zona+Norte,200,60.147,
2026-08-31T04:10:07.976247+00:00,GET,http://localhost:3000/logistics/tenderos/productos-disponibles?tiendaId=bbbbbbbb-bbbb-4bbb-8bbb-bbbbbbbbbbbb&zona=Zona+Norte,200,55.967,
2026-08-31T04:10:08.009358+00:00,GET,http://localhost:3000/logistics/tenderos/productos-disponibles?tiendaId=bbbbbbbb-bbbb-4bbb-8bbb-bbbbbbbbbbbb&zona=Zona+Norte,200,63.093,
2026-08-31T04:10:08.042927+00:00,GET,http://localhost:3000/logistics/tenderos/productos-disponibles?tiendaId=bbbbbbbb-bbbb-4bbb-8bbb-bbbbbbbbbbbb&zona=Zona+Norte,200,56.320,
2026-08-31T04:10:08.075554+00:00,GET,http://localhost:3000/logistics/tenderos/productos-disponibles?tiendaId=bbbbbbbb-bbbb-4bbb-8bbb-bbbbbbbbbbbb&zona=Zona+Norte,200,63.313,
2026-08-31T04:10:08.109205+00:00,GET,http://localhost:3000/logistics/tenderos/productos-disponibles?tiendaId=bbbbbbbb-bbbb-4bbb-8bbb-bbbbbbbbbbbb&zona=Zona+Norte,200,57.125,
2026-08-31T04:10:08.142253+00:00,GET,http://localhost:3000/logistics/tenderos/productos-disponibles?tiendaId=bbbbbbbb-bbbb-4bbb-8bbb-bbbbbbbbbbbb&zona=Zona+Norte,200,63.032,
2026-08-31T04:10:08.176282+00:00,GET,http://localhost:3000/logistics/tenderos/productos-disponibles?tiendaId=bbbbbbbb-bbbb-4bbb-8bbb-bbbbbbbbbbbb&zona=Zona+Norte,200,56.234,
2026-08-31T04:10:08.208952+00:00,GET,http://localhost:3000/logistics/tenderos/productos-disponibles?tiendaId=bbbbbbbb-bbbb-4bbb-8bbb-bbbbbbbbbbbb&zona=Zona+Norte,200,62.277,
2026-08-31T04:10:08.242880+00:00,GET,http://localhost:3000/logistics/tenderos/productos-disponibles?tiendaId=bbbbbbbb-bbbb-4bbb-8bbb-bbbbbbbbbbbb&zona=Zona+Norte,200,52.781,
2026-08-31T04:10:08.275713+00:00,GET,http://localhost:3000/logistics/tenderos/productos-disponibles?tiendaId=bbbbbbbb-bbbb-4bbb-8bbb-bbbbbbbbbbbb&zona=Zona+Norte,200,56.799,
2026-08-31T04:10:08.309572+00:00,GET,http://localhost:3000/logistics/tenderos/productos-disponibles?tiendaId=bbbbbbbb-bbbb-4bbb-8bbb-bbbbbbbbbbbb&zona=Zona+Norte,200,52.218,
2026-08-31T04:10:08.342939+00:00,GET,http://localhost:3000/logistics/tenderos/productos-disponibles?tiendaId=bbbbbbbb-bbbb-4bbb-8bbb-bbbbbbbbbbbb&zona=Zona+Norte,200,60.106,
2026-08-31T04:10:08.376258+00:00,GET,http://localhost:3000/logistics/tenderos/productos-disponibles?tiendaId=bbbbbbbb-bbbb-4bbb-8bbb-bbbbbbbbbbbb&zona=Zona+Norte,200,55.852,
2026-08-31T04:10:08.409236+00:00,GET,http://localhost:3000/logistics/tenderos/productos-disponibles?tiendaId=bbbbbbbb-bbbb-4bbb-8bbb-bbbbbbbbbbbb&zona=Zona+Norte,200,60.139,
2026-08-31T04:10:08.442937+00:00,GET,http://localhost:3000/logistics/tenderos/productos-disponibles?tiendaId=bbbbbbbb-bbbb-4bbb-8bbb-bbbbbbbbbbbb&zona=Zona+Norte,200,51.921,
2026-08-31T04:10:08.475936+00:00,GET,http://localhost:3000/logistics/tenderos/productos-disponibles?tiendaId=bbbbbbbb-bbbb-4bbb-8bbb-bbbbbbbbbbbb&zona=Zona+Norte,200,54.761,
2026-08-31T04:10:08.509585+00:00,GET,http://localhost:3000/logistics/tenderos/productos-disponibles?tiendaId=bbbbbbbb-bbbb-4bbb-8bbb-bbbbbbbbbbbb&zona=Zona+Norte,200,51.696,
2026-08-31T04:10:08.542960+00:00,GET,http://localhost:3000/logistics/tenderos/productos-disponibles?tiendaId=bbbbbbbb-bbbb-4bbb-8bbb-bbbbbbbbbbbb&zona=Zona+Norte,200,58.932,
2026-08-31T04:10:08.576353+00:00,GET,http://localhost:3000/logistics/tenderos/productos-disponibles?tiendaId=bbbbbbbb-bbbb-4bbb-8bbb-bbbbbbbbbbbb&zona=Zona+Norte,200,50.060,
2026-08-31T04:10:08.609102+00:00,GET,http://localhost:3000/logistics/tenderos/productos-disponibles?tiendaId=bbbbbbbb-bbbb-4bbb-8bbb-bbbbbbbbbbbb&zona=Zona+Norte,200,55.948,
2026-08-31T04:10:08.642226+00:00,GET,http://localhost:3000/logistics/tenderos/productos-disponibles?tiendaId=bbbbbbbb-bbbb-4bbb-8bbb-bbbbbbbbbbbb&zona=Zona+Norte,200,57.878,
2026-08-31T04:10:08.676193+00:00,GET,http://localhost:3000/logistics/tenderos/productos-disponibles?tiendaId=bbbbbbbb-bbbb-4bbb-8bbb-bbbbbbbbbbbb&zona=Zona+Norte,200,56.486,
2026-08-31T04:10:08.709579+00:00,GET,http://localhost:3000/logistics/tenderos/productos-disponibles?tiendaId=bbbbbbbb-bbbb-4bbb-8bbb-bbbbbbbbbbbb&zona=Zona+Norte,200,52.982,
2026-08-31T04:10:08.742962+00:00,GET,http://localhost:3000/logistics/tenderos/productos-disponibles?tiendaId=bbbbbbbb-bbbb-4bbb-8bbb-bbbbbbbbbbbb&zona=Zona+Norte,200,57.456,
2026-08-31T04:10:08.776052+00:00,GET,http://localhost:3000/logistics/tenderos/productos-disponibles?tiendaId=bbbbbbbb-bbbb-4bbb-8bbb-bbbbbbbbbbbb&zona=Zona+Norte,200,52.204,
2026-08-31T04:10:08.809623+00:00,GET,http://localhost:3000/logistics/tenderos/productos-disponibles?tiendaId=bbbbbbbb-bbbb-4bbb-8bbb-bbbbbbbbbbbb&zona=Zona+Norte,200,55.357,
2026-08-31T04:10:08.842918+00:00,GET,http://localhost:3000/logistics/tenderos/productos-disponibles?tiendaId=bbbbbbbb-bbbb-4bbb-8bbb-bbbbbbbbbbbb&zona=Zona+Norte,200,55.311,
2026-08-31T04:10:08.875720+00:00,GET,http://localhost:3000/logistics/tenderos/productos-disponibles?tiendaId=bbbbbbbb-bbbb-4bbb-8bbb-bbbbbbbbbbbb&zona=Zona+Norte,200,54.796,
2026-08-31T04:10:08.909341+00:00,GET,http://localhost:3000/logistics/tenderos/productos-disponibles?tiendaId=bbbbbbbb-bbbb-4bbb-8bbb-bbbbbbbbbbbb&zona=Zona+Norte,200,52.227,
2026-08-31T04:10:08.942947+00:00,GET,http://localhost:3000/logistics/tenderos/productos-disponibles?tiendaId=bbbbbbbb-bbbb-4bbb-8bbb-bbbbbbbbbbbb&zona=Zona+Norte,200,55.352,
2026-08-31T04:10:08.976047+00:00,GET,http://localhost:3000/logistics/tenderos/productos-disponibles?tiendaId=bbbbbbbb-bbbb-4bbb-8bbb-bbbbbbbbbbbb&zona=Zona+Norte,200,53.145,
2026-08-31T04:10:09.009586+00:00,GET,http://localhost:3000/logistics/tenderos/productos-disponibles?tiendaId=bbbbbbbb-bbbb-4bbb-8bbb-bbbbbbbbbbbb&zona=Zona+Norte,200,54.578,
2026-08-31T04:10:09.042935+00:00,GET,http://localhost:3000/logistics/tenderos/productos-disponibles?tiendaId=bbbbbbbb-bbbb-4bbb-8bbb-bbbbbbbbbbbb&zona=Zona+Norte,200,54.071,
2026-08-31T04:10:09.076248+00:00,GET,http://localhost:3000/logistics/tenderos/productos-disponibles?tiendaId=bbbbbbbb-bbbb-4bbb-8bbb-bbbbbbbbbbbb&zona=Zona+Norte,200,59.106,
2026-08-31T04:10:09.109621+00:00,GET,http://localhost:3000/logistics/tenderos/productos-disponibles?tiendaId=bbbbbbbb-bbbb-4bbb-8bbb-bbbbbbbbbbbb&zona=Zona+Norte,200,54.723,
2026-08-31T04:10:09.142723+00:00,GET,http://localhost:3000/logistics/tenderos/productos-disponibles?tiendaId=bbbbbbbb-bbbb-4bbb-8bbb-bbbbbbbbbbbb&zona=Zona+Norte,200,63.772,
2026-08-31T04:10:09.176264+00:00,GET,http://localhost:3000/logistics/tenderos/productos-disponibles?tiendaId=bbbbbbbb-bbbb-4bbb-8bbb-bbbbbbbbbbbb&zona=Zona+Norte,200,57.411,
2026-08-31T04:10:09.208850+00:00,GET,http://localhost:3000/logistics/tenderos/productos-disponibles?tiendaId=bbbbbbbb-bbbb-4bbb-8bbb-bbbbbbbbbbbb&zona=Zona+Norte,200,60.724,
2026-08-31T04:10:09.242948+00:00,GET,http://localhost:3000/logistics/tenderos/productos-disponibles?tiendaId=bbbbbbbb-bbbb-4bbb-8bbb-bbbbbbbbbbbb&zona=Zona+Norte,200,61.670,
2026-08-31T04:10:09.275976+00:00,GET,http://localhost:3000/logistics/tenderos/productos-disponibles?tiendaId=bbbbbbbb-bbbb-4bbb-8bbb-bbbbbbbbbbbb&zona=Zona+Norte,200,59.553,
2026-08-31T04:10:09.309118+00:00,GET,http://localhost:3000/logistics/tenderos/productos-disponibles?tiendaId=bbbbbbbb-bbbb-4bbb-8bbb-bbbbbbbbbbbb&zona=Zona+Norte,200,55.325,
2026-08-31T04:10:09.342666+00:00,GET,http://localhost:3000/logistics/tenderos/productos-disponibles?tiendaId=bbbbbbbb-bbbb-4bbb-8bbb-bbbbbbbbbbbb&zona=Zona+Norte,200,60.600,
2026-08-31T04:10:09.376050+00:00,GET,http://localhost:3000/logistics/tenderos/productos-disponibles?tiendaId=bbbbbbbb-bbbb-4bbb-8bbb-bbbbbbbbbbbb&zona=Zona+Norte,200,58.262,
2026-08-31T04:10:09.408929+00:00,GET,http://localhost:3000/logistics/tenderos/productos-disponibles?tiendaId=bbbbbbbb-bbbb-4bbb-8bbb-bbbbbbbbbbbb&zona=Zona+Norte,200,64.354,
2026-08-31T04:10:09.442898+00:00,GET,http://localhost:3000/logistics/tenderos/productos-disponibles?tiendaId=bbbbbbbb-bbbb-4bbb-8bbb-bbbbbbbbbbbb&zona=Zona+Norte,200,56.785,
2026-08-31T04:10:09.475468+00:00,GET,http://localhost:3000/logistics/tenderos/productos-disponibles?tiendaId=bbbbbbbb-bbbb-4bbb-8bbb-bbbbbbbbbbbb&zona=Zona+Norte,200,60.096,
2026-08-31T04:10:09.509628+00:00,GET,http://localhost:3000/logistics/tenderos/productos-disponibles?tiendaId=bbbbbbbb-bbbb-4bbb-8bbb-bbbbbbbbbbbb&zona=Zona+Norte,200,56.543,
2026-08-31T04:10:09.542738+00:00,GET,http://localhost:3000/logistics/tenderos/productos-disponibles?tiendaId=bbbbbbbb-bbbb-4bbb-8bbb-bbbbbbbbbbbb&zona=Zona+Norte,200,59.727,
2026-08-31T04:10:09.576367+00:00,GET,http://localhost:3000/logistics/tenderos/productos-disponibles?tiendaId=bbbbbbbb-bbbb-4bbb-8bbb-bbbbbbbbbbbb&zona=Zona+Norte,200,53.651,
2026-08-31T04:10:09.609104+00:00,GET,http://localhost:3000/logistics/tenderos/productos-disponibles?tiendaId=bbbbbbbb-bbbb-4bbb-8bbb-bbbbbbbbbbbb&zona=Zona+Norte,200,59.049,
2026-08-31T04:10:09.642083+00:00,GET,http://localhost:3000/logistics/tenderos/productos-disponibles?tiendaId=bbbbbbbb-bbbb-4bbb-8bbb-bbbbbbbbbbbb&zona=Zona+Norte,200,52.453,
2026-08-31T04:10:09.676152+00:00,GET,http://localhost:3000/logistics/tenderos/productos-disponibles?tiendaId=bbbbbbbb-bbbb-4bbb-8bbb-bbbbbbbbbbbb&zona=Zona+Norte,200,60.687,
2026-08-31T04:10:09.710157+00:00,GET,http://localhost:3000/logistics/tenderos/productos-disponibles?tiendaId=bbbbbbbb-bbbb-4bbb-8bbb-bbbbbbbbbbbb&zona=Zona+Norte,200,62.161,
2026-08-31T04:10:09.742541+00:00,GET,http://localhost:3000/logistics/tenderos/productos-disponibles?tiendaId=bbbbbbbb-bbbb-4bbb-8bbb-bbbbbbbbbbbb&zona=Zona+Norte,200,62.034,
2026-08-31T04:10:09.775658+00:00,GET,http://localhost:3000/logistics/tenderos/productos-disponibles?tiendaId=bbbbbbbb-bbbb-4bbb-8bbb-bbbbbbbbbbbb&zona=Zona+Norte,200,59.843,
2026-08-31T04:10:09.809114+00:00,GET,http://localhost:3000/logistics/tenderos/productos-disponibles?tiendaId=bbbbbbbb-bbbb-4bbb-8bbb-bbbbbbbbbbbb&zona=Zona+Norte,200,60.538,
2026-08-31T04:10:09.842740+00:00,GET,http://localhost:3000/logistics/tenderos/productos-disponibles?tiendaId=bbbbbbbb-bbbb-4bbb-8bbb-bbbbbbbbbbbb&zona=Zona+Norte,200,58.941,
2026-08-31T04:10:09.875660+00:00,GET,http://localhost:3000/logistics/tenderos/productos-disponibles?tiendaId=bbbbbbbb-bbbb-4bbb-8bbb-bbbbbbbbbbbb&zona=Zona+Norte,200,60.168,
2026-08-31T04:10:09.909443+00:00,GET,http://localhost:3000/logistics/tenderos/productos-disponibles?tiendaId=bbbbbbbb-bbbb-4bbb-8bbb-bbbbbbbbbbbb&zona=Zona+Norte,200,56.297,
2026-08-31T04:10:09.942668+00:00,GET,http://localhost:3000/logistics/tenderos/productos-disponibles?tiendaId=bbbbbbbb-bbbb-4bbb-8bbb-bbbbbbbbbbbb&zona=Zona+Norte,200,65.138,
2026-08-31T04:10:09.976289+00:00,GET,http://localhost:3000/logistics/tenderos/productos-disponibles?tiendaId=bbbbbbbb-bbbb-4bbb-8bbb-bbbbbbbbbbbb&zona=Zona+Norte,200,62.256,
2026-08-31T04:10:10.008626+00:00,GET,http://localhost:3000/logistics/tenderos/productos-disponibles?tiendaId=bbbbbbbb-bbbb-4bbb-8bbb-bbbbbbbbbbbb&zona=Zona+Norte,200,61.364,
2026-08-31T04:10:10.042349+00:00,GET,http://localhost:3000/logistics/tenderos/productos-disponibles?tiendaId=bbbbbbbb-bbbb-4bbb-8bbb-bbbbbbbbbbbb&zona=Zona+Norte,200,56.733,
2026-08-31T04:10:10.075447+00:00,GET,http://localhost:3000/logistics/tenderos/productos-disponibles?tiendaId=bbbbbbbb-bbbb-4bbb-8bbb-bbbbbbbbbbbb&zona=Zona+Norte,200,61.771,
2026-08-31T04:10:10.109647+00:00,GET,http://localhost:3000/logistics/tenderos/productos-disponibles?tiendaId=bbbbbbbb-bbbb-4bbb-8bbb-bbbbbbbbbbbb&zona=Zona+Norte,200,57.270,
2026-08-31T04:10:10.142492+00:00,GET,http://localhost:3000/logistics/tenderos/productos-disponibles?tiendaId=bbbbbbbb-bbbb-4bbb-8bbb-bbbbbbbbbbbb&zona=Zona+Norte,200,63.058,
2026-08-31T04:10:10.176269+00:00,GET,http://localhost:3000/logistics/tenderos/productos-disponibles?tiendaId=bbbbbbbb-bbbb-4bbb-8bbb-bbbbbbbbbbbb&zona=Zona+Norte,200,61.722,
2026-08-31T04:10:10.208942+00:00,GET,http://localhost:3000/logistics/tenderos/productos-disponibles?tiendaId=bbbbbbbb-bbbb-4bbb-8bbb-bbbbbbbbbbbb&zona=Zona+Norte,200,61.961,
2026-08-31T04:10:10.242405+00:00,GET,http://localhost:3000/logistics/tenderos/productos-disponibles?tiendaId=bbbbbbbb-bbbb-4bbb-8bbb-bbbbbbbbbbbb&zona=Zona+Norte,200,55.196,
2026-08-31T04:10:10.275799+00:00,GET,http://localhost:3000/logistics/tenderos/productos-disponibles?tiendaId=bbbbbbbb-bbbb-4bbb-8bbb-bbbbbbbbbbbb&zona=Zona+Norte,200,64.072,
2026-08-31T04:10:10.309624+00:00,GET,http://localhost:3000/logistics/tenderos/productos-disponibles?tiendaId=bbbbbbbb-bbbb-4bbb-8bbb-bbbbbbbbbbbb&zona=Zona+Norte,200,55.454,
2026-08-31T04:10:10.342189+00:00,GET,http://localhost:3000/logistics/tenderos/productos-disponibles?tiendaId=bbbbbbbb-bbbb-4bbb-8bbb-bbbbbbbbbbbb&zona=Zona+Norte,200,63.673,
2026-08-31T04:10:10.375291+00:00,GET,http://localhost:3000/logistics/tenderos/productos-disponibles?tiendaId=bbbbbbbb-bbbb-4bbb-8bbb-bbbbbbbbbbbb&zona=Zona+Norte,200,54.372,
2026-08-31T04:10:10.408964+00:00,GET,http://localhost:3000/logistics/tenderos/productos-disponibles?tiendaId=bbbbbbbb-bbbb-4bbb-8bbb-bbbbbbbbbbbb&zona=Zona+Norte,200,56.404,
2026-08-31T04:10:10.443033+00:00,GET,http://localhost:3000/logistics/tenderos/productos-disponibles?tiendaId=bbbbbbbb-bbbb-4bbb-8bbb-bbbbbbbbbbbb&zona=Zona+Norte,200,54.707,
2026-08-31T04:10:10.476313+00:00,GET,http://localhost:3000/logistics/tenderos/productos-disponibles?tiendaId=bbbbbbbb-bbbb-4bbb-8bbb-bbbbbbbbbbbb&zona=Zona+Norte,200,58.776,
2026-08-31T04:10:10.509657+00:00,GET,http://localhost:3000/logistics/tenderos/productos-disponibles?tiendaId=bbbbbbbb-bbbb-4bbb-8bbb-bbbbbbbbbbbb&zona=Zona+Norte,200,52.059,
2026-08-31T04:10:10.542856+00:00,GET,http://localhost:3000/logistics/tenderos/productos-disponibles?tiendaId=bbbbbbbb-bbbb-4bbb-8bbb-bbbbbbbbbbbb&zona=Zona+Norte,200,56.791,
2026-08-31T04:10:10.576412+00:00,GET,http://localhost:3000/logistics/tenderos/productos-disponibles?tiendaId=bbbbbbbb-bbbb-4bbb-8bbb-bbbbbbbbbbbb&zona=Zona+Norte,200,53.287,
2026-08-31T04:10:10.609101+00:00,GET,http://localhost:3000/logistics/tenderos/productos-disponibles?tiendaId=bbbbbbbb-bbbb-4bbb-8bbb-bbbbbbbbbbbb&zona=Zona+Norte,200,61.942,
2026-08-31T04:10:10.643008+00:00,GET,http://localhost:3000/logistics/tenderos/productos-disponibles?tiendaId=bbbbbbbb-bbbb-4bbb-8bbb-bbbbbbbbbbbb&zona=Zona+Norte,200,57.006,
2026-08-31T04:10:10.675454+00:00,GET,http://localhost:3000/logistics/tenderos/productos-disponibles?tiendaId=bbbbbbbb-bbbb-4bbb-8bbb-bbbbbbbbbbbb&zona=Zona+Norte,200,62.960,
2026-08-31T04:10:10.709676+00:00,GET,http://localhost:3000/logistics/tenderos/productos-disponibles?tiendaId=bbbbbbbb-bbbb-4bbb-8bbb-bbbbbbbbbbbb&zona=Zona+Norte,200,55.507,
2026-08-31T04:10:10.742424+00:00,GET,http://localhost:3000/logistics/tenderos/productos-disponibles?tiendaId=bbbbbbbb-bbbb-4bbb-8bbb-bbbbbbbbbbbb&zona=Zona+Norte,200,63.518,
2026-08-31T04:10:10.776348+00:00,GET,http://localhost:3000/logistics/tenderos/productos-disponibles?tiendaId=bbbbbbbb-bbbb-4bbb-8bbb-bbbbbbbbbbbb&zona=Zona+Norte,200,56.581,
2026-08-31T04:10:10.808947+00:00,GET,http://localhost:3000/logistics/tenderos/productos-disponibles?tiendaId=bbbbbbbb-bbbb-4bbb-8bbb-bbbbbbbbbbbb&zona=Zona+Norte,200,60.845,
2026-08-31T04:10:10.843028+00:00,GET,http://localhost:3000/logistics/tenderos/productos-disponibles?tiendaId=bbbbbbbb-bbbb-4bbb-8bbb-bbbbbbbbbbbb&zona=Zona+Norte,200,61.054,
2026-08-31T04:10:10.876033+00:00,GET,http://localhost:3000/logistics/tenderos/productos-disponibles?tiendaId=bbbbbbbb-bbbb-4bbb-8bbb-bbbbbbbbbbbb&zona=Zona+Norte,200,61.709,
2026-08-31T04:10:10.909185+00:00,GET,http://localhost:3000/logistics/tenderos/productos-disponibles?tiendaId=bbbbbbbb-bbbb-4bbb-8bbb-bbbbbbbbbbbb&zona=Zona+Norte,200,56.785,
2026-08-31T04:10:10.942236+00:00,GET,http://localhost:3000/logistics/tenderos/productos-disponibles?tiendaId=bbbbbbbb-bbbb-4bbb-8bbb-bbbbbbbbbbbb&zona=Zona+Norte,200,62.989,
2026-08-31T04:10:10.975556+00:00,GET,http://localhost:3000/logistics/tenderos/productos-disponibles?tiendaId=bbbbbbbb-bbbb-4bbb-8bbb-bbbbbbbbbbbb&zona=Zona+Norte,200,56.471,
2026-08-31T04:10:11.009083+00:00,GET,http://localhost:3000/logistics/tenderos/productos-disponibles?tiendaId=bbbbbbbb-bbbb-4bbb-8bbb-bbbbbbbbbbbb&zona=Zona+Norte,200,60.633,
2026-08-31T04:10:11.043018+00:00,GET,http://localhost:3000/logistics/tenderos/productos-disponibles?tiendaId=bbbbbbbb-bbbb-4bbb-8bbb-bbbbbbbbbbbb&zona=Zona+Norte,200,57.241,
2026-08-31T04:10:11.075887+00:00,GET,http://localhost:3000/logistics/tenderos/productos-disponibles?tiendaId=bbbbbbbb-bbbb-4bbb-8bbb-bbbbbbbbbbbb&zona=Zona+Norte,200,64.133,
2026-08-31T04:10:11.108967+00:00,GET,http://localhost:3000/logistics/tenderos/productos-disponibles?tiendaId=bbbbbbbb-bbbb-4bbb-8bbb-bbbbbbbbbbbb&zona=Zona+Norte,200,57.348,
2026-08-31T04:10:11.142187+00:00,GET,http://localhost:3000/logistics/tenderos/productos-disponibles?tiendaId=bbbbbbbb-bbbb-4bbb-8bbb-bbbbbbbbbbbb&zona=Zona+Norte,200,60.119,
2026-08-31T04:10:11.176366+00:00,GET,http://localhost:3000/logistics/tenderos/productos-disponibles?tiendaId=bbbbbbbb-bbbb-4bbb-8bbb-bbbbbbbbbbbb&zona=Zona+Norte,200,58.114,
2026-08-31T04:10:11.209428+00:00,GET,http://localhost:3000/logistics/tenderos/productos-disponibles?tiendaId=bbbbbbbb-bbbb-4bbb-8bbb-bbbbbbbbbbbb&zona=Zona+Norte,200,64.275,
2026-08-31T04:10:11.242945+00:00,GET,http://localhost:3000/logistics/tenderos/productos-disponibles?tiendaId=bbbbbbbb-bbbb-4bbb-8bbb-bbbbbbbbbbbb&zona=Zona+Norte,200,56.713,
2026-08-31T04:10:11.275478+00:00,GET,http://localhost:3000/logistics/tenderos/productos-disponibles?tiendaId=bbbbbbbb-bbbb-4bbb-8bbb-bbbbbbbbbbbb&zona=Zona+Norte,200,60.636,
2026-08-31T04:10:11.309661+00:00,GET,http://localhost:3000/logistics/tenderos/productos-disponibles?tiendaId=bbbbbbbb-bbbb-4bbb-8bbb-bbbbbbbbbbbb&zona=Zona+Norte,200,55.811,
2026-08-31T04:10:11.342189+00:00,GET,http://localhost:3000/logistics/tenderos/productos-disponibles?tiendaId=bbbbbbbb-bbbb-4bbb-8bbb-bbbbbbbbbbbb&zona=Zona+Norte,200,63.509,
2026-08-31T04:10:11.376356+00:00,GET,http://localhost:3000/logistics/tenderos/productos-disponibles?tiendaId=bbbbbbbb-bbbb-4bbb-8bbb-bbbbbbbbbbbb&zona=Zona+Norte,200,61.935,
2026-08-31T04:10:11.408908+00:00,GET,http://localhost:3000/logistics/tenderos/productos-disponibles?tiendaId=bbbbbbbb-bbbb-4bbb-8bbb-bbbbbbbbbbbb&zona=Zona+Norte,200,63.272,
2026-08-31T04:10:11.442311+00:00,GET,http://localhost:3000/logistics/tenderos/productos-disponibles?tiendaId=bbbbbbbb-bbbb-4bbb-8bbb-bbbbbbbbbbbb&zona=Zona+Norte,200,56.801,
2026-08-31T04:10:11.475703+00:00,GET,http://localhost:3000/logistics/tenderos/productos-disponibles?tiendaId=bbbbbbbb-bbbb-4bbb-8bbb-bbbbbbbbbbbb&zona=Zona+Norte,200,63.572,
2026-08-31T04:10:11.508708+00:00,GET,http://localhost:3000/logistics/tenderos/productos-disponibles?tiendaId=bbbbbbbb-bbbb-4bbb-8bbb-bbbbbbbbbbbb&zona=Zona+Norte,200,58.605,
2026-08-31T04:10:11.542285+00:00,GET,http://localhost:3000/logistics/tenderos/productos-disponibles?tiendaId=bbbbbbbb-bbbb-4bbb-8bbb-bbbbbbbbbbbb&zona=Zona+Norte,200,65.165,
2026-08-31T04:10:11.575385+00:00,GET,http://localhost:3000/logistics/tenderos/productos-disponibles?tiendaId=bbbbbbbb-bbbb-4bbb-8bbb-bbbbbbbbbbbb&zona=Zona+Norte,200,62.243,
2026-08-31T04:10:11.608647+00:00,GET,http://localhost:3000/logistics/tenderos/productos-disponibles?tiendaId=bbbbbbbb-bbbb-4bbb-8bbb-bbbbbbbbbbbb&zona=Zona+Norte,200,69.193,
2026-08-31T04:10:11.642311+00:00,GET,http://localhost:3000/logistics/tenderos/productos-disponibles?tiendaId=bbbbbbbb-bbbb-4bbb-8bbb-bbbbbbbbbbbb&zona=Zona+Norte,200,61.456,
2026-08-31T04:10:11.676001+00:00,GET,http://localhost:3000/logistics/tenderos/productos-disponibles?tiendaId=bbbbbbbb-bbbb-4bbb-8bbb-bbbbbbbbbbbb&zona=Zona+Norte,200,70.544,
2026-08-31T04:10:11.708785+00:00,GET,http://localhost:3000/logistics/tenderos/productos-disponibles?tiendaId=bbbbbbbb-bbbb-4bbb-8bbb-bbbbbbbbbbbb&zona=Zona+Norte,200,60.215,
2026-08-31T04:10:11.742986+00:00,GET,http://localhost:3000/logistics/tenderos/productos-disponibles?tiendaId=bbbbbbbb-bbbb-4bbb-8bbb-bbbbbbbbbbbb&zona=Zona+Norte,200,61.257,
2026-08-31T04:10:11.776102+00:00,GET,http://localhost:3000/logistics/tenderos/productos-disponibles?tiendaId=bbbbbbbb-bbbb-4bbb-8bbb-bbbbbbbbbbbb&zona=Zona+Norte,200,55.357,
2026-08-31T04:10:11.809210+00:00,GET,http://localhost:3000/logistics/tenderos/productos-disponibles?tiendaId=bbbbbbbb-bbbb-4bbb-8bbb-bbbbbbbbbbbb&zona=Zona+Norte,200,59.729,
2026-08-31T04:10:11.842983+00:00,GET,http://localhost:3000/logistics/tenderos/productos-disponibles?tiendaId=bbbbbbbb-bbbb-4bbb-8bbb-bbbbbbbbbbbb&zona=Zona+Norte,200,55.331,
2026-08-31T04:10:11.876096+00:00,GET,http://localhost:3000/logistics/tenderos/productos-disponibles?tiendaId=bbbbbbbb-bbbb-4bbb-8bbb-bbbbbbbbbbbb&zona=Zona+Norte,200,59.280,
2026-08-31T04:10:11.909646+00:00,GET,http://localhost:3000/logistics/tenderos/productos-disponibles?tiendaId=bbbbbbbb-bbbb-4bbb-8bbb-bbbbbbbbbbbb&zona=Zona+Norte,200,54.695,
2026-08-31T04:10:11.942785+00:00,GET,http://localhost:3000/logistics/tenderos/productos-disponibles?tiendaId=bbbbbbbb-bbbb-4bbb-8bbb-bbbbbbbbbbbb&zona=Zona+Norte,200,61.815,
2026-08-31T04:10:11.976324+00:00,GET,http://localhost:3000/logistics/tenderos/productos-disponibles?tiendaId=bbbbbbbb-bbbb-4bbb-8bbb-bbbbbbbbbbbb&zona=Zona+Norte,200,54.477,
2026-08-31T04:10:12.009160+00:00,GET,http://localhost:3000/logistics/tenderos/productos-disponibles?tiendaId=bbbbbbbb-bbbb-4bbb-8bbb-bbbbbbbbbbbb&zona=Zona+Norte,200,60.791,
2026-08-31T04:10:12.042990+00:00,GET,http://localhost:3000/logistics/tenderos/productos-disponibles?tiendaId=bbbbbbbb-bbbb-4bbb-8bbb-bbbbbbbbbbbb&zona=Zona+Norte,200,54.280,
2026-08-31T04:10:12.075964+00:00,GET,http://localhost:3000/logistics/tenderos/productos-disponibles?tiendaId=bbbbbbbb-bbbb-4bbb-8bbb-bbbbbbbbbbbb&zona=Zona+Norte,200,58.893,
2026-08-31T04:10:12.109661+00:00,GET,http://localhost:3000/logistics/tenderos/productos-disponibles?tiendaId=bbbbbbbb-bbbb-4bbb-8bbb-bbbbbbbbbbbb&zona=Zona+Norte,200,59.039,
2026-08-31T04:10:12.142857+00:00,GET,http://localhost:3000/logistics/tenderos/productos-disponibles?tiendaId=bbbbbbbb-bbbb-4bbb-8bbb-bbbbbbbbbbbb&zona=Zona+Norte,200,59.184,
2026-08-31T04:10:12.176136+00:00,GET,http://localhost:3000/logistics/tenderos/productos-disponibles?tiendaId=bbbbbbbb-bbbb-4bbb-8bbb-bbbbbbbbbbbb&zona=Zona+Norte,200,57.257,
2026-08-31T04:10:12.209462+00:00,GET,http://localhost:3000/logistics/tenderos/productos-disponibles?tiendaId=bbbbbbbb-bbbb-4bbb-8bbb-bbbbbbbbbbbb&zona=Zona+Norte,200,57.848,
2026-08-31T04:10:12.242997+00:00,GET,http://localhost:3000/logistics/tenderos/productos-disponibles?tiendaId=bbbbbbbb-bbbb-4bbb-8bbb-bbbbbbbbbbbb&zona=Zona+Norte,200,52.722,
2026-08-31T04:10:12.276300+00:00,GET,http://localhost:3000/logistics/tenderos/productos-disponibles?tiendaId=bbbbbbbb-bbbb-4bbb-8bbb-bbbbbbbbbbbb&zona=Zona+Norte,200,54.984,
2026-08-31T04:10:12.309458+00:00,GET,http://localhost:3000/logistics/tenderos/productos-disponibles?tiendaId=bbbbbbbb-bbbb-4bbb-8bbb-bbbbbbbbbbbb&zona=Zona+Norte,200,52.566,
2026-08-31T04:10:12.343005+00:00,GET,http://localhost:3000/logistics/tenderos/productos-disponibles?tiendaId=bbbbbbbb-bbbb-4bbb-8bbb-bbbbbbbbbbbb&zona=Zona+Norte,200,58.303,
2026-08-31T04:10:12.376372+00:00,GET,http://localhost:3000/logistics/tenderos/productos-disponibles?tiendaId=bbbbbbbb-bbbb-4bbb-8bbb-bbbbbbbbbbbb&zona=Zona+Norte,200,57.204,
2026-08-31T04:10:12.409605+00:00,GET,http://localhost:3000/logistics/tenderos/productos-disponibles?tiendaId=bbbbbbbb-bbbb-4bbb-8bbb-bbbbbbbbbbbb&zona=Zona+Norte,200,61.317,
2026-08-31T04:10:12.442294+00:00,GET,http://localhost:3000/logistics/tenderos/productos-disponibles?tiendaId=bbbbbbbb-bbbb-4bbb-8bbb-bbbbbbbbbbbb&zona=Zona+Norte,200,56.651,
2026-08-31T04:10:12.475881+00:00,GET,http://localhost:3000/logistics/tenderos/productos-disponibles?tiendaId=bbbbbbbb-bbbb-4bbb-8bbb-bbbbbbbbbbbb&zona=Zona+Norte,200,60.929,
2026-08-31T04:10:12.509662+00:00,GET,http://localhost:3000/logistics/tenderos/productos-disponibles?tiendaId=bbbbbbbb-bbbb-4bbb-8bbb-bbbbbbbbbbbb&zona=Zona+Norte,200,55.763,
2026-08-31T04:10:12.542647+00:00,GET,http://localhost:3000/logistics/tenderos/productos-disponibles?tiendaId=bbbbbbbb-bbbb-4bbb-8bbb-bbbbbbbbbbbb&zona=Zona+Norte,200,58.829,
2026-08-31T04:10:12.576437+00:00,GET,http://localhost:3000/logistics/tenderos/productos-disponibles?tiendaId=bbbbbbbb-bbbb-4bbb-8bbb-bbbbbbbbbbbb&zona=Zona+Norte,200,53.554,
2026-08-31T04:10:12.609057+00:00,GET,http://localhost:3000/logistics/tenderos/productos-disponibles?tiendaId=bbbbbbbb-bbbb-4bbb-8bbb-bbbbbbbbbbbb&zona=Zona+Norte,200,58.526,
2026-08-31T04:10:12.643038+00:00,GET,http://localhost:3000/logistics/tenderos/productos-disponibles?tiendaId=bbbbbbbb-bbbb-4bbb-8bbb-bbbbbbbbbbbb&zona=Zona+Norte,200,56.972,
2026-08-31T04:10:12.676273+00:00,GET,http://localhost:3000/logistics/tenderos/productos-disponibles?tiendaId=bbbbbbbb-bbbb-4bbb-8bbb-bbbbbbbbbbbb&zona=Zona+Norte,200,54.589,
2026-08-31T04:10:12.709684+00:00,GET,http://localhost:3000/logistics/tenderos/productos-disponibles?tiendaId=bbbbbbbb-bbbb-4bbb-8bbb-bbbbbbbbbbbb&zona=Zona+Norte,200,58.246,
2026-08-31T04:10:12.743055+00:00,GET,http://localhost:3000/logistics/tenderos/productos-disponibles?tiendaId=bbbbbbbb-bbbb-4bbb-8bbb-bbbbbbbbbbbb&zona=Zona+Norte,200,61.273,
2026-08-31T04:10:12.775813+00:00,GET,http://localhost:3000/logistics/tenderos/productos-disponibles?tiendaId=bbbbbbbb-bbbb-4bbb-8bbb-bbbbbbbbbbbb&zona=Zona+Norte,200,62.815,
2026-08-31T04:10:12.809194+00:00,GET,http://localhost:3000/logistics/tenderos/productos-disponibles?tiendaId=bbbbbbbb-bbbb-4bbb-8bbb-bbbbbbbbbbbb&zona=Zona+Norte,200,63.649,
2026-08-31T04:10:12.842395+00:00,GET,http://localhost:3000/logistics/tenderos/productos-disponibles?tiendaId=bbbbbbbb-bbbb-4bbb-8bbb-bbbbbbbbbbbb&zona=Zona+Norte,200,62.255,
2026-08-31T04:10:12.875616+00:00,GET,http://localhost:3000/logistics/tenderos/productos-disponibles?tiendaId=bbbbbbbb-bbbb-4bbb-8bbb-bbbbbbbbbbbb&zona=Zona+Norte,200,62.440,
2026-08-31T04:10:12.909152+00:00,GET,http://localhost:3000/logistics/tenderos/productos-disponibles?tiendaId=bbbbbbbb-bbbb-4bbb-8bbb-bbbbbbbbbbbb&zona=Zona+Norte,200,64.801,
2026-08-31T04:10:12.942538+00:00,GET,http://localhost:3000/logistics/tenderos/productos-disponibles?tiendaId=bbbbbbbb-bbbb-4bbb-8bbb-bbbbbbbbbbbb&zona=Zona+Norte,200,60.861,
2026-08-31T04:10:12.975444+00:00,GET,http://localhost:3000/logistics/tenderos/productos-disponibles?tiendaId=bbbbbbbb-bbbb-4bbb-8bbb-bbbbbbbbbbbb&zona=Zona+Norte,200,60.833,
2026-08-31T04:10:13.009310+00:00,GET,http://localhost:3000/logistics/tenderos/productos-disponibles?tiendaId=bbbbbbbb-bbbb-4bbb-8bbb-bbbbbbbbbbbb&zona=Zona+Norte,200,59.820,
2026-08-31T04:10:13.042722+00:00,GET,http://localhost:3000/logistics/tenderos/productos-disponibles?tiendaId=bbbbbbbb-bbbb-4bbb-8bbb-bbbbbbbbbbbb&zona=Zona+Norte,200,59.807,
2026-08-31T04:10:13.076091+00:00,GET,http://localhost:3000/logistics/tenderos/productos-disponibles?tiendaId=bbbbbbbb-bbbb-4bbb-8bbb-bbbbbbbbbbbb&zona=Zona+Norte,200,63.019,
2026-08-31T04:10:13.109441+00:00,GET,http://localhost:3000/logistics/tenderos/productos-disponibles?tiendaId=bbbbbbbb-bbbb-4bbb-8bbb-bbbbbbbbbbbb&zona=Zona+Norte,200,63.546,
2026-08-31T04:10:13.142331+00:00,GET,http://localhost:3000/logistics/tenderos/productos-disponibles?tiendaId=bbbbbbbb-bbbb-4bbb-8bbb-bbbbbbbbbbbb&zona=Zona+Norte,200,63.346,
2026-08-31T04:10:13.175628+00:00,GET,http://localhost:3000/logistics/tenderos/productos-disponibles?tiendaId=bbbbbbbb-bbbb-4bbb-8bbb-bbbbbbbbbbbb&zona=Zona+Norte,200,63.269,
2026-08-31T04:10:13.209011+00:00,GET,http://localhost:3000/logistics/tenderos/productos-disponibles?tiendaId=bbbbbbbb-bbbb-4bbb-8bbb-bbbbbbbbbbbb&zona=Zona+Norte,200,63.581,
2026-08-31T04:10:13.242372+00:00,GET,http://localhost:3000/logistics/tenderos/productos-disponibles?tiendaId=bbbbbbbb-bbbb-4bbb-8bbb-bbbbbbbbbbbb&zona=Zona+Norte,200,62.705,
2026-08-31T04:10:13.275707+00:00,GET,http://localhost:3000/logistics/tenderos/productos-disponibles?tiendaId=bbbbbbbb-bbbb-4bbb-8bbb-bbbbbbbbbbbb&zona=Zona+Norte,200,64.335,
2026-08-31T04:10:13.309097+00:00,GET,http://localhost:3000/logistics/tenderos/productos-disponibles?tiendaId=bbbbbbbb-bbbb-4bbb-8bbb-bbbbbbbbbbbb&zona=Zona+Norte,200,63.033,
2026-08-31T04:10:13.342192+00:00,GET,http://localhost:3000/logistics/tenderos/productos-disponibles?tiendaId=bbbbbbbb-bbbb-4bbb-8bbb-bbbbbbbbbbbb&zona=Zona+Norte,200,59.951,
2026-08-31T04:10:13.375770+00:00,GET,http://localhost:3000/logistics/tenderos/productos-disponibles?tiendaId=bbbbbbbb-bbbb-4bbb-8bbb-bbbbbbbbbbbb&zona=Zona+Norte,200,63.387,
2026-08-31T04:10:13.409486+00:00,GET,http://localhost:3000/logistics/tenderos/productos-disponibles?tiendaId=bbbbbbbb-bbbb-4bbb-8bbb-bbbbbbbbbbbb&zona=Zona+Norte,200,62.302,
2026-08-31T04:10:13.442350+00:00,GET,http://localhost:3000/logistics/tenderos/productos-disponibles?tiendaId=bbbbbbbb-bbbb-4bbb-8bbb-bbbbbbbbbbbb&zona=Zona+Norte,200,60.802,
2026-08-31T04:10:13.475786+00:00,GET,http://localhost:3000/logistics/tenderos/productos-disponibles?tiendaId=bbbbbbbb-bbbb-4bbb-8bbb-bbbbbbbbbbbb&zona=Zona+Norte,200,64.151,
2026-08-31T04:10:13.508940+00:00,GET,http://localhost:3000/logistics/tenderos/productos-disponibles?tiendaId=bbbbbbbb-bbbb-4bbb-8bbb-bbbbbbbbbbbb&zona=Zona+Norte,200,63.012,
2026-08-31T04:10:13.542234+00:00,GET,http://localhost:3000/logistics/tenderos/productos-disponibles?tiendaId=bbbbbbbb-bbbb-4bbb-8bbb-bbbbbbbbbbbb&zona=Zona+Norte,200,59.688,
2026-08-31T04:10:13.575828+00:00,GET,http://localhost:3000/logistics/tenderos/productos-disponibles?tiendaId=bbbbbbbb-bbbb-4bbb-8bbb-bbbbbbbbbbbb&zona=Zona+Norte,200,58.774,
2026-08-31T04:10:13.609506+00:00,GET,http://localhost:3000/logistics/tenderos/productos-disponibles?tiendaId=bbbbbbbb-bbbb-4bbb-8bbb-bbbbbbbbbbbb&zona=Zona+Norte,200,56.191,
2026-08-31T04:10:13.642683+00:00,GET,http://localhost:3000/logistics/tenderos/productos-disponibles?tiendaId=bbbbbbbb-bbbb-4bbb-8bbb-bbbbbbbbbbbb&zona=Zona+Norte,200,56.696,
2026-08-31T04:10:13.675493+00:00,GET,http://localhost:3000/logistics/tenderos/productos-disponibles?tiendaId=bbbbbbbb-bbbb-4bbb-8bbb-bbbbbbbbbbbb&zona=Zona+Norte,200,55.985,
2026-08-31T04:10:13.709676+00:00,GET,http://localhost:3000/logistics/tenderos/productos-disponibles?tiendaId=bbbbbbbb-bbbb-4bbb-8bbb-bbbbbbbbbbbb&zona=Zona+Norte,200,59.945,
2026-08-31T04:10:13.742568+00:00,GET,http://localhost:3000/logistics/tenderos/productos-disponibles?tiendaId=bbbbbbbb-bbbb-4bbb-8bbb-bbbbbbbbbbbb&zona=Zona+Norte,200,56.286,
2026-08-31T04:10:13.776066+00:00,GET,http://localhost:3000/logistics/tenderos/productos-disponibles?tiendaId=bbbbbbbb-bbbb-4bbb-8bbb-bbbbbbbbbbbb&zona=Zona+Norte,200,60.017,
2026-08-31T04:10:13.809689+00:00,GET,http://localhost:3000/logistics/tenderos/productos-disponibles?tiendaId=bbbbbbbb-bbbb-4bbb-8bbb-bbbbbbbbbbbb&zona=Zona+Norte,200,63.575,
2026-08-31T04:10:13.842745+00:00,GET,http://localhost:3000/logistics/tenderos/productos-disponibles?tiendaId=bbbbbbbb-bbbb-4bbb-8bbb-bbbbbbbbbbbb&zona=Zona+Norte,200,64.630,
2026-08-31T04:10:13.875561+00:00,GET,http://localhost:3000/logistics/tenderos/productos-disponibles?tiendaId=bbbbbbbb-bbbb-4bbb-8bbb-bbbbbbbbbbbb&zona=Zona+Norte,200,63.099,
2026-08-31T04:10:13.908821+00:00,GET,http://localhost:3000/logistics/tenderos/productos-disponibles?tiendaId=bbbbbbbb-bbbb-4bbb-8bbb-bbbbbbbbbbbb&zona=Zona+Norte,200,61.452,
2026-08-31T04:10:13.942243+00:00,GET,http://localhost:3000/logistics/tenderos/productos-disponibles?tiendaId=bbbbbbbb-bbbb-4bbb-8bbb-bbbbbbbbbbbb&zona=Zona+Norte,200,59.929,
2026-08-31T04:10:13.976004+00:00,GET,http://localhost:3000/logistics/tenderos/productos-disponibles?tiendaId=bbbbbbbb-bbbb-4bbb-8bbb-bbbbbbbbbbbb&zona=Zona+Norte,200,64.087,
2026-08-31T04:10:14.009519+00:00,GET,http://localhost:3000/logistics/tenderos/productos-disponibles?tiendaId=bbbbbbbb-bbbb-4bbb-8bbb-bbbbbbbbbbbb&zona=Zona+Norte,200,63.858,
2026-08-31T04:10:14.042224+00:00,GET,http://localhost:3000/logistics/tenderos/productos-disponibles?tiendaId=bbbbbbbb-bbbb-4bbb-8bbb-bbbbbbbbbbbb&zona=Zona+Norte,200,60.765,
2026-08-31T04:10:14.075568+00:00,GET,http://localhost:3000/logistics/tenderos/productos-disponibles?tiendaId=bbbbbbbb-bbbb-4bbb-8bbb-bbbbbbbbbbbb&zona=Zona+Norte,200,64.183,
2026-08-31T04:10:14.108940+00:00,GET,http://localhost:3000/logistics/tenderos/productos-disponibles?tiendaId=bbbbbbbb-bbbb-4bbb-8bbb-bbbbbbbbbbbb&zona=Zona+Norte,200,63.631,
2026-08-31T04:10:14.142261+00:00,GET,http://localhost:3000/logistics/tenderos/productos-disponibles?tiendaId=bbbbbbbb-bbbb-4bbb-8bbb-bbbbbbbbbbbb&zona=Zona+Norte,200,62.191,
2026-08-31T04:10:14.175687+00:00,GET,http://localhost:3000/logistics/tenderos/productos-disponibles?tiendaId=bbbbbbbb-bbbb-4bbb-8bbb-bbbbbbbbbbbb&zona=Zona+Norte,200,69.449,
2026-08-31T04:10:14.209215+00:00,GET,http://localhost:3000/logistics/tenderos/productos-disponibles?tiendaId=bbbbbbbb-bbbb-4bbb-8bbb-bbbbbbbbbbbb&zona=Zona+Norte,200,70.426,
2026-08-31T04:10:14.242699+00:00,GET,http://localhost:3000/logistics/tenderos/productos-disponibles?tiendaId=bbbbbbbb-bbbb-4bbb-8bbb-bbbbbbbbbbbb&zona=Zona+Norte,200,71.945,
2026-08-31T04:10:14.276140+00:00,GET,http://localhost:3000/logistics/tenderos/productos-disponibles?tiendaId=bbbbbbbb-bbbb-4bbb-8bbb-bbbbbbbbbbbb&zona=Zona+Norte,200,72.940,
2026-08-31T04:10:14.309681+00:00,GET,http://localhost:3000/logistics/tenderos/productos-disponibles?tiendaId=bbbbbbbb-bbbb-4bbb-8bbb-bbbbbbbbbbbb&zona=Zona+Norte,200,67.980,
2026-08-31T04:10:14.343012+00:00,GET,http://localhost:3000/logistics/tenderos/productos-disponibles?tiendaId=bbbbbbbb-bbbb-4bbb-8bbb-bbbbbbbbbbbb&zona=Zona+Norte,200,66.177,
2026-08-31T04:10:14.376350+00:00,GET,http://localhost:3000/logistics/tenderos/productos-disponibles?tiendaId=bbbbbbbb-bbbb-4bbb-8bbb-bbbbbbbbbbbb&zona=Zona+Norte,200,65.292,
2026-08-31T04:10:14.409209+00:00,GET,http://localhost:3000/logistics/tenderos/productos-disponibles?tiendaId=bbbbbbbb-bbbb-4bbb-8bbb-bbbbbbbbbbbb&zona=Zona+Norte,200,64.109,
2026-08-31T04:10:14.442005+00:00,GET,http://localhost:3000/logistics/tenderos/productos-disponibles?tiendaId=bbbbbbbb-bbbb-4bbb-8bbb-bbbbbbbbbbbb&zona=Zona+Norte,200,64.848,
2026-08-31T04:10:14.475557+00:00,GET,http://localhost:3000/logistics/tenderos/productos-disponibles?tiendaId=bbbbbbbb-bbbb-4bbb-8bbb-bbbbbbbbbbbb&zona=Zona+Norte,200,64.138,
2026-08-31T04:10:14.508887+00:00,GET,http://localhost:3000/logistics/tenderos/productos-disponibles?tiendaId=bbbbbbbb-bbbb-4bbb-8bbb-bbbbbbbbbbbb&zona=Zona+Norte,200,63.710,
2026-08-31T04:10:14.542301+00:00,GET,http://localhost:3000/logistics/tenderos/productos-disponibles?tiendaId=bbbbbbbb-bbbb-4bbb-8bbb-bbbbbbbbbbbb&zona=Zona+Norte,200,59.188,
2026-08-31T04:10:14.575654+00:00,GET,http://localhost:3000/logistics/tenderos/productos-disponibles?tiendaId=bbbbbbbb-bbbb-4bbb-8bbb-bbbbbbbbbbbb&zona=Zona+Norte,200,60.398,
2026-08-31T04:10:14.609582+00:00,GET,http://localhost:3000/logistics/tenderos/productos-disponibles?tiendaId=bbbbbbbb-bbbb-4bbb-8bbb-bbbbbbbbbbbb&zona=Zona+Norte,200,60.283,
2026-08-31T04:10:14.642764+00:00,GET,http://localhost:3000/logistics/tenderos/productos-disponibles?tiendaId=bbbbbbbb-bbbb-4bbb-8bbb-bbbbbbbbbbbb&zona=Zona+Norte,200,60.919,
2026-08-31T04:10:14.676069+00:00,GET,http://localhost:3000/logistics/tenderos/productos-disponibles?tiendaId=bbbbbbbb-bbbb-4bbb-8bbb-bbbbbbbbbbbb&zona=Zona+Norte,200,59.407,
2026-08-31T04:10:14.709299+00:00,GET,http://localhost:3000/logistics/tenderos/productos-disponibles?tiendaId=bbbbbbbb-bbbb-4bbb-8bbb-bbbbbbbbbbbb&zona=Zona+Norte,200,64.081,
2026-08-31T04:10:14.742818+00:00,GET,http://localhost:3000/logistics/tenderos/productos-disponibles?tiendaId=bbbbbbbb-bbbb-4bbb-8bbb-bbbbbbbbbbbb&zona=Zona+Norte,200,59.691,
2026-08-31T04:10:14.775563+00:00,GET,http://localhost:3000/logistics/tenderos/productos-disponibles?tiendaId=bbbbbbbb-bbbb-4bbb-8bbb-bbbbbbbbbbbb&zona=Zona+Norte,200,64.307,
2026-08-31T04:10:14.809472+00:00,GET,http://localhost:3000/logistics/tenderos/productos-disponibles?tiendaId=bbbbbbbb-bbbb-4bbb-8bbb-bbbbbbbbbbbb&zona=Zona+Norte,200,61.872,
2026-08-31T04:10:14.842270+00:00,GET,http://localhost:3000/logistics/tenderos/productos-disponibles?tiendaId=bbbbbbbb-bbbb-4bbb-8bbb-bbbbbbbbbbbb&zona=Zona+Norte,200,68.710,
2026-08-31T04:10:14.875849+00:00,GET,http://localhost:3000/logistics/tenderos/productos-disponibles?tiendaId=bbbbbbbb-bbbb-4bbb-8bbb-bbbbbbbbbbbb&zona=Zona+Norte,200,64.418,
2026-08-31T04:10:14.909244+00:00,GET,http://localhost:3000/logistics/tenderos/productos-disponibles?tiendaId=bbbbbbbb-bbbb-4bbb-8bbb-bbbbbbbbbbbb&zona=Zona+Norte,200,62.490,
2026-08-31T04:10:14.942234+00:00,GET,http://localhost:3000/logistics/tenderos/productos-disponibles?tiendaId=bbbbbbbb-bbbb-4bbb-8bbb-bbbbbbbbbbbb&zona=Zona+Norte,200,60.023,
2026-08-31T04:10:14.975799+00:00,GET,http://localhost:3000/logistics/tenderos/productos-disponibles?tiendaId=bbbbbbbb-bbbb-4bbb-8bbb-bbbbbbbbbbbb&zona=Zona+Norte,200,56.217,
2026-08-31T04:10:15.009489+00:00,GET,http://localhost:3000/logistics/tenderos/productos-disponibles?tiendaId=bbbbbbbb-bbbb-4bbb-8bbb-bbbbbbbbbbbb&zona=Zona+Norte,200,54.588,
2026-08-31T04:10:15.042881+00:00,GET,http://localhost:3000/logistics/tenderos/productos-disponibles?tiendaId=bbbbbbbb-bbbb-4bbb-8bbb-bbbbbbbbbbbb&zona=Zona+Norte,200,59.645,
2026-08-31T04:10:15.076409+00:00,GET,http://localhost:3000/logistics/tenderos/productos-disponibles?tiendaId=bbbbbbbb-bbbb-4bbb-8bbb-bbbbbbbbbbbb&zona=Zona+Norte,200,56.746,
2026-08-31T04:10:15.108920+00:00,GET,http://localhost:3000/logistics/tenderos/productos-disponibles?tiendaId=bbbbbbbb-bbbb-4bbb-8bbb-bbbbbbbbbbbb&zona=Zona+Norte,200,55.012,
2026-08-31T04:10:15.142392+00:00,GET,http://localhost:3000/logistics/tenderos/productos-disponibles?tiendaId=bbbbbbbb-bbbb-4bbb-8bbb-bbbbbbbbbbbb&zona=Zona+Norte,200,55.654,
2026-08-31T04:10:15.176379+00:00,GET,http://localhost:3000/logistics/tenderos/productos-disponibles?tiendaId=bbbbbbbb-bbbb-4bbb-8bbb-bbbbbbbbbbbb&zona=Zona+Norte,200,56.398,
2026-08-31T04:10:15.209729+00:00,GET,http://localhost:3000/logistics/tenderos/productos-disponibles?tiendaId=bbbbbbbb-bbbb-4bbb-8bbb-bbbbbbbbbbbb&zona=Zona+Norte,200,57.430,
2026-08-31T04:10:15.242987+00:00,GET,http://localhost:3000/logistics/tenderos/productos-disponibles?tiendaId=bbbbbbbb-bbbb-4bbb-8bbb-bbbbbbbbbbbb&zona=Zona+Norte,200,55.024,
2026-08-31T04:10:15.276326+00:00,GET,http://localhost:3000/logistics/tenderos/productos-disponibles?tiendaId=bbbbbbbb-bbbb-4bbb-8bbb-bbbbbbbbbbbb&zona=Zona+Norte,200,58.990,
2026-08-31T04:10:15.309697+00:00,GET,http://localhost:3000/logistics/tenderos/productos-disponibles?tiendaId=bbbbbbbb-bbbb-4bbb-8bbb-bbbbbbbbbbbb&zona=Zona+Norte,200,57.507,
2026-08-31T04:10:15.342856+00:00,GET,http://localhost:3000/logistics/tenderos/productos-disponibles?tiendaId=bbbbbbbb-bbbb-4bbb-8bbb-bbbbbbbbbbbb&zona=Zona+Norte,200,54.789,
2026-08-31T04:10:15.376204+00:00,GET,http://localhost:3000/logistics/tenderos/productos-disponibles?tiendaId=bbbbbbbb-bbbb-4bbb-8bbb-bbbbbbbbbbbb&zona=Zona+Norte,200,57.101,
2026-08-31T04:10:15.409719+00:00,GET,http://localhost:3000/logistics/tenderos/productos-disponibles?tiendaId=bbbbbbbb-bbbb-4bbb-8bbb-bbbbbbbbbbbb&zona=Zona+Norte,200,56.933,
2026-08-31T04:10:15.442280+00:00,GET,http://localhost:3000/logistics/tenderos/productos-disponibles?tiendaId=bbbbbbbb-bbbb-4bbb-8bbb-bbbbbbbbbbbb&zona=Zona+Norte,200,55.842,
2026-08-31T04:10:15.476385+00:00,GET,http://localhost:3000/logistics/tenderos/productos-disponibles?tiendaId=bbbbbbbb-bbbb-4bbb-8bbb-bbbbbbbbbbbb&zona=Zona+Norte,200,58.710,
2026-08-31T04:10:15.509707+00:00,GET,http://localhost:3000/logistics/tenderos/productos-disponibles?tiendaId=bbbbbbbb-bbbb-4bbb-8bbb-bbbbbbbbbbbb&zona=Zona+Norte,200,55.758,
2026-08-31T04:10:15.542880+00:00,GET,http://localhost:3000/logistics/tenderos/productos-disponibles?tiendaId=bbbbbbbb-bbbb-4bbb-8bbb-bbbbbbbbbbbb&zona=Zona+Norte,200,59.460,
2026-08-31T04:10:15.576447+00:00,GET,http://localhost:3000/logistics/tenderos/productos-disponibles?tiendaId=bbbbbbbb-bbbb-4bbb-8bbb-bbbbbbbbbbbb&zona=Zona+Norte,200,55.275,
2026-08-31T04:10:15.609475+00:00,GET,http://localhost:3000/logistics/tenderos/productos-disponibles?tiendaId=bbbbbbbb-bbbb-4bbb-8bbb-bbbbbbbbbbbb&zona=Zona+Norte,200,56.412,
2026-08-31T04:10:15.642334+00:00,GET,http://localhost:3000/logistics/tenderos/productos-disponibles?tiendaId=bbbbbbbb-bbbb-4bbb-8bbb-bbbbbbbbbbbb&zona=Zona+Norte,200,56.265,
2026-08-31T04:10:15.675789+00:00,GET,http://localhost:3000/logistics/tenderos/productos-disponibles?tiendaId=bbbbbbbb-bbbb-4bbb-8bbb-bbbbbbbbbbbb&zona=Zona+Norte,200,59.838,
2026-08-31T04:10:15.709699+00:00,GET,http://localhost:3000/logistics/tenderos/productos-disponibles?tiendaId=bbbbbbbb-bbbb-4bbb-8bbb-bbbbbbbbbbbb&zona=Zona+Norte,200,54.942,
2026-08-31T04:10:15.742815+00:00,GET,http://localhost:3000/logistics/tenderos/productos-disponibles?tiendaId=bbbbbbbb-bbbb-4bbb-8bbb-bbbbbbbbbbbb&zona=Zona+Norte,200,56.156,
2026-08-31T04:10:15.776387+00:00,GET,http://localhost:3000/logistics/tenderos/productos-disponibles?tiendaId=bbbbbbbb-bbbb-4bbb-8bbb-bbbbbbbbbbbb&zona=Zona+Norte,200,55.704,
2026-08-31T04:10:15.809733+00:00,GET,http://localhost:3000/logistics/tenderos/productos-disponibles?tiendaId=bbbbbbbb-bbbb-4bbb-8bbb-bbbbbbbbbbbb&zona=Zona+Norte,200,57.284,
2026-08-31T04:10:15.843053+00:00,GET,http://localhost:3000/logistics/tenderos/productos-disponibles?tiendaId=bbbbbbbb-bbbb-4bbb-8bbb-bbbbbbbbbbbb&zona=Zona+Norte,200,57.108,
2026-08-31T04:10:15.875776+00:00,GET,http://localhost:3000/logistics/tenderos/productos-disponibles?tiendaId=bbbbbbbb-bbbb-4bbb-8bbb-bbbbbbbbbbbb&zona=Zona+Norte,200,59.752,
2026-08-31T04:10:15.909741+00:00,GET,http://localhost:3000/logistics/tenderos/productos-disponibles?tiendaId=bbbbbbbb-bbbb-4bbb-8bbb-bbbbbbbbbbbb&zona=Zona+Norte,200,57.682,
2026-08-31T04:10:15.942821+00:00,GET,http://localhost:3000/logistics/tenderos/productos-disponibles?tiendaId=bbbbbbbb-bbbb-4bbb-8bbb-bbbbbbbbbbbb&zona=Zona+Norte,200,57.953,
2026-08-31T04:10:15.975927+00:00,GET,http://localhost:3000/logistics/tenderos/productos-disponibles?tiendaId=bbbbbbbb-bbbb-4bbb-8bbb-bbbbbbbbbbbb&zona=Zona+Norte,200,53.406,
2026-08-31T04:10:16.009722+00:00,GET,http://localhost:3000/logistics/tenderos/productos-disponibles?tiendaId=bbbbbbbb-bbbb-4bbb-8bbb-bbbbbbbbbbbb&zona=Zona+Norte,200,58.532,
2026-08-31T04:10:16.043049+00:00,GET,http://localhost:3000/logistics/tenderos/productos-disponibles?tiendaId=bbbbbbbb-bbbb-4bbb-8bbb-bbbbbbbbbbbb&zona=Zona+Norte,200,53.849,
2026-08-31T04:10:16.076248+00:00,GET,http://localhost:3000/logistics/tenderos/productos-disponibles?tiendaId=bbbbbbbb-bbbb-4bbb-8bbb-bbbbbbbbbbbb&zona=Zona+Norte,200,58.197,
2026-08-31T04:10:16.109722+00:00,GET,http://localhost:3000/logistics/tenderos/productos-disponibles?tiendaId=bbbbbbbb-bbbb-4bbb-8bbb-bbbbbbbbbbbb&zona=Zona+Norte,200,53.683,
2026-08-31T04:10:16.142973+00:00,GET,http://localhost:3000/logistics/tenderos/productos-disponibles?tiendaId=bbbbbbbb-bbbb-4bbb-8bbb-bbbbbbbbbbbb&zona=Zona+Norte,200,54.360,
2026-08-31T04:10:16.175582+00:00,GET,http://localhost:3000/logistics/tenderos/productos-disponibles?tiendaId=bbbbbbbb-bbbb-4bbb-8bbb-bbbbbbbbbbbb&zona=Zona+Norte,200,61.396,
2026-08-31T04:10:16.209423+00:00,GET,http://localhost:3000/logistics/tenderos/productos-disponibles?tiendaId=bbbbbbbb-bbbb-4bbb-8bbb-bbbbbbbbbbbb&zona=Zona+Norte,200,55.014,
2026-08-31T04:10:16.242664+00:00,GET,http://localhost:3000/logistics/tenderos/productos-disponibles?tiendaId=bbbbbbbb-bbbb-4bbb-8bbb-bbbbbbbbbbbb&zona=Zona+Norte,200,59.086,
2026-08-31T04:10:16.276384+00:00,GET,http://localhost:3000/logistics/tenderos/productos-disponibles?tiendaId=bbbbbbbb-bbbb-4bbb-8bbb-bbbbbbbbbbbb&zona=Zona+Norte,200,56.955,
2026-08-31T04:10:16.309531+00:00,GET,http://localhost:3000/logistics/tenderos/productos-disponibles?tiendaId=bbbbbbbb-bbbb-4bbb-8bbb-bbbbbbbbbbbb&zona=Zona+Norte,200,56.881,
2026-08-31T04:10:16.342494+00:00,GET,http://localhost:3000/logistics/tenderos/productos-disponibles?tiendaId=bbbbbbbb-bbbb-4bbb-8bbb-bbbbbbbbbbbb&zona=Zona+Norte,200,57.766,
2026-08-31T04:10:16.376382+00:00,GET,http://localhost:3000/logistics/tenderos/productos-disponibles?tiendaId=bbbbbbbb-bbbb-4bbb-8bbb-bbbbbbbbbbbb&zona=Zona+Norte,200,56.316,
2026-08-31T04:10:16.408864+00:00,GET,http://localhost:3000/logistics/tenderos/productos-disponibles?tiendaId=bbbbbbbb-bbbb-4bbb-8bbb-bbbbbbbbbbbb&zona=Zona+Norte,200,56.253,
2026-08-31T04:10:16.443070+00:00,GET,http://localhost:3000/logistics/tenderos/productos-disponibles?tiendaId=bbbbbbbb-bbbb-4bbb-8bbb-bbbbbbbbbbbb&zona=Zona+Norte,200,55.856,
2026-08-31T04:10:16.476386+00:00,GET,http://localhost:3000/logistics/tenderos/productos-disponibles?tiendaId=bbbbbbbb-bbbb-4bbb-8bbb-bbbbbbbbbbbb&zona=Zona+Norte,200,55.904,
2026-08-31T04:10:16.509715+00:00,GET,http://localhost:3000/logistics/tenderos/productos-disponibles?tiendaId=bbbbbbbb-bbbb-4bbb-8bbb-bbbbbbbbbbbb&zona=Zona+Norte,200,55.141,
2026-08-31T04:10:16.543063+00:00,GET,http://localhost:3000/logistics/tenderos/productos-disponibles?tiendaId=bbbbbbbb-bbbb-4bbb-8bbb-bbbbbbbbbbbb&zona=Zona+Norte,200,59.018,
2026-08-31T04:10:16.576466+00:00,GET,http://localhost:3000/logistics/tenderos/productos-disponibles?tiendaId=bbbbbbbb-bbbb-4bbb-8bbb-bbbbbbbbbbbb&zona=Zona+Norte,200,59.498,
2026-08-31T04:10:16.609501+00:00,GET,http://localhost:3000/logistics/tenderos/productos-disponibles?tiendaId=bbbbbbbb-bbbb-4bbb-8bbb-bbbbbbbbbbbb&zona=Zona+Norte,200,58.488,
2026-08-31T04:10:16.642819+00:00,GET,http://localhost:3000/logistics/tenderos/productos-disponibles?tiendaId=bbbbbbbb-bbbb-4bbb-8bbb-bbbbbbbbbbbb&zona=Zona+Norte,200,60.163,
2026-08-31T04:10:16.676322+00:00,GET,http://localhost:3000/logistics/tenderos/productos-disponibles?tiendaId=bbbbbbbb-bbbb-4bbb-8bbb-bbbbbbbbbbbb&zona=Zona+Norte,200,62.022,
2026-08-31T04:10:16.708897+00:00,GET,http://localhost:3000/logistics/tenderos/productos-disponibles?tiendaId=bbbbbbbb-bbbb-4bbb-8bbb-bbbbbbbbbbbb&zona=Zona+Norte,200,63.101,
2026-08-31T04:10:16.742483+00:00,GET,http://localhost:3000/logistics/tenderos/productos-disponibles?tiendaId=bbbbbbbb-bbbb-4bbb-8bbb-bbbbbbbbbbbb&zona=Zona+Norte,200,63.665,
2026-08-31T04:10:16.775799+00:00,GET,http://localhost:3000/logistics/tenderos/productos-disponibles?tiendaId=bbbbbbbb-bbbb-4bbb-8bbb-bbbbbbbbbbbb&zona=Zona+Norte,200,63.965,
2026-08-31T04:10:16.809028+00:00,GET,http://localhost:3000/logistics/tenderos/productos-disponibles?tiendaId=bbbbbbbb-bbbb-4bbb-8bbb-bbbbbbbbbbbb&zona=Zona+Norte,200,59.841,
2026-08-31T04:10:16.842163+00:00,GET,http://localhost:3000/logistics/tenderos/productos-disponibles?tiendaId=bbbbbbbb-bbbb-4bbb-8bbb-bbbbbbbbbbbb&zona=Zona+Norte,200,59.743,
2026-08-31T04:10:16.875417+00:00,GET,http://localhost:3000/logistics/tenderos/productos-disponibles?tiendaId=bbbbbbbb-bbbb-4bbb-8bbb-bbbbbbbbbbbb&zona=Zona+Norte,200,59.438,
2026-08-31T04:10:16.909583+00:00,GET,http://localhost:3000/logistics/tenderos/productos-disponibles?tiendaId=bbbbbbbb-bbbb-4bbb-8bbb-bbbbbbbbbbbb&zona=Zona+Norte,200,65.056,
2026-08-31T04:10:16.942972+00:00,GET,http://localhost:3000/logistics/tenderos/productos-disponibles?tiendaId=bbbbbbbb-bbbb-4bbb-8bbb-bbbbbbbbbbbb&zona=Zona+Norte,200,60.727,
2026-08-31T04:10:16.975442+00:00,GET,http://localhost:3000/logistics/tenderos/productos-disponibles?tiendaId=bbbbbbbb-bbbb-4bbb-8bbb-bbbbbbbbbbbb&zona=Zona+Norte,200,64.580,
2026-08-31T04:10:17.009325+00:00,GET,http://localhost:3000/logistics/tenderos/productos-disponibles?tiendaId=bbbbbbbb-bbbb-4bbb-8bbb-bbbbbbbbbbbb&zona=Zona+Norte,200,60.709,
2026-08-31T04:10:17.042268+00:00,GET,http://localhost:3000/logistics/tenderos/productos-disponibles?tiendaId=bbbbbbbb-bbbb-4bbb-8bbb-bbbbbbbbbbbb&zona=Zona+Norte,200,65.073,
2026-08-31T04:10:17.076054+00:00,GET,http://localhost:3000/logistics/tenderos/productos-disponibles?tiendaId=bbbbbbbb-bbbb-4bbb-8bbb-bbbbbbbbbbbb&zona=Zona+Norte,200,63.802,
2026-08-31T04:10:17.108846+00:00,GET,http://localhost:3000/logistics/tenderos/productos-disponibles?tiendaId=bbbbbbbb-bbbb-4bbb-8bbb-bbbbbbbbbbbb&zona=Zona+Norte,200,60.325,
2026-08-31T04:10:17.142289+00:00,GET,http://localhost:3000/logistics/tenderos/productos-disponibles?tiendaId=bbbbbbbb-bbbb-4bbb-8bbb-bbbbbbbbbbbb&zona=Zona+Norte,200,61.382,
2026-08-31T04:10:17.175516+00:00,GET,http://localhost:3000/logistics/tenderos/productos-disponibles?tiendaId=bbbbbbbb-bbbb-4bbb-8bbb-bbbbbbbbbbbb&zona=Zona+Norte,200,61.286,
2026-08-31T04:10:17.209317+00:00,GET,http://localhost:3000/logistics/tenderos/productos-disponibles?tiendaId=bbbbbbbb-bbbb-4bbb-8bbb-bbbbbbbbbbbb&zona=Zona+Norte,200,64.622,
2026-08-31T04:10:17.242739+00:00,GET,http://localhost:3000/logistics/tenderos/productos-disponibles?tiendaId=bbbbbbbb-bbbb-4bbb-8bbb-bbbbbbbbbbbb&zona=Zona+Norte,200,60.101,
2026-08-31T04:10:17.275509+00:00,GET,http://localhost:3000/logistics/tenderos/productos-disponibles?tiendaId=bbbbbbbb-bbbb-4bbb-8bbb-bbbbbbbbbbbb&zona=Zona+Norte,200,61.749,
2026-08-31T04:10:17.309479+00:00,GET,http://localhost:3000/logistics/tenderos/productos-disponibles?tiendaId=bbbbbbbb-bbbb-4bbb-8bbb-bbbbbbbbbbbb&zona=Zona+Norte,200,60.227,
2026-08-31T04:10:17.342637+00:00,GET,http://localhost:3000/logistics/tenderos/productos-disponibles?tiendaId=bbbbbbbb-bbbb-4bbb-8bbb-bbbbbbbbbbbb&zona=Zona+Norte,200,60.865,
2026-08-31T04:10:17.376086+00:00,GET,http://localhost:3000/logistics/tenderos/productos-disponibles?tiendaId=bbbbbbbb-bbbb-4bbb-8bbb-bbbbbbbbbbbb&zona=Zona+Norte,200,62.745,
2026-08-31T04:10:17.409378+00:00,GET,http://localhost:3000/logistics/tenderos/productos-disponibles?tiendaId=bbbbbbbb-bbbb-4bbb-8bbb-bbbbbbbbbbbb&zona=Zona+Norte,200,63.071,
2026-08-31T04:10:17.442422+00:00,GET,http://localhost:3000/logistics/tenderos/productos-disponibles?tiendaId=bbbbbbbb-bbbb-4bbb-8bbb-bbbbbbbbbbbb&zona=Zona+Norte,200,60.459,
2026-08-31T04:10:17.475734+00:00,GET,http://localhost:3000/logistics/tenderos/productos-disponibles?tiendaId=bbbbbbbb-bbbb-4bbb-8bbb-bbbbbbbbbbbb&zona=Zona+Norte,200,62.780,
2026-08-31T04:10:17.509453+00:00,GET,http://localhost:3000/logistics/tenderos/productos-disponibles?tiendaId=bbbbbbbb-bbbb-4bbb-8bbb-bbbbbbbbbbbb&zona=Zona+Norte,200,59.496,
2026-08-31T04:10:17.542428+00:00,GET,http://localhost:3000/logistics/tenderos/productos-disponibles?tiendaId=bbbbbbbb-bbbb-4bbb-8bbb-bbbbbbbbbbbb&zona=Zona+Norte,200,57.052,
2026-08-31T04:10:17.575614+00:00,GET,http://localhost:3000/logistics/tenderos/productos-disponibles?tiendaId=bbbbbbbb-bbbb-4bbb-8bbb-bbbbbbbbbbbb&zona=Zona+Norte,200,55.779,
2026-08-31T04:10:17.609495+00:00,GET,http://localhost:3000/logistics/tenderos/productos-disponibles?tiendaId=bbbbbbbb-bbbb-4bbb-8bbb-bbbbbbbbbbbb&zona=Zona+Norte,200,60.145,
2026-08-31T04:10:17.642365+00:00,GET,http://localhost:3000/logistics/tenderos/productos-disponibles?tiendaId=bbbbbbbb-bbbb-4bbb-8bbb-bbbbbbbbbbbb&zona=Zona+Norte,200,56.633,
2026-08-31T04:10:17.676095+00:00,GET,http://localhost:3000/logistics/tenderos/productos-disponibles?tiendaId=bbbbbbbb-bbbb-4bbb-8bbb-bbbbbbbbbbbb&zona=Zona+Norte,200,61.034,
2026-08-31T04:10:17.709359+00:00,GET,http://localhost:3000/logistics/tenderos/productos-disponibles?tiendaId=bbbbbbbb-bbbb-4bbb-8bbb-bbbbbbbbbbbb&zona=Zona+Norte,200,55.921,
2026-08-31T04:10:17.742645+00:00,GET,http://localhost:3000/logistics/tenderos/productos-disponibles?tiendaId=bbbbbbbb-bbbb-4bbb-8bbb-bbbbbbbbbbbb&zona=Zona+Norte,200,59.910,
2026-08-31T04:10:17.776403+00:00,GET,http://localhost:3000/logistics/tenderos/productos-disponibles?tiendaId=bbbbbbbb-bbbb-4bbb-8bbb-bbbbbbbbbbbb&zona=Zona+Norte,200,56.036,
2026-08-31T04:10:17.809483+00:00,GET,http://localhost:3000/logistics/tenderos/productos-disponibles?tiendaId=bbbbbbbb-bbbb-4bbb-8bbb-bbbbbbbbbbbb&zona=Zona+Norte,200,60.377,
2026-08-31T04:10:17.843076+00:00,GET,http://localhost:3000/logistics/tenderos/productos-disponibles?tiendaId=bbbbbbbb-bbbb-4bbb-8bbb-bbbbbbbbbbbb&zona=Zona+Norte,200,63.566,
2026-08-31T04:10:17.876102+00:00,GET,http://localhost:3000/logistics/tenderos/productos-disponibles?tiendaId=bbbbbbbb-bbbb-4bbb-8bbb-bbbbbbbbbbbb&zona=Zona+Norte,200,63.084,
2026-08-31T04:10:17.908967+00:00,GET,http://localhost:3000/logistics/tenderos/productos-disponibles?tiendaId=bbbbbbbb-bbbb-4bbb-8bbb-bbbbbbbbbbbb&zona=Zona+Norte,200,59.508,
2026-08-31T04:10:17.942382+00:00,GET,http://localhost:3000/logistics/tenderos/productos-disponibles?tiendaId=bbbbbbbb-bbbb-4bbb-8bbb-bbbbbbbbbbbb&zona=Zona+Norte,200,60.068,
2026-08-31T04:10:17.976255+00:00,GET,http://localhost:3000/logistics/tenderos/productos-disponibles?tiendaId=bbbbbbbb-bbbb-4bbb-8bbb-bbbbbbbbbbbb&zona=Zona+Norte,200,62.239,
2026-08-31T04:10:18.009541+00:00,GET,http://localhost:3000/logistics/tenderos/productos-disponibles?tiendaId=bbbbbbbb-bbbb-4bbb-8bbb-bbbbbbbbbbbb&zona=Zona+Norte,200,63.662,
2026-08-31T04:10:18.042482+00:00,GET,http://localhost:3000/logistics/tenderos/productos-disponibles?tiendaId=bbbbbbbb-bbbb-4bbb-8bbb-bbbbbbbbbbbb&zona=Zona+Norte,200,64.341,
2026-08-31T04:10:18.075624+00:00,GET,http://localhost:3000/logistics/tenderos/productos-disponibles?tiendaId=bbbbbbbb-bbbb-4bbb-8bbb-bbbbbbbbbbbb&zona=Zona+Norte,200,64.640,
2026-08-31T04:10:18.108960+00:00,GET,http://localhost:3000/logistics/tenderos/productos-disponibles?tiendaId=bbbbbbbb-bbbb-4bbb-8bbb-bbbbbbbbbbbb&zona=Zona+Norte,200,61.934,
2026-08-31T04:10:18.142243+00:00,GET,http://localhost:3000/logistics/tenderos/productos-disponibles?tiendaId=bbbbbbbb-bbbb-4bbb-8bbb-bbbbbbbbbbbb&zona=Zona+Norte,200,62.434,
2026-08-31T04:10:18.175956+00:00,GET,http://localhost:3000/logistics/tenderos/productos-disponibles?tiendaId=bbbbbbbb-bbbb-4bbb-8bbb-bbbbbbbbbbbb&zona=Zona+Norte,200,59.550,
2026-08-31T04:10:18.209211+00:00,GET,http://localhost:3000/logistics/tenderos/productos-disponibles?tiendaId=bbbbbbbb-bbbb-4bbb-8bbb-bbbbbbbbbbbb&zona=Zona+Norte,200,60.904,
2026-08-31T04:10:18.242876+00:00,GET,http://localhost:3000/logistics/tenderos/productos-disponibles?tiendaId=bbbbbbbb-bbbb-4bbb-8bbb-bbbbbbbbbbbb&zona=Zona+Norte,200,61.110,
2026-08-31T04:10:18.276038+00:00,GET,http://localhost:3000/logistics/tenderos/productos-disponibles?tiendaId=bbbbbbbb-bbbb-4bbb-8bbb-bbbbbbbbbbbb&zona=Zona+Norte,200,60.953,
2026-08-31T04:10:18.308891+00:00,GET,http://localhost:3000/logistics/tenderos/productos-disponibles?tiendaId=bbbbbbbb-bbbb-4bbb-8bbb-bbbbbbbbbbbb&zona=Zona+Norte,200,60.551,
2026-08-31T04:10:18.342687+00:00,GET,http://localhost:3000/logistics/tenderos/productos-disponibles?tiendaId=bbbbbbbb-bbbb-4bbb-8bbb-bbbbbbbbbbbb&zona=Zona+Norte,200,62.756,
2026-08-31T04:10:18.376151+00:00,GET,http://localhost:3000/logistics/tenderos/productos-disponibles?tiendaId=bbbbbbbb-bbbb-4bbb-8bbb-bbbbbbbbbbbb&zona=Zona+Norte,200,64.225,
2026-08-31T04:10:18.409123+00:00,GET,http://localhost:3000/logistics/tenderos/productos-disponibles?tiendaId=bbbbbbbb-bbbb-4bbb-8bbb-bbbbbbbbbbbb&zona=Zona+Norte,200,60.238,
2026-08-31T04:10:18.442250+00:00,GET,http://localhost:3000/logistics/tenderos/productos-disponibles?tiendaId=bbbbbbbb-bbbb-4bbb-8bbb-bbbbbbbbbbbb&zona=Zona+Norte,200,59.205,
2026-08-31T04:10:18.476133+00:00,GET,http://localhost:3000/logistics/tenderos/productos-disponibles?tiendaId=bbbbbbbb-bbbb-4bbb-8bbb-bbbbbbbbbbbb&zona=Zona+Norte,200,58.674,
2026-08-31T04:10:18.509607+00:00,GET,http://localhost:3000/logistics/tenderos/productos-disponibles?tiendaId=bbbbbbbb-bbbb-4bbb-8bbb-bbbbbbbbbbbb&zona=Zona+Norte,200,60.066,
2026-08-31T04:10:18.542944+00:00,GET,http://localhost:3000/logistics/tenderos/productos-disponibles?tiendaId=bbbbbbbb-bbbb-4bbb-8bbb-bbbbbbbbbbbb&zona=Zona+Norte,200,61.031,
2026-08-31T04:10:18.575647+00:00,GET,http://localhost:3000/logistics/tenderos/productos-disponibles?tiendaId=bbbbbbbb-bbbb-4bbb-8bbb-bbbbbbbbbbbb&zona=Zona+Norte,200,60.084,
2026-08-31T04:10:18.609312+00:00,GET,http://localhost:3000/logistics/tenderos/productos-disponibles?tiendaId=bbbbbbbb-bbbb-4bbb-8bbb-bbbbbbbbbbbb&zona=Zona+Norte,200,59.429,
2026-08-31T04:10:18.642864+00:00,GET,http://localhost:3000/logistics/tenderos/productos-disponibles?tiendaId=bbbbbbbb-bbbb-4bbb-8bbb-bbbbbbbbbbbb&zona=Zona+Norte,200,59.758,
2026-08-31T04:10:18.676219+00:00,GET,http://localhost:3000/logistics/tenderos/productos-disponibles?tiendaId=bbbbbbbb-bbbb-4bbb-8bbb-bbbbbbbbbbbb&zona=Zona+Norte,200,63.473,
2026-08-31T04:10:18.709495+00:00,GET,http://localhost:3000/logistics/tenderos/productos-disponibles?tiendaId=bbbbbbbb-bbbb-4bbb-8bbb-bbbbbbbbbbbb&zona=Zona+Norte,200,60.868,
2026-08-31T04:10:18.742333+00:00,GET,http://localhost:3000/logistics/tenderos/productos-disponibles?tiendaId=bbbbbbbb-bbbb-4bbb-8bbb-bbbbbbbbbbbb&zona=Zona+Norte,200,63.424,
2026-08-31T04:10:18.776029+00:00,GET,http://localhost:3000/logistics/tenderos/productos-disponibles?tiendaId=bbbbbbbb-bbbb-4bbb-8bbb-bbbbbbbbbbbb&zona=Zona+Norte,200,60.680,
2026-08-31T04:10:18.809069+00:00,GET,http://localhost:3000/logistics/tenderos/productos-disponibles?tiendaId=bbbbbbbb-bbbb-4bbb-8bbb-bbbbbbbbbbbb&zona=Zona+Norte,200,59.566,
2026-08-31T04:10:18.842311+00:00,GET,http://localhost:3000/logistics/tenderos/productos-disponibles?tiendaId=bbbbbbbb-bbbb-4bbb-8bbb-bbbbbbbbbbbb&zona=Zona+Norte,200,63.874,
2026-08-31T04:10:18.876239+00:00,GET,http://localhost:3000/logistics/tenderos/productos-disponibles?tiendaId=bbbbbbbb-bbbb-4bbb-8bbb-bbbbbbbbbbbb&zona=Zona+Norte,200,63.071,
2026-08-31T04:10:18.909004+00:00,GET,http://localhost:3000/logistics/tenderos/productos-disponibles?tiendaId=bbbbbbbb-bbbb-4bbb-8bbb-bbbbbbbbbbbb&zona=Zona+Norte,200,60.538,
2026-08-31T04:10:18.942380+00:00,GET,http://localhost:3000/logistics/tenderos/productos-disponibles?tiendaId=bbbbbbbb-bbbb-4bbb-8bbb-bbbbbbbbbbbb&zona=Zona+Norte,200,66.100,
2026-08-31T04:10:18.976128+00:00,GET,http://localhost:3000/logistics/tenderos/productos-disponibles?tiendaId=bbbbbbbb-bbbb-4bbb-8bbb-bbbbbbbbbbbb&zona=Zona+Norte,200,60.979,
2026-08-31T04:10:19.008751+00:00,GET,http://localhost:3000/logistics/tenderos/productos-disponibles?tiendaId=bbbbbbbb-bbbb-4bbb-8bbb-bbbbbbbbbbbb&zona=Zona+Norte,200,62.933,
2026-08-31T04:10:19.042677+00:00,GET,http://localhost:3000/logistics/tenderos/productos-disponibles?tiendaId=bbbbbbbb-bbbb-4bbb-8bbb-bbbbbbbbbbbb&zona=Zona+Norte,200,62.669,
2026-08-31T04:10:19.075896+00:00,GET,http://localhost:3000/logistics/tenderos/productos-disponibles?tiendaId=bbbbbbbb-bbbb-4bbb-8bbb-bbbbbbbbbbbb&zona=Zona+Norte,200,60.414,
2026-08-31T04:10:19.109204+00:00,GET,http://localhost:3000/logistics/tenderos/productos-disponibles?tiendaId=bbbbbbbb-bbbb-4bbb-8bbb-bbbbbbbbbbbb&zona=Zona+Norte,200,60.949,
2026-08-31T04:10:19.142775+00:00,GET,http://localhost:3000/logistics/tenderos/productos-disponibles?tiendaId=bbbbbbbb-bbbb-4bbb-8bbb-bbbbbbbbbbbb&zona=Zona+Norte,200,60.739,
2026-08-31T04:10:19.176069+00:00,GET,http://localhost:3000/logistics/tenderos/productos-disponibles?tiendaId=bbbbbbbb-bbbb-4bbb-8bbb-bbbbbbbbbbbb&zona=Zona+Norte,200,64.361,
2026-08-31T04:10:19.209401+00:00,GET,http://localhost:3000/logistics/tenderos/productos-disponibles?tiendaId=bbbbbbbb-bbbb-4bbb-8bbb-bbbbbbbbbbbb&zona=Zona+Norte,200,64.610,
2026-08-31T04:10:19.242248+00:00,GET,http://localhost:3000/logistics/tenderos/productos-disponibles?tiendaId=bbbbbbbb-bbbb-4bbb-8bbb-bbbbbbbbbbbb&zona=Zona+Norte,200,60.490,
2026-08-31T04:10:19.275577+00:00,GET,http://localhost:3000/logistics/tenderos/productos-disponibles?tiendaId=bbbbbbbb-bbbb-4bbb-8bbb-bbbbbbbbbbbb&zona=Zona+Norte,200,63.883,
2026-08-31T04:10:19.309479+00:00,GET,http://localhost:3000/logistics/tenderos/productos-disponibles?tiendaId=bbbbbbbb-bbbb-4bbb-8bbb-bbbbbbbbbbbb&zona=Zona+Norte,200,61.636,
2026-08-31T04:10:19.342386+00:00,GET,http://localhost:3000/logistics/tenderos/productos-disponibles?tiendaId=bbbbbbbb-bbbb-4bbb-8bbb-bbbbbbbbbbbb&zona=Zona+Norte,200,63.981,
2026-08-31T04:10:19.375644+00:00,GET,http://localhost:3000/logistics/tenderos/productos-disponibles?tiendaId=bbbbbbbb-bbbb-4bbb-8bbb-bbbbbbbbbbbb&zona=Zona+Norte,200,63.517,
2026-08-31T04:10:19.409003+00:00,GET,http://localhost:3000/logistics/tenderos/productos-disponibles?tiendaId=bbbbbbbb-bbbb-4bbb-8bbb-bbbbbbbbbbbb&zona=Zona+Norte,200,59.544,
2026-08-31T04:10:19.442443+00:00,GET,http://localhost:3000/logistics/tenderos/productos-disponibles?tiendaId=bbbbbbbb-bbbb-4bbb-8bbb-bbbbbbbbbbbb&zona=Zona+Norte,200,63.574,
2026-08-31T04:10:19.476252+00:00,GET,http://localhost:3000/logistics/tenderos/productos-disponibles?tiendaId=bbbbbbbb-bbbb-4bbb-8bbb-bbbbbbbbbbbb&zona=Zona+Norte,200,59.659,
2026-08-31T04:10:19.508923+00:00,GET,http://localhost:3000/logistics/tenderos/productos-disponibles?tiendaId=bbbbbbbb-bbbb-4bbb-8bbb-bbbbbbbbbbbb&zona=Zona+Norte,200,58.395,
2026-08-31T04:10:19.542835+00:00,GET,http://localhost:3000/logistics/tenderos/productos-disponibles?tiendaId=bbbbbbbb-bbbb-4bbb-8bbb-bbbbbbbbbbbb&zona=Zona+Norte,200,58.653,
2026-08-31T04:10:19.576514+00:00,GET,http://localhost:3000/logistics/tenderos/productos-disponibles?tiendaId=bbbbbbbb-bbbb-4bbb-8bbb-bbbbbbbbbbbb&zona=Zona+Norte,200,59.777,
2026-08-31T04:10:19.608970+00:00,GET,http://localhost:3000/logistics/tenderos/productos-disponibles?tiendaId=bbbbbbbb-bbbb-4bbb-8bbb-bbbbbbbbbbbb&zona=Zona+Norte,200,62.255,
2026-08-31T04:10:19.642825+00:00,GET,http://localhost:3000/logistics/tenderos/productos-disponibles?tiendaId=bbbbbbbb-bbbb-4bbb-8bbb-bbbbbbbbbbbb&zona=Zona+Norte,200,59.333,
2026-08-31T04:10:19.675652+00:00,GET,http://localhost:3000/logistics/tenderos/productos-disponibles?tiendaId=bbbbbbbb-bbbb-4bbb-8bbb-bbbbbbbbbbbb&zona=Zona+Norte,200,63.921,
2026-08-31T04:10:19.709573+00:00,GET,http://localhost:3000/logistics/tenderos/productos-disponibles?tiendaId=bbbbbbbb-bbbb-4bbb-8bbb-bbbbbbbbbbbb&zona=Zona+Norte,200,60.228,
2026-08-31T04:10:19.742378+00:00,GET,http://localhost:3000/logistics/tenderos/productos-disponibles?tiendaId=bbbbbbbb-bbbb-4bbb-8bbb-bbbbbbbbbbbb&zona=Zona+Norte,200,59.481,
2026-08-31T04:10:19.775781+00:00,GET,http://localhost:3000/logistics/tenderos/productos-disponibles?tiendaId=bbbbbbbb-bbbb-4bbb-8bbb-bbbbbbbbbbbb&zona=Zona+Norte,200,63.036,
2026-08-31T04:10:19.809047+00:00,GET,http://localhost:3000/logistics/tenderos/productos-disponibles?tiendaId=bbbbbbbb-bbbb-4bbb-8bbb-bbbbbbbbbbbb&zona=Zona+Norte,200,59.155,
2026-08-31T04:10:19.842480+00:00,GET,http://localhost:3000/logistics/tenderos/productos-disponibles?tiendaId=bbbbbbbb-bbbb-4bbb-8bbb-bbbbbbbbbbbb&zona=Zona+Norte,200,62.006,
2026-08-31T04:10:19.876293+00:00,GET,http://localhost:3000/logistics/tenderos/productos-disponibles?tiendaId=bbbbbbbb-bbbb-4bbb-8bbb-bbbbbbbbbbbb&zona=Zona+Norte,200,64.569,
2026-08-31T04:10:19.908864+00:00,GET,http://localhost:3000/logistics/tenderos/productos-disponibles?tiendaId=bbbbbbbb-bbbb-4bbb-8bbb-bbbbbbbbbbbb&zona=Zona+Norte,200,61.496,
2026-08-31T04:10:19.942189+00:00,GET,http://localhost:3000/logistics/tenderos/productos-disponibles?tiendaId=bbbbbbbb-bbbb-4bbb-8bbb-bbbbbbbbbbbb&zona=Zona+Norte,200,60.030,
2026-08-31T04:10:19.976034+00:00,GET,http://localhost:3000/logistics/tenderos/productos-disponibles?tiendaId=bbbbbbbb-bbbb-4bbb-8bbb-bbbbbbbbbbbb&zona=Zona+Norte,200,60.299,
2026-08-31T04:10:20.009717+00:00,GET,http://localhost:3000/logistics/tenderos/productos-disponibles?tiendaId=bbbbbbbb-bbbb-4bbb-8bbb-bbbbbbbbbbbb&zona=Zona+Norte,200,63.866,
2026-08-31T04:10:20.042783+00:00,GET,http://localhost:3000/logistics/tenderos/productos-disponibles?tiendaId=bbbbbbbb-bbbb-4bbb-8bbb-bbbbbbbbbbbb&zona=Zona+Norte,200,63.116,
2026-08-31T04:10:20.075610+00:00,GET,http://localhost:3000/logistics/tenderos/productos-disponibles?tiendaId=bbbbbbbb-bbbb-4bbb-8bbb-bbbbbbbbbbbb&zona=Zona+Norte,200,63.675,
2026-08-31T04:10:20.109080+00:00,GET,http://localhost:3000/logistics/tenderos/productos-disponibles?tiendaId=bbbbbbbb-bbbb-4bbb-8bbb-bbbbbbbbbbbb&zona=Zona+Norte,200,64.720,
2026-08-31T04:10:20.142405+00:00,GET,http://localhost:3000/logistics/tenderos/productos-disponibles?tiendaId=bbbbbbbb-bbbb-4bbb-8bbb-bbbbbbbbbbbb&zona=Zona+Norte,200,64.333,
2026-08-31T04:10:20.175601+00:00,GET,http://localhost:3000/logistics/tenderos/productos-disponibles?tiendaId=bbbbbbbb-bbbb-4bbb-8bbb-bbbbbbbbbbbb&zona=Zona+Norte,200,64.441,
2026-08-31T04:10:20.208974+00:00,GET,http://localhost:3000/logistics/tenderos/productos-disponibles?tiendaId=bbbbbbbb-bbbb-4bbb-8bbb-bbbbbbbbbbbb&zona=Zona+Norte,200,60.560,
2026-08-31T04:10:20.242308+00:00,GET,http://localhost:3000/logistics/tenderos/productos-disponibles?tiendaId=bbbbbbbb-bbbb-4bbb-8bbb-bbbbbbbbbbbb&zona=Zona+Norte,200,63.421,
2026-08-31T04:10:20.275546+00:00,GET,http://localhost:3000/logistics/tenderos/productos-disponibles?tiendaId=bbbbbbbb-bbbb-4bbb-8bbb-bbbbbbbbbbbb&zona=Zona+Norte,200,58.031,
2026-08-31T04:10:20.308969+00:00,GET,http://localhost:3000/logistics/tenderos/productos-disponibles?tiendaId=bbbbbbbb-bbbb-4bbb-8bbb-bbbbbbbbbbbb&zona=Zona+Norte,200,55.733,
2026-08-31T04:10:20.343090+00:00,GET,http://localhost:3000/logistics/tenderos/productos-disponibles?tiendaId=bbbbbbbb-bbbb-4bbb-8bbb-bbbbbbbbbbbb&zona=Zona+Norte,200,62.915,
2026-08-31T04:10:20.376428+00:00,GET,http://localhost:3000/logistics/tenderos/productos-disponibles?tiendaId=bbbbbbbb-bbbb-4bbb-8bbb-bbbbbbbbbbbb&zona=Zona+Norte,200,56.578,
2026-08-31T04:10:20.409057+00:00,GET,http://localhost:3000/logistics/tenderos/productos-disponibles?tiendaId=bbbbbbbb-bbbb-4bbb-8bbb-bbbbbbbbbbbb&zona=Zona+Norte,200,54.756,
2026-08-31T04:10:20.442559+00:00,GET,http://localhost:3000/logistics/tenderos/productos-disponibles?tiendaId=bbbbbbbb-bbbb-4bbb-8bbb-bbbbbbbbbbbb&zona=Zona+Norte,200,58.438,
2026-08-31T04:10:20.476434+00:00,GET,http://localhost:3000/logistics/tenderos/productos-disponibles?tiendaId=bbbbbbbb-bbbb-4bbb-8bbb-bbbbbbbbbbbb&zona=Zona+Norte,200,55.833,
2026-08-31T04:10:20.509716+00:00,GET,http://localhost:3000/logistics/tenderos/productos-disponibles?tiendaId=bbbbbbbb-bbbb-4bbb-8bbb-bbbbbbbbbbbb&zona=Zona+Norte,200,55.319,
2026-08-31T04:10:20.543052+00:00,GET,http://localhost:3000/logistics/tenderos/productos-disponibles?tiendaId=bbbbbbbb-bbbb-4bbb-8bbb-bbbbbbbbbbbb&zona=Zona+Norte,200,58.621,
2026-08-31T04:10:20.576117+00:00,GET,http://localhost:3000/logistics/tenderos/productos-disponibles?tiendaId=bbbbbbbb-bbbb-4bbb-8bbb-bbbbbbbbbbbb&zona=Zona+Norte,200,54.664,
2026-08-31T04:10:20.609632+00:00,GET,http://localhost:3000/logistics/tenderos/productos-disponibles?tiendaId=bbbbbbbb-bbbb-4bbb-8bbb-bbbbbbbbbbbb&zona=Zona+Norte,200,63.907,
2026-08-31T04:10:20.643095+00:00,GET,http://localhost:3000/logistics/tenderos/productos-disponibles?tiendaId=bbbbbbbb-bbbb-4bbb-8bbb-bbbbbbbbbbbb&zona=Zona+Norte,200,60.288,
2026-08-31T04:10:20.675636+00:00,GET,http://localhost:3000/logistics/tenderos/productos-disponibles?tiendaId=bbbbbbbb-bbbb-4bbb-8bbb-bbbbbbbbbbbb&zona=Zona+Norte,200,56.200,
2026-08-31T04:10:20.709357+00:00,GET,http://localhost:3000/logistics/tenderos/productos-disponibles?tiendaId=bbbbbbbb-bbbb-4bbb-8bbb-bbbbbbbbbbbb&zona=Zona+Norte,200,60.631,
2026-08-31T04:10:20.743103+00:00,GET,http://localhost:3000/logistics/tenderos/productos-disponibles?tiendaId=bbbbbbbb-bbbb-4bbb-8bbb-bbbbbbbbbbbb&zona=Zona+Norte,200,60.022,
2026-08-31T04:10:20.776102+00:00,GET,http://localhost:3000/logistics/tenderos/productos-disponibles?tiendaId=bbbbbbbb-bbbb-4bbb-8bbb-bbbbbbbbbbbb&zona=Zona+Norte,200,57.257,
2026-08-31T04:10:20.809455+00:00,GET,http://localhost:3000/logistics/tenderos/productos-disponibles?tiendaId=bbbbbbbb-bbbb-4bbb-8bbb-bbbbbbbbbbbb&zona=Zona+Norte,200,55.997,
2026-08-31T04:10:20.843109+00:00,GET,http://localhost:3000/logistics/tenderos/productos-disponibles?tiendaId=bbbbbbbb-bbbb-4bbb-8bbb-bbbbbbbbbbbb&zona=Zona+Norte,200,54.840,
2026-08-31T04:10:20.876435+00:00,GET,http://localhost:3000/logistics/tenderos/productos-disponibles?tiendaId=bbbbbbbb-bbbb-4bbb-8bbb-bbbbbbbbbbbb&zona=Zona+Norte,200,57.191,
2026-08-31T04:10:20.909771+00:00,GET,http://localhost:3000/logistics/tenderos/productos-disponibles?tiendaId=bbbbbbbb-bbbb-4bbb-8bbb-bbbbbbbbbbbb&zona=Zona+Norte,200,56.739,
2026-08-31T04:10:20.943104+00:00,GET,http://localhost:3000/logistics/tenderos/productos-disponibles?tiendaId=bbbbbbbb-bbbb-4bbb-8bbb-bbbbbbbbbbbb&zona=Zona+Norte,200,59.831,
2026-08-31T04:10:20.975768+00:00,GET,http://localhost:3000/logistics/tenderos/productos-disponibles?tiendaId=bbbbbbbb-bbbb-4bbb-8bbb-bbbbbbbbbbbb&zona=Zona+Norte,200,55.619,
2026-08-31T04:10:21.009474+00:00,GET,http://localhost:3000/logistics/tenderos/productos-disponibles?tiendaId=bbbbbbbb-bbbb-4bbb-8bbb-bbbbbbbbbbbb&zona=Zona+Norte,200,59.907,
2026-08-31T04:10:21.043105+00:00,GET,http://localhost:3000/logistics/tenderos/productos-disponibles?tiendaId=bbbbbbbb-bbbb-4bbb-8bbb-bbbbbbbbbbbb&zona=Zona+Norte,200,55.461,
2026-08-31T04:10:21.076174+00:00,GET,http://localhost:3000/logistics/tenderos/productos-disponibles?tiendaId=bbbbbbbb-bbbb-4bbb-8bbb-bbbbbbbbbbbb&zona=Zona+Norte,200,57.614,
2026-08-31T04:10:21.109771+00:00,GET,http://localhost:3000/logistics/tenderos/productos-disponibles?tiendaId=bbbbbbbb-bbbb-4bbb-8bbb-bbbbbbbbbbbb&zona=Zona+Norte,200,58.151,
2026-08-31T04:10:21.143151+00:00,GET,http://localhost:3000/logistics/tenderos/productos-disponibles?tiendaId=bbbbbbbb-bbbb-4bbb-8bbb-bbbbbbbbbbbb&zona=Zona+Norte,200,63.328,
2026-08-31T04:10:21.176156+00:00,GET,http://localhost:3000/logistics/tenderos/productos-disponibles?tiendaId=bbbbbbbb-bbbb-4bbb-8bbb-bbbbbbbbbbbb&zona=Zona+Norte,200,63.634,
2026-08-31T04:10:21.209018+00:00,GET,http://localhost:3000/logistics/tenderos/productos-disponibles?tiendaId=bbbbbbbb-bbbb-4bbb-8bbb-bbbbbbbbbbbb&zona=Zona+Norte,200,59.633,
2026-08-31T04:10:21.242349+00:00,GET,http://localhost:3000/logistics/tenderos/productos-disponibles?tiendaId=bbbbbbbb-bbbb-4bbb-8bbb-bbbbbbbbbbbb&zona=Zona+Norte,200,61.471,
2026-08-31T04:10:21.276269+00:00,GET,http://localhost:3000/logistics/tenderos/productos-disponibles?tiendaId=bbbbbbbb-bbbb-4bbb-8bbb-bbbbbbbbbbbb&zona=Zona+Norte,200,62.754,
2026-08-31T04:10:21.309024+00:00,GET,http://localhost:3000/logistics/tenderos/productos-disponibles?tiendaId=bbbbbbbb-bbbb-4bbb-8bbb-bbbbbbbbbbbb&zona=Zona+Norte,200,59.374,
2026-08-31T04:10:21.342447+00:00,GET,http://localhost:3000/logistics/tenderos/productos-disponibles?tiendaId=bbbbbbbb-bbbb-4bbb-8bbb-bbbbbbbbbbbb&zona=Zona+Norte,200,59.164,
2026-08-31T04:10:21.376336+00:00,GET,http://localhost:3000/logistics/tenderos/productos-disponibles?tiendaId=bbbbbbbb-bbbb-4bbb-8bbb-bbbbbbbbbbbb&zona=Zona+Norte,200,61.364,
2026-08-31T04:10:21.409661+00:00,GET,http://localhost:3000/logistics/tenderos/productos-disponibles?tiendaId=bbbbbbbb-bbbb-4bbb-8bbb-bbbbbbbbbbbb&zona=Zona+Norte,200,63.089,
2026-08-31T04:10:21.442633+00:00,GET,http://localhost:3000/logistics/tenderos/productos-disponibles?tiendaId=bbbbbbbb-bbbb-4bbb-8bbb-bbbbbbbbbbbb&zona=Zona+Norte,200,60.255,
2026-08-31T04:10:21.475810+00:00,GET,http://localhost:3000/logistics/tenderos/productos-disponibles?tiendaId=bbbbbbbb-bbbb-4bbb-8bbb-bbbbbbbbbbbb&zona=Zona+Norte,200,60.357,
2026-08-31T04:10:21.509482+00:00,GET,http://localhost:3000/logistics/tenderos/productos-disponibles?tiendaId=bbbbbbbb-bbbb-4bbb-8bbb-bbbbbbbbbbbb&zona=Zona+Norte,200,59.107,
2026-08-31T04:10:21.542831+00:00,GET,http://localhost:3000/logistics/tenderos/productos-disponibles?tiendaId=bbbbbbbb-bbbb-4bbb-8bbb-bbbbbbbbbbbb&zona=Zona+Norte,200,56.282,
2026-08-31T04:10:21.576359+00:00,GET,http://localhost:3000/logistics/tenderos/productos-disponibles?tiendaId=bbbbbbbb-bbbb-4bbb-8bbb-bbbbbbbbbbbb&zona=Zona+Norte,200,59.823,
2026-08-31T04:10:21.609781+00:00,GET,http://localhost:3000/logistics/tenderos/productos-disponibles?tiendaId=bbbbbbbb-bbbb-4bbb-8bbb-bbbbbbbbbbbb&zona=Zona+Norte,200,55.631,
2026-08-31T04:10:21.642894+00:00,GET,http://localhost:3000/logistics/tenderos/productos-disponibles?tiendaId=bbbbbbbb-bbbb-4bbb-8bbb-bbbbbbbbbbbb&zona=Zona+Norte,200,58.199,
2026-08-31T04:10:21.676438+00:00,GET,http://localhost:3000/logistics/tenderos/productos-disponibles?tiendaId=bbbbbbbb-bbbb-4bbb-8bbb-bbbbbbbbbbbb&zona=Zona+Norte,200,56.943,
2026-08-31T04:10:21.709720+00:00,GET,http://localhost:3000/logistics/tenderos/productos-disponibles?tiendaId=bbbbbbbb-bbbb-4bbb-8bbb-bbbbbbbbbbbb&zona=Zona+Norte,200,60.121,
2026-08-31T04:10:21.743138+00:00,GET,http://localhost:3000/logistics/tenderos/productos-disponibles?tiendaId=bbbbbbbb-bbbb-4bbb-8bbb-bbbbbbbbbbbb&zona=Zona+Norte,200,63.055,
2026-08-31T04:10:21.776163+00:00,GET,http://localhost:3000/logistics/tenderos/productos-disponibles?tiendaId=bbbbbbbb-bbbb-4bbb-8bbb-bbbbbbbbbbbb&zona=Zona+Norte,200,61.361,
2026-08-31T04:10:21.809061+00:00,GET,http://localhost:3000/logistics/tenderos/productos-disponibles?tiendaId=bbbbbbbb-bbbb-4bbb-8bbb-bbbbbbbbbbbb&zona=Zona+Norte,200,64.127,
2026-08-31T04:10:21.842673+00:00,GET,http://localhost:3000/logistics/tenderos/productos-disponibles?tiendaId=bbbbbbbb-bbbb-4bbb-8bbb-bbbbbbbbbbbb&zona=Zona+Norte,200,63.692,
2026-08-31T04:10:21.875688+00:00,GET,http://localhost:3000/logistics/tenderos/productos-disponibles?tiendaId=bbbbbbbb-bbbb-4bbb-8bbb-bbbbbbbbbbbb&zona=Zona+Norte,200,63.911,
2026-08-31T04:10:21.909037+00:00,GET,http://localhost:3000/logistics/tenderos/productos-disponibles?tiendaId=bbbbbbbb-bbbb-4bbb-8bbb-bbbbbbbbbbbb&zona=Zona+Norte,200,60.212,
2026-08-31T04:10:21.942384+00:00,GET,http://localhost:3000/logistics/tenderos/productos-disponibles?tiendaId=bbbbbbbb-bbbb-4bbb-8bbb-bbbbbbbbbbbb&zona=Zona+Norte,200,59.654,
2026-08-31T04:10:21.976217+00:00,GET,http://localhost:3000/logistics/tenderos/productos-disponibles?tiendaId=bbbbbbbb-bbbb-4bbb-8bbb-bbbbbbbbbbbb&zona=Zona+Norte,200,62.806,
2026-08-31T04:10:22.009620+00:00,GET,http://localhost:3000/logistics/tenderos/productos-disponibles?tiendaId=bbbbbbbb-bbbb-4bbb-8bbb-bbbbbbbbbbbb&zona=Zona+Norte,200,63.615,
2026-08-31T04:10:22.042463+00:00,GET,http://localhost:3000/logistics/tenderos/productos-disponibles?tiendaId=bbbbbbbb-bbbb-4bbb-8bbb-bbbbbbbbbbbb&zona=Zona+Norte,200,59.518,
2026-08-31T04:10:22.075687+00:00,GET,http://localhost:3000/logistics/tenderos/productos-disponibles?tiendaId=bbbbbbbb-bbbb-4bbb-8bbb-bbbbbbbbbbbb&zona=Zona+Norte,200,63.267,
2026-08-31T04:10:22.109626+00:00,GET,http://localhost:3000/logistics/tenderos/productos-disponibles?tiendaId=bbbbbbbb-bbbb-4bbb-8bbb-bbbbbbbbbbbb&zona=Zona+Norte,200,60.327,
2026-08-31T04:10:22.142564+00:00,GET,http://localhost:3000/logistics/tenderos/productos-disponibles?tiendaId=bbbbbbbb-bbbb-4bbb-8bbb-bbbbbbbbbbbb&zona=Zona+Norte,200,63.000,
2026-08-31T04:10:22.176134+00:00,GET,http://localhost:3000/logistics/tenderos/productos-disponibles?tiendaId=bbbbbbbb-bbbb-4bbb-8bbb-bbbbbbbbbbbb&zona=Zona+Norte,200,63.576,
2026-08-31T04:10:22.209140+00:00,GET,http://localhost:3000/logistics/tenderos/productos-disponibles?tiendaId=bbbbbbbb-bbbb-4bbb-8bbb-bbbbbbbbbbbb&zona=Zona+Norte,200,60.894,
2026-08-31T04:10:22.242415+00:00,GET,http://localhost:3000/logistics/tenderos/productos-disponibles?tiendaId=bbbbbbbb-bbbb-4bbb-8bbb-bbbbbbbbbbbb&zona=Zona+Norte,200,60.460,
2026-08-31T04:10:22.276134+00:00,GET,http://localhost:3000/logistics/tenderos/productos-disponibles?tiendaId=bbbbbbbb-bbbb-4bbb-8bbb-bbbbbbbbbbbb&zona=Zona+Norte,200,61.026,
2026-08-31T04:10:22.309074+00:00,GET,http://localhost:3000/logistics/tenderos/productos-disponibles?tiendaId=bbbbbbbb-bbbb-4bbb-8bbb-bbbbbbbbbbbb&zona=Zona+Norte,200,62.154,
2026-08-31T04:10:22.342727+00:00,GET,http://localhost:3000/logistics/tenderos/productos-disponibles?tiendaId=bbbbbbbb-bbbb-4bbb-8bbb-bbbbbbbbbbbb&zona=Zona+Norte,200,60.277,
2026-08-31T04:10:22.375960+00:00,GET,http://localhost:3000/logistics/tenderos/productos-disponibles?tiendaId=bbbbbbbb-bbbb-4bbb-8bbb-bbbbbbbbbbbb&zona=Zona+Norte,200,60.078,
2026-08-31T04:10:22.409472+00:00,GET,http://localhost:3000/logistics/tenderos/productos-disponibles?tiendaId=bbbbbbbb-bbbb-4bbb-8bbb-bbbbbbbbbbbb&zona=Zona+Norte,200,60.297,
2026-08-31T04:10:22.442926+00:00,GET,http://localhost:3000/logistics/tenderos/productos-disponibles?tiendaId=bbbbbbbb-bbbb-4bbb-8bbb-bbbbbbbbbbbb&zona=Zona+Norte,200,60.297,
2026-08-31T04:10:22.476221+00:00,GET,http://localhost:3000/logistics/tenderos/productos-disponibles?tiendaId=bbbbbbbb-bbbb-4bbb-8bbb-bbbbbbbbbbbb&zona=Zona+Norte,200,62.893,
2026-08-31T04:10:22.509456+00:00,GET,http://localhost:3000/logistics/tenderos/productos-disponibles?tiendaId=bbbbbbbb-bbbb-4bbb-8bbb-bbbbbbbbbbbb&zona=Zona+Norte,200,59.954,
2026-08-31T04:10:22.542385+00:00,GET,http://localhost:3000/logistics/tenderos/productos-disponibles?tiendaId=bbbbbbbb-bbbb-4bbb-8bbb-bbbbbbbbbbbb&zona=Zona+Norte,200,63.231,
2026-08-31T04:10:22.575497+00:00,GET,http://localhost:3000/logistics/tenderos/productos-disponibles?tiendaId=bbbbbbbb-bbbb-4bbb-8bbb-bbbbbbbbbbbb&zona=Zona+Norte,200,60.892,
2026-08-31T04:10:22.609164+00:00,GET,http://localhost:3000/logistics/tenderos/productos-disponibles?tiendaId=bbbbbbbb-bbbb-4bbb-8bbb-bbbbbbbbbbbb&zona=Zona+Norte,200,62.314,
2026-08-31T04:10:22.642824+00:00,GET,http://localhost:3000/logistics/tenderos/productos-disponibles?tiendaId=bbbbbbbb-bbbb-4bbb-8bbb-bbbbbbbbbbbb&zona=Zona+Norte,200,61.543,
2026-08-31T04:10:22.675961+00:00,GET,http://localhost:3000/logistics/tenderos/productos-disponibles?tiendaId=bbbbbbbb-bbbb-4bbb-8bbb-bbbbbbbbbbbb&zona=Zona+Norte,200,57.088,
2026-08-31T04:10:22.709321+00:00,GET,http://localhost:3000/logistics/tenderos/productos-disponibles?tiendaId=bbbbbbbb-bbbb-4bbb-8bbb-bbbbbbbbbbbb&zona=Zona+Norte,200,60.723,
2026-08-31T04:10:22.742746+00:00,GET,http://localhost:3000/logistics/tenderos/productos-disponibles?tiendaId=bbbbbbbb-bbbb-4bbb-8bbb-bbbbbbbbbbbb&zona=Zona+Norte,200,60.060,
2026-08-31T04:10:22.775885+00:00,GET,http://localhost:3000/logistics/tenderos/productos-disponibles?tiendaId=bbbbbbbb-bbbb-4bbb-8bbb-bbbbbbbbbbbb&zona=Zona+Norte,200,61.870,
2026-08-31T04:10:22.809523+00:00,GET,http://localhost:3000/logistics/tenderos/productos-disponibles?tiendaId=bbbbbbbb-bbbb-4bbb-8bbb-bbbbbbbbbbbb&zona=Zona+Norte,200,56.118,
2026-08-31T04:10:22.842689+00:00,GET,http://localhost:3000/logistics/tenderos/productos-disponibles?tiendaId=bbbbbbbb-bbbb-4bbb-8bbb-bbbbbbbbbbbb&zona=Zona+Norte,200,57.658,
2026-08-31T04:10:22.875971+00:00,GET,http://localhost:3000/logistics/tenderos/productos-disponibles?tiendaId=bbbbbbbb-bbbb-4bbb-8bbb-bbbbbbbbbbbb&zona=Zona+Norte,200,57.513,
2026-08-31T04:10:22.909812+00:00,GET,http://localhost:3000/logistics/tenderos/productos-disponibles?tiendaId=bbbbbbbb-bbbb-4bbb-8bbb-bbbbbbbbbbbb&zona=Zona+Norte,200,59.621,
2026-08-31T04:10:22.942773+00:00,GET,http://localhost:3000/logistics/tenderos/productos-disponibles?tiendaId=bbbbbbbb-bbbb-4bbb-8bbb-bbbbbbbbbbbb&zona=Zona+Norte,200,60.320,
2026-08-31T04:10:22.976088+00:00,GET,http://localhost:3000/logistics/tenderos/productos-disponibles?tiendaId=bbbbbbbb-bbbb-4bbb-8bbb-bbbbbbbbbbbb&zona=Zona+Norte,200,60.450,
2026-08-31T04:10:23.009519+00:00,GET,http://localhost:3000/logistics/tenderos/productos-disponibles?tiendaId=bbbbbbbb-bbbb-4bbb-8bbb-bbbbbbbbbbbb&zona=Zona+Norte,200,60.257,
2026-08-31T04:10:23.042820+00:00,GET,http://localhost:3000/logistics/tenderos/productos-disponibles?tiendaId=bbbbbbbb-bbbb-4bbb-8bbb-bbbbbbbbbbbb&zona=Zona+Norte,200,60.571,
2026-08-31T04:10:23.076152+00:00,GET,http://localhost:3000/logistics/tenderos/productos-disponibles?tiendaId=bbbbbbbb-bbbb-4bbb-8bbb-bbbbbbbbbbbb&zona=Zona+Norte,200,63.251,
2026-08-31T04:10:23.108839+00:00,GET,http://localhost:3000/logistics/tenderos/productos-disponibles?tiendaId=bbbbbbbb-bbbb-4bbb-8bbb-bbbbbbbbbbbb&zona=Zona+Norte,200,62.605,
2026-08-31T04:10:23.142423+00:00,GET,http://localhost:3000/logistics/tenderos/productos-disponibles?tiendaId=bbbbbbbb-bbbb-4bbb-8bbb-bbbbbbbbbbbb&zona=Zona+Norte,200,59.334,
2026-08-31T04:10:23.175948+00:00,GET,http://localhost:3000/logistics/tenderos/productos-disponibles?tiendaId=bbbbbbbb-bbbb-4bbb-8bbb-bbbbbbbbbbbb&zona=Zona+Norte,200,62.207,
2026-08-31T04:10:23.209642+00:00,GET,http://localhost:3000/logistics/tenderos/productos-disponibles?tiendaId=bbbbbbbb-bbbb-4bbb-8bbb-bbbbbbbbbbbb&zona=Zona+Norte,200,59.838,
2026-08-31T04:10:23.242607+00:00,GET,http://localhost:3000/logistics/tenderos/productos-disponibles?tiendaId=bbbbbbbb-bbbb-4bbb-8bbb-bbbbbbbbbbbb&zona=Zona+Norte,200,61.683,
2026-08-31T04:10:23.276217+00:00,GET,http://localhost:3000/logistics/tenderos/productos-disponibles?tiendaId=bbbbbbbb-bbbb-4bbb-8bbb-bbbbbbbbbbbb&zona=Zona+Norte,200,59.946,
2026-08-31T04:10:23.309335+00:00,GET,http://localhost:3000/logistics/tenderos/productos-disponibles?tiendaId=bbbbbbbb-bbbb-4bbb-8bbb-bbbbbbbbbbbb&zona=Zona+Norte,200,63.555,
2026-08-31T04:10:23.342857+00:00,GET,http://localhost:3000/logistics/tenderos/productos-disponibles?tiendaId=bbbbbbbb-bbbb-4bbb-8bbb-bbbbbbbbbbbb&zona=Zona+Norte,200,60.717,
2026-08-31T04:10:23.375776+00:00,GET,http://localhost:3000/logistics/tenderos/productos-disponibles?tiendaId=bbbbbbbb-bbbb-4bbb-8bbb-bbbbbbbbbbbb&zona=Zona+Norte,200,62.221,
2026-08-31T04:10:23.409424+00:00,GET,http://localhost:3000/logistics/tenderos/productos-disponibles?tiendaId=bbbbbbbb-bbbb-4bbb-8bbb-bbbbbbbbbbbb&zona=Zona+Norte,200,60.985,
2026-08-31T04:10:23.442630+00:00,GET,http://localhost:3000/logistics/tenderos/productos-disponibles?tiendaId=bbbbbbbb-bbbb-4bbb-8bbb-bbbbbbbbbbbb&zona=Zona+Norte,200,61.267,
2026-08-31T04:10:23.476083+00:00,GET,http://localhost:3000/logistics/tenderos/productos-disponibles?tiendaId=bbbbbbbb-bbbb-4bbb-8bbb-bbbbbbbbbbbb&zona=Zona+Norte,200,63.305,
2026-08-31T04:10:23.509381+00:00,GET,http://localhost:3000/logistics/tenderos/productos-disponibles?tiendaId=bbbbbbbb-bbbb-4bbb-8bbb-bbbbbbbbbbbb&zona=Zona+Norte,200,63.650,
2026-08-31T04:10:23.542454+00:00,GET,http://localhost:3000/logistics/tenderos/productos-disponibles?tiendaId=bbbbbbbb-bbbb-4bbb-8bbb-bbbbbbbbbbbb&zona=Zona+Norte,200,62.387,
2026-08-31T04:10:23.575523+00:00,GET,http://localhost:3000/logistics/tenderos/productos-disponibles?tiendaId=bbbbbbbb-bbbb-4bbb-8bbb-bbbbbbbbbbbb&zona=Zona+Norte,200,63.070,
2026-08-31T04:10:23.608936+00:00,GET,http://localhost:3000/logistics/tenderos/productos-disponibles?tiendaId=bbbbbbbb-bbbb-4bbb-8bbb-bbbbbbbbbbbb&zona=Zona+Norte,200,63.460,
2026-08-31T04:10:23.642544+00:00,GET,http://localhost:3000/logistics/tenderos/productos-disponibles?tiendaId=bbbbbbbb-bbbb-4bbb-8bbb-bbbbbbbbbbbb&zona=Zona+Norte,200,63.841,
2026-08-31T04:10:23.675833+00:00,GET,http://localhost:3000/logistics/tenderos/productos-disponibles?tiendaId=bbbbbbbb-bbbb-4bbb-8bbb-bbbbbbbbbbbb&zona=Zona+Norte,200,61.091,
2026-08-31T04:10:23.709061+00:00,GET,http://localhost:3000/logistics/tenderos/productos-disponibles?tiendaId=bbbbbbbb-bbbb-4bbb-8bbb-bbbbbbbbbbbb&zona=Zona+Norte,200,64.495,
2026-08-31T04:10:23.742764+00:00,GET,http://localhost:3000/logistics/tenderos/productos-disponibles?tiendaId=bbbbbbbb-bbbb-4bbb-8bbb-bbbbbbbbbbbb&zona=Zona+Norte,200,59.444,
2026-08-31T04:10:23.775703+00:00,GET,http://localhost:3000/logistics/tenderos/productos-disponibles?tiendaId=bbbbbbbb-bbbb-4bbb-8bbb-bbbbbbbbbbbb&zona=Zona+Norte,200,66.176,
2026-08-31T04:10:23.809645+00:00,GET,http://localhost:3000/logistics/tenderos/productos-disponibles?tiendaId=bbbbbbbb-bbbb-4bbb-8bbb-bbbbbbbbbbbb&zona=Zona+Norte,200,64.874,
2026-08-31T04:10:23.842151+00:00,GET,http://localhost:3000/logistics/tenderos/productos-disponibles?tiendaId=bbbbbbbb-bbbb-4bbb-8bbb-bbbbbbbbbbbb&zona=Zona+Norte,200,66.396,
2026-08-31T04:10:23.875575+00:00,GET,http://localhost:3000/logistics/tenderos/productos-disponibles?tiendaId=bbbbbbbb-bbbb-4bbb-8bbb-bbbbbbbbbbbb&zona=Zona+Norte,200,63.561,
2026-08-31T04:10:23.908831+00:00,GET,http://localhost:3000/logistics/tenderos/productos-disponibles?tiendaId=bbbbbbbb-bbbb-4bbb-8bbb-bbbbbbbbbbbb&zona=Zona+Norte,200,60.683,
2026-08-31T04:10:23.942532+00:00,GET,http://localhost:3000/logistics/tenderos/productos-disponibles?tiendaId=bbbbbbbb-bbbb-4bbb-8bbb-bbbbbbbbbbbb&zona=Zona+Norte,200,60.810,
2026-08-31T04:10:23.976252+00:00,GET,http://localhost:3000/logistics/tenderos/productos-disponibles?tiendaId=bbbbbbbb-bbbb-4bbb-8bbb-bbbbbbbbbbbb&zona=Zona+Norte,200,64.233,
2026-08-31T04:10:24.009525+00:00,GET,http://localhost:3000/logistics/tenderos/productos-disponibles?tiendaId=bbbbbbbb-bbbb-4bbb-8bbb-bbbbbbbbbbbb&zona=Zona+Norte,200,60.137,
2026-08-31T04:10:24.042342+00:00,GET,http://localhost:3000/logistics/tenderos/productos-disponibles?tiendaId=bbbbbbbb-bbbb-4bbb-8bbb-bbbbbbbbbbbb&zona=Zona+Norte,200,63.601,
2026-08-31T04:10:24.076213+00:00,GET,http://localhost:3000/logistics/tenderos/productos-disponibles?tiendaId=bbbbbbbb-bbbb-4bbb-8bbb-bbbbbbbbbbbb&zona=Zona+Norte,200,64.210,
2026-08-31T04:10:24.109190+00:00,GET,http://localhost:3000/logistics/tenderos/productos-disponibles?tiendaId=bbbbbbbb-bbbb-4bbb-8bbb-bbbbbbbbbbbb&zona=Zona+Norte,200,60.420,
2026-08-31T04:10:24.142367+00:00,GET,http://localhost:3000/logistics/tenderos/productos-disponibles?tiendaId=bbbbbbbb-bbbb-4bbb-8bbb-bbbbbbbbbbbb&zona=Zona+Norte,200,61.976,
2026-08-31T04:10:24.175732+00:00,GET,http://localhost:3000/logistics/tenderos/productos-disponibles?tiendaId=bbbbbbbb-bbbb-4bbb-8bbb-bbbbbbbbbbbb&zona=Zona+Norte,200,59.850,
2026-08-31T04:10:24.209416+00:00,GET,http://localhost:3000/logistics/tenderos/productos-disponibles?tiendaId=bbbbbbbb-bbbb-4bbb-8bbb-bbbbbbbbbbbb&zona=Zona+Norte,200,60.244,
2026-08-31T04:10:24.242998+00:00,GET,http://localhost:3000/logistics/tenderos/productos-disponibles?tiendaId=bbbbbbbb-bbbb-4bbb-8bbb-bbbbbbbbbbbb&zona=Zona+Norte,200,58.350,
2026-08-31T04:10:24.276229+00:00,GET,http://localhost:3000/logistics/tenderos/productos-disponibles?tiendaId=bbbbbbbb-bbbb-4bbb-8bbb-bbbbbbbbbbbb&zona=Zona+Norte,200,59.175,
2026-08-31T04:10:24.309765+00:00,GET,http://localhost:3000/logistics/tenderos/productos-disponibles?tiendaId=bbbbbbbb-bbbb-4bbb-8bbb-bbbbbbbbbbbb&zona=Zona+Norte,200,58.836,
2026-08-31T04:10:24.343010+00:00,GET,http://localhost:3000/logistics/tenderos/productos-disponibles?tiendaId=bbbbbbbb-bbbb-4bbb-8bbb-bbbbbbbbbbbb&zona=Zona+Norte,200,57.295,
2026-08-31T04:10:24.376387+00:00,GET,http://localhost:3000/logistics/tenderos/productos-disponibles?tiendaId=bbbbbbbb-bbbb-4bbb-8bbb-bbbbbbbbbbbb&zona=Zona+Norte,200,55.956,
2026-08-31T04:10:24.409871+00:00,GET,http://localhost:3000/logistics/tenderos/productos-disponibles?tiendaId=bbbbbbbb-bbbb-4bbb-8bbb-bbbbbbbbbbbb&zona=Zona+Norte,200,58.311,
2026-08-31T04:10:24.443191+00:00,GET,http://localhost:3000/logistics/tenderos/productos-disponibles?tiendaId=bbbbbbbb-bbbb-4bbb-8bbb-bbbbbbbbbbbb&zona=Zona+Norte,200,58.460,
2026-08-31T04:10:24.476418+00:00,GET,http://localhost:3000/logistics/tenderos/productos-disponibles?tiendaId=bbbbbbbb-bbbb-4bbb-8bbb-bbbbbbbbbbbb&zona=Zona+Norte,200,60.208,
2026-08-31T04:10:24.509742+00:00,GET,http://localhost:3000/logistics/tenderos/productos-disponibles?tiendaId=bbbbbbbb-bbbb-4bbb-8bbb-bbbbbbbbbbbb&zona=Zona+Norte,200,55.371,
2026-08-31T04:10:24.542874+00:00,GET,http://localhost:3000/logistics/tenderos/productos-disponibles?tiendaId=bbbbbbbb-bbbb-4bbb-8bbb-bbbbbbbbbbbb&zona=Zona+Norte,200,55.908,
2026-08-31T04:10:24.576635+00:00,GET,http://localhost:3000/logistics/tenderos/productos-disponibles?tiendaId=bbbbbbbb-bbbb-4bbb-8bbb-bbbbbbbbbbbb&zona=Zona+Norte,200,57.638,
2026-08-31T04:10:24.609861+00:00,GET,http://localhost:3000/logistics/tenderos/productos-disponibles?tiendaId=bbbbbbbb-bbbb-4bbb-8bbb-bbbbbbbbbbbb&zona=Zona+Norte,200,60.714,
2026-08-31T04:10:24.643161+00:00,GET,http://localhost:3000/logistics/tenderos/productos-disponibles?tiendaId=bbbbbbbb-bbbb-4bbb-8bbb-bbbbbbbbbbbb&zona=Zona+Norte,200,56.866,
2026-08-31T04:10:24.676114+00:00,GET,http://localhost:3000/logistics/tenderos/productos-disponibles?tiendaId=bbbbbbbb-bbbb-4bbb-8bbb-bbbbbbbbbbbb&zona=Zona+Norte,200,57.179,
2026-08-31T04:10:24.709856+00:00,GET,http://localhost:3000/logistics/tenderos/productos-disponibles?tiendaId=bbbbbbbb-bbbb-4bbb-8bbb-bbbbbbbbbbbb&zona=Zona+Norte,200,56.839,
2026-08-31T04:10:24.742431+00:00,GET,http://localhost:3000/logistics/tenderos/productos-disponibles?tiendaId=bbbbbbbb-bbbb-4bbb-8bbb-bbbbbbbbbbbb&zona=Zona+Norte,200,59.228,
2026-08-31T04:10:24.776529+00:00,GET,http://localhost:3000/logistics/tenderos/productos-disponibles?tiendaId=bbbbbbbb-bbbb-4bbb-8bbb-bbbbbbbbbbbb&zona=Zona+Norte,200,59.734,
2026-08-31T04:10:24.809730+00:00,GET,http://localhost:3000/logistics/tenderos/productos-disponibles?tiendaId=bbbbbbbb-bbbb-4bbb-8bbb-bbbbbbbbbbbb&zona=Zona+Norte,200,61.483,
2026-08-31T04:10:24.842926+00:00,GET,http://localhost:3000/logistics/tenderos/productos-disponibles?tiendaId=bbbbbbbb-bbbb-4bbb-8bbb-bbbbbbbbbbbb&zona=Zona+Norte,200,68.874,
2026-08-31T04:10:24.876019+00:00,GET,http://localhost:3000/logistics/tenderos/productos-disponibles?tiendaId=bbbbbbbb-bbbb-4bbb-8bbb-bbbbbbbbbbbb&zona=Zona+Norte,200,66.545,
2026-08-31T04:10:24.908972+00:00,GET,http://localhost:3000/logistics/tenderos/productos-disponibles?tiendaId=bbbbbbbb-bbbb-4bbb-8bbb-bbbbbbbbbbbb&zona=Zona+Norte,200,60.733,
2026-08-31T04:10:24.942583+00:00,GET,http://localhost:3000/logistics/tenderos/productos-disponibles?tiendaId=bbbbbbbb-bbbb-4bbb-8bbb-bbbbbbbbbbbb&zona=Zona+Norte,200,61.847,
2026-08-31T04:10:24.976276+00:00,GET,http://localhost:3000/logistics/tenderos/productos-disponibles?tiendaId=bbbbbbbb-bbbb-4bbb-8bbb-bbbbbbbbbbbb&zona=Zona+Norte,200,62.780,
2026-08-31T04:10:25.009387+00:00,GET,http://localhost:3000/logistics/tenderos/productos-disponibles?tiendaId=bbbbbbbb-bbbb-4bbb-8bbb-bbbbbbbbbbbb&zona=Zona+Norte,200,62.584,
2026-08-31T04:10:25.042534+00:00,GET,http://localhost:3000/logistics/tenderos/productos-disponibles?tiendaId=bbbbbbbb-bbbb-4bbb-8bbb-bbbbbbbbbbbb&zona=Zona+Norte,200,58.248,
2026-08-31T04:10:25.075818+00:00,GET,http://localhost:3000/logistics/tenderos/productos-disponibles?tiendaId=bbbbbbbb-bbbb-4bbb-8bbb-bbbbbbbbbbbb&zona=Zona+Norte,200,66.512,
2026-08-31T04:10:25.109439+00:00,GET,http://localhost:3000/logistics/tenderos/productos-disponibles?tiendaId=bbbbbbbb-bbbb-4bbb-8bbb-bbbbbbbbbbbb&zona=Zona+Norte,200,61.351,
2026-08-31T04:10:25.142359+00:00,GET,http://localhost:3000/logistics/tenderos/productos-disponibles?tiendaId=bbbbbbbb-bbbb-4bbb-8bbb-bbbbbbbbbbbb&zona=Zona+Norte,200,63.116,
2026-08-31T04:10:25.176103+00:00,GET,http://localhost:3000/logistics/tenderos/productos-disponibles?tiendaId=bbbbbbbb-bbbb-4bbb-8bbb-bbbbbbbbbbbb&zona=Zona+Norte,200,61.673,
2026-08-31T04:10:25.209268+00:00,GET,http://localhost:3000/logistics/tenderos/productos-disponibles?tiendaId=bbbbbbbb-bbbb-4bbb-8bbb-bbbbbbbbbbbb&zona=Zona+Norte,200,63.816,
2026-08-31T04:10:25.242732+00:00,GET,http://localhost:3000/logistics/tenderos/productos-disponibles?tiendaId=bbbbbbbb-bbbb-4bbb-8bbb-bbbbbbbbbbbb&zona=Zona+Norte,200,64.171,
2026-08-31T04:10:25.275794+00:00,GET,http://localhost:3000/logistics/tenderos/productos-disponibles?tiendaId=bbbbbbbb-bbbb-4bbb-8bbb-bbbbbbbbbbbb&zona=Zona+Norte,200,61.199,
2026-08-31T04:10:25.309064+00:00,GET,http://localhost:3000/logistics/tenderos/productos-disponibles?tiendaId=bbbbbbbb-bbbb-4bbb-8bbb-bbbbbbbbbbbb&zona=Zona+Norte,200,62.429,
2026-08-31T04:10:25.342838+00:00,GET,http://localhost:3000/logistics/tenderos/productos-disponibles?tiendaId=bbbbbbbb-bbbb-4bbb-8bbb-bbbbbbbbbbbb&zona=Zona+Norte,200,59.831,
2026-08-31T04:10:25.376034+00:00,GET,http://localhost:3000/logistics/tenderos/productos-disponibles?tiendaId=bbbbbbbb-bbbb-4bbb-8bbb-bbbbbbbbbbbb&zona=Zona+Norte,200,62.539,
2026-08-31T04:10:25.409616+00:00,GET,http://localhost:3000/logistics/tenderos/productos-disponibles?tiendaId=bbbbbbbb-bbbb-4bbb-8bbb-bbbbbbbbbbbb&zona=Zona+Norte,200,58.891,
2026-08-31T04:10:25.442612+00:00,GET,http://localhost:3000/logistics/tenderos/productos-disponibles?tiendaId=bbbbbbbb-bbbb-4bbb-8bbb-bbbbbbbbbbbb&zona=Zona+Norte,200,63.210,
2026-08-31T04:10:25.476332+00:00,GET,http://localhost:3000/logistics/tenderos/productos-disponibles?tiendaId=bbbbbbbb-bbbb-4bbb-8bbb-bbbbbbbbbbbb&zona=Zona+Norte,200,60.677,
2026-08-31T04:10:25.509247+00:00,GET,http://localhost:3000/logistics/tenderos/productos-disponibles?tiendaId=bbbbbbbb-bbbb-4bbb-8bbb-bbbbbbbbbbbb&zona=Zona+Norte,200,62.611,
2026-08-31T04:10:25.542820+00:00,GET,http://localhost:3000/logistics/tenderos/productos-disponibles?tiendaId=bbbbbbbb-bbbb-4bbb-8bbb-bbbbbbbbbbbb&zona=Zona+Norte,200,58.326,
2026-08-31T04:10:25.576051+00:00,GET,http://localhost:3000/logistics/tenderos/productos-disponibles?tiendaId=bbbbbbbb-bbbb-4bbb-8bbb-bbbbbbbbbbbb&zona=Zona+Norte,200,56.035,
2026-08-31T04:10:25.608920+00:00,GET,http://localhost:3000/logistics/tenderos/productos-disponibles?tiendaId=bbbbbbbb-bbbb-4bbb-8bbb-bbbbbbbbbbbb&zona=Zona+Norte,200,56.921,
2026-08-31T04:10:25.642833+00:00,GET,http://localhost:3000/logistics/tenderos/productos-disponibles?tiendaId=bbbbbbbb-bbbb-4bbb-8bbb-bbbbbbbbbbbb&zona=Zona+Norte,200,59.490,
2026-08-31T04:10:25.676019+00:00,GET,http://localhost:3000/logistics/tenderos/productos-disponibles?tiendaId=bbbbbbbb-bbbb-4bbb-8bbb-bbbbbbbbbbbb&zona=Zona+Norte,200,57.620,
2026-08-31T04:10:25.709681+00:00,GET,http://localhost:3000/logistics/tenderos/productos-disponibles?tiendaId=bbbbbbbb-bbbb-4bbb-8bbb-bbbbbbbbbbbb&zona=Zona+Norte,200,55.303,
2026-08-31T04:10:25.743240+00:00,GET,http://localhost:3000/logistics/tenderos/productos-disponibles?tiendaId=bbbbbbbb-bbbb-4bbb-8bbb-bbbbbbbbbbbb&zona=Zona+Norte,200,56.940,
2026-08-31T04:10:25.776548+00:00,GET,http://localhost:3000/logistics/tenderos/productos-disponibles?tiendaId=bbbbbbbb-bbbb-4bbb-8bbb-bbbbbbbbbbbb&zona=Zona+Norte,200,56.971,
2026-08-31T04:10:25.809839+00:00,GET,http://localhost:3000/logistics/tenderos/productos-disponibles?tiendaId=bbbbbbbb-bbbb-4bbb-8bbb-bbbbbbbbbbbb&zona=Zona+Norte,200,57.555,
2026-08-31T04:10:25.843241+00:00,GET,http://localhost:3000/logistics/tenderos/productos-disponibles?tiendaId=bbbbbbbb-bbbb-4bbb-8bbb-bbbbbbbbbbbb&zona=Zona+Norte,200,62.806,
2026-08-31T04:10:25.876567+00:00,GET,http://localhost:3000/logistics/tenderos/productos-disponibles?tiendaId=bbbbbbbb-bbbb-4bbb-8bbb-bbbbbbbbbbbb&zona=Zona+Norte,200,58.818,
2026-08-31T04:10:25.909174+00:00,GET,http://localhost:3000/logistics/tenderos/productos-disponibles?tiendaId=bbbbbbbb-bbbb-4bbb-8bbb-bbbbbbbbbbbb&zona=Zona+Norte,200,58.017,
2026-08-31T04:10:25.943043+00:00,GET,http://localhost:3000/logistics/tenderos/productos-disponibles?tiendaId=bbbbbbbb-bbbb-4bbb-8bbb-bbbbbbbbbbbb&zona=Zona+Norte,200,57.066,
2026-08-31T04:10:25.976527+00:00,GET,http://localhost:3000/logistics/tenderos/productos-disponibles?tiendaId=bbbbbbbb-bbbb-4bbb-8bbb-bbbbbbbbbbbb&zona=Zona+Norte,200,58.732,
2026-08-31T04:10:26.009850+00:00,GET,http://localhost:3000/logistics/tenderos/productos-disponibles?tiendaId=bbbbbbbb-bbbb-4bbb-8bbb-bbbbbbbbbbbb&zona=Zona+Norte,200,61.216,
2026-08-31T04:10:26.043065+00:00,GET,http://localhost:3000/logistics/tenderos/productos-disponibles?tiendaId=bbbbbbbb-bbbb-4bbb-8bbb-bbbbbbbbbbbb&zona=Zona+Norte,200,61.231,
2026-08-31T04:10:26.076066+00:00,GET,http://localhost:3000/logistics/tenderos/productos-disponibles?tiendaId=bbbbbbbb-bbbb-4bbb-8bbb-bbbbbbbbbbbb&zona=Zona+Norte,200,59.206,
2026-08-31T04:10:26.109408+00:00,GET,http://localhost:3000/logistics/tenderos/productos-disponibles?tiendaId=bbbbbbbb-bbbb-4bbb-8bbb-bbbbbbbbbbbb&zona=Zona+Norte,200,58.590,
2026-08-31T04:10:26.142978+00:00,GET,http://localhost:3000/logistics/tenderos/productos-disponibles?tiendaId=bbbbbbbb-bbbb-4bbb-8bbb-bbbbbbbbbbbb&zona=Zona+Norte,200,58.198,
2026-08-31T04:10:26.176458+00:00,GET,http://localhost:3000/logistics/tenderos/productos-disponibles?tiendaId=bbbbbbbb-bbbb-4bbb-8bbb-bbbbbbbbbbbb&zona=Zona+Norte,200,58.468,
2026-08-31T04:10:26.209793+00:00,GET,http://localhost:3000/logistics/tenderos/productos-disponibles?tiendaId=bbbbbbbb-bbbb-4bbb-8bbb-bbbbbbbbbbbb&zona=Zona+Norte,200,59.158,
2026-08-31T04:10:26.243082+00:00,GET,http://localhost:3000/logistics/tenderos/productos-disponibles?tiendaId=bbbbbbbb-bbbb-4bbb-8bbb-bbbbbbbbbbbb&zona=Zona+Norte,200,59.295,
2026-08-31T04:10:26.276339+00:00,GET,http://localhost:3000/logistics/tenderos/productos-disponibles?tiendaId=bbbbbbbb-bbbb-4bbb-8bbb-bbbbbbbbbbbb&zona=Zona+Norte,200,58.291,
2026-08-31T04:10:26.309685+00:00,GET,http://localhost:3000/logistics/tenderos/productos-disponibles?tiendaId=bbbbbbbb-bbbb-4bbb-8bbb-bbbbbbbbbbbb&zona=Zona+Norte,200,60.893,
2026-08-31T04:10:26.343113+00:00,GET,http://localhost:3000/logistics/tenderos/productos-disponibles?tiendaId=bbbbbbbb-bbbb-4bbb-8bbb-bbbbbbbbbbbb&zona=Zona+Norte,200,60.618,
2026-08-31T04:10:26.376137+00:00,GET,http://localhost:3000/logistics/tenderos/productos-disponibles?tiendaId=bbbbbbbb-bbbb-4bbb-8bbb-bbbbbbbbbbbb&zona=Zona+Norte,200,61.698,
2026-08-31T04:10:26.409482+00:00,GET,http://localhost:3000/logistics/tenderos/productos-disponibles?tiendaId=bbbbbbbb-bbbb-4bbb-8bbb-bbbbbbbbbbbb&zona=Zona+Norte,200,59.258,
2026-08-31T04:10:26.442712+00:00,GET,http://localhost:3000/logistics/tenderos/productos-disponibles?tiendaId=bbbbbbbb-bbbb-4bbb-8bbb-bbbbbbbbbbbb&zona=Zona+Norte,200,58.834,
2026-08-31T04:10:26.475758+00:00,GET,http://localhost:3000/logistics/tenderos/productos-disponibles?tiendaId=bbbbbbbb-bbbb-4bbb-8bbb-bbbbbbbbbbbb&zona=Zona+Norte,200,59.522,
2026-08-31T04:10:26.509762+00:00,GET,http://localhost:3000/logistics/tenderos/productos-disponibles?tiendaId=bbbbbbbb-bbbb-4bbb-8bbb-bbbbbbbbbbbb&zona=Zona+Norte,200,61.068,
2026-08-31T04:10:26.543033+00:00,GET,http://localhost:3000/logistics/tenderos/productos-disponibles?tiendaId=bbbbbbbb-bbbb-4bbb-8bbb-bbbbbbbbbbbb&zona=Zona+Norte,200,60.493,
2026-08-31T04:10:26.576160+00:00,GET,http://localhost:3000/logistics/tenderos/productos-disponibles?tiendaId=bbbbbbbb-bbbb-4bbb-8bbb-bbbbbbbbbbbb&zona=Zona+Norte,200,60.471,
2026-08-31T04:10:26.609501+00:00,GET,http://localhost:3000/logistics/tenderos/productos-disponibles?tiendaId=bbbbbbbb-bbbb-4bbb-8bbb-bbbbbbbbbbbb&zona=Zona+Norte,200,60.707,
2026-08-31T04:10:26.642880+00:00,GET,http://localhost:3000/logistics/tenderos/productos-disponibles?tiendaId=bbbbbbbb-bbbb-4bbb-8bbb-bbbbbbbbbbbb&zona=Zona+Norte,200,61.246,
2026-08-31T04:10:26.676189+00:00,GET,http://localhost:3000/logistics/tenderos/productos-disponibles?tiendaId=bbbbbbbb-bbbb-4bbb-8bbb-bbbbbbbbbbbb&zona=Zona+Norte,200,57.555,
2026-08-31T04:10:26.709475+00:00,GET,http://localhost:3000/logistics/tenderos/productos-disponibles?tiendaId=bbbbbbbb-bbbb-4bbb-8bbb-bbbbbbbbbbbb&zona=Zona+Norte,200,60.886,
2026-08-31T04:10:26.743203+00:00,GET,http://localhost:3000/logistics/tenderos/productos-disponibles?tiendaId=bbbbbbbb-bbbb-4bbb-8bbb-bbbbbbbbbbbb&zona=Zona+Norte,200,61.103,
2026-08-31T04:10:26.776196+00:00,GET,http://localhost:3000/logistics/tenderos/productos-disponibles?tiendaId=bbbbbbbb-bbbb-4bbb-8bbb-bbbbbbbbbbbb&zona=Zona+Norte,200,61.263,
2026-08-31T04:10:26.809445+00:00,GET,http://localhost:3000/logistics/tenderos/productos-disponibles?tiendaId=bbbbbbbb-bbbb-4bbb-8bbb-bbbbbbbbbbbb&zona=Zona+Norte,200,60.550,
2026-08-31T04:10:26.842813+00:00,GET,http://localhost:3000/logistics/tenderos/productos-disponibles?tiendaId=bbbbbbbb-bbbb-4bbb-8bbb-bbbbbbbbbbbb&zona=Zona+Norte,200,62.183,
2026-08-31T04:10:26.876224+00:00,GET,http://localhost:3000/logistics/tenderos/productos-disponibles?tiendaId=bbbbbbbb-bbbb-4bbb-8bbb-bbbbbbbbbbbb&zona=Zona+Norte,200,61.369,
2026-08-31T04:10:26.909352+00:00,GET,http://localhost:3000/logistics/tenderos/productos-disponibles?tiendaId=bbbbbbbb-bbbb-4bbb-8bbb-bbbbbbbbbbbb&zona=Zona+Norte,200,57.428,
2026-08-31T04:10:26.942769+00:00,GET,http://localhost:3000/logistics/tenderos/productos-disponibles?tiendaId=bbbbbbbb-bbbb-4bbb-8bbb-bbbbbbbbbbbb&zona=Zona+Norte,200,60.522,
2026-08-31T04:10:26.976555+00:00,GET,http://localhost:3000/logistics/tenderos/productos-disponibles?tiendaId=bbbbbbbb-bbbb-4bbb-8bbb-bbbbbbbbbbbb&zona=Zona+Norte,200,59.409,
2026-08-31T04:10:27.009057+00:00,GET,http://localhost:3000/logistics/tenderos/productos-disponibles?tiendaId=bbbbbbbb-bbbb-4bbb-8bbb-bbbbbbbbbbbb&zona=Zona+Norte,200,63.333,
2026-08-31T04:10:27.042863+00:00,GET,http://localhost:3000/logistics/tenderos/productos-disponibles?tiendaId=bbbbbbbb-bbbb-4bbb-8bbb-bbbbbbbbbbbb&zona=Zona+Norte,200,63.304,
2026-08-31T04:10:27.075963+00:00,GET,http://localhost:3000/logistics/tenderos/productos-disponibles?tiendaId=bbbbbbbb-bbbb-4bbb-8bbb-bbbbbbbbbbbb&zona=Zona+Norte,200,62.929,
2026-08-31T04:10:27.109217+00:00,GET,http://localhost:3000/logistics/tenderos/productos-disponibles?tiendaId=bbbbbbbb-bbbb-4bbb-8bbb-bbbbbbbbbbbb&zona=Zona+Norte,200,63.736,
2026-08-31T04:10:27.142352+00:00,GET,http://localhost:3000/logistics/tenderos/productos-disponibles?tiendaId=bbbbbbbb-bbbb-4bbb-8bbb-bbbbbbbbbbbb&zona=Zona+Norte,200,60.263,
2026-08-31T04:10:27.175845+00:00,GET,http://localhost:3000/logistics/tenderos/productos-disponibles?tiendaId=bbbbbbbb-bbbb-4bbb-8bbb-bbbbbbbbbbbb&zona=Zona+Norte,200,64.010,
2026-08-31T04:10:27.209644+00:00,GET,http://localhost:3000/logistics/tenderos/productos-disponibles?tiendaId=bbbbbbbb-bbbb-4bbb-8bbb-bbbbbbbbbbbb&zona=Zona+Norte,200,67.063,
2026-08-31T04:10:27.242499+00:00,GET,http://localhost:3000/logistics/tenderos/productos-disponibles?tiendaId=bbbbbbbb-bbbb-4bbb-8bbb-bbbbbbbbbbbb&zona=Zona+Norte,200,63.923,
2026-08-31T04:10:27.276320+00:00,GET,http://localhost:3000/logistics/tenderos/productos-disponibles?tiendaId=bbbbbbbb-bbbb-4bbb-8bbb-bbbbbbbbbbbb&zona=Zona+Norte,200,62.059,
2026-08-31T04:10:27.309163+00:00,GET,http://localhost:3000/logistics/tenderos/productos-disponibles?tiendaId=bbbbbbbb-bbbb-4bbb-8bbb-bbbbbbbbbbbb&zona=Zona+Norte,200,59.862,
2026-08-31T04:10:27.342679+00:00,GET,http://localhost:3000/logistics/tenderos/productos-disponibles?tiendaId=bbbbbbbb-bbbb-4bbb-8bbb-bbbbbbbbbbbb&zona=Zona+Norte,200,58.059,
2026-08-31T04:10:27.376291+00:00,GET,http://localhost:3000/logistics/tenderos/productos-disponibles?tiendaId=bbbbbbbb-bbbb-4bbb-8bbb-bbbbbbbbbbbb&zona=Zona+Norte,200,61.586,
2026-08-31T04:10:27.409884+00:00,GET,http://localhost:3000/logistics/tenderos/productos-disponibles?tiendaId=bbbbbbbb-bbbb-4bbb-8bbb-bbbbbbbbbbbb&zona=Zona+Norte,200,63.030,
2026-08-31T04:10:27.442657+00:00,GET,http://localhost:3000/logistics/tenderos/productos-disponibles?tiendaId=bbbbbbbb-bbbb-4bbb-8bbb-bbbbbbbbbbbb&zona=Zona+Norte,200,60.090,
2026-08-31T04:10:27.475874+00:00,GET,http://localhost:3000/logistics/tenderos/productos-disponibles?tiendaId=bbbbbbbb-bbbb-4bbb-8bbb-bbbbbbbbbbbb&zona=Zona+Norte,200,62.527,
2026-08-31T04:10:27.509648+00:00,GET,http://localhost:3000/logistics/tenderos/productos-disponibles?tiendaId=bbbbbbbb-bbbb-4bbb-8bbb-bbbbbbbbbbbb&zona=Zona+Norte,200,61.898,
2026-08-31T04:10:27.542674+00:00,GET,http://localhost:3000/logistics/tenderos/productos-disponibles?tiendaId=bbbbbbbb-bbbb-4bbb-8bbb-bbbbbbbbbbbb&zona=Zona+Norte,200,60.452,
2026-08-31T04:10:27.576100+00:00,GET,http://localhost:3000/logistics/tenderos/productos-disponibles?tiendaId=bbbbbbbb-bbbb-4bbb-8bbb-bbbbbbbbbbbb&zona=Zona+Norte,200,61.655,
2026-08-31T04:10:27.609593+00:00,GET,http://localhost:3000/logistics/tenderos/productos-disponibles?tiendaId=bbbbbbbb-bbbb-4bbb-8bbb-bbbbbbbbbbbb&zona=Zona+Norte,200,60.757,
2026-08-31T04:10:27.642782+00:00,GET,http://localhost:3000/logistics/tenderos/productos-disponibles?tiendaId=bbbbbbbb-bbbb-4bbb-8bbb-bbbbbbbbbbbb&zona=Zona+Norte,200,58.765,
2026-08-31T04:10:27.676198+00:00,GET,http://localhost:3000/logistics/tenderos/productos-disponibles?tiendaId=bbbbbbbb-bbbb-4bbb-8bbb-bbbbbbbbbbbb&zona=Zona+Norte,200,61.829,
2026-08-31T04:10:27.709825+00:00,GET,http://localhost:3000/logistics/tenderos/productos-disponibles?tiendaId=bbbbbbbb-bbbb-4bbb-8bbb-bbbbbbbbbbbb&zona=Zona+Norte,200,62.572,
2026-08-31T04:10:27.742737+00:00,GET,http://localhost:3000/logistics/tenderos/productos-disponibles?tiendaId=bbbbbbbb-bbbb-4bbb-8bbb-bbbbbbbbbbbb&zona=Zona+Norte,200,59.234,
2026-08-31T04:10:27.775761+00:00,GET,http://localhost:3000/logistics/tenderos/productos-disponibles?tiendaId=bbbbbbbb-bbbb-4bbb-8bbb-bbbbbbbbbbbb&zona=Zona+Norte,200,58.880,
2026-08-31T04:10:27.809748+00:00,GET,http://localhost:3000/logistics/tenderos/productos-disponibles?tiendaId=bbbbbbbb-bbbb-4bbb-8bbb-bbbbbbbbbbbb&zona=Zona+Norte,200,60.327,
2026-08-31T04:10:27.843180+00:00,GET,http://localhost:3000/logistics/tenderos/productos-disponibles?tiendaId=bbbbbbbb-bbbb-4bbb-8bbb-bbbbbbbbbbbb&zona=Zona+Norte,200,61.945,
2026-08-31T04:10:27.876250+00:00,GET,http://localhost:3000/logistics/tenderos/productos-disponibles?tiendaId=bbbbbbbb-bbbb-4bbb-8bbb-bbbbbbbbbbbb&zona=Zona+Norte,200,57.801,
2026-08-31T04:10:27.909351+00:00,GET,http://localhost:3000/logistics/tenderos/productos-disponibles?tiendaId=bbbbbbbb-bbbb-4bbb-8bbb-bbbbbbbbbbbb&zona=Zona+Norte,200,58.728,
2026-08-31T04:10:27.943232+00:00,GET,http://localhost:3000/logistics/tenderos/productos-disponibles?tiendaId=bbbbbbbb-bbbb-4bbb-8bbb-bbbbbbbbbbbb&zona=Zona+Norte,200,62.334,
2026-08-31T04:10:27.976503+00:00,GET,http://localhost:3000/logistics/tenderos/productos-disponibles?tiendaId=bbbbbbbb-bbbb-4bbb-8bbb-bbbbbbbbbbbb&zona=Zona+Norte,200,60.311,
2026-08-31T04:10:28.009273+00:00,GET,http://localhost:3000/logistics/tenderos/productos-disponibles?tiendaId=bbbbbbbb-bbbb-4bbb-8bbb-bbbbbbbbbbbb&zona=Zona+Norte,200,61.562,
2026-08-31T04:10:28.042896+00:00,GET,http://localhost:3000/logistics/tenderos/productos-disponibles?tiendaId=bbbbbbbb-bbbb-4bbb-8bbb-bbbbbbbbbbbb&zona=Zona+Norte,200,62.149,
2026-08-31T04:10:28.075672+00:00,GET,http://localhost:3000/logistics/tenderos/productos-disponibles?tiendaId=bbbbbbbb-bbbb-4bbb-8bbb-bbbbbbbbbbbb&zona=Zona+Norte,200,59.166,
2026-08-31T04:10:28.109373+00:00,GET,http://localhost:3000/logistics/tenderos/productos-disponibles?tiendaId=bbbbbbbb-bbbb-4bbb-8bbb-bbbbbbbbbbbb&zona=Zona+Norte,200,59.640,
2026-08-31T04:10:28.142526+00:00,GET,http://localhost:3000/logistics/tenderos/productos-disponibles?tiendaId=bbbbbbbb-bbbb-4bbb-8bbb-bbbbbbbbbbbb&zona=Zona+Norte,200,58.109,
2026-08-31T04:10:28.176286+00:00,GET,http://localhost:3000/logistics/tenderos/productos-disponibles?tiendaId=bbbbbbbb-bbbb-4bbb-8bbb-bbbbbbbbbbbb&zona=Zona+Norte,200,63.430,
2026-08-31T04:10:28.209307+00:00,GET,http://localhost:3000/logistics/tenderos/productos-disponibles?tiendaId=bbbbbbbb-bbbb-4bbb-8bbb-bbbbbbbbbbbb&zona=Zona+Norte,200,59.609,
2026-08-31T04:10:28.242506+00:00,GET,http://localhost:3000/logistics/tenderos/productos-disponibles?tiendaId=bbbbbbbb-bbbb-4bbb-8bbb-bbbbbbbbbbbb&zona=Zona+Norte,200,61.609,
2026-08-31T04:10:28.276396+00:00,GET,http://localhost:3000/logistics/tenderos/productos-disponibles?tiendaId=bbbbbbbb-bbbb-4bbb-8bbb-bbbbbbbbbbbb&zona=Zona+Norte,200,55.783,
2026-08-31T04:10:28.309490+00:00,GET,http://localhost:3000/logistics/tenderos/productos-disponibles?tiendaId=bbbbbbbb-bbbb-4bbb-8bbb-bbbbbbbbbbbb&zona=Zona+Norte,200,62.159,
2026-08-31T04:10:28.343277+00:00,GET,http://localhost:3000/logistics/tenderos/productos-disponibles?tiendaId=bbbbbbbb-bbbb-4bbb-8bbb-bbbbbbbbbbbb&zona=Zona+Norte,200,57.294,
2026-08-31T04:10:28.376116+00:00,GET,http://localhost:3000/logistics/tenderos/productos-disponibles?tiendaId=bbbbbbbb-bbbb-4bbb-8bbb-bbbbbbbbbbbb&zona=Zona+Norte,200,56.706,
2026-08-31T04:10:28.409926+00:00,GET,http://localhost:3000/logistics/tenderos/productos-disponibles?tiendaId=bbbbbbbb-bbbb-4bbb-8bbb-bbbbbbbbbbbb&zona=Zona+Norte,200,57.976,
2026-08-31T04:10:28.443257+00:00,GET,http://localhost:3000/logistics/tenderos/productos-disponibles?tiendaId=bbbbbbbb-bbbb-4bbb-8bbb-bbbbbbbbbbbb&zona=Zona+Norte,200,56.352,
2026-08-31T04:10:28.476542+00:00,GET,http://localhost:3000/logistics/tenderos/productos-disponibles?tiendaId=bbbbbbbb-bbbb-4bbb-8bbb-bbbbbbbbbbbb&zona=Zona+Norte,200,58.228,
2026-08-31T04:10:28.509933+00:00,GET,http://localhost:3000/logistics/tenderos/productos-disponibles?tiendaId=bbbbbbbb-bbbb-4bbb-8bbb-bbbbbbbbbbbb&zona=Zona+Norte,200,56.133,
2026-08-31T04:10:28.543188+00:00,GET,http://localhost:3000/logistics/tenderos/productos-disponibles?tiendaId=bbbbbbbb-bbbb-4bbb-8bbb-bbbbbbbbbbbb&zona=Zona+Norte,200,55.146,
2026-08-31T04:10:28.576697+00:00,GET,http://localhost:3000/logistics/tenderos/productos-disponibles?tiendaId=bbbbbbbb-bbbb-4bbb-8bbb-bbbbbbbbbbbb&zona=Zona+Norte,200,57.887,
2026-08-31T04:10:28.609922+00:00,GET,http://localhost:3000/logistics/tenderos/productos-disponibles?tiendaId=bbbbbbbb-bbbb-4bbb-8bbb-bbbbbbbbbbbb&zona=Zona+Norte,200,61.436,
2026-08-31T04:10:28.643205+00:00,GET,http://localhost:3000/logistics/tenderos/productos-disponibles?tiendaId=bbbbbbbb-bbbb-4bbb-8bbb-bbbbbbbbbbbb&zona=Zona+Norte,200,56.134,
2026-08-31T04:10:28.676102+00:00,GET,http://localhost:3000/logistics/tenderos/productos-disponibles?tiendaId=bbbbbbbb-bbbb-4bbb-8bbb-bbbbbbbbbbbb&zona=Zona+Norte,200,58.312,
2026-08-31T04:10:28.709924+00:00,GET,http://localhost:3000/logistics/tenderos/productos-disponibles?tiendaId=bbbbbbbb-bbbb-4bbb-8bbb-bbbbbbbbbbbb&zona=Zona+Norte,200,55.618,
2026-08-31T04:10:28.743212+00:00,GET,http://localhost:3000/logistics/tenderos/productos-disponibles?tiendaId=bbbbbbbb-bbbb-4bbb-8bbb-bbbbbbbbbbbb&zona=Zona+Norte,200,58.884,
2026-08-31T04:10:28.776601+00:00,GET,http://localhost:3000/logistics/tenderos/productos-disponibles?tiendaId=bbbbbbbb-bbbb-4bbb-8bbb-bbbbbbbbbbbb&zona=Zona+Norte,200,59.155,
2026-08-31T04:10:28.809783+00:00,GET,http://localhost:3000/logistics/tenderos/productos-disponibles?tiendaId=bbbbbbbb-bbbb-4bbb-8bbb-bbbbbbbbbbbb&zona=Zona+Norte,200,64.975,
2026-08-31T04:10:28.843053+00:00,GET,http://localhost:3000/logistics/tenderos/productos-disponibles?tiendaId=bbbbbbbb-bbbb-4bbb-8bbb-bbbbbbbbbbbb&zona=Zona+Norte,200,68.693,
2026-08-31T04:10:28.875674+00:00,GET,http://localhost:3000/logistics/tenderos/productos-disponibles?tiendaId=bbbbbbbb-bbbb-4bbb-8bbb-bbbbbbbbbbbb&zona=Zona+Norte,200,69.568,
2026-08-31T04:10:28.909922+00:00,GET,http://localhost:3000/logistics/tenderos/productos-disponibles?tiendaId=bbbbbbbb-bbbb-4bbb-8bbb-bbbbbbbbbbbb&zona=Zona+Norte,200,70.916,
2026-08-31T04:10:28.943237+00:00,GET,http://localhost:3000/logistics/tenderos/productos-disponibles?tiendaId=bbbbbbbb-bbbb-4bbb-8bbb-bbbbbbbbbbbb&zona=Zona+Norte,200,66.633,
2026-08-31T04:10:28.976585+00:00,GET,http://localhost:3000/logistics/tenderos/productos-disponibles?tiendaId=bbbbbbbb-bbbb-4bbb-8bbb-bbbbbbbbbbbb&zona=Zona+Norte,200,70.801,
2026-08-31T04:10:29.008988+00:00,GET,http://localhost:3000/logistics/tenderos/productos-disponibles?tiendaId=bbbbbbbb-bbbb-4bbb-8bbb-bbbbbbbbbbbb&zona=Zona+Norte,200,68.784,
2026-08-31T04:10:29.043250+00:00,GET,http://localhost:3000/logistics/tenderos/productos-disponibles?tiendaId=bbbbbbbb-bbbb-4bbb-8bbb-bbbbbbbbbbbb&zona=Zona+Norte,200,68.107,
2026-08-31T04:10:29.076578+00:00,GET,http://localhost:3000/logistics/tenderos/productos-disponibles?tiendaId=bbbbbbbb-bbbb-4bbb-8bbb-bbbbbbbbbbbb&zona=Zona+Norte,200,65.912,
2026-08-31T04:10:29.109765+00:00,GET,http://localhost:3000/logistics/tenderos/productos-disponibles?tiendaId=bbbbbbbb-bbbb-4bbb-8bbb-bbbbbbbbbbbb&zona=Zona+Norte,200,61.117,
2026-08-31T04:10:29.142508+00:00,GET,http://localhost:3000/logistics/tenderos/productos-disponibles?tiendaId=bbbbbbbb-bbbb-4bbb-8bbb-bbbbbbbbbbbb&zona=Zona+Norte,200,60.062,
2026-08-31T04:10:29.176172+00:00,GET,http://localhost:3000/logistics/tenderos/productos-disponibles?tiendaId=bbbbbbbb-bbbb-4bbb-8bbb-bbbbbbbbbbbb&zona=Zona+Norte,200,59.361,
2026-08-31T04:10:29.209706+00:00,GET,http://localhost:3000/logistics/tenderos/productos-disponibles?tiendaId=bbbbbbbb-bbbb-4bbb-8bbb-bbbbbbbbbbbb&zona=Zona+Norte,200,62.581,
2026-08-31T04:10:29.243071+00:00,GET,http://localhost:3000/logistics/tenderos/productos-disponibles?tiendaId=bbbbbbbb-bbbb-4bbb-8bbb-bbbbbbbbbbbb&zona=Zona+Norte,200,65.329,
2026-08-31T04:10:29.275992+00:00,GET,http://localhost:3000/logistics/tenderos/productos-disponibles?tiendaId=bbbbbbbb-bbbb-4bbb-8bbb-bbbbbbbbbbbb&zona=Zona+Norte,200,60.149,
2026-08-31T04:10:29.308971+00:00,GET,http://localhost:3000/logistics/tenderos/productos-disponibles?tiendaId=bbbbbbbb-bbbb-4bbb-8bbb-bbbbbbbbbbbb&zona=Zona+Norte,200,62.971,
2026-08-31T04:10:29.343010+00:00,GET,http://localhost:3000/logistics/tenderos/productos-disponibles?tiendaId=bbbbbbbb-bbbb-4bbb-8bbb-bbbbbbbbbbbb&zona=Zona+Norte,200,60.149,
2026-08-31T04:10:29.376045+00:00,GET,http://localhost:3000/logistics/tenderos/productos-disponibles?tiendaId=bbbbbbbb-bbbb-4bbb-8bbb-bbbbbbbbbbbb&zona=Zona+Norte,200,60.165,
2026-08-31T04:10:29.409656+00:00,GET,http://localhost:3000/logistics/tenderos/productos-disponibles?tiendaId=bbbbbbbb-bbbb-4bbb-8bbb-bbbbbbbbbbbb&zona=Zona+Norte,200,58.996,
2026-08-31T04:10:29.443000+00:00,GET,http://localhost:3000/logistics/tenderos/productos-disponibles?tiendaId=bbbbbbbb-bbbb-4bbb-8bbb-bbbbbbbbbbbb&zona=Zona+Norte,200,64.389,
2026-08-31T04:10:29.476447+00:00,GET,http://localhost:3000/logistics/tenderos/productos-disponibles?tiendaId=bbbbbbbb-bbbb-4bbb-8bbb-bbbbbbbbbbbb&zona=Zona+Norte,200,63.900,
2026-08-31T04:10:29.509096+00:00,GET,http://localhost:3000/logistics/tenderos/productos-disponibles?tiendaId=bbbbbbbb-bbbb-4bbb-8bbb-bbbbbbbbbbbb&zona=Zona+Norte,200,62.570,
2026-08-31T04:10:29.542501+00:00,GET,http://localhost:3000/logistics/tenderos/productos-disponibles?tiendaId=bbbbbbbb-bbbb-4bbb-8bbb-bbbbbbbbbbbb&zona=Zona+Norte,200,59.692,
2026-08-31T04:10:29.576165+00:00,GET,http://localhost:3000/logistics/tenderos/productos-disponibles?tiendaId=bbbbbbbb-bbbb-4bbb-8bbb-bbbbbbbbbbbb&zona=Zona+Norte,200,58.755,
2026-08-31T04:10:29.609754+00:00,GET,http://localhost:3000/logistics/tenderos/productos-disponibles?tiendaId=bbbbbbbb-bbbb-4bbb-8bbb-bbbbbbbbbbbb&zona=Zona+Norte,200,59.318,
2026-08-31T04:10:29.643176+00:00,GET,http://localhost:3000/logistics/tenderos/productos-disponibles?tiendaId=bbbbbbbb-bbbb-4bbb-8bbb-bbbbbbbbbbbb&zona=Zona+Norte,200,56.430,
2026-08-31T04:10:29.676407+00:00,GET,http://localhost:3000/logistics/tenderos/productos-disponibles?tiendaId=bbbbbbbb-bbbb-4bbb-8bbb-bbbbbbbbbbbb&zona=Zona+Norte,200,56.575,
2026-08-31T04:10:29.709930+00:00,GET,http://localhost:3000/logistics/tenderos/productos-disponibles?tiendaId=bbbbbbbb-bbbb-4bbb-8bbb-bbbbbbbbbbbb&zona=Zona+Norte,200,62.964,
2026-08-31T04:10:29.743270+00:00,GET,http://localhost:3000/logistics/tenderos/productos-disponibles?tiendaId=bbbbbbbb-bbbb-4bbb-8bbb-bbbbbbbbbbbb&zona=Zona+Norte,200,56.844,
2026-08-31T04:10:29.775931+00:00,GET,http://localhost:3000/logistics/tenderos/productos-disponibles?tiendaId=bbbbbbbb-bbbb-4bbb-8bbb-bbbbbbbbbbbb&zona=Zona+Norte,200,55.627,
2026-08-31T04:10:29.809939+00:00,GET,http://localhost:3000/logistics/tenderos/productos-disponibles?tiendaId=bbbbbbbb-bbbb-4bbb-8bbb-bbbbbbbbbbbb&zona=Zona+Norte,200,58.157,
2026-08-31T04:10:29.843276+00:00,GET,http://localhost:3000/logistics/tenderos/productos-disponibles?tiendaId=bbbbbbbb-bbbb-4bbb-8bbb-bbbbbbbbbbbb&zona=Zona+Norte,200,60.860,
2026-08-31T04:10:29.876305+00:00,GET,http://localhost:3000/logistics/tenderos/productos-disponibles?tiendaId=bbbbbbbb-bbbb-4bbb-8bbb-bbbbbbbbbbbb&zona=Zona+Norte,200,63.097,
2026-08-31T04:10:29.909521+00:00,GET,http://localhost:3000/logistics/tenderos/productos-disponibles?tiendaId=bbbbbbbb-bbbb-4bbb-8bbb-bbbbbbbbbbbb&zona=Zona+Norte,200,63.801,
2026-08-31T04:10:29.942584+00:00,GET,http://localhost:3000/logistics/tenderos/productos-disponibles?tiendaId=bbbbbbbb-bbbb-4bbb-8bbb-bbbbbbbbbbbb&zona=Zona+Norte,200,60.569,
2026-08-31T04:10:29.975841+00:00,GET,http://localhost:3000/logistics/tenderos/productos-disponibles?tiendaId=bbbbbbbb-bbbb-4bbb-8bbb-bbbbbbbbbbbb&zona=Zona+Norte,200,59.378,
2026-08-31T04:10:30.009656+00:00,GET,http://localhost:3000/logistics/tenderos/productos-disponibles?tiendaId=bbbbbbbb-bbbb-4bbb-8bbb-bbbbbbbbbbbb&zona=Zona+Norte,200,62.818,
2026-08-31T04:10:30.043191+00:00,GET,http://localhost:3000/logistics/tenderos/productos-disponibles?tiendaId=bbbbbbbb-bbbb-4bbb-8bbb-bbbbbbbbbbbb&zona=Zona+Norte,200,60.233,
2026-08-31T04:10:30.075965+00:00,GET,http://localhost:3000/logistics/tenderos/productos-disponibles?tiendaId=bbbbbbbb-bbbb-4bbb-8bbb-bbbbbbbbbbbb&zona=Zona+Norte,200,63.008,
2026-08-31T04:10:30.109633+00:00,GET,http://localhost:3000/logistics/tenderos/productos-disponibles?tiendaId=bbbbbbbb-bbbb-4bbb-8bbb-bbbbbbbbbbbb&zona=Zona+Norte,200,63.181,
2026-08-31T04:10:30.142692+00:00,GET,http://localhost:3000/logistics/tenderos/productos-disponibles?tiendaId=bbbbbbbb-bbbb-4bbb-8bbb-bbbbbbbbbbbb&zona=Zona+Norte,200,63.849,
2026-08-31T04:10:30.175935+00:00,GET,http://localhost:3000/logistics/tenderos/productos-disponibles?tiendaId=bbbbbbbb-bbbb-4bbb-8bbb-bbbbbbbbbbbb&zona=Zona+Norte,200,60.835,
2026-08-31T04:10:30.209204+00:00,GET,http://localhost:3000/logistics/tenderos/productos-disponibles?tiendaId=bbbbbbbb-bbbb-4bbb-8bbb-bbbbbbbbbbbb&zona=Zona+Norte,200,61.524,
2026-08-31T04:10:30.242942+00:00,GET,http://localhost:3000/logistics/tenderos/productos-disponibles?tiendaId=bbbbbbbb-bbbb-4bbb-8bbb-bbbbbbbbbbbb&zona=Zona+Norte,200,62.099,
2026-08-31T04:10:30.276232+00:00,GET,http://localhost:3000/logistics/tenderos/productos-disponibles?tiendaId=bbbbbbbb-bbbb-4bbb-8bbb-bbbbbbbbbbbb&zona=Zona+Norte,200,63.444,
2026-08-31T04:10:30.309402+00:00,GET,http://localhost:3000/logistics/tenderos/productos-disponibles?tiendaId=bbbbbbbb-bbbb-4bbb-8bbb-bbbbbbbbbbbb&zona=Zona+Norte,200,63.744,
2026-08-31T04:10:30.342555+00:00,GET,http://localhost:3000/logistics/tenderos/productos-disponibles?tiendaId=bbbbbbbb-bbbb-4bbb-8bbb-bbbbbbbbbbbb&zona=Zona+Norte,200,61.843,
2026-08-31T04:10:30.375872+00:00,GET,http://localhost:3000/logistics/tenderos/productos-disponibles?tiendaId=bbbbbbbb-bbbb-4bbb-8bbb-bbbbbbbbbbbb&zona=Zona+Norte,200,63.203,
2026-08-31T04:10:30.409487+00:00,GET,http://localhost:3000/logistics/tenderos/productos-disponibles?tiendaId=bbbbbbbb-bbbb-4bbb-8bbb-bbbbbbbbbbbb&zona=Zona+Norte,200,64.525,
2026-08-31T04:10:30.442639+00:00,GET,http://localhost:3000/logistics/tenderos/productos-disponibles?tiendaId=bbbbbbbb-bbbb-4bbb-8bbb-bbbbbbbbbbbb&zona=Zona+Norte,200,62.197,
2026-08-31T04:10:30.475743+00:00,GET,http://localhost:3000/logistics/tenderos/productos-disponibles?tiendaId=bbbbbbbb-bbbb-4bbb-8bbb-bbbbbbbbbbbb&zona=Zona+Norte,200,62.335,
2026-08-31T04:10:30.509290+00:00,GET,http://localhost:3000/logistics/tenderos/productos-disponibles?tiendaId=bbbbbbbb-bbbb-4bbb-8bbb-bbbbbbbbbbbb&zona=Zona+Norte,200,62.316,
2026-08-31T04:10:30.542616+00:00,GET,http://localhost:3000/logistics/tenderos/productos-disponibles?tiendaId=bbbbbbbb-bbbb-4bbb-8bbb-bbbbbbbbbbbb&zona=Zona+Norte,200,60.156,
2026-08-31T04:10:30.576141+00:00,GET,http://localhost:3000/logistics/tenderos/productos-disponibles?tiendaId=bbbbbbbb-bbbb-4bbb-8bbb-bbbbbbbbbbbb&zona=Zona+Norte,200,60.763,
2026-08-31T04:10:30.609691+00:00,GET,http://localhost:3000/logistics/tenderos/productos-disponibles?tiendaId=bbbbbbbb-bbbb-4bbb-8bbb-bbbbbbbbbbbb&zona=Zona+Norte,200,59.714,
2026-08-31T04:10:30.642923+00:00,GET,http://localhost:3000/logistics/tenderos/productos-disponibles?tiendaId=bbbbbbbb-bbbb-4bbb-8bbb-bbbbbbbbbbbb&zona=Zona+Norte,200,62.672,
2026-08-31T04:10:30.676361+00:00,GET,http://localhost:3000/logistics/tenderos/productos-disponibles?tiendaId=bbbbbbbb-bbbb-4bbb-8bbb-bbbbbbbbbbbb&zona=Zona+Norte,200,59.283,
2026-08-31T04:10:30.709014+00:00,GET,http://localhost:3000/logistics/tenderos/productos-disponibles?tiendaId=bbbbbbbb-bbbb-4bbb-8bbb-bbbbbbbbbbbb&zona=Zona+Norte,200,63.007,
2026-08-31T04:10:30.743063+00:00,GET,http://localhost:3000/logistics/tenderos/productos-disponibles?tiendaId=bbbbbbbb-bbbb-4bbb-8bbb-bbbbbbbbbbbb&zona=Zona+Norte,200,63.515,
2026-08-31T04:10:30.776092+00:00,GET,http://localhost:3000/logistics/tenderos/productos-disponibles?tiendaId=bbbbbbbb-bbbb-4bbb-8bbb-bbbbbbbbbbbb&zona=Zona+Norte,200,60.339,
2026-08-31T04:10:30.809214+00:00,GET,http://localhost:3000/logistics/tenderos/productos-disponibles?tiendaId=bbbbbbbb-bbbb-4bbb-8bbb-bbbbbbbbbbbb&zona=Zona+Norte,200,63.809,
2026-08-31T04:10:30.842594+00:00,GET,http://localhost:3000/logistics/tenderos/productos-disponibles?tiendaId=bbbbbbbb-bbbb-4bbb-8bbb-bbbbbbbbbbbb&zona=Zona+Norte,200,64.711,
2026-08-31T04:10:30.875911+00:00,GET,http://localhost:3000/logistics/tenderos/productos-disponibles?tiendaId=bbbbbbbb-bbbb-4bbb-8bbb-bbbbbbbbbbbb&zona=Zona+Norte,200,63.147,
2026-08-31T04:10:30.909086+00:00,GET,http://localhost:3000/logistics/tenderos/productos-disponibles?tiendaId=bbbbbbbb-bbbb-4bbb-8bbb-bbbbbbbbbbbb&zona=Zona+Norte,200,60.034,
2026-08-31T04:10:30.942634+00:00,GET,http://localhost:3000/logistics/tenderos/productos-disponibles?tiendaId=bbbbbbbb-bbbb-4bbb-8bbb-bbbbbbbbbbbb&zona=Zona+Norte,200,63.656,
2026-08-31T04:10:30.976404+00:00,GET,http://localhost:3000/logistics/tenderos/productos-disponibles?tiendaId=bbbbbbbb-bbbb-4bbb-8bbb-bbbbbbbbbbbb&zona=Zona+Norte,200,60.671,
2026-08-31T04:10:31.009214+00:00,GET,http://localhost:3000/logistics/tenderos/productos-disponibles?tiendaId=bbbbbbbb-bbbb-4bbb-8bbb-bbbbbbbbbbbb&zona=Zona+Norte,200,59.243,
2026-08-31T04:10:31.042600+00:00,GET,http://localhost:3000/logistics/tenderos/productos-disponibles?tiendaId=bbbbbbbb-bbbb-4bbb-8bbb-bbbbbbbbbbbb&zona=Zona+Norte,200,63.442,
2026-08-31T04:10:31.075985+00:00,GET,http://localhost:3000/logistics/tenderos/productos-disponibles?tiendaId=bbbbbbbb-bbbb-4bbb-8bbb-bbbbbbbbbbbb&zona=Zona+Norte,200,60.423,
2026-08-31T04:10:31.109269+00:00,GET,http://localhost:3000/logistics/tenderos/productos-disponibles?tiendaId=bbbbbbbb-bbbb-4bbb-8bbb-bbbbbbbbbbbb&zona=Zona+Norte,200,62.363,
2026-08-31T04:10:31.142985+00:00,GET,http://localhost:3000/logistics/tenderos/productos-disponibles?tiendaId=bbbbbbbb-bbbb-4bbb-8bbb-bbbbbbbbbbbb&zona=Zona+Norte,200,59.134,
2026-08-31T04:10:31.176109+00:00,GET,http://localhost:3000/logistics/tenderos/productos-disponibles?tiendaId=bbbbbbbb-bbbb-4bbb-8bbb-bbbbbbbbbbbb&zona=Zona+Norte,200,63.215,
2026-08-31T04:10:31.209611+00:00,GET,http://localhost:3000/logistics/tenderos/productos-disponibles?tiendaId=bbbbbbbb-bbbb-4bbb-8bbb-bbbbbbbbbbbb&zona=Zona+Norte,200,62.035,
2026-08-31T04:10:31.242648+00:00,GET,http://localhost:3000/logistics/tenderos/productos-disponibles?tiendaId=bbbbbbbb-bbbb-4bbb-8bbb-bbbbbbbbbbbb&zona=Zona+Norte,200,63.485,
2026-08-31T04:10:31.276121+00:00,GET,http://localhost:3000/logistics/tenderos/productos-disponibles?tiendaId=bbbbbbbb-bbbb-4bbb-8bbb-bbbbbbbbbbbb&zona=Zona+Norte,200,63.808,
2026-08-31T04:10:31.309258+00:00,GET,http://localhost:3000/logistics/tenderos/productos-disponibles?tiendaId=bbbbbbbb-bbbb-4bbb-8bbb-bbbbbbbbbbbb&zona=Zona+Norte,200,59.119,
2026-08-31T04:10:31.342538+00:00,GET,http://localhost:3000/logistics/tenderos/productos-disponibles?tiendaId=bbbbbbbb-bbbb-4bbb-8bbb-bbbbbbbbbbbb&zona=Zona+Norte,200,61.283,
2026-08-31T04:10:31.376363+00:00,GET,http://localhost:3000/logistics/tenderos/productos-disponibles?tiendaId=bbbbbbbb-bbbb-4bbb-8bbb-bbbbbbbbbbbb&zona=Zona+Norte,200,59.236,
2026-08-31T04:10:31.409583+00:00,GET,http://localhost:3000/logistics/tenderos/productos-disponibles?tiendaId=bbbbbbbb-bbbb-4bbb-8bbb-bbbbbbbbbbbb&zona=Zona+Norte,200,63.366,
2026-08-31T04:10:31.443021+00:00,GET,http://localhost:3000/logistics/tenderos/productos-disponibles?tiendaId=bbbbbbbb-bbbb-4bbb-8bbb-bbbbbbbbbbbb&zona=Zona+Norte,200,59.726,
2026-08-31T04:10:31.475963+00:00,GET,http://localhost:3000/logistics/tenderos/productos-disponibles?tiendaId=bbbbbbbb-bbbb-4bbb-8bbb-bbbbbbbbbbbb&zona=Zona+Norte,200,58.923,
2026-08-31T04:10:31.509712+00:00,GET,http://localhost:3000/logistics/tenderos/productos-disponibles?tiendaId=bbbbbbbb-bbbb-4bbb-8bbb-bbbbbbbbbbbb&zona=Zona+Norte,200,64.179,
2026-08-31T04:10:31.543205+00:00,GET,http://localhost:3000/logistics/tenderos/productos-disponibles?tiendaId=bbbbbbbb-bbbb-4bbb-8bbb-bbbbbbbbbbbb&zona=Zona+Norte,200,60.843,
2026-08-31T04:10:31.575874+00:00,GET,http://localhost:3000/logistics/tenderos/productos-disponibles?tiendaId=bbbbbbbb-bbbb-4bbb-8bbb-bbbbbbbbbbbb&zona=Zona+Norte,200,63.868,
2026-08-31T04:10:31.609166+00:00,GET,http://localhost:3000/logistics/tenderos/productos-disponibles?tiendaId=bbbbbbbb-bbbb-4bbb-8bbb-bbbbbbbbbbbb&zona=Zona+Norte,200,64.343,
2026-08-31T04:10:31.642604+00:00,GET,http://localhost:3000/logistics/tenderos/productos-disponibles?tiendaId=bbbbbbbb-bbbb-4bbb-8bbb-bbbbbbbbbbbb&zona=Zona+Norte,200,60.500,
2026-08-31T04:10:31.675673+00:00,GET,http://localhost:3000/logistics/tenderos/productos-disponibles?tiendaId=bbbbbbbb-bbbb-4bbb-8bbb-bbbbbbbbbbbb&zona=Zona+Norte,200,62.015,
2026-08-31T04:10:31.709697+00:00,GET,http://localhost:3000/logistics/tenderos/productos-disponibles?tiendaId=bbbbbbbb-bbbb-4bbb-8bbb-bbbbbbbbbbbb&zona=Zona+Norte,200,63.561,
2026-08-31T04:10:31.742835+00:00,GET,http://localhost:3000/logistics/tenderos/productos-disponibles?tiendaId=bbbbbbbb-bbbb-4bbb-8bbb-bbbbbbbbbbbb&zona=Zona+Norte,200,59.721,
2026-08-31T04:10:31.775903+00:00,GET,http://localhost:3000/logistics/tenderos/productos-disponibles?tiendaId=bbbbbbbb-bbbb-4bbb-8bbb-bbbbbbbbbbbb&zona=Zona+Norte,200,62.076,
2026-08-31T04:10:31.809740+00:00,GET,http://localhost:3000/logistics/tenderos/productos-disponibles?tiendaId=bbbbbbbb-bbbb-4bbb-8bbb-bbbbbbbbbbbb&zona=Zona+Norte,200,62.961,
2026-08-31T04:10:31.842838+00:00,GET,http://localhost:3000/logistics/tenderos/productos-disponibles?tiendaId=bbbbbbbb-bbbb-4bbb-8bbb-bbbbbbbbbbbb&zona=Zona+Norte,200,61.242,
2026-08-31T04:10:31.875977+00:00,GET,http://localhost:3000/logistics/tenderos/productos-disponibles?tiendaId=bbbbbbbb-bbbb-4bbb-8bbb-bbbbbbbbbbbb&zona=Zona+Norte,200,60.461,
2026-08-31T04:10:31.909698+00:00,GET,http://localhost:3000/logistics/tenderos/productos-disponibles?tiendaId=bbbbbbbb-bbbb-4bbb-8bbb-bbbbbbbbbbbb&zona=Zona+Norte,200,59.666,
2026-08-31T04:10:31.943007+00:00,GET,http://localhost:3000/logistics/tenderos/productos-disponibles?tiendaId=bbbbbbbb-bbbb-4bbb-8bbb-bbbbbbbbbbbb&zona=Zona+Norte,200,63.078,
2026-08-31T04:10:31.976411+00:00,GET,http://localhost:3000/logistics/tenderos/productos-disponibles?tiendaId=bbbbbbbb-bbbb-4bbb-8bbb-bbbbbbbbbbbb&zona=Zona+Norte,200,62.796,
2026-08-31T04:10:32.009280+00:00,GET,http://localhost:3000/logistics/tenderos/productos-disponibles?tiendaId=bbbbbbbb-bbbb-4bbb-8bbb-bbbbbbbbbbbb&zona=Zona+Norte,200,59.769,
2026-08-31T04:10:32.042644+00:00,GET,http://localhost:3000/logistics/tenderos/productos-disponibles?tiendaId=bbbbbbbb-bbbb-4bbb-8bbb-bbbbbbbbbbbb&zona=Zona+Norte,200,63.652,
2026-08-31T04:10:32.076420+00:00,GET,http://localhost:3000/logistics/tenderos/productos-disponibles?tiendaId=bbbbbbbb-bbbb-4bbb-8bbb-bbbbbbbbbbbb&zona=Zona+Norte,200,60.313,
2026-08-31T04:10:32.109258+00:00,GET,http://localhost:3000/logistics/tenderos/productos-disponibles?tiendaId=bbbbbbbb-bbbb-4bbb-8bbb-bbbbbbbbbbbb&zona=Zona+Norte,200,60.173,
2026-08-31T04:10:32.142914+00:00,GET,http://localhost:3000/logistics/tenderos/productos-disponibles?tiendaId=bbbbbbbb-bbbb-4bbb-8bbb-bbbbbbbbbbbb&zona=Zona+Norte,200,63.111,
2026-08-31T04:10:32.176396+00:00,GET,http://localhost:3000/logistics/tenderos/productos-disponibles?tiendaId=bbbbbbbb-bbbb-4bbb-8bbb-bbbbbbbbbbbb&zona=Zona+Norte,200,61.774,
2026-08-31T04:10:32.209306+00:00,GET,http://localhost:3000/logistics/tenderos/productos-disponibles?tiendaId=bbbbbbbb-bbbb-4bbb-8bbb-bbbbbbbbbbbb&zona=Zona+Norte,200,60.881,
2026-08-31T04:10:32.242800+00:00,GET,http://localhost:3000/logistics/tenderos/productos-disponibles?tiendaId=bbbbbbbb-bbbb-4bbb-8bbb-bbbbbbbbbbbb&zona=Zona+Norte,200,58.116,
2026-08-31T04:10:32.276287+00:00,GET,http://localhost:3000/logistics/tenderos/productos-disponibles?tiendaId=bbbbbbbb-bbbb-4bbb-8bbb-bbbbbbbbbbbb&zona=Zona+Norte,200,65.616,
2026-08-31T04:10:32.310051+00:00,GET,http://localhost:3000/logistics/tenderos/productos-disponibles?tiendaId=bbbbbbbb-bbbb-4bbb-8bbb-bbbbbbbbbbbb&zona=Zona+Norte,200,57.972,
2026-08-31T04:10:32.342315+00:00,GET,http://localhost:3000/logistics/tenderos/productos-disponibles?tiendaId=bbbbbbbb-bbbb-4bbb-8bbb-bbbbbbbbbbbb&zona=Zona+Norte,200,59.603,
2026-08-31T04:10:32.375780+00:00,GET,http://localhost:3000/logistics/tenderos/productos-disponibles?tiendaId=bbbbbbbb-bbbb-4bbb-8bbb-bbbbbbbbbbbb&zona=Zona+Norte,200,62.504,
2026-08-31T04:10:32.409346+00:00,GET,http://localhost:3000/logistics/tenderos/productos-disponibles?tiendaId=bbbbbbbb-bbbb-4bbb-8bbb-bbbbbbbbbbbb&zona=Zona+Norte,200,58.177,
2026-08-31T04:10:32.442714+00:00,GET,http://localhost:3000/logistics/tenderos/productos-disponibles?tiendaId=bbbbbbbb-bbbb-4bbb-8bbb-bbbbbbbbbbbb&zona=Zona+Norte,200,54.848,
2026-08-31T04:10:32.475748+00:00,GET,http://localhost:3000/logistics/tenderos/productos-disponibles?tiendaId=bbbbbbbb-bbbb-4bbb-8bbb-bbbbbbbbbbbb&zona=Zona+Norte,200,59.315,
2026-08-31T04:10:32.509973+00:00,GET,http://localhost:3000/logistics/tenderos/productos-disponibles?tiendaId=bbbbbbbb-bbbb-4bbb-8bbb-bbbbbbbbbbbb&zona=Zona+Norte,200,60.986,
2026-08-31T04:10:32.542935+00:00,GET,http://localhost:3000/logistics/tenderos/productos-disponibles?tiendaId=bbbbbbbb-bbbb-4bbb-8bbb-bbbbbbbbbbbb&zona=Zona+Norte,200,59.408,
2026-08-31T04:10:32.576290+00:00,GET,http://localhost:3000/logistics/tenderos/productos-disponibles?tiendaId=bbbbbbbb-bbbb-4bbb-8bbb-bbbbbbbbbbbb&zona=Zona+Norte,200,59.917,
2026-08-31T04:10:32.609777+00:00,GET,http://localhost:3000/logistics/tenderos/productos-disponibles?tiendaId=bbbbbbbb-bbbb-4bbb-8bbb-bbbbbbbbbbbb&zona=Zona+Norte,200,54.562,
2026-08-31T04:10:32.643047+00:00,GET,http://localhost:3000/logistics/tenderos/productos-disponibles?tiendaId=bbbbbbbb-bbbb-4bbb-8bbb-bbbbbbbbbbbb&zona=Zona+Norte,200,60.840,
2026-08-31T04:10:32.676658+00:00,GET,http://localhost:3000/logistics/tenderos/productos-disponibles?tiendaId=bbbbbbbb-bbbb-4bbb-8bbb-bbbbbbbbbbbb&zona=Zona+Norte,200,58.219,
2026-08-31T04:10:32.709279+00:00,GET,http://localhost:3000/logistics/tenderos/productos-disponibles?tiendaId=bbbbbbbb-bbbb-4bbb-8bbb-bbbbbbbbbbbb&zona=Zona+Norte,200,57.213,
2026-08-31T04:10:32.743213+00:00,GET,http://localhost:3000/logistics/tenderos/productos-disponibles?tiendaId=bbbbbbbb-bbbb-4bbb-8bbb-bbbbbbbbbbbb&zona=Zona+Norte,200,60.024,
2026-08-31T04:10:32.776652+00:00,GET,http://localhost:3000/logistics/tenderos/productos-disponibles?tiendaId=bbbbbbbb-bbbb-4bbb-8bbb-bbbbbbbbbbbb&zona=Zona+Norte,200,56.536,
2026-08-31T04:10:32.809685+00:00,GET,http://localhost:3000/logistics/tenderos/productos-disponibles?tiendaId=bbbbbbbb-bbbb-4bbb-8bbb-bbbbbbbbbbbb&zona=Zona+Norte,200,55.921,
2026-08-31T04:10:32.843307+00:00,GET,http://localhost:3000/logistics/tenderos/productos-disponibles?tiendaId=bbbbbbbb-bbbb-4bbb-8bbb-bbbbbbbbbbbb&zona=Zona+Norte,200,55.632,
2026-08-31T04:10:32.876656+00:00,GET,http://localhost:3000/logistics/tenderos/productos-disponibles?tiendaId=bbbbbbbb-bbbb-4bbb-8bbb-bbbbbbbbbbbb&zona=Zona+Norte,200,60.481,
2026-08-31T04:10:32.909986+00:00,GET,http://localhost:3000/logistics/tenderos/productos-disponibles?tiendaId=bbbbbbbb-bbbb-4bbb-8bbb-bbbbbbbbbbbb&zona=Zona+Norte,200,61.563,
2026-08-31T04:10:32.942959+00:00,GET,http://localhost:3000/logistics/tenderos/productos-disponibles?tiendaId=bbbbbbbb-bbbb-4bbb-8bbb-bbbbbbbbbbbb&zona=Zona+Norte,200,57.703,
2026-08-31T04:10:32.976190+00:00,GET,http://localhost:3000/logistics/tenderos/productos-disponibles?tiendaId=bbbbbbbb-bbbb-4bbb-8bbb-bbbbbbbbbbbb&zona=Zona+Norte,200,57.478,
2026-08-31T04:10:33.009967+00:00,GET,http://localhost:3000/logistics/tenderos/productos-disponibles?tiendaId=bbbbbbbb-bbbb-4bbb-8bbb-bbbbbbbbbbbb&zona=Zona+Norte,200,56.528,
2026-08-31T04:10:33.043343+00:00,GET,http://localhost:3000/logistics/tenderos/productos-disponibles?tiendaId=bbbbbbbb-bbbb-4bbb-8bbb-bbbbbbbbbbbb&zona=Zona+Norte,200,56.097,
2026-08-31T04:10:33.076642+00:00,GET,http://localhost:3000/logistics/tenderos/productos-disponibles?tiendaId=bbbbbbbb-bbbb-4bbb-8bbb-bbbbbbbbbbbb&zona=Zona+Norte,200,60.037,
2026-08-31T04:10:33.109977+00:00,GET,http://localhost:3000/logistics/tenderos/productos-disponibles?tiendaId=bbbbbbbb-bbbb-4bbb-8bbb-bbbbbbbbbbbb&zona=Zona+Norte,200,57.447,
2026-08-31T04:10:33.142983+00:00,GET,http://localhost:3000/logistics/tenderos/productos-disponibles?tiendaId=bbbbbbbb-bbbb-4bbb-8bbb-bbbbbbbbbbbb&zona=Zona+Norte,200,58.172,
2026-08-31T04:10:33.176676+00:00,GET,http://localhost:3000/logistics/tenderos/productos-disponibles?tiendaId=bbbbbbbb-bbbb-4bbb-8bbb-bbbbbbbbbbbb&zona=Zona+Norte,200,62.607,
2026-08-31T04:10:33.209925+00:00,GET,http://localhost:3000/logistics/tenderos/productos-disponibles?tiendaId=bbbbbbbb-bbbb-4bbb-8bbb-bbbbbbbbbbbb&zona=Zona+Norte,200,63.272,
2026-08-31T04:10:33.242653+00:00,GET,http://localhost:3000/logistics/tenderos/productos-disponibles?tiendaId=bbbbbbbb-bbbb-4bbb-8bbb-bbbbbbbbbbbb&zona=Zona+Norte,200,62.659,
2026-08-31T04:10:33.275913+00:00,GET,http://localhost:3000/logistics/tenderos/productos-disponibles?tiendaId=bbbbbbbb-bbbb-4bbb-8bbb-bbbbbbbbbbbb&zona=Zona+Norte,200,60.059,
2026-08-31T04:10:33.309468+00:00,GET,http://localhost:3000/logistics/tenderos/productos-disponibles?tiendaId=bbbbbbbb-bbbb-4bbb-8bbb-bbbbbbbbbbbb&zona=Zona+Norte,200,63.841,
2026-08-31T04:10:33.342937+00:00,GET,http://localhost:3000/logistics/tenderos/productos-disponibles?tiendaId=bbbbbbbb-bbbb-4bbb-8bbb-bbbbbbbbbbbb&zona=Zona+Norte,200,59.620,
2026-08-31T04:10:33.375916+00:00,GET,http://localhost:3000/logistics/tenderos/productos-disponibles?tiendaId=bbbbbbbb-bbbb-4bbb-8bbb-bbbbbbbbbbbb&zona=Zona+Norte,200,65.691,
2026-08-31T04:10:33.409759+00:00,GET,http://localhost:3000/logistics/tenderos/productos-disponibles?tiendaId=bbbbbbbb-bbbb-4bbb-8bbb-bbbbbbbbbbbb&zona=Zona+Norte,200,61.804,
2026-08-31T04:10:33.442351+00:00,GET,http://localhost:3000/logistics/tenderos/productos-disponibles?tiendaId=bbbbbbbb-bbbb-4bbb-8bbb-bbbbbbbbbbbb&zona=Zona+Norte,200,60.691,
2026-08-31T04:10:33.476143+00:00,GET,http://localhost:3000/logistics/tenderos/productos-disponibles?tiendaId=bbbbbbbb-bbbb-4bbb-8bbb-bbbbbbbbbbbb&zona=Zona+Norte,200,59.890,
2026-08-31T04:10:33.509702+00:00,GET,http://localhost:3000/logistics/tenderos/productos-disponibles?tiendaId=bbbbbbbb-bbbb-4bbb-8bbb-bbbbbbbbbbbb&zona=Zona+Norte,200,60.299,
2026-08-31T04:10:33.543078+00:00,GET,http://localhost:3000/logistics/tenderos/productos-disponibles?tiendaId=bbbbbbbb-bbbb-4bbb-8bbb-bbbbbbbbbbbb&zona=Zona+Norte,200,62.094,
2026-08-31T04:10:33.576415+00:00,GET,http://localhost:3000/logistics/tenderos/productos-disponibles?tiendaId=bbbbbbbb-bbbb-4bbb-8bbb-bbbbbbbbbbbb&zona=Zona+Norte,200,58.458,
2026-08-31T04:10:33.609448+00:00,GET,http://localhost:3000/logistics/tenderos/productos-disponibles?tiendaId=bbbbbbbb-bbbb-4bbb-8bbb-bbbbbbbbbbbb&zona=Zona+Norte,200,60.908,
2026-08-31T04:10:33.643245+00:00,GET,http://localhost:3000/logistics/tenderos/productos-disponibles?tiendaId=bbbbbbbb-bbbb-4bbb-8bbb-bbbbbbbbbbbb&zona=Zona+Norte,200,57.092,
2026-08-31T04:10:33.676283+00:00,GET,http://localhost:3000/logistics/tenderos/productos-disponibles?tiendaId=bbbbbbbb-bbbb-4bbb-8bbb-bbbbbbbbbbbb&zona=Zona+Norte,200,62.379,
2026-08-31T04:10:33.709991+00:00,GET,http://localhost:3000/logistics/tenderos/productos-disponibles?tiendaId=bbbbbbbb-bbbb-4bbb-8bbb-bbbbbbbbbbbb&zona=Zona+Norte,200,63.583,
2026-08-31T04:10:33.742775+00:00,GET,http://localhost:3000/logistics/tenderos/productos-disponibles?tiendaId=bbbbbbbb-bbbb-4bbb-8bbb-bbbbbbbbbbbb&zona=Zona+Norte,200,59.991,
2026-08-31T04:10:33.775928+00:00,GET,http://localhost:3000/logistics/tenderos/productos-disponibles?tiendaId=bbbbbbbb-bbbb-4bbb-8bbb-bbbbbbbbbbbb&zona=Zona+Norte,200,64.916,
2026-08-31T04:10:33.809757+00:00,GET,http://localhost:3000/logistics/tenderos/productos-disponibles?tiendaId=bbbbbbbb-bbbb-4bbb-8bbb-bbbbbbbbbbbb&zona=Zona+Norte,200,65.214,
2026-08-31T04:10:33.842478+00:00,GET,http://localhost:3000/logistics/tenderos/productos-disponibles?tiendaId=bbbbbbbb-bbbb-4bbb-8bbb-bbbbbbbbbbbb&zona=Zona+Norte,200,63.021,
2026-08-31T04:10:33.875710+00:00,GET,http://localhost:3000/logistics/tenderos/productos-disponibles?tiendaId=bbbbbbbb-bbbb-4bbb-8bbb-bbbbbbbbbbbb&zona=Zona+Norte,200,63.609,
2026-08-31T04:10:33.909386+00:00,GET,http://localhost:3000/logistics/tenderos/productos-disponibles?tiendaId=bbbbbbbb-bbbb-4bbb-8bbb-bbbbbbbbbbbb&zona=Zona+Norte,200,61.080,
2026-08-31T04:10:33.942331+00:00,GET,http://localhost:3000/logistics/tenderos/productos-disponibles?tiendaId=bbbbbbbb-bbbb-4bbb-8bbb-bbbbbbbbbbbb&zona=Zona+Norte,200,63.278,
2026-08-31T04:10:33.975864+00:00,GET,http://localhost:3000/logistics/tenderos/productos-disponibles?tiendaId=bbbbbbbb-bbbb-4bbb-8bbb-bbbbbbbbbbbb&zona=Zona+Norte,200,66.271,
2026-08-31T04:10:34.009141+00:00,GET,http://localhost:3000/logistics/tenderos/productos-disponibles?tiendaId=bbbbbbbb-bbbb-4bbb-8bbb-bbbbbbbbbbbb&zona=Zona+Norte,200,63.488,
2026-08-31T04:10:34.042281+00:00,GET,http://localhost:3000/logistics/tenderos/productos-disponibles?tiendaId=bbbbbbbb-bbbb-4bbb-8bbb-bbbbbbbbbbbb&zona=Zona+Norte,200,60.702,
2026-08-31T04:10:34.075999+00:00,GET,http://localhost:3000/logistics/tenderos/productos-disponibles?tiendaId=bbbbbbbb-bbbb-4bbb-8bbb-bbbbbbbbbbbb&zona=Zona+Norte,200,58.516,
2026-08-31T04:10:34.109442+00:00,GET,http://localhost:3000/logistics/tenderos/productos-disponibles?tiendaId=bbbbbbbb-bbbb-4bbb-8bbb-bbbbbbbbbbbb&zona=Zona+Norte,200,59.541,
2026-08-31T04:10:34.143266+00:00,GET,http://localhost:3000/logistics/tenderos/productos-disponibles?tiendaId=bbbbbbbb-bbbb-4bbb-8bbb-bbbbbbbbbbbb&zona=Zona+Norte,200,60.277,
2026-08-31T04:10:34.176513+00:00,GET,http://localhost:3000/logistics/tenderos/productos-disponibles?tiendaId=bbbbbbbb-bbbb-4bbb-8bbb-bbbbbbbbbbbb&zona=Zona+Norte,200,63.201,
2026-08-31T04:10:34.209336+00:00,GET,http://localhost:3000/logistics/tenderos/productos-disponibles?tiendaId=bbbbbbbb-bbbb-4bbb-8bbb-bbbbbbbbbbbb&zona=Zona+Norte,200,63.591,
2026-08-31T04:10:34.242521+00:00,GET,http://localhost:3000/logistics/tenderos/productos-disponibles?tiendaId=bbbbbbbb-bbbb-4bbb-8bbb-bbbbbbbbbbbb&zona=Zona+Norte,200,60.352,
2026-08-31T04:10:34.276000+00:00,GET,http://localhost:3000/logistics/tenderos/productos-disponibles?tiendaId=bbbbbbbb-bbbb-4bbb-8bbb-bbbbbbbbbbbb&zona=Zona+Norte,200,60.051,
2026-08-31T04:10:34.309744+00:00,GET,http://localhost:3000/logistics/tenderos/productos-disponibles?tiendaId=bbbbbbbb-bbbb-4bbb-8bbb-bbbbbbbbbbbb&zona=Zona+Norte,200,61.563,
2026-08-31T04:10:34.343079+00:00,GET,http://localhost:3000/logistics/tenderos/productos-disponibles?tiendaId=bbbbbbbb-bbbb-4bbb-8bbb-bbbbbbbbbbbb&zona=Zona+Norte,200,61.155,
2026-08-31T04:10:34.376192+00:00,GET,http://localhost:3000/logistics/tenderos/productos-disponibles?tiendaId=bbbbbbbb-bbbb-4bbb-8bbb-bbbbbbbbbbbb&zona=Zona+Norte,200,62.545,
2026-08-31T04:10:34.409557+00:00,GET,http://localhost:3000/logistics/tenderos/productos-disponibles?tiendaId=bbbbbbbb-bbbb-4bbb-8bbb-bbbbbbbbbbbb&zona=Zona+Norte,200,62.162,
2026-08-31T04:10:34.442753+00:00,GET,http://localhost:3000/logistics/tenderos/productos-disponibles?tiendaId=bbbbbbbb-bbbb-4bbb-8bbb-bbbbbbbbbbbb&zona=Zona+Norte,200,58.257,
2026-08-31T04:10:34.476110+00:00,GET,http://localhost:3000/logistics/tenderos/productos-disponibles?tiendaId=bbbbbbbb-bbbb-4bbb-8bbb-bbbbbbbbbbbb&zona=Zona+Norte,200,60.967,
2026-08-31T04:10:34.509442+00:00,GET,http://localhost:3000/logistics/tenderos/productos-disponibles?tiendaId=bbbbbbbb-bbbb-4bbb-8bbb-bbbbbbbbbbbb&zona=Zona+Norte,200,62.140,
2026-08-31T04:10:34.542880+00:00,GET,http://localhost:3000/logistics/tenderos/productos-disponibles?tiendaId=bbbbbbbb-bbbb-4bbb-8bbb-bbbbbbbbbbbb&zona=Zona+Norte,200,61.893,
2026-08-31T04:10:34.576191+00:00,GET,http://localhost:3000/logistics/tenderos/productos-disponibles?tiendaId=bbbbbbbb-bbbb-4bbb-8bbb-bbbbbbbbbbbb&zona=Zona+Norte,200,59.359,
2026-08-31T04:10:34.609479+00:00,GET,http://localhost:3000/logistics/tenderos/productos-disponibles?tiendaId=bbbbbbbb-bbbb-4bbb-8bbb-bbbbbbbbbbbb&zona=Zona+Norte,200,61.074,
2026-08-31T04:10:34.643182+00:00,GET,http://localhost:3000/logistics/tenderos/productos-disponibles?tiendaId=bbbbbbbb-bbbb-4bbb-8bbb-bbbbbbbbbbbb&zona=Zona+Norte,200,57.774,
2026-08-31T04:10:34.675802+00:00,GET,http://localhost:3000/logistics/tenderos/productos-disponibles?tiendaId=bbbbbbbb-bbbb-4bbb-8bbb-bbbbbbbbbbbb&zona=Zona+Norte,200,57.547,
2026-08-31T04:10:34.709970+00:00,GET,http://localhost:3000/logistics/tenderos/productos-disponibles?tiendaId=bbbbbbbb-bbbb-4bbb-8bbb-bbbbbbbbbbbb&zona=Zona+Norte,200,58.953,
2026-08-31T04:10:34.743307+00:00,GET,http://localhost:3000/logistics/tenderos/productos-disponibles?tiendaId=bbbbbbbb-bbbb-4bbb-8bbb-bbbbbbbbbbbb&zona=Zona+Norte,200,63.356,
2026-08-31T04:10:34.776261+00:00,GET,http://localhost:3000/logistics/tenderos/productos-disponibles?tiendaId=bbbbbbbb-bbbb-4bbb-8bbb-bbbbbbbbbbbb&zona=Zona+Norte,200,61.501,
2026-08-31T04:10:34.809253+00:00,GET,http://localhost:3000/logistics/tenderos/productos-disponibles?tiendaId=bbbbbbbb-bbbb-4bbb-8bbb-bbbbbbbbbbbb&zona=Zona+Norte,200,59.828,
2026-08-31T04:10:34.842889+00:00,GET,http://localhost:3000/logistics/tenderos/productos-disponibles?tiendaId=bbbbbbbb-bbbb-4bbb-8bbb-bbbbbbbbbbbb&zona=Zona+Norte,200,62.216,
2026-08-31T04:10:34.876475+00:00,GET,http://localhost:3000/logistics/tenderos/productos-disponibles?tiendaId=bbbbbbbb-bbbb-4bbb-8bbb-bbbbbbbbbbbb&zona=Zona+Norte,200,65.175,
2026-08-31T04:10:34.909469+00:00,GET,http://localhost:3000/logistics/tenderos/productos-disponibles?tiendaId=bbbbbbbb-bbbb-4bbb-8bbb-bbbbbbbbbbbb&zona=Zona+Norte,200,61.429,
2026-08-31T04:10:34.942357+00:00,GET,http://localhost:3000/logistics/tenderos/productos-disponibles?tiendaId=bbbbbbbb-bbbb-4bbb-8bbb-bbbbbbbbbbbb&zona=Zona+Norte,200,63.883,
2026-08-31T04:10:34.976257+00:00,GET,http://localhost:3000/logistics/tenderos/productos-disponibles?tiendaId=bbbbbbbb-bbbb-4bbb-8bbb-bbbbbbbbbbbb&zona=Zona+Norte,200,59.050,
2026-08-31T04:10:35.009286+00:00,GET,http://localhost:3000/logistics/tenderos/productos-disponibles?tiendaId=bbbbbbbb-bbbb-4bbb-8bbb-bbbbbbbbbbbb&zona=Zona+Norte,200,58.517,
2026-08-31T04:10:35.043195+00:00,GET,http://localhost:3000/logistics/tenderos/productos-disponibles?tiendaId=bbbbbbbb-bbbb-4bbb-8bbb-bbbbbbbbbbbb&zona=Zona+Norte,200,57.870,
2026-08-31T04:10:35.075795+00:00,GET,http://localhost:3000/logistics/tenderos/productos-disponibles?tiendaId=bbbbbbbb-bbbb-4bbb-8bbb-bbbbbbbbbbbb&zona=Zona+Norte,200,61.425,
2026-08-31T04:10:35.109985+00:00,GET,http://localhost:3000/logistics/tenderos/productos-disponibles?tiendaId=bbbbbbbb-bbbb-4bbb-8bbb-bbbbbbbbbbbb&zona=Zona+Norte,200,59.082,
2026-08-31T04:10:35.142930+00:00,GET,http://localhost:3000/logistics/tenderos/productos-disponibles?tiendaId=bbbbbbbb-bbbb-4bbb-8bbb-bbbbbbbbbbbb&zona=Zona+Norte,200,58.910,
2026-08-31T04:10:35.176493+00:00,GET,http://localhost:3000/logistics/tenderos/productos-disponibles?tiendaId=bbbbbbbb-bbbb-4bbb-8bbb-bbbbbbbbbbbb&zona=Zona+Norte,200,62.748,
2026-08-31T04:10:35.209879+00:00,GET,http://localhost:3000/logistics/tenderos/productos-disponibles?tiendaId=bbbbbbbb-bbbb-4bbb-8bbb-bbbbbbbbbbbb&zona=Zona+Norte,200,59.232,
2026-08-31T04:10:35.242666+00:00,GET,http://localhost:3000/logistics/tenderos/productos-disponibles?tiendaId=bbbbbbbb-bbbb-4bbb-8bbb-bbbbbbbbbbbb&zona=Zona+Norte,200,57.754,
2026-08-31T04:10:35.276449+00:00,GET,http://localhost:3000/logistics/tenderos/productos-disponibles?tiendaId=bbbbbbbb-bbbb-4bbb-8bbb-bbbbbbbbbbbb&zona=Zona+Norte,200,61.227,
2026-08-31T04:10:35.310012+00:00,GET,http://localhost:3000/logistics/tenderos/productos-disponibles?tiendaId=bbbbbbbb-bbbb-4bbb-8bbb-bbbbbbbbbbbb&zona=Zona+Norte,200,61.232,
2026-08-31T04:10:35.342659+00:00,GET,http://localhost:3000/logistics/tenderos/productos-disponibles?tiendaId=bbbbbbbb-bbbb-4bbb-8bbb-bbbbbbbbbbbb&zona=Zona+Norte,200,57.974,
2026-08-31T04:10:35.376056+00:00,GET,http://localhost:3000/logistics/tenderos/productos-disponibles?tiendaId=bbbbbbbb-bbbb-4bbb-8bbb-bbbbbbbbbbbb&zona=Zona+Norte,200,61.163,
2026-08-31T04:10:35.409798+00:00,GET,http://localhost:3000/logistics/tenderos/productos-disponibles?tiendaId=bbbbbbbb-bbbb-4bbb-8bbb-bbbbbbbbbbbb&zona=Zona+Norte,200,59.275,
2026-08-31T04:10:35.442375+00:00,GET,http://localhost:3000/logistics/tenderos/productos-disponibles?tiendaId=bbbbbbbb-bbbb-4bbb-8bbb-bbbbbbbbbbbb&zona=Zona+Norte,200,61.826,
2026-08-31T04:10:35.475774+00:00,GET,http://localhost:3000/logistics/tenderos/productos-disponibles?tiendaId=bbbbbbbb-bbbb-4bbb-8bbb-bbbbbbbbbbbb&zona=Zona+Norte,200,58.041,
2026-08-31T04:10:35.509098+00:00,GET,http://localhost:3000/logistics/tenderos/productos-disponibles?tiendaId=bbbbbbbb-bbbb-4bbb-8bbb-bbbbbbbbbbbb&zona=Zona+Norte,200,61.565,
2026-08-31T04:10:35.543317+00:00,GET,http://localhost:3000/logistics/tenderos/productos-disponibles?tiendaId=bbbbbbbb-bbbb-4bbb-8bbb-bbbbbbbbbbbb&zona=Zona+Norte,200,58.599,
2026-08-31T04:10:35.576321+00:00,GET,http://localhost:3000/logistics/tenderos/productos-disponibles?tiendaId=bbbbbbbb-bbbb-4bbb-8bbb-bbbbbbbbbbbb&zona=Zona+Norte,200,61.298,
2026-08-31T04:10:35.609583+00:00,GET,http://localhost:3000/logistics/tenderos/productos-disponibles?tiendaId=bbbbbbbb-bbbb-4bbb-8bbb-bbbbbbbbbbbb&zona=Zona+Norte,200,62.093,
2026-08-31T04:10:35.642893+00:00,GET,http://localhost:3000/logistics/tenderos/productos-disponibles?tiendaId=bbbbbbbb-bbbb-4bbb-8bbb-bbbbbbbbbbbb&zona=Zona+Norte,200,58.902,
2026-08-31T04:10:35.676131+00:00,GET,http://localhost:3000/logistics/tenderos/productos-disponibles?tiendaId=bbbbbbbb-bbbb-4bbb-8bbb-bbbbbbbbbbbb&zona=Zona+Norte,200,59.469,
2026-08-31T04:10:35.709716+00:00,GET,http://localhost:3000/logistics/tenderos/productos-disponibles?tiendaId=bbbbbbbb-bbbb-4bbb-8bbb-bbbbbbbbbbbb&zona=Zona+Norte,200,59.429,
2026-08-31T04:10:35.743155+00:00,GET,http://localhost:3000/logistics/tenderos/productos-disponibles?tiendaId=bbbbbbbb-bbbb-4bbb-8bbb-bbbbbbbbbbbb&zona=Zona+Norte,200,58.692,
2026-08-31T04:10:35.775692+00:00,GET,http://localhost:3000/logistics/tenderos/productos-disponibles?tiendaId=bbbbbbbb-bbbb-4bbb-8bbb-bbbbbbbbbbbb&zona=Zona+Norte,200,63.620,
2026-08-31T04:10:35.809878+00:00,GET,http://localhost:3000/logistics/tenderos/productos-disponibles?tiendaId=bbbbbbbb-bbbb-4bbb-8bbb-bbbbbbbbbbbb&zona=Zona+Norte,200,59.959,
2026-08-31T04:10:35.842672+00:00,GET,http://localhost:3000/logistics/tenderos/productos-disponibles?tiendaId=bbbbbbbb-bbbb-4bbb-8bbb-bbbbbbbbbbbb&zona=Zona+Norte,200,58.956,
2026-08-31T04:10:35.876366+00:00,GET,http://localhost:3000/logistics/tenderos/productos-disponibles?tiendaId=bbbbbbbb-bbbb-4bbb-8bbb-bbbbbbbbbbbb&zona=Zona+Norte,200,60.761,
2026-08-31T04:10:35.909928+00:00,GET,http://localhost:3000/logistics/tenderos/productos-disponibles?tiendaId=bbbbbbbb-bbbb-4bbb-8bbb-bbbbbbbbbbbb&zona=Zona+Norte,200,61.336,
2026-08-31T04:10:35.942953+00:00,GET,http://localhost:3000/logistics/tenderos/productos-disponibles?tiendaId=bbbbbbbb-bbbb-4bbb-8bbb-bbbbbbbbbbbb&zona=Zona+Norte,200,57.892,
2026-08-31T04:10:35.976199+00:00,GET,http://localhost:3000/logistics/tenderos/productos-disponibles?tiendaId=bbbbbbbb-bbbb-4bbb-8bbb-bbbbbbbbbbbb&zona=Zona+Norte,200,57.533,
2026-08-31T04:10:36.009990+00:00,GET,http://localhost:3000/logistics/tenderos/productos-disponibles?tiendaId=bbbbbbbb-bbbb-4bbb-8bbb-bbbbbbbbbbbb&zona=Zona+Norte,200,62.153,
2026-08-31T04:10:36.043336+00:00,GET,http://localhost:3000/logistics/tenderos/productos-disponibles?tiendaId=bbbbbbbb-bbbb-4bbb-8bbb-bbbbbbbbbbbb&zona=Zona+Norte,200,61.194,
2026-08-31T04:10:36.076078+00:00,GET,http://localhost:3000/logistics/tenderos/productos-disponibles?tiendaId=bbbbbbbb-bbbb-4bbb-8bbb-bbbbbbbbbbbb&zona=Zona+Norte,200,60.669,
2026-08-31T04:10:36.109534+00:00,GET,http://localhost:3000/logistics/tenderos/productos-disponibles?tiendaId=bbbbbbbb-bbbb-4bbb-8bbb-bbbbbbbbbbbb&zona=Zona+Norte,200,61.973,
2026-08-31T04:10:36.142879+00:00,GET,http://localhost:3000/logistics/tenderos/productos-disponibles?tiendaId=bbbbbbbb-bbbb-4bbb-8bbb-bbbbbbbbbbbb&zona=Zona+Norte,200,58.033,
2026-08-31T04:10:36.176186+00:00,GET,http://localhost:3000/logistics/tenderos/productos-disponibles?tiendaId=bbbbbbbb-bbbb-4bbb-8bbb-bbbbbbbbbbbb&zona=Zona+Norte,200,61.479,
2026-08-31T04:10:36.209990+00:00,GET,http://localhost:3000/logistics/tenderos/productos-disponibles?tiendaId=bbbbbbbb-bbbb-4bbb-8bbb-bbbbbbbbbbbb&zona=Zona+Norte,200,58.738,
2026-08-31T04:10:36.242907+00:00,GET,http://localhost:3000/logistics/tenderos/productos-disponibles?tiendaId=bbbbbbbb-bbbb-4bbb-8bbb-bbbbbbbbbbbb&zona=Zona+Norte,200,61.188,
2026-08-31T04:10:36.276215+00:00,GET,http://localhost:3000/logistics/tenderos/productos-disponibles?tiendaId=bbbbbbbb-bbbb-4bbb-8bbb-bbbbbbbbbbbb&zona=Zona+Norte,200,60.368,
2026-08-31T04:10:36.309612+00:00,GET,http://localhost:3000/logistics/tenderos/productos-disponibles?tiendaId=bbbbbbbb-bbbb-4bbb-8bbb-bbbbbbbbbbbb&zona=Zona+Norte,200,56.657,
2026-08-31T04:10:36.343093+00:00,GET,http://localhost:3000/logistics/tenderos/productos-disponibles?tiendaId=bbbbbbbb-bbbb-4bbb-8bbb-bbbbbbbbbbbb&zona=Zona+Norte,200,57.896,
2026-08-31T04:10:36.376705+00:00,GET,http://localhost:3000/logistics/tenderos/productos-disponibles?tiendaId=bbbbbbbb-bbbb-4bbb-8bbb-bbbbbbbbbbbb&zona=Zona+Norte,200,57.428,
2026-08-31T04:10:36.410030+00:00,GET,http://localhost:3000/logistics/tenderos/productos-disponibles?tiendaId=bbbbbbbb-bbbb-4bbb-8bbb-bbbbbbbbbbbb&zona=Zona+Norte,200,55.855,
2026-08-31T04:10:36.443351+00:00,GET,http://localhost:3000/logistics/tenderos/productos-disponibles?tiendaId=bbbbbbbb-bbbb-4bbb-8bbb-bbbbbbbbbbbb&zona=Zona+Norte,200,58.815,
2026-08-31T04:10:36.475973+00:00,GET,http://localhost:3000/logistics/tenderos/productos-disponibles?tiendaId=bbbbbbbb-bbbb-4bbb-8bbb-bbbbbbbbbbbb&zona=Zona+Norte,200,54.866,
2026-08-31T04:10:36.509856+00:00,GET,http://localhost:3000/logistics/tenderos/productos-disponibles?tiendaId=bbbbbbbb-bbbb-4bbb-8bbb-bbbbbbbbbbbb&zona=Zona+Norte,200,56.249,
2026-08-31T04:10:36.543323+00:00,GET,http://localhost:3000/logistics/tenderos/productos-disponibles?tiendaId=bbbbbbbb-bbbb-4bbb-8bbb-bbbbbbbbbbbb&zona=Zona+Norte,200,59.271,
2026-08-31T04:10:36.576256+00:00,GET,http://localhost:3000/logistics/tenderos/productos-disponibles?tiendaId=bbbbbbbb-bbbb-4bbb-8bbb-bbbbbbbbbbbb&zona=Zona+Norte,200,55.295,
2026-08-31T04:10:36.609805+00:00,GET,http://localhost:3000/logistics/tenderos/productos-disponibles?tiendaId=bbbbbbbb-bbbb-4bbb-8bbb-bbbbbbbbbbbb&zona=Zona+Norte,200,57.696,
2026-08-31T04:10:36.643395+00:00,GET,http://localhost:3000/logistics/tenderos/productos-disponibles?tiendaId=bbbbbbbb-bbbb-4bbb-8bbb-bbbbbbbbbbbb&zona=Zona+Norte,200,55.564,
2026-08-31T04:10:36.676649+00:00,GET,http://localhost:3000/logistics/tenderos/productos-disponibles?tiendaId=bbbbbbbb-bbbb-4bbb-8bbb-bbbbbbbbbbbb&zona=Zona+Norte,200,59.431,
2026-08-31T04:10:36.710028+00:00,GET,http://localhost:3000/logistics/tenderos/productos-disponibles?tiendaId=bbbbbbbb-bbbb-4bbb-8bbb-bbbbbbbbbbbb&zona=Zona+Norte,200,54.551,
2026-08-31T04:10:36.743128+00:00,GET,http://localhost:3000/logistics/tenderos/productos-disponibles?tiendaId=bbbbbbbb-bbbb-4bbb-8bbb-bbbbbbbbbbbb&zona=Zona+Norte,200,54.862,
2026-08-31T04:10:36.776690+00:00,GET,http://localhost:3000/logistics/tenderos/productos-disponibles?tiendaId=bbbbbbbb-bbbb-4bbb-8bbb-bbbbbbbbbbbb&zona=Zona+Norte,200,60.313,
2026-08-31T04:10:36.810020+00:00,GET,http://localhost:3000/logistics/tenderos/productos-disponibles?tiendaId=bbbbbbbb-bbbb-4bbb-8bbb-bbbbbbbbbbbb&zona=Zona+Norte,200,54.512,
2026-08-31T04:10:36.843001+00:00,GET,http://localhost:3000/logistics/tenderos/productos-disponibles?tiendaId=bbbbbbbb-bbbb-4bbb-8bbb-bbbbbbbbbbbb&zona=Zona+Norte,200,56.675,
2026-08-31T04:10:36.876702+00:00,GET,http://localhost:3000/logistics/tenderos/productos-disponibles?tiendaId=bbbbbbbb-bbbb-4bbb-8bbb-bbbbbbbbbbbb&zona=Zona+Norte,200,57.957,
2026-08-31T04:10:36.910027+00:00,GET,http://localhost:3000/logistics/tenderos/productos-disponibles?tiendaId=bbbbbbbb-bbbb-4bbb-8bbb-bbbbbbbbbbbb&zona=Zona+Norte,200,63.127,
2026-08-31T04:10:36.943297+00:00,GET,http://localhost:3000/logistics/tenderos/productos-disponibles?tiendaId=bbbbbbbb-bbbb-4bbb-8bbb-bbbbbbbbbbbb&zona=Zona+Norte,200,63.708,
2026-08-31T04:10:36.976011+00:00,GET,http://localhost:3000/logistics/tenderos/productos-disponibles?tiendaId=bbbbbbbb-bbbb-4bbb-8bbb-bbbbbbbbbbbb&zona=Zona+Norte,200,63.856,
2026-08-31T04:10:37.009215+00:00,GET,http://localhost:3000/logistics/tenderos/productos-disponibles?tiendaId=bbbbbbbb-bbbb-4bbb-8bbb-bbbbbbbbbbbb&zona=Zona+Norte,200,62.719,
2026-08-31T04:10:37.042616+00:00,GET,http://localhost:3000/logistics/tenderos/productos-disponibles?tiendaId=bbbbbbbb-bbbb-4bbb-8bbb-bbbbbbbbbbbb&zona=Zona+Norte,200,59.699,
2026-08-31T04:10:37.076173+00:00,GET,http://localhost:3000/logistics/tenderos/productos-disponibles?tiendaId=bbbbbbbb-bbbb-4bbb-8bbb-bbbbbbbbbbbb&zona=Zona+Norte,200,60.309,
2026-08-31T04:10:37.109899+00:00,GET,http://localhost:3000/logistics/tenderos/productos-disponibles?tiendaId=bbbbbbbb-bbbb-4bbb-8bbb-bbbbbbbbbbbb&zona=Zona+Norte,200,60.772,
2026-08-31T04:10:37.143110+00:00,GET,http://localhost:3000/logistics/tenderos/productos-disponibles?tiendaId=bbbbbbbb-bbbb-4bbb-8bbb-bbbbbbbbbbbb&zona=Zona+Norte,200,61.647,
2026-08-31T04:10:37.176359+00:00,GET,http://localhost:3000/logistics/tenderos/productos-disponibles?tiendaId=bbbbbbbb-bbbb-4bbb-8bbb-bbbbbbbbbbbb&zona=Zona+Norte,200,62.943,
2026-08-31T04:10:37.209591+00:00,GET,http://localhost:3000/logistics/tenderos/productos-disponibles?tiendaId=bbbbbbbb-bbbb-4bbb-8bbb-bbbbbbbbbbbb&zona=Zona+Norte,200,60.214,
2026-08-31T04:10:37.242755+00:00,GET,http://localhost:3000/logistics/tenderos/productos-disponibles?tiendaId=bbbbbbbb-bbbb-4bbb-8bbb-bbbbbbbbbbbb&zona=Zona+Norte,200,60.968,
2026-08-31T04:10:37.276481+00:00,GET,http://localhost:3000/logistics/tenderos/productos-disponibles?tiendaId=bbbbbbbb-bbbb-4bbb-8bbb-bbbbbbbbbbbb&zona=Zona+Norte,200,60.382,
2026-08-31T04:10:37.309773+00:00,GET,http://localhost:3000/logistics/tenderos/productos-disponibles?tiendaId=bbbbbbbb-bbbb-4bbb-8bbb-bbbbbbbbbbbb&zona=Zona+Norte,200,61.059,
2026-08-31T04:10:37.342907+00:00,GET,http://localhost:3000/logistics/tenderos/productos-disponibles?tiendaId=bbbbbbbb-bbbb-4bbb-8bbb-bbbbbbbbbbbb&zona=Zona+Norte,200,62.064,
2026-08-31T04:10:37.376376+00:00,GET,http://localhost:3000/logistics/tenderos/productos-disponibles?tiendaId=bbbbbbbb-bbbb-4bbb-8bbb-bbbbbbbbbbbb&zona=Zona+Norte,200,63.385,
2026-08-31T04:10:37.409538+00:00,GET,http://localhost:3000/logistics/tenderos/productos-disponibles?tiendaId=bbbbbbbb-bbbb-4bbb-8bbb-bbbbbbbbbbbb&zona=Zona+Norte,200,61.187,
2026-08-31T04:10:37.442726+00:00,GET,http://localhost:3000/logistics/tenderos/productos-disponibles?tiendaId=bbbbbbbb-bbbb-4bbb-8bbb-bbbbbbbbbbbb&zona=Zona+Norte,200,64.061,
2026-08-31T04:10:37.476375+00:00,GET,http://localhost:3000/logistics/tenderos/productos-disponibles?tiendaId=bbbbbbbb-bbbb-4bbb-8bbb-bbbbbbbbbbbb&zona=Zona+Norte,200,60.637,
2026-08-31T04:10:37.509354+00:00,GET,http://localhost:3000/logistics/tenderos/productos-disponibles?tiendaId=bbbbbbbb-bbbb-4bbb-8bbb-bbbbbbbbbbbb&zona=Zona+Norte,200,62.280,
2026-08-31T04:10:37.543062+00:00,GET,http://localhost:3000/logistics/tenderos/productos-disponibles?tiendaId=bbbbbbbb-bbbb-4bbb-8bbb-bbbbbbbbbbbb&zona=Zona+Norte,200,61.253,
2026-08-31T04:10:37.576277+00:00,GET,http://localhost:3000/logistics/tenderos/productos-disponibles?tiendaId=bbbbbbbb-bbbb-4bbb-8bbb-bbbbbbbbbbbb&zona=Zona+Norte,200,54.742,
2026-08-31T04:10:37.609779+00:00,GET,http://localhost:3000/logistics/tenderos/productos-disponibles?tiendaId=bbbbbbbb-bbbb-4bbb-8bbb-bbbbbbbbbbbb&zona=Zona+Norte,200,55.895,
2026-08-31T04:10:37.643415+00:00,GET,http://localhost:3000/logistics/tenderos/productos-disponibles?tiendaId=bbbbbbbb-bbbb-4bbb-8bbb-bbbbbbbbbbbb&zona=Zona+Norte,200,60.722,
2026-08-31T04:10:37.676777+00:00,GET,http://localhost:3000/logistics/tenderos/productos-disponibles?tiendaId=bbbbbbbb-bbbb-4bbb-8bbb-bbbbbbbbbbbb&zona=Zona+Norte,200,55.648,
2026-08-31T04:10:37.709735+00:00,GET,http://localhost:3000/logistics/tenderos/productos-disponibles?tiendaId=bbbbbbbb-bbbb-4bbb-8bbb-bbbbbbbbbbbb&zona=Zona+Norte,200,60.485,
2026-08-31T04:10:37.743325+00:00,GET,http://localhost:3000/logistics/tenderos/productos-disponibles?tiendaId=bbbbbbbb-bbbb-4bbb-8bbb-bbbbbbbbbbbb&zona=Zona+Norte,200,56.692,
2026-08-31T04:10:37.776431+00:00,GET,http://localhost:3000/logistics/tenderos/productos-disponibles?tiendaId=bbbbbbbb-bbbb-4bbb-8bbb-bbbbbbbbbbbb&zona=Zona+Norte,200,58.217,
2026-08-31T04:10:37.809945+00:00,GET,http://localhost:3000/logistics/tenderos/productos-disponibles?tiendaId=bbbbbbbb-bbbb-4bbb-8bbb-bbbbbbbbbbbb&zona=Zona+Norte,200,62.613,
2026-08-31T04:10:37.842911+00:00,GET,http://localhost:3000/logistics/tenderos/productos-disponibles?tiendaId=bbbbbbbb-bbbb-4bbb-8bbb-bbbbbbbbbbbb&zona=Zona+Norte,200,63.890,
2026-08-31T04:10:37.876119+00:00,GET,http://localhost:3000/logistics/tenderos/productos-disponibles?tiendaId=bbbbbbbb-bbbb-4bbb-8bbb-bbbbbbbbbbbb&zona=Zona+Norte,200,62.495,
2026-08-31T04:10:37.909316+00:00,GET,http://localhost:3000/logistics/tenderos/productos-disponibles?tiendaId=bbbbbbbb-bbbb-4bbb-8bbb-bbbbbbbbbbbb&zona=Zona+Norte,200,60.567,
2026-08-31T04:10:37.942841+00:00,GET,http://localhost:3000/logistics/tenderos/productos-disponibles?tiendaId=bbbbbbbb-bbbb-4bbb-8bbb-bbbbbbbbbbbb&zona=Zona+Norte,200,59.638,
2026-08-31T04:10:37.976468+00:00,GET,http://localhost:3000/logistics/tenderos/productos-disponibles?tiendaId=bbbbbbbb-bbbb-4bbb-8bbb-bbbbbbbbbbbb&zona=Zona+Norte,200,64.103,
2026-08-31T04:10:38.009893+00:00,GET,http://localhost:3000/logistics/tenderos/productos-disponibles?tiendaId=bbbbbbbb-bbbb-4bbb-8bbb-bbbbbbbbbbbb&zona=Zona+Norte,200,62.983,
2026-08-31T04:10:38.042614+00:00,GET,http://localhost:3000/logistics/tenderos/productos-disponibles?tiendaId=bbbbbbbb-bbbb-4bbb-8bbb-bbbbbbbbbbbb&zona=Zona+Norte,200,63.363,
2026-08-31T04:10:38.076094+00:00,GET,http://localhost:3000/logistics/tenderos/productos-disponibles?tiendaId=bbbbbbbb-bbbb-4bbb-8bbb-bbbbbbbbbbbb&zona=Zona+Norte,200,59.087,
2026-08-31T04:10:38.109461+00:00,GET,http://localhost:3000/logistics/tenderos/productos-disponibles?tiendaId=bbbbbbbb-bbbb-4bbb-8bbb-bbbbbbbbbbbb&zona=Zona+Norte,200,64.174,
2026-08-31T04:10:38.143342+00:00,GET,http://localhost:3000/logistics/tenderos/productos-disponibles?tiendaId=bbbbbbbb-bbbb-4bbb-8bbb-bbbbbbbbbbbb&zona=Zona+Norte,200,64.792,
2026-08-31T04:10:38.175988+00:00,GET,http://localhost:3000/logistics/tenderos/productos-disponibles?tiendaId=bbbbbbbb-bbbb-4bbb-8bbb-bbbbbbbbbbbb&zona=Zona+Norte,200,64.126,
2026-08-31T04:10:38.209152+00:00,GET,http://localhost:3000/logistics/tenderos/productos-disponibles?tiendaId=bbbbbbbb-bbbb-4bbb-8bbb-bbbbbbbbbbbb&zona=Zona+Norte,200,60.554,
2026-08-31T04:10:38.242685+00:00,GET,http://localhost:3000/logistics/tenderos/productos-disponibles?tiendaId=bbbbbbbb-bbbb-4bbb-8bbb-bbbbbbbbbbbb&zona=Zona+Norte,200,63.964,
2026-08-31T04:10:38.276265+00:00,GET,http://localhost:3000/logistics/tenderos/productos-disponibles?tiendaId=bbbbbbbb-bbbb-4bbb-8bbb-bbbbbbbbbbbb&zona=Zona+Norte,200,60.994,
2026-08-31T04:10:38.309366+00:00,GET,http://localhost:3000/logistics/tenderos/productos-disponibles?tiendaId=bbbbbbbb-bbbb-4bbb-8bbb-bbbbbbbbbbbb&zona=Zona+Norte,200,64.541,
2026-08-31T04:10:38.343034+00:00,GET,http://localhost:3000/logistics/tenderos/productos-disponibles?tiendaId=bbbbbbbb-bbbb-4bbb-8bbb-bbbbbbbbbbbb&zona=Zona+Norte,200,60.496,
2026-08-31T04:10:38.375927+00:00,GET,http://localhost:3000/logistics/tenderos/productos-disponibles?tiendaId=bbbbbbbb-bbbb-4bbb-8bbb-bbbbbbbbbbbb&zona=Zona+Norte,200,60.472,
2026-08-31T04:10:38.409745+00:00,GET,http://localhost:3000/logistics/tenderos/productos-disponibles?tiendaId=bbbbbbbb-bbbb-4bbb-8bbb-bbbbbbbbbbbb&zona=Zona+Norte,200,63.576,
2026-08-31T04:10:38.443139+00:00,GET,http://localhost:3000/logistics/tenderos/productos-disponibles?tiendaId=bbbbbbbb-bbbb-4bbb-8bbb-bbbbbbbbbbbb&zona=Zona+Norte,200,60.035,
2026-08-31T04:10:38.476006+00:00,GET,http://localhost:3000/logistics/tenderos/productos-disponibles?tiendaId=bbbbbbbb-bbbb-4bbb-8bbb-bbbbbbbbbbbb&zona=Zona+Norte,200,60.829,
2026-08-31T04:10:38.509785+00:00,GET,http://localhost:3000/logistics/tenderos/productos-disponibles?tiendaId=bbbbbbbb-bbbb-4bbb-8bbb-bbbbbbbbbbbb&zona=Zona+Norte,200,59.578,
2026-08-31T04:10:38.542504+00:00,GET,http://localhost:3000/logistics/tenderos/productos-disponibles?tiendaId=bbbbbbbb-bbbb-4bbb-8bbb-bbbbbbbbbbbb&zona=Zona+Norte,200,55.850,
2026-08-31T04:10:38.576565+00:00,GET,http://localhost:3000/logistics/tenderos/productos-disponibles?tiendaId=bbbbbbbb-bbbb-4bbb-8bbb-bbbbbbbbbbbb&zona=Zona+Norte,200,58.422,
2026-08-31T04:10:38.610075+00:00,GET,http://localhost:3000/logistics/tenderos/productos-disponibles?tiendaId=bbbbbbbb-bbbb-4bbb-8bbb-bbbbbbbbbbbb&zona=Zona+Norte,200,63.134,
2026-08-31T04:10:38.643345+00:00,GET,http://localhost:3000/logistics/tenderos/productos-disponibles?tiendaId=bbbbbbbb-bbbb-4bbb-8bbb-bbbbbbbbbbbb&zona=Zona+Norte,200,56.348,
2026-08-31T04:10:38.676045+00:00,GET,http://localhost:3000/logistics/tenderos/productos-disponibles?tiendaId=bbbbbbbb-bbbb-4bbb-8bbb-bbbbbbbbbbbb&zona=Zona+Norte,200,61.555,
2026-08-31T04:10:38.710091+00:00,GET,http://localhost:3000/logistics/tenderos/productos-disponibles?tiendaId=bbbbbbbb-bbbb-4bbb-8bbb-bbbbbbbbbbbb&zona=Zona+Norte,200,57.345,
2026-08-31T04:10:38.742995+00:00,GET,http://localhost:3000/logistics/tenderos/productos-disponibles?tiendaId=bbbbbbbb-bbbb-4bbb-8bbb-bbbbbbbbbbbb&zona=Zona+Norte,200,58.085,
2026-08-31T04:10:38.776106+00:00,GET,http://localhost:3000/logistics/tenderos/productos-disponibles?tiendaId=bbbbbbbb-bbbb-4bbb-8bbb-bbbbbbbbbbbb&zona=Zona+Norte,200,63.094,
2026-08-31T04:10:38.810091+00:00,GET,http://localhost:3000/logistics/tenderos/productos-disponibles?tiendaId=bbbbbbbb-bbbb-4bbb-8bbb-bbbbbbbbbbbb&zona=Zona+Norte,200,62.836,
2026-08-31T04:10:38.842790+00:00,GET,http://localhost:3000/logistics/tenderos/productos-disponibles?tiendaId=bbbbbbbb-bbbb-4bbb-8bbb-bbbbbbbbbbbb&zona=Zona+Norte,200,63.947,
2026-08-31T04:10:38.876074+00:00,GET,http://localhost:3000/logistics/tenderos/productos-disponibles?tiendaId=bbbbbbbb-bbbb-4bbb-8bbb-bbbbbbbbbbbb&zona=Zona+Norte,200,59.784,
2026-08-31T04:10:38.909359+00:00,GET,http://localhost:3000/logistics/tenderos/productos-disponibles?tiendaId=bbbbbbbb-bbbb-4bbb-8bbb-bbbbbbbbbbbb&zona=Zona+Norte,200,62.373,
2026-08-31T04:10:38.943219+00:00,GET,http://localhost:3000/logistics/tenderos/productos-disponibles?tiendaId=bbbbbbbb-bbbb-4bbb-8bbb-bbbbbbbbbbbb&zona=Zona+Norte,200,59.145,
2026-08-31T04:10:38.976232+00:00,GET,http://localhost:3000/logistics/tenderos/productos-disponibles?tiendaId=bbbbbbbb-bbbb-4bbb-8bbb-bbbbbbbbbbbb&zona=Zona+Norte,200,64.239,
2026-08-31T04:10:39.009815+00:00,GET,http://localhost:3000/logistics/tenderos/productos-disponibles?tiendaId=bbbbbbbb-bbbb-4bbb-8bbb-bbbbbbbbbbbb&zona=Zona+Norte,200,62.324,
2026-08-31T04:10:39.042628+00:00,GET,http://localhost:3000/logistics/tenderos/productos-disponibles?tiendaId=bbbbbbbb-bbbb-4bbb-8bbb-bbbbbbbbbbbb&zona=Zona+Norte,200,62.389,
2026-08-31T04:10:39.076170+00:00,GET,http://localhost:3000/logistics/tenderos/productos-disponibles?tiendaId=bbbbbbbb-bbbb-4bbb-8bbb-bbbbbbbbbbbb&zona=Zona+Norte,200,60.346,
2026-08-31T04:10:39.109569+00:00,GET,http://localhost:3000/logistics/tenderos/productos-disponibles?tiendaId=bbbbbbbb-bbbb-4bbb-8bbb-bbbbbbbbbbbb&zona=Zona+Norte,200,63.491,
2026-08-31T04:10:39.143151+00:00,GET,http://localhost:3000/logistics/tenderos/productos-disponibles?tiendaId=bbbbbbbb-bbbb-4bbb-8bbb-bbbbbbbbbbbb&zona=Zona+Norte,200,63.645,
2026-08-31T04:10:39.176076+00:00,GET,http://localhost:3000/logistics/tenderos/productos-disponibles?tiendaId=bbbbbbbb-bbbb-4bbb-8bbb-bbbbbbbbbbbb&zona=Zona+Norte,200,60.322,
2026-08-31T04:10:39.209341+00:00,GET,http://localhost:3000/logistics/tenderos/productos-disponibles?tiendaId=bbbbbbbb-bbbb-4bbb-8bbb-bbbbbbbbbbbb&zona=Zona+Norte,200,64.666,
2026-08-31T04:10:39.243142+00:00,GET,http://localhost:3000/logistics/tenderos/productos-disponibles?tiendaId=bbbbbbbb-bbbb-4bbb-8bbb-bbbbbbbbbbbb&zona=Zona+Norte,200,60.651,
2026-08-31T04:10:39.275932+00:00,GET,http://localhost:3000/logistics/tenderos/productos-disponibles?tiendaId=bbbbbbbb-bbbb-4bbb-8bbb-bbbbbbbbbbbb&zona=Zona+Norte,200,61.053,
2026-08-31T04:10:39.309744+00:00,GET,http://localhost:3000/logistics/tenderos/productos-disponibles?tiendaId=bbbbbbbb-bbbb-4bbb-8bbb-bbbbbbbbbbbb&zona=Zona+Norte,200,60.367,
2026-08-31T04:10:39.342971+00:00,GET,http://localhost:3000/logistics/tenderos/productos-disponibles?tiendaId=bbbbbbbb-bbbb-4bbb-8bbb-bbbbbbbbbbbb&zona=Zona+Norte,200,62.135,
2026-08-31T04:10:39.376397+00:00,GET,http://localhost:3000/logistics/tenderos/productos-disponibles?tiendaId=bbbbbbbb-bbbb-4bbb-8bbb-bbbbbbbbbbbb&zona=Zona+Norte,200,63.322,
2026-08-31T04:10:39.409553+00:00,GET,http://localhost:3000/logistics/tenderos/productos-disponibles?tiendaId=bbbbbbbb-bbbb-4bbb-8bbb-bbbbbbbbbbbb&zona=Zona+Norte,200,60.899,
2026-08-31T04:10:39.442729+00:00,GET,http://localhost:3000/logistics/tenderos/productos-disponibles?tiendaId=bbbbbbbb-bbbb-4bbb-8bbb-bbbbbbbbbbbb&zona=Zona+Norte,200,62.473,
2026-08-31T04:10:39.476193+00:00,GET,http://localhost:3000/logistics/tenderos/productos-disponibles?tiendaId=bbbbbbbb-bbbb-4bbb-8bbb-bbbbbbbbbbbb&zona=Zona+Norte,200,60.100,
2026-08-31T04:10:39.509543+00:00,GET,http://localhost:3000/logistics/tenderos/productos-disponibles?tiendaId=bbbbbbbb-bbbb-4bbb-8bbb-bbbbbbbbbbbb&zona=Zona+Norte,200,56.321,
2026-08-31T04:10:39.543180+00:00,GET,http://localhost:3000/logistics/tenderos/productos-disponibles?tiendaId=bbbbbbbb-bbbb-4bbb-8bbb-bbbbbbbbbbbb&zona=Zona+Norte,200,57.149,
2026-08-31T04:10:39.576749+00:00,GET,http://localhost:3000/logistics/tenderos/productos-disponibles?tiendaId=bbbbbbbb-bbbb-4bbb-8bbb-bbbbbbbbbbbb&zona=Zona+Norte,200,56.521,
2026-08-31T04:10:39.610103+00:00,GET,http://localhost:3000/logistics/tenderos/productos-disponibles?tiendaId=bbbbbbbb-bbbb-4bbb-8bbb-bbbbbbbbbbbb&zona=Zona+Norte,200,55.947,
2026-08-31T04:10:39.643441+00:00,GET,http://localhost:3000/logistics/tenderos/productos-disponibles?tiendaId=bbbbbbbb-bbbb-4bbb-8bbb-bbbbbbbbbbbb&zona=Zona+Norte,200,59.314,
2026-08-31T04:10:39.676773+00:00,GET,http://localhost:3000/logistics/tenderos/productos-disponibles?tiendaId=bbbbbbbb-bbbb-4bbb-8bbb-bbbbbbbbbbbb&zona=Zona+Norte,200,56.720,
2026-08-31T04:10:39.709405+00:00,GET,http://localhost:3000/logistics/tenderos/productos-disponibles?tiendaId=bbbbbbbb-bbbb-4bbb-8bbb-bbbbbbbbbbbb&zona=Zona+Norte,200,58.378,
2026-08-31T04:10:39.743443+00:00,GET,http://localhost:3000/logistics/tenderos/productos-disponibles?tiendaId=bbbbbbbb-bbbb-4bbb-8bbb-bbbbbbbbbbbb&zona=Zona+Norte,200,57.864,
2026-08-31T04:10:39.776800+00:00,GET,http://localhost:3000/logistics/tenderos/productos-disponibles?tiendaId=bbbbbbbb-bbbb-4bbb-8bbb-bbbbbbbbbbbb&zona=Zona+Norte,200,60.481,
2026-08-31T04:10:39.810061+00:00,GET,http://localhost:3000/logistics/tenderos/productos-disponibles?tiendaId=bbbbbbbb-bbbb-4bbb-8bbb-bbbbbbbbbbbb&zona=Zona+Norte,200,59.987,
2026-08-31T04:10:39.843068+00:00,GET,http://localhost:3000/logistics/tenderos/productos-disponibles?tiendaId=bbbbbbbb-bbbb-4bbb-8bbb-bbbbbbbbbbbb&zona=Zona+Norte,200,63.240,
2026-08-31T04:10:39.876492+00:00,GET,http://localhost:3000/logistics/tenderos/productos-disponibles?tiendaId=bbbbbbbb-bbbb-4bbb-8bbb-bbbbbbbbbbbb&zona=Zona+Norte,200,63.163,
2026-08-31T04:10:39.909410+00:00,GET,http://localhost:3000/logistics/tenderos/productos-disponibles?tiendaId=bbbbbbbb-bbbb-4bbb-8bbb-bbbbbbbbbbbb&zona=Zona+Norte,200,60.231,
2026-08-31T04:10:39.942736+00:00,GET,http://localhost:3000/logistics/tenderos/productos-disponibles?tiendaId=bbbbbbbb-bbbb-4bbb-8bbb-bbbbbbbbbbbb&zona=Zona+Norte,200,59.702,
2026-08-31T04:10:39.976521+00:00,GET,http://localhost:3000/logistics/tenderos/productos-disponibles?tiendaId=bbbbbbbb-bbbb-4bbb-8bbb-bbbbbbbbbbbb&zona=Zona+Norte,200,62.630,
2026-08-31T04:10:40.009537+00:00,GET,http://localhost:3000/logistics/tenderos/productos-disponibles?tiendaId=bbbbbbbb-bbbb-4bbb-8bbb-bbbbbbbbbbbb&zona=Zona+Norte,200,59.539,
2026-08-31T04:10:40.042804+00:00,GET,http://localhost:3000/logistics/tenderos/productos-disponibles?tiendaId=bbbbbbbb-bbbb-4bbb-8bbb-bbbbbbbbbbbb&zona=Zona+Norte,200,62.430,
2026-08-31T04:10:40.076587+00:00,GET,http://localhost:3000/logistics/tenderos/productos-disponibles?tiendaId=bbbbbbbb-bbbb-4bbb-8bbb-bbbbbbbbbbbb&zona=Zona+Norte,200,62.717,
2026-08-31T04:10:40.109570+00:00,GET,http://localhost:3000/logistics/tenderos/productos-disponibles?tiendaId=bbbbbbbb-bbbb-4bbb-8bbb-bbbbbbbbbbbb&zona=Zona+Norte,200,69.401,
2026-08-31T04:10:40.142815+00:00,GET,http://localhost:3000/logistics/tenderos/productos-disponibles?tiendaId=bbbbbbbb-bbbb-4bbb-8bbb-bbbbbbbbbbbb&zona=Zona+Norte,200,60.492,
2026-08-31T04:10:40.175903+00:00,GET,http://localhost:3000/logistics/tenderos/productos-disponibles?tiendaId=bbbbbbbb-bbbb-4bbb-8bbb-bbbbbbbbbbbb&zona=Zona+Norte,200,67.364,
2026-08-31T04:10:40.209847+00:00,GET,http://localhost:3000/logistics/tenderos/productos-disponibles?tiendaId=bbbbbbbb-bbbb-4bbb-8bbb-bbbbbbbbbbbb&zona=Zona+Norte,200,60.568,
2026-08-31T04:10:40.243289+00:00,GET,http://localhost:3000/logistics/tenderos/productos-disponibles?tiendaId=bbbbbbbb-bbbb-4bbb-8bbb-bbbbbbbbbbbb&zona=Zona+Norte,200,63.858,
2026-08-31T04:10:40.276339+00:00,GET,http://localhost:3000/logistics/tenderos/productos-disponibles?tiendaId=bbbbbbbb-bbbb-4bbb-8bbb-bbbbbbbbbbbb&zona=Zona+Norte,200,58.817,
2026-08-31T04:10:40.309180+00:00,GET,http://localhost:3000/logistics/tenderos/productos-disponibles?tiendaId=bbbbbbbb-bbbb-4bbb-8bbb-bbbbbbbbbbbb&zona=Zona+Norte,200,55.890,
2026-08-31T04:10:40.343093+00:00,GET,http://localhost:3000/logistics/tenderos/productos-disponibles?tiendaId=bbbbbbbb-bbbb-4bbb-8bbb-bbbbbbbbbbbb&zona=Zona+Norte,200,56.033,
2026-08-31T04:10:40.376787+00:00,GET,http://localhost:3000/logistics/tenderos/productos-disponibles?tiendaId=bbbbbbbb-bbbb-4bbb-8bbb-bbbbbbbbbbbb&zona=Zona+Norte,200,56.999,
2026-08-31T04:10:40.410102+00:00,GET,http://localhost:3000/logistics/tenderos/productos-disponibles?tiendaId=bbbbbbbb-bbbb-4bbb-8bbb-bbbbbbbbbbbb&zona=Zona+Norte,200,56.740,
2026-08-31T04:10:40.443453+00:00,GET,http://localhost:3000/logistics/tenderos/productos-disponibles?tiendaId=bbbbbbbb-bbbb-4bbb-8bbb-bbbbbbbbbbbb&zona=Zona+Norte,200,58.287,
2026-08-31T04:10:40.476771+00:00,GET,http://localhost:3000/logistics/tenderos/productos-disponibles?tiendaId=bbbbbbbb-bbbb-4bbb-8bbb-bbbbbbbbbbbb&zona=Zona+Norte,200,58.092,
2026-08-31T04:10:40.509719+00:00,GET,http://localhost:3000/logistics/tenderos/productos-disponibles?tiendaId=bbbbbbbb-bbbb-4bbb-8bbb-bbbbbbbbbbbb&zona=Zona+Norte,200,62.184,
2026-08-31T04:10:40.543378+00:00,GET,http://localhost:3000/logistics/tenderos/productos-disponibles?tiendaId=bbbbbbbb-bbbb-4bbb-8bbb-bbbbbbbbbbbb&zona=Zona+Norte,200,63.459,
2026-08-31T04:10:40.576298+00:00,GET,http://localhost:3000/logistics/tenderos/productos-disponibles?tiendaId=bbbbbbbb-bbbb-4bbb-8bbb-bbbbbbbbbbbb&zona=Zona+Norte,200,60.525,
2026-08-31T04:10:40.609349+00:00,GET,http://localhost:3000/logistics/tenderos/productos-disponibles?tiendaId=bbbbbbbb-bbbb-4bbb-8bbb-bbbbbbbbbbbb&zona=Zona+Norte,200,62.224,
2026-08-31T04:10:40.643178+00:00,GET,http://localhost:3000/logistics/tenderos/productos-disponibles?tiendaId=bbbbbbbb-bbbb-4bbb-8bbb-bbbbbbbbbbbb&zona=Zona+Norte,200,64.037,
2026-08-31T04:10:40.676288+00:00,GET,http://localhost:3000/logistics/tenderos/productos-disponibles?tiendaId=bbbbbbbb-bbbb-4bbb-8bbb-bbbbbbbbbbbb&zona=Zona+Norte,200,60.283,
2026-08-31T04:10:40.709304+00:00,GET,http://localhost:3000/logistics/tenderos/productos-disponibles?tiendaId=bbbbbbbb-bbbb-4bbb-8bbb-bbbbbbbbbbbb&zona=Zona+Norte,200,62.707,
2026-08-31T04:10:40.743158+00:00,GET,http://localhost:3000/logistics/tenderos/productos-disponibles?tiendaId=bbbbbbbb-bbbb-4bbb-8bbb-bbbbbbbbbbbb&zona=Zona+Norte,200,62.362,
2026-08-31T04:10:40.776234+00:00,GET,http://localhost:3000/logistics/tenderos/productos-disponibles?tiendaId=bbbbbbbb-bbbb-4bbb-8bbb-bbbbbbbbbbbb&zona=Zona+Norte,200,59.289,
2026-08-31T04:10:40.809514+00:00,GET,http://localhost:3000/logistics/tenderos/productos-disponibles?tiendaId=bbbbbbbb-bbbb-4bbb-8bbb-bbbbbbbbbbbb&zona=Zona+Norte,200,62.249,
2026-08-31T04:10:40.843302+00:00,GET,http://localhost:3000/logistics/tenderos/productos-disponibles?tiendaId=bbbbbbbb-bbbb-4bbb-8bbb-bbbbbbbbbbbb&zona=Zona+Norte,200,62.105,
2026-08-31T04:10:40.876255+00:00,GET,http://localhost:3000/logistics/tenderos/productos-disponibles?tiendaId=bbbbbbbb-bbbb-4bbb-8bbb-bbbbbbbbbbbb&zona=Zona+Norte,200,62.833,
2026-08-31T04:10:40.909550+00:00,GET,http://localhost:3000/logistics/tenderos/productos-disponibles?tiendaId=bbbbbbbb-bbbb-4bbb-8bbb-bbbbbbbbbbbb&zona=Zona+Norte,200,59.335,
2026-08-31T04:10:40.942836+00:00,GET,http://localhost:3000/logistics/tenderos/productos-disponibles?tiendaId=bbbbbbbb-bbbb-4bbb-8bbb-bbbbbbbbbbbb&zona=Zona+Norte,200,62.920,
2026-08-31T04:10:40.976638+00:00,GET,http://localhost:3000/logistics/tenderos/productos-disponibles?tiendaId=bbbbbbbb-bbbb-4bbb-8bbb-bbbbbbbbbbbb&zona=Zona+Norte,200,58.688,
2026-08-31T04:10:41.009493+00:00,GET,http://localhost:3000/logistics/tenderos/productos-disponibles?tiendaId=bbbbbbbb-bbbb-4bbb-8bbb-bbbbbbbbbbbb&zona=Zona+Norte,200,58.960,
2026-08-31T04:10:41.043338+00:00,GET,http://localhost:3000/logistics/tenderos/productos-disponibles?tiendaId=bbbbbbbb-bbbb-4bbb-8bbb-bbbbbbbbbbbb&zona=Zona+Norte,200,63.114,
2026-08-31T04:10:41.076660+00:00,GET,http://localhost:3000/logistics/tenderos/productos-disponibles?tiendaId=bbbbbbbb-bbbb-4bbb-8bbb-bbbbbbbbbbbb&zona=Zona+Norte,200,63.163,
2026-08-31T04:10:41.109409+00:00,GET,http://localhost:3000/logistics/tenderos/productos-disponibles?tiendaId=bbbbbbbb-bbbb-4bbb-8bbb-bbbbbbbbbbbb&zona=Zona+Norte,200,63.624,
2026-08-31T04:10:41.142762+00:00,GET,http://localhost:3000/logistics/tenderos/productos-disponibles?tiendaId=bbbbbbbb-bbbb-4bbb-8bbb-bbbbbbbbbbbb&zona=Zona+Norte,200,60.657,
2026-08-31T04:10:41.176077+00:00,GET,http://localhost:3000/logistics/tenderos/productos-disponibles?tiendaId=bbbbbbbb-bbbb-4bbb-8bbb-bbbbbbbbbbbb&zona=Zona+Norte,200,60.371,
2026-08-31T04:10:41.209846+00:00,GET,http://localhost:3000/logistics/tenderos/productos-disponibles?tiendaId=bbbbbbbb-bbbb-4bbb-8bbb-bbbbbbbbbbbb&zona=Zona+Norte,200,62.817,
2026-08-31T04:10:41.243172+00:00,GET,http://localhost:3000/logistics/tenderos/productos-disponibles?tiendaId=bbbbbbbb-bbbb-4bbb-8bbb-bbbbbbbbbbbb&zona=Zona+Norte,200,63.318,
2026-08-31T04:10:41.276162+00:00,GET,http://localhost:3000/logistics/tenderos/productos-disponibles?tiendaId=bbbbbbbb-bbbb-4bbb-8bbb-bbbbbbbbbbbb&zona=Zona+Norte,200,60.268,
2026-08-31T04:10:41.309412+00:00,GET,http://localhost:3000/logistics/tenderos/productos-disponibles?tiendaId=bbbbbbbb-bbbb-4bbb-8bbb-bbbbbbbbbbbb&zona=Zona+Norte,200,63.244,
2026-08-31T04:10:41.343184+00:00,GET,http://localhost:3000/logistics/tenderos/productos-disponibles?tiendaId=bbbbbbbb-bbbb-4bbb-8bbb-bbbbbbbbbbbb&zona=Zona+Norte,200,62.885,
2026-08-31T04:10:41.376148+00:00,GET,http://localhost:3000/logistics/tenderos/productos-disponibles?tiendaId=bbbbbbbb-bbbb-4bbb-8bbb-bbbbbbbbbbbb&zona=Zona+Norte,200,62.589,
2026-08-31T04:10:41.409480+00:00,GET,http://localhost:3000/logistics/tenderos/productos-disponibles?tiendaId=bbbbbbbb-bbbb-4bbb-8bbb-bbbbbbbbbbbb&zona=Zona+Norte,200,58.949,
2026-08-31T04:10:41.442875+00:00,GET,http://localhost:3000/logistics/tenderos/productos-disponibles?tiendaId=bbbbbbbb-bbbb-4bbb-8bbb-bbbbbbbbbbbb&zona=Zona+Norte,200,62.108,
2026-08-31T04:10:41.476187+00:00,GET,http://localhost:3000/logistics/tenderos/productos-disponibles?tiendaId=bbbbbbbb-bbbb-4bbb-8bbb-bbbbbbbbbbbb&zona=Zona+Norte,200,57.772,
2026-08-31T04:10:41.509597+00:00,GET,http://localhost:3000/logistics/tenderos/productos-disponibles?tiendaId=bbbbbbbb-bbbb-4bbb-8bbb-bbbbbbbbbbbb&zona=Zona+Norte,200,57.205,
2026-08-31T04:10:41.543455+00:00,GET,http://localhost:3000/logistics/tenderos/productos-disponibles?tiendaId=bbbbbbbb-bbbb-4bbb-8bbb-bbbbbbbbbbbb&zona=Zona+Norte,200,55.466,
2026-08-31T04:10:41.576837+00:00,GET,http://localhost:3000/logistics/tenderos/productos-disponibles?tiendaId=bbbbbbbb-bbbb-4bbb-8bbb-bbbbbbbbbbbb&zona=Zona+Norte,200,55.944,
2026-08-31T04:10:41.610119+00:00,GET,http://localhost:3000/logistics/tenderos/productos-disponibles?tiendaId=bbbbbbbb-bbbb-4bbb-8bbb-bbbbbbbbbbbb&zona=Zona+Norte,200,55.231,
2026-08-31T04:10:41.643465+00:00,GET,http://localhost:3000/logistics/tenderos/productos-disponibles?tiendaId=bbbbbbbb-bbbb-4bbb-8bbb-bbbbbbbbbbbb&zona=Zona+Norte,200,59.683,
2026-08-31T04:10:41.676791+00:00,GET,http://localhost:3000/logistics/tenderos/productos-disponibles?tiendaId=bbbbbbbb-bbbb-4bbb-8bbb-bbbbbbbbbbbb&zona=Zona+Norte,200,59.009,
2026-08-31T04:10:41.709878+00:00,GET,http://localhost:3000/logistics/tenderos/productos-disponibles?tiendaId=bbbbbbbb-bbbb-4bbb-8bbb-bbbbbbbbbbbb&zona=Zona+Norte,200,58.024,
2026-08-31T04:10:41.743262+00:00,GET,http://localhost:3000/logistics/tenderos/productos-disponibles?tiendaId=bbbbbbbb-bbbb-4bbb-8bbb-bbbbbbbbbbbb&zona=Zona+Norte,200,55.889,
2026-08-31T04:10:41.776769+00:00,GET,http://localhost:3000/logistics/tenderos/productos-disponibles?tiendaId=bbbbbbbb-bbbb-4bbb-8bbb-bbbbbbbbbbbb&zona=Zona+Norte,200,56.792,
2026-08-31T04:10:41.810121+00:00,GET,http://localhost:3000/logistics/tenderos/productos-disponibles?tiendaId=bbbbbbbb-bbbb-4bbb-8bbb-bbbbbbbbbbbb&zona=Zona+Norte,200,55.939,
2026-08-31T04:10:41.843469+00:00,GET,http://localhost:3000/logistics/tenderos/productos-disponibles?tiendaId=bbbbbbbb-bbbb-4bbb-8bbb-bbbbbbbbbbbb&zona=Zona+Norte,200,57.663,
2026-08-31T04:10:41.876794+00:00,GET,http://localhost:3000/logistics/tenderos/productos-disponibles?tiendaId=bbbbbbbb-bbbb-4bbb-8bbb-bbbbbbbbbbbb&zona=Zona+Norte,200,58.956,
2026-08-31T04:10:41.910119+00:00,GET,http://localhost:3000/logistics/tenderos/productos-disponibles?tiendaId=bbbbbbbb-bbbb-4bbb-8bbb-bbbbbbbbbbbb&zona=Zona+Norte,200,59.521,
2026-08-31T04:10:41.943313+00:00,GET,http://localhost:3000/logistics/tenderos/productos-disponibles?tiendaId=bbbbbbbb-bbbb-4bbb-8bbb-bbbbbbbbbbbb&zona=Zona+Norte,200,63.611,
2026-08-31T04:10:41.976585+00:00,GET,http://localhost:3000/logistics/tenderos/productos-disponibles?tiendaId=bbbbbbbb-bbbb-4bbb-8bbb-bbbbbbbbbbbb&zona=Zona+Norte,200,59.924,
2026-08-31T04:10:42.009357+00:00,GET,http://localhost:3000/logistics/tenderos/productos-disponibles?tiendaId=bbbbbbbb-bbbb-4bbb-8bbb-bbbbbbbbbbbb&zona=Zona+Norte,200,62.967,
2026-08-31T04:10:42.043184+00:00,GET,http://localhost:3000/logistics/tenderos/productos-disponibles?tiendaId=bbbbbbbb-bbbb-4bbb-8bbb-bbbbbbbbbbbb&zona=Zona+Norte,200,60.517,
2026-08-31T04:10:42.076196+00:00,GET,http://localhost:3000/logistics/tenderos/productos-disponibles?tiendaId=bbbbbbbb-bbbb-4bbb-8bbb-bbbbbbbbbbbb&zona=Zona+Norte,200,61.153,
2026-08-31T04:10:42.109777+00:00,GET,http://localhost:3000/logistics/tenderos/productos-disponibles?tiendaId=bbbbbbbb-bbbb-4bbb-8bbb-bbbbbbbbbbbb&zona=Zona+Norte,200,61.729,
2026-08-31T04:10:42.142648+00:00,GET,http://localhost:3000/logistics/tenderos/productos-disponibles?tiendaId=bbbbbbbb-bbbb-4bbb-8bbb-bbbbbbbbbbbb&zona=Zona+Norte,200,60.282,
2026-08-31T04:10:42.176329+00:00,GET,http://localhost:3000/logistics/tenderos/productos-disponibles?tiendaId=bbbbbbbb-bbbb-4bbb-8bbb-bbbbbbbbbbbb&zona=Zona+Norte,200,63.063,
2026-08-31T04:10:42.209913+00:00,GET,http://localhost:3000/logistics/tenderos/productos-disponibles?tiendaId=bbbbbbbb-bbbb-4bbb-8bbb-bbbbbbbbbbbb&zona=Zona+Norte,200,59.688,
2026-08-31T04:10:42.242806+00:00,GET,http://localhost:3000/logistics/tenderos/productos-disponibles?tiendaId=bbbbbbbb-bbbb-4bbb-8bbb-bbbbbbbbbbbb&zona=Zona+Norte,200,64.196,
2026-08-31T04:10:42.276589+00:00,GET,http://localhost:3000/logistics/tenderos/productos-disponibles?tiendaId=bbbbbbbb-bbbb-4bbb-8bbb-bbbbbbbbbbbb&zona=Zona+Norte,200,65.101,
2026-08-31T04:10:42.309402+00:00,GET,http://localhost:3000/logistics/tenderos/productos-disponibles?tiendaId=bbbbbbbb-bbbb-4bbb-8bbb-bbbbbbbbbbbb&zona=Zona+Norte,200,64.109,
2026-08-31T04:10:42.342515+00:00,GET,http://localhost:3000/logistics/tenderos/productos-disponibles?tiendaId=bbbbbbbb-bbbb-4bbb-8bbb-bbbbbbbbbbbb&zona=Zona+Norte,200,60.020,
2026-08-31T04:10:42.376062+00:00,GET,http://localhost:3000/logistics/tenderos/productos-disponibles?tiendaId=bbbbbbbb-bbbb-4bbb-8bbb-bbbbbbbbbbbb&zona=Zona+Norte,200,60.149,
2026-08-31T04:10:42.409965+00:00,GET,http://localhost:3000/logistics/tenderos/productos-disponibles?tiendaId=bbbbbbbb-bbbb-4bbb-8bbb-bbbbbbbbbbbb&zona=Zona+Norte,200,59.711,
2026-08-31T04:10:42.443237+00:00,GET,http://localhost:3000/logistics/tenderos/productos-disponibles?tiendaId=bbbbbbbb-bbbb-4bbb-8bbb-bbbbbbbbbbbb&zona=Zona+Norte,200,62.824,
2026-08-31T04:10:42.476561+00:00,GET,http://localhost:3000/logistics/tenderos/productos-disponibles?tiendaId=bbbbbbbb-bbbb-4bbb-8bbb-bbbbbbbbbbbb&zona=Zona+Norte,200,63.013,
2026-08-31T04:10:42.509477+00:00,GET,http://localhost:3000/logistics/tenderos/productos-disponibles?tiendaId=bbbbbbbb-bbbb-4bbb-8bbb-bbbbbbbbbbbb&zona=Zona+Norte,200,59.168,
2026-08-31T04:10:42.542799+00:00,GET,http://localhost:3000/logistics/tenderos/productos-disponibles?tiendaId=bbbbbbbb-bbbb-4bbb-8bbb-bbbbbbbbbbbb&zona=Zona+Norte,200,62.314,
2026-08-31T04:10:42.576755+00:00,GET,http://localhost:3000/logistics/tenderos/productos-disponibles?tiendaId=bbbbbbbb-bbbb-4bbb-8bbb-bbbbbbbbbbbb&zona=Zona+Norte,200,61.451,
2026-08-31T04:10:42.609622+00:00,GET,http://localhost:3000/logistics/tenderos/productos-disponibles?tiendaId=bbbbbbbb-bbbb-4bbb-8bbb-bbbbbbbbbbbb&zona=Zona+Norte,200,61.832,
2026-08-31T04:10:42.642968+00:00,GET,http://localhost:3000/logistics/tenderos/productos-disponibles?tiendaId=bbbbbbbb-bbbb-4bbb-8bbb-bbbbbbbbbbbb&zona=Zona+Norte,200,63.825,
2026-08-31T04:10:42.676331+00:00,GET,http://localhost:3000/logistics/tenderos/productos-disponibles?tiendaId=bbbbbbbb-bbbb-4bbb-8bbb-bbbbbbbbbbbb&zona=Zona+Norte,200,59.647,
2026-08-31T04:10:42.709378+00:00,GET,http://localhost:3000/logistics/tenderos/productos-disponibles?tiendaId=bbbbbbbb-bbbb-4bbb-8bbb-bbbbbbbbbbbb&zona=Zona+Norte,200,59.082,
2026-08-31T04:10:42.743244+00:00,GET,http://localhost:3000/logistics/tenderos/productos-disponibles?tiendaId=bbbbbbbb-bbbb-4bbb-8bbb-bbbbbbbbbbbb&zona=Zona+Norte,200,59.288,
2026-08-31T04:10:42.776720+00:00,GET,http://localhost:3000/logistics/tenderos/productos-disponibles?tiendaId=bbbbbbbb-bbbb-4bbb-8bbb-bbbbbbbbbbbb&zona=Zona+Norte,200,63.132,
2026-08-31T04:10:42.809973+00:00,GET,http://localhost:3000/logistics/tenderos/productos-disponibles?tiendaId=bbbbbbbb-bbbb-4bbb-8bbb-bbbbbbbbbbbb&zona=Zona+Norte,200,63.149,
2026-08-31T04:10:42.842773+00:00,GET,http://localhost:3000/logistics/tenderos/productos-disponibles?tiendaId=bbbbbbbb-bbbb-4bbb-8bbb-bbbbbbbbbbbb&zona=Zona+Norte,200,61.256,
2026-08-31T04:10:42.876099+00:00,GET,http://localhost:3000/logistics/tenderos/productos-disponibles?tiendaId=bbbbbbbb-bbbb-4bbb-8bbb-bbbbbbbbbbbb&zona=Zona+Norte,200,65.812,
2026-08-31T04:10:42.909759+00:00,GET,http://localhost:3000/logistics/tenderos/productos-disponibles?tiendaId=bbbbbbbb-bbbb-4bbb-8bbb-bbbbbbbbbbbb&zona=Zona+Norte,200,64.347,
2026-08-31T04:10:42.942500+00:00,GET,http://localhost:3000/logistics/tenderos/productos-disponibles?tiendaId=bbbbbbbb-bbbb-4bbb-8bbb-bbbbbbbbbbbb&zona=Zona+Norte,200,63.416,
2026-08-31T04:10:42.975973+00:00,GET,http://localhost:3000/logistics/tenderos/productos-disponibles?tiendaId=bbbbbbbb-bbbb-4bbb-8bbb-bbbbbbbbbbbb&zona=Zona+Norte,200,60.301,
2026-08-31T04:10:43.009489+00:00,GET,http://localhost:3000/logistics/tenderos/productos-disponibles?tiendaId=bbbbbbbb-bbbb-4bbb-8bbb-bbbbbbbbbbbb&zona=Zona+Norte,200,58.712,
2026-08-31T04:10:43.043215+00:00,GET,http://localhost:3000/logistics/tenderos/productos-disponibles?tiendaId=bbbbbbbb-bbbb-4bbb-8bbb-bbbbbbbbbbbb&zona=Zona+Norte,200,62.300,
2026-08-31T04:10:43.076133+00:00,GET,http://localhost:3000/logistics/tenderos/productos-disponibles?tiendaId=bbbbbbbb-bbbb-4bbb-8bbb-bbbbbbbbbbbb&zona=Zona+Norte,200,62.891,
2026-08-31T04:10:43.109554+00:00,GET,http://localhost:3000/logistics/tenderos/productos-disponibles?tiendaId=bbbbbbbb-bbbb-4bbb-8bbb-bbbbbbbbbbbb&zona=Zona+Norte,200,61.926,
2026-08-31T04:10:43.142494+00:00,GET,http://localhost:3000/logistics/tenderos/productos-disponibles?tiendaId=bbbbbbbb-bbbb-4bbb-8bbb-bbbbbbbbbbbb&zona=Zona+Norte,200,64.699,
2026-08-31T04:10:43.176346+00:00,GET,http://localhost:3000/logistics/tenderos/productos-disponibles?tiendaId=bbbbbbbb-bbbb-4bbb-8bbb-bbbbbbbbbbbb&zona=Zona+Norte,200,61.111,
2026-08-31T04:10:43.209378+00:00,GET,http://localhost:3000/logistics/tenderos/productos-disponibles?tiendaId=bbbbbbbb-bbbb-4bbb-8bbb-bbbbbbbbbbbb&zona=Zona+Norte,200,63.036,
2026-08-31T04:10:43.243107+00:00,GET,http://localhost:3000/logistics/tenderos/productos-disponibles?tiendaId=bbbbbbbb-bbbb-4bbb-8bbb-bbbbbbbbbbbb&zona=Zona+Norte,200,64.864,
2026-08-31T04:10:43.276263+00:00,GET,http://localhost:3000/logistics/tenderos/productos-disponibles?tiendaId=bbbbbbbb-bbbb-4bbb-8bbb-bbbbbbbbbbbb&zona=Zona+Norte,200,61.303,
2026-08-31T04:10:43.309245+00:00,GET,http://localhost:3000/logistics/tenderos/productos-disponibles?tiendaId=bbbbbbbb-bbbb-4bbb-8bbb-bbbbbbbbbbbb&zona=Zona+Norte,200,59.605,
2026-08-31T04:10:43.342630+00:00,GET,http://localhost:3000/logistics/tenderos/productos-disponibles?tiendaId=bbbbbbbb-bbbb-4bbb-8bbb-bbbbbbbbbbbb&zona=Zona+Norte,200,59.815,
2026-08-31T04:10:43.376684+00:00,GET,http://localhost:3000/logistics/tenderos/productos-disponibles?tiendaId=bbbbbbbb-bbbb-4bbb-8bbb-bbbbbbbbbbbb&zona=Zona+Norte,200,60.024,
2026-08-31T04:10:43.409957+00:00,GET,http://localhost:3000/logistics/tenderos/productos-disponibles?tiendaId=bbbbbbbb-bbbb-4bbb-8bbb-bbbbbbbbbbbb&zona=Zona+Norte,200,64.009,
2026-08-31T04:10:43.443194+00:00,GET,http://localhost:3000/logistics/tenderos/productos-disponibles?tiendaId=bbbbbbbb-bbbb-4bbb-8bbb-bbbbbbbbbbbb&zona=Zona+Norte,200,60.727,
2026-08-31T04:10:43.476025+00:00,GET,http://localhost:3000/logistics/tenderos/productos-disponibles?tiendaId=bbbbbbbb-bbbb-4bbb-8bbb-bbbbbbbbbbbb&zona=Zona+Norte,200,62.033,
2026-08-31T04:10:43.509778+00:00,GET,http://localhost:3000/logistics/tenderos/productos-disponibles?tiendaId=bbbbbbbb-bbbb-4bbb-8bbb-bbbbbbbbbbbb&zona=Zona+Norte,200,66.714,
2026-08-31T04:10:43.542579+00:00,GET,http://localhost:3000/logistics/tenderos/productos-disponibles?tiendaId=bbbbbbbb-bbbb-4bbb-8bbb-bbbbbbbbbbbb&zona=Zona+Norte,200,67.942,
2026-08-31T04:10:43.576202+00:00,GET,http://localhost:3000/logistics/tenderos/productos-disponibles?tiendaId=bbbbbbbb-bbbb-4bbb-8bbb-bbbbbbbbbbbb&zona=Zona+Norte,200,70.673,
2026-08-31T04:10:43.610112+00:00,GET,http://localhost:3000/logistics/tenderos/productos-disponibles?tiendaId=bbbbbbbb-bbbb-4bbb-8bbb-bbbbbbbbbbbb&zona=Zona+Norte,200,68.415,
2026-08-31T04:10:43.643468+00:00,GET,http://localhost:3000/logistics/tenderos/productos-disponibles?tiendaId=bbbbbbbb-bbbb-4bbb-8bbb-bbbbbbbbbbbb&zona=Zona+Norte,200,66.883,
2026-08-31T04:10:43.676800+00:00,GET,http://localhost:3000/logistics/tenderos/productos-disponibles?tiendaId=bbbbbbbb-bbbb-4bbb-8bbb-bbbbbbbbbbbb&zona=Zona+Norte,200,64.034,
2026-08-31T04:10:43.710139+00:00,GET,http://localhost:3000/logistics/tenderos/productos-disponibles?tiendaId=bbbbbbbb-bbbb-4bbb-8bbb-bbbbbbbbbbbb&zona=Zona+Norte,200,65.683,
2026-08-31T04:10:43.742645+00:00,GET,http://localhost:3000/logistics/tenderos/productos-disponibles?tiendaId=bbbbbbbb-bbbb-4bbb-8bbb-bbbbbbbbbbbb&zona=Zona+Norte,200,61.480,
2026-08-31T04:10:43.775871+00:00,GET,http://localhost:3000/logistics/tenderos/productos-disponibles?tiendaId=bbbbbbbb-bbbb-4bbb-8bbb-bbbbbbbbbbbb&zona=Zona+Norte,200,59.783,
2026-08-31T04:10:43.809748+00:00,GET,http://localhost:3000/logistics/tenderos/productos-disponibles?tiendaId=bbbbbbbb-bbbb-4bbb-8bbb-bbbbbbbbbbbb&zona=Zona+Norte,200,63.941,
2026-08-31T04:10:43.842986+00:00,GET,http://localhost:3000/logistics/tenderos/productos-disponibles?tiendaId=bbbbbbbb-bbbb-4bbb-8bbb-bbbbbbbbbbbb&zona=Zona+Norte,200,61.631,
2026-08-31T04:10:43.876024+00:00,GET,http://localhost:3000/logistics/tenderos/productos-disponibles?tiendaId=bbbbbbbb-bbbb-4bbb-8bbb-bbbbbbbbbbbb&zona=Zona+Norte,200,59.789,
2026-08-31T04:10:43.909690+00:00,GET,http://localhost:3000/logistics/tenderos/productos-disponibles?tiendaId=bbbbbbbb-bbbb-4bbb-8bbb-bbbbbbbbbbbb&zona=Zona+Norte,200,59.167,
2026-08-31T04:10:43.943285+00:00,GET,http://localhost:3000/logistics/tenderos/productos-disponibles?tiendaId=bbbbbbbb-bbbb-4bbb-8bbb-bbbbbbbbbbbb&zona=Zona+Norte,200,57.864,
2026-08-31T04:10:43.976031+00:00,GET,http://localhost:3000/logistics/tenderos/productos-disponibles?tiendaId=bbbbbbbb-bbbb-4bbb-8bbb-bbbbbbbbbbbb&zona=Zona+Norte,200,61.436,
2026-08-31T04:10:44.010133+00:00,GET,http://localhost:3000/logistics/tenderos/productos-disponibles?tiendaId=bbbbbbbb-bbbb-4bbb-8bbb-bbbbbbbbbbbb&zona=Zona+Norte,200,60.501,
2026-08-31T04:10:44.042849+00:00,GET,http://localhost:3000/logistics/tenderos/productos-disponibles?tiendaId=bbbbbbbb-bbbb-4bbb-8bbb-bbbbbbbbbbbb&zona=Zona+Norte,200,60.601,
2026-08-31T04:10:44.076430+00:00,GET,http://localhost:3000/logistics/tenderos/productos-disponibles?tiendaId=bbbbbbbb-bbbb-4bbb-8bbb-bbbbbbbbbbbb&zona=Zona+Norte,200,61.357,
2026-08-31T04:10:44.109840+00:00,GET,http://localhost:3000/logistics/tenderos/productos-disponibles?tiendaId=bbbbbbbb-bbbb-4bbb-8bbb-bbbbbbbbbbbb&zona=Zona+Norte,200,57.928,
2026-08-31T04:10:44.143031+00:00,GET,http://localhost:3000/logistics/tenderos/productos-disponibles?tiendaId=bbbbbbbb-bbbb-4bbb-8bbb-bbbbbbbbbbbb&zona=Zona+Norte,200,58.123,
2026-08-31T04:10:44.176211+00:00,GET,http://localhost:3000/logistics/tenderos/productos-disponibles?tiendaId=bbbbbbbb-bbbb-4bbb-8bbb-bbbbbbbbbbbb&zona=Zona+Norte,200,58.274,
2026-08-31T04:10:44.210105+00:00,GET,http://localhost:3000/logistics/tenderos/productos-disponibles?tiendaId=bbbbbbbb-bbbb-4bbb-8bbb-bbbbbbbbbbbb&zona=Zona+Norte,200,61.335,
2026-08-31T04:10:44.243466+00:00,GET,http://localhost:3000/logistics/tenderos/productos-disponibles?tiendaId=bbbbbbbb-bbbb-4bbb-8bbb-bbbbbbbbbbbb&zona=Zona+Norte,200,61.694,
2026-08-31T04:10:44.276331+00:00,GET,http://localhost:3000/logistics/tenderos/productos-disponibles?tiendaId=bbbbbbbb-bbbb-4bbb-8bbb-bbbbbbbbbbbb&zona=Zona+Norte,200,60.162,
2026-08-31T04:10:44.309595+00:00,GET,http://localhost:3000/logistics/tenderos/productos-disponibles?tiendaId=bbbbbbbb-bbbb-4bbb-8bbb-bbbbbbbbbbbb&zona=Zona+Norte,200,56.397,
2026-08-31T04:10:44.342665+00:00,GET,http://localhost:3000/logistics/tenderos/productos-disponibles?tiendaId=bbbbbbbb-bbbb-4bbb-8bbb-bbbbbbbbbbbb&zona=Zona+Norte,200,56.069,
2026-08-31T04:10:44.376824+00:00,GET,http://localhost:3000/logistics/tenderos/productos-disponibles?tiendaId=bbbbbbbb-bbbb-4bbb-8bbb-bbbbbbbbbbbb&zona=Zona+Norte,200,56.965,
2026-08-31T04:10:44.409936+00:00,GET,http://localhost:3000/logistics/tenderos/productos-disponibles?tiendaId=bbbbbbbb-bbbb-4bbb-8bbb-bbbbbbbbbbbb&zona=Zona+Norte,200,56.792,
2026-08-31T04:10:44.442548+00:00,GET,http://localhost:3000/logistics/tenderos/productos-disponibles?tiendaId=bbbbbbbb-bbbb-4bbb-8bbb-bbbbbbbbbbbb&zona=Zona+Norte,200,54.704,
2026-08-31T04:10:44.476824+00:00,GET,http://localhost:3000/logistics/tenderos/productos-disponibles?tiendaId=bbbbbbbb-bbbb-4bbb-8bbb-bbbbbbbbbbbb&zona=Zona+Norte,200,59.251,
2026-08-31T04:10:44.510201+00:00,GET,http://localhost:3000/logistics/tenderos/productos-disponibles?tiendaId=bbbbbbbb-bbbb-4bbb-8bbb-bbbbbbbbbbbb&zona=Zona+Norte,200,56.796,
2026-08-31T04:10:44.543287+00:00,GET,http://localhost:3000/logistics/tenderos/productos-disponibles?tiendaId=bbbbbbbb-bbbb-4bbb-8bbb-bbbbbbbbbbbb&zona=Zona+Norte,200,55.302,
2026-08-31T04:10:44.576931+00:00,GET,http://localhost:3000/logistics/tenderos/productos-disponibles?tiendaId=bbbbbbbb-bbbb-4bbb-8bbb-bbbbbbbbbbbb&zona=Zona+Norte,200,55.274,
2026-08-31T04:10:44.610179+00:00,GET,http://localhost:3000/logistics/tenderos/productos-disponibles?tiendaId=bbbbbbbb-bbbb-4bbb-8bbb-bbbbbbbbbbbb&zona=Zona+Norte,200,56.149,
2026-08-31T04:10:44.643526+00:00,GET,http://localhost:3000/logistics/tenderos/productos-disponibles?tiendaId=bbbbbbbb-bbbb-4bbb-8bbb-bbbbbbbbbbbb&zona=Zona+Norte,200,58.508,
2026-08-31T04:10:44.676838+00:00,GET,http://localhost:3000/logistics/tenderos/productos-disponibles?tiendaId=bbbbbbbb-bbbb-4bbb-8bbb-bbbbbbbbbbbb&zona=Zona+Norte,200,55.692,
2026-08-31T04:10:44.710045+00:00,GET,http://localhost:3000/logistics/tenderos/productos-disponibles?tiendaId=bbbbbbbb-bbbb-4bbb-8bbb-bbbbbbbbbbbb&zona=Zona+Norte,200,55.761,
2026-08-31T04:10:44.743513+00:00,GET,http://localhost:3000/logistics/tenderos/productos-disponibles?tiendaId=bbbbbbbb-bbbb-4bbb-8bbb-bbbbbbbbbbbb&zona=Zona+Norte,200,54.721,
2026-08-31T04:10:44.776125+00:00,GET,http://localhost:3000/logistics/tenderos/productos-disponibles?tiendaId=bbbbbbbb-bbbb-4bbb-8bbb-bbbbbbbbbbbb&zona=Zona+Norte,200,55.614,
2026-08-31T04:10:44.810194+00:00,GET,http://localhost:3000/logistics/tenderos/productos-disponibles?tiendaId=bbbbbbbb-bbbb-4bbb-8bbb-bbbbbbbbbbbb&zona=Zona+Norte,200,56.188,
2026-08-31T04:10:44.843189+00:00,GET,http://localhost:3000/logistics/tenderos/productos-disponibles?tiendaId=bbbbbbbb-bbbb-4bbb-8bbb-bbbbbbbbbbbb&zona=Zona+Norte,200,62.482,
2026-08-31T04:10:44.876675+00:00,GET,http://localhost:3000/logistics/tenderos/productos-disponibles?tiendaId=bbbbbbbb-bbbb-4bbb-8bbb-bbbbbbbbbbbb&zona=Zona+Norte,200,61.161,
2026-08-31T04:10:44.909613+00:00,GET,http://localhost:3000/logistics/tenderos/productos-disponibles?tiendaId=bbbbbbbb-bbbb-4bbb-8bbb-bbbbbbbbbbbb&zona=Zona+Norte,200,59.080,
2026-08-31T04:10:44.943020+00:00,GET,http://localhost:3000/logistics/tenderos/productos-disponibles?tiendaId=bbbbbbbb-bbbb-4bbb-8bbb-bbbbbbbbbbbb&zona=Zona+Norte,200,55.307,
2026-08-31T04:10:44.976714+00:00,GET,http://localhost:3000/logistics/tenderos/productos-disponibles?tiendaId=bbbbbbbb-bbbb-4bbb-8bbb-bbbbbbbbbbbb&zona=Zona+Norte,200,55.625,
2026-08-31T04:10:45.010170+00:00,GET,http://localhost:3000/logistics/tenderos/productos-disponibles?tiendaId=bbbbbbbb-bbbb-4bbb-8bbb-bbbbbbbbbbbb&zona=Zona+Norte,200,56.579,
2026-08-31T04:10:45.043504+00:00,GET,http://localhost:3000/logistics/tenderos/productos-disponibles?tiendaId=bbbbbbbb-bbbb-4bbb-8bbb-bbbbbbbbbbbb&zona=Zona+Norte,200,61.065,
2026-08-31T04:10:45.076882+00:00,GET,http://localhost:3000/logistics/tenderos/productos-disponibles?tiendaId=bbbbbbbb-bbbb-4bbb-8bbb-bbbbbbbbbbbb&zona=Zona+Norte,200,63.909,
2026-08-31T04:10:45.109734+00:00,GET,http://localhost:3000/logistics/tenderos/productos-disponibles?tiendaId=bbbbbbbb-bbbb-4bbb-8bbb-bbbbbbbbbbbb&zona=Zona+Norte,200,59.814,
2026-08-31T04:10:45.142668+00:00,GET,http://localhost:3000/logistics/tenderos/productos-disponibles?tiendaId=bbbbbbbb-bbbb-4bbb-8bbb-bbbbbbbbbbbb&zona=Zona+Norte,200,61.430,
2026-08-31T04:10:45.176666+00:00,GET,http://localhost:3000/logistics/tenderos/productos-disponibles?tiendaId=bbbbbbbb-bbbb-4bbb-8bbb-bbbbbbbbbbbb&zona=Zona+Norte,200,59.502,
2026-08-31T04:10:45.209774+00:00,GET,http://localhost:3000/logistics/tenderos/productos-disponibles?tiendaId=bbbbbbbb-bbbb-4bbb-8bbb-bbbbbbbbbbbb&zona=Zona+Norte,200,68.502,
2026-08-31T04:10:45.243185+00:00,GET,http://localhost:3000/logistics/tenderos/productos-disponibles?tiendaId=bbbbbbbb-bbbb-4bbb-8bbb-bbbbbbbbbbbb&zona=Zona+Norte,200,60.277,
2026-08-31T04:10:45.276824+00:00,GET,http://localhost:3000/logistics/tenderos/productos-disponibles?tiendaId=bbbbbbbb-bbbb-4bbb-8bbb-bbbbbbbbbbbb&zona=Zona+Norte,200,58.867,
2026-08-31T04:10:45.309874+00:00,GET,http://localhost:3000/logistics/tenderos/productos-disponibles?tiendaId=bbbbbbbb-bbbb-4bbb-8bbb-bbbbbbbbbbbb&zona=Zona+Norte,200,63.809,
2026-08-31T04:10:45.343365+00:00,GET,http://localhost:3000/logistics/tenderos/productos-disponibles?tiendaId=bbbbbbbb-bbbb-4bbb-8bbb-bbbbbbbbbbbb&zona=Zona+Norte,200,61.949,
2026-08-31T04:10:45.376071+00:00,GET,http://localhost:3000/logistics/tenderos/productos-disponibles?tiendaId=bbbbbbbb-bbbb-4bbb-8bbb-bbbbbbbbbbbb&zona=Zona+Norte,200,59.824,
2026-08-31T04:10:45.409622+00:00,GET,http://localhost:3000/logistics/tenderos/productos-disponibles?tiendaId=bbbbbbbb-bbbb-4bbb-8bbb-bbbbbbbbbbbb&zona=Zona+Norte,200,63.464,
2026-08-31T04:10:45.443290+00:00,GET,http://localhost:3000/logistics/tenderos/productos-disponibles?tiendaId=bbbbbbbb-bbbb-4bbb-8bbb-bbbbbbbbbbbb&zona=Zona+Norte,200,59.706,
2026-08-31T04:10:45.476145+00:00,GET,http://localhost:3000/logistics/tenderos/productos-disponibles?tiendaId=bbbbbbbb-bbbb-4bbb-8bbb-bbbbbbbbbbbb&zona=Zona+Norte,200,60.605,
2026-08-31T04:10:45.509957+00:00,GET,http://localhost:3000/logistics/tenderos/productos-disponibles?tiendaId=bbbbbbbb-bbbb-4bbb-8bbb-bbbbbbbbbbbb&zona=Zona+Norte,200,65.127,
2026-08-31T04:10:45.543233+00:00,GET,http://localhost:3000/logistics/tenderos/productos-disponibles?tiendaId=bbbbbbbb-bbbb-4bbb-8bbb-bbbbbbbbbbbb&zona=Zona+Norte,200,63.928,
2026-08-31T04:10:45.575963+00:00,GET,http://localhost:3000/logistics/tenderos/productos-disponibles?tiendaId=bbbbbbbb-bbbb-4bbb-8bbb-bbbbbbbbbbbb&zona=Zona+Norte,200,59.501,
2026-08-31T04:10:45.609382+00:00,GET,http://localhost:3000/logistics/tenderos/productos-disponibles?tiendaId=bbbbbbbb-bbbb-4bbb-8bbb-bbbbbbbbbbbb&zona=Zona+Norte,200,60.003,
2026-08-31T04:10:45.643362+00:00,GET,http://localhost:3000/logistics/tenderos/productos-disponibles?tiendaId=bbbbbbbb-bbbb-4bbb-8bbb-bbbbbbbbbbbb&zona=Zona+Norte,200,62.596,
2026-08-31T04:10:45.676673+00:00,GET,http://localhost:3000/logistics/tenderos/productos-disponibles?tiendaId=bbbbbbbb-bbbb-4bbb-8bbb-bbbbbbbbbbbb&zona=Zona+Norte,200,63.716,
2026-08-31T04:10:45.709532+00:00,GET,http://localhost:3000/logistics/tenderos/productos-disponibles?tiendaId=bbbbbbbb-bbbb-4bbb-8bbb-bbbbbbbbbbbb&zona=Zona+Norte,200,63.738,
2026-08-31T04:10:45.742757+00:00,GET,http://localhost:3000/logistics/tenderos/productos-disponibles?tiendaId=bbbbbbbb-bbbb-4bbb-8bbb-bbbbbbbbbbbb&zona=Zona+Norte,200,61.099,
2026-08-31T04:10:45.776125+00:00,GET,http://localhost:3000/logistics/tenderos/productos-disponibles?tiendaId=bbbbbbbb-bbbb-4bbb-8bbb-bbbbbbbbbbbb&zona=Zona+Norte,200,61.769,
2026-08-31T04:10:45.809835+00:00,GET,http://localhost:3000/logistics/tenderos/productos-disponibles?tiendaId=bbbbbbbb-bbbb-4bbb-8bbb-bbbbbbbbbbbb&zona=Zona+Norte,200,61.195,
2026-08-31T04:10:45.843062+00:00,GET,http://localhost:3000/logistics/tenderos/productos-disponibles?tiendaId=bbbbbbbb-bbbb-4bbb-8bbb-bbbbbbbbbbbb&zona=Zona+Norte,200,60.162,
2026-08-31T04:10:45.876452+00:00,GET,http://localhost:3000/logistics/tenderos/productos-disponibles?tiendaId=bbbbbbbb-bbbb-4bbb-8bbb-bbbbbbbbbbbb&zona=Zona+Norte,200,58.175,
2026-08-31T04:10:45.909911+00:00,GET,http://localhost:3000/logistics/tenderos/productos-disponibles?tiendaId=bbbbbbbb-bbbb-4bbb-8bbb-bbbbbbbbbbbb&zona=Zona+Norte,200,56.455,
2026-08-31T04:10:45.943467+00:00,GET,http://localhost:3000/logistics/tenderos/productos-disponibles?tiendaId=bbbbbbbb-bbbb-4bbb-8bbb-bbbbbbbbbbbb&zona=Zona+Norte,200,58.773,
2026-08-31T04:10:45.976845+00:00,GET,http://localhost:3000/logistics/tenderos/productos-disponibles?tiendaId=bbbbbbbb-bbbb-4bbb-8bbb-bbbbbbbbbbbb&zona=Zona+Norte,200,57.075,
2026-08-31T04:10:46.009892+00:00,GET,http://localhost:3000/logistics/tenderos/productos-disponibles?tiendaId=bbbbbbbb-bbbb-4bbb-8bbb-bbbbbbbbbbbb&zona=Zona+Norte,200,60.653,
2026-08-31T04:10:46.042817+00:00,GET,http://localhost:3000/logistics/tenderos/productos-disponibles?tiendaId=bbbbbbbb-bbbb-4bbb-8bbb-bbbbbbbbbbbb&zona=Zona+Norte,200,56.452,
2026-08-31T04:10:46.076510+00:00,GET,http://localhost:3000/logistics/tenderos/productos-disponibles?tiendaId=bbbbbbbb-bbbb-4bbb-8bbb-bbbbbbbbbbbb&zona=Zona+Norte,200,56.260,
2026-08-31T04:10:46.110189+00:00,GET,http://localhost:3000/logistics/tenderos/productos-disponibles?tiendaId=bbbbbbbb-bbbb-4bbb-8bbb-bbbbbbbbbbbb&zona=Zona+Norte,200,59.911,
2026-08-31T04:10:46.143501+00:00,GET,http://localhost:3000/logistics/tenderos/productos-disponibles?tiendaId=bbbbbbbb-bbbb-4bbb-8bbb-bbbbbbbbbbbb&zona=Zona+Norte,200,62.990,
2026-08-31T04:10:46.176540+00:00,GET,http://localhost:3000/logistics/tenderos/productos-disponibles?tiendaId=bbbbbbbb-bbbb-4bbb-8bbb-bbbbbbbbbbbb&zona=Zona+Norte,200,59.489,
2026-08-31T04:10:46.209466+00:00,GET,http://localhost:3000/logistics/tenderos/productos-disponibles?tiendaId=bbbbbbbb-bbbb-4bbb-8bbb-bbbbbbbbbbbb&zona=Zona+Norte,200,62.302,
2026-08-31T04:10:46.243355+00:00,GET,http://localhost:3000/logistics/tenderos/productos-disponibles?tiendaId=bbbbbbbb-bbbb-4bbb-8bbb-bbbbbbbbbbbb&zona=Zona+Norte,200,61.271,
2026-08-31T04:10:46.276188+00:00,GET,http://localhost:3000/logistics/tenderos/productos-disponibles?tiendaId=bbbbbbbb-bbbb-4bbb-8bbb-bbbbbbbbbbbb&zona=Zona+Norte,200,61.494,
2026-08-31T04:10:46.309749+00:00,GET,http://localhost:3000/logistics/tenderos/productos-disponibles?tiendaId=bbbbbbbb-bbbb-4bbb-8bbb-bbbbbbbbbbbb&zona=Zona+Norte,200,61.298,
2026-08-31T04:10:46.343099+00:00,GET,http://localhost:3000/logistics/tenderos/productos-disponibles?tiendaId=bbbbbbbb-bbbb-4bbb-8bbb-bbbbbbbbbbbb&zona=Zona+Norte,200,60.247,
2026-08-31T04:10:46.376431+00:00,GET,http://localhost:3000/logistics/tenderos/productos-disponibles?tiendaId=bbbbbbbb-bbbb-4bbb-8bbb-bbbbbbbbbbbb&zona=Zona+Norte,200,62.757,
2026-08-31T04:10:46.409889+00:00,GET,http://localhost:3000/logistics/tenderos/productos-disponibles?tiendaId=bbbbbbbb-bbbb-4bbb-8bbb-bbbbbbbbbbbb&zona=Zona+Norte,200,59.939,
2026-08-31T04:10:46.442906+00:00,GET,http://localhost:3000/logistics/tenderos/productos-disponibles?tiendaId=bbbbbbbb-bbbb-4bbb-8bbb-bbbbbbbbbbbb&zona=Zona+Norte,200,60.093,
2026-08-31T04:10:46.476597+00:00,GET,http://localhost:3000/logistics/tenderos/productos-disponibles?tiendaId=bbbbbbbb-bbbb-4bbb-8bbb-bbbbbbbbbbbb&zona=Zona+Norte,200,63.765,
2026-08-31T04:10:46.509954+00:00,GET,http://localhost:3000/logistics/tenderos/productos-disponibles?tiendaId=bbbbbbbb-bbbb-4bbb-8bbb-bbbbbbbbbbbb&zona=Zona+Norte,200,64.691,
2026-08-31T04:10:46.542750+00:00,GET,http://localhost:3000/logistics/tenderos/productos-disponibles?tiendaId=bbbbbbbb-bbbb-4bbb-8bbb-bbbbbbbbbbbb&zona=Zona+Norte,200,60.314,
2026-08-31T04:10:46.576039+00:00,GET,http://localhost:3000/logistics/tenderos/productos-disponibles?tiendaId=bbbbbbbb-bbbb-4bbb-8bbb-bbbbbbbbbbbb&zona=Zona+Norte,200,63.148,
2026-08-31T04:10:46.609937+00:00,GET,http://localhost:3000/logistics/tenderos/productos-disponibles?tiendaId=bbbbbbbb-bbbb-4bbb-8bbb-bbbbbbbbbbbb&zona=Zona+Norte,200,59.560,
2026-08-31T04:10:46.642901+00:00,GET,http://localhost:3000/logistics/tenderos/productos-disponibles?tiendaId=bbbbbbbb-bbbb-4bbb-8bbb-bbbbbbbbbbbb&zona=Zona+Norte,200,62.705,
2026-08-31T04:10:46.676320+00:00,GET,http://localhost:3000/logistics/tenderos/productos-disponibles?tiendaId=bbbbbbbb-bbbb-4bbb-8bbb-bbbbbbbbbbbb&zona=Zona+Norte,200,64.328,
2026-08-31T04:10:46.709581+00:00,GET,http://localhost:3000/logistics/tenderos/productos-disponibles?tiendaId=bbbbbbbb-bbbb-4bbb-8bbb-bbbbbbbbbbbb&zona=Zona+Norte,200,63.727,
2026-08-31T04:10:46.742704+00:00,GET,http://localhost:3000/logistics/tenderos/productos-disponibles?tiendaId=bbbbbbbb-bbbb-4bbb-8bbb-bbbbbbbbbbbb&zona=Zona+Norte,200,60.088,
2026-08-31T04:10:46.776128+00:00,GET,http://localhost:3000/logistics/tenderos/productos-disponibles?tiendaId=bbbbbbbb-bbbb-4bbb-8bbb-bbbbbbbbbbbb&zona=Zona+Norte,200,64.046,
2026-08-31T04:10:46.809978+00:00,GET,http://localhost:3000/logistics/tenderos/productos-disponibles?tiendaId=bbbbbbbb-bbbb-4bbb-8bbb-bbbbbbbbbbbb&zona=Zona+Norte,200,63.056,
2026-08-31T04:10:46.842825+00:00,GET,http://localhost:3000/logistics/tenderos/productos-disponibles?tiendaId=bbbbbbbb-bbbb-4bbb-8bbb-bbbbbbbbbbbb&zona=Zona+Norte,200,59.153,
2026-08-31T04:10:46.876168+00:00,GET,http://localhost:3000/logistics/tenderos/productos-disponibles?tiendaId=bbbbbbbb-bbbb-4bbb-8bbb-bbbbbbbbbbbb&zona=Zona+Norte,200,62.471,
2026-08-31T04:10:46.910085+00:00,GET,http://localhost:3000/logistics/tenderos/productos-disponibles?tiendaId=bbbbbbbb-bbbb-4bbb-8bbb-bbbbbbbbbbbb&zona=Zona+Norte,200,60.442,
2026-08-31T04:10:46.942956+00:00,GET,http://localhost:3000/logistics/tenderos/productos-disponibles?tiendaId=bbbbbbbb-bbbb-4bbb-8bbb-bbbbbbbbbbbb&zona=Zona+Norte,200,59.153,
2026-08-31T04:10:46.976551+00:00,GET,http://localhost:3000/logistics/tenderos/productos-disponibles?tiendaId=bbbbbbbb-bbbb-4bbb-8bbb-bbbbbbbbbbbb&zona=Zona+Norte,200,64.737,
2026-08-31T04:10:47.010041+00:00,GET,http://localhost:3000/logistics/tenderos/productos-disponibles?tiendaId=bbbbbbbb-bbbb-4bbb-8bbb-bbbbbbbbbbbb&zona=Zona+Norte,200,64.503,
2026-08-31T04:10:47.042636+00:00,GET,http://localhost:3000/logistics/tenderos/productos-disponibles?tiendaId=bbbbbbbb-bbbb-4bbb-8bbb-bbbbbbbbbbbb&zona=Zona+Norte,200,59.805,
2026-08-31T04:10:47.075945+00:00,GET,http://localhost:3000/logistics/tenderos/productos-disponibles?tiendaId=bbbbbbbb-bbbb-4bbb-8bbb-bbbbbbbbbbbb&zona=Zona+Norte,200,62.044,
2026-08-31T04:10:47.110023+00:00,GET,http://localhost:3000/logistics/tenderos/productos-disponibles?tiendaId=bbbbbbbb-bbbb-4bbb-8bbb-bbbbbbbbbbbb&zona=Zona+Norte,200,64.731,
2026-08-31T04:10:47.143071+00:00,GET,http://localhost:3000/logistics/tenderos/productos-disponibles?tiendaId=bbbbbbbb-bbbb-4bbb-8bbb-bbbbbbbbbbbb&zona=Zona+Norte,200,60.074,
2026-08-31T04:10:47.175920+00:00,GET,http://localhost:3000/logistics/tenderos/productos-disponibles?tiendaId=bbbbbbbb-bbbb-4bbb-8bbb-bbbbbbbbbbbb&zona=Zona+Norte,200,63.154,
2026-08-31T04:10:47.209938+00:00,GET,http://localhost:3000/logistics/tenderos/productos-disponibles?tiendaId=bbbbbbbb-bbbb-4bbb-8bbb-bbbbbbbbbbbb&zona=Zona+Norte,200,60.303,
2026-08-31T04:10:47.242905+00:00,GET,http://localhost:3000/logistics/tenderos/productos-disponibles?tiendaId=bbbbbbbb-bbbb-4bbb-8bbb-bbbbbbbbbbbb&zona=Zona+Norte,200,60.929,
2026-08-31T04:10:47.276537+00:00,GET,http://localhost:3000/logistics/tenderos/productos-disponibles?tiendaId=bbbbbbbb-bbbb-4bbb-8bbb-bbbbbbbbbbbb&zona=Zona+Norte,200,60.917,
2026-08-31T04:10:47.309205+00:00,GET,http://localhost:3000/logistics/tenderos/productos-disponibles?tiendaId=bbbbbbbb-bbbb-4bbb-8bbb-bbbbbbbbbbbb&zona=Zona+Norte,200,61.287,
2026-08-31T04:10:47.342813+00:00,GET,http://localhost:3000/logistics/tenderos/productos-disponibles?tiendaId=bbbbbbbb-bbbb-4bbb-8bbb-bbbbbbbbbbbb&zona=Zona+Norte,200,61.331,
2026-08-31T04:10:47.376530+00:00,GET,http://localhost:3000/logistics/tenderos/productos-disponibles?tiendaId=bbbbbbbb-bbbb-4bbb-8bbb-bbbbbbbbbbbb&zona=Zona+Norte,200,64.274,
2026-08-31T04:10:47.409820+00:00,GET,http://localhost:3000/logistics/tenderos/productos-disponibles?tiendaId=bbbbbbbb-bbbb-4bbb-8bbb-bbbbbbbbbbbb&zona=Zona+Norte,200,63.722,
2026-08-31T04:10:47.442704+00:00,GET,http://localhost:3000/logistics/tenderos/productos-disponibles?tiendaId=bbbbbbbb-bbbb-4bbb-8bbb-bbbbbbbbbbbb&zona=Zona+Norte,200,62.389,
2026-08-31T04:10:47.476115+00:00,GET,http://localhost:3000/logistics/tenderos/productos-disponibles?tiendaId=bbbbbbbb-bbbb-4bbb-8bbb-bbbbbbbbbbbb&zona=Zona+Norte,200,60.282,
2026-08-31T04:10:47.509654+00:00,GET,http://localhost:3000/logistics/tenderos/productos-disponibles?tiendaId=bbbbbbbb-bbbb-4bbb-8bbb-bbbbbbbbbbbb&zona=Zona+Norte,200,63.319,
2026-08-31T04:10:47.543265+00:00,GET,http://localhost:3000/logistics/tenderos/productos-disponibles?tiendaId=bbbbbbbb-bbbb-4bbb-8bbb-bbbbbbbbbbbb&zona=Zona+Norte,200,63.978,
2026-08-31T04:10:47.576277+00:00,GET,http://localhost:3000/logistics/tenderos/productos-disponibles?tiendaId=bbbbbbbb-bbbb-4bbb-8bbb-bbbbbbbbbbbb&zona=Zona+Norte,200,61.708,
2026-08-31T04:10:47.609380+00:00,GET,http://localhost:3000/logistics/tenderos/productos-disponibles?tiendaId=bbbbbbbb-bbbb-4bbb-8bbb-bbbbbbbbbbbb&zona=Zona+Norte,200,63.629,
2026-08-31T04:10:47.642582+00:00,GET,http://localhost:3000/logistics/tenderos/productos-disponibles?tiendaId=bbbbbbbb-bbbb-4bbb-8bbb-bbbbbbbbbbbb&zona=Zona+Norte,200,63.841,
2026-08-31T04:10:47.676211+00:00,GET,http://localhost:3000/logistics/tenderos/productos-disponibles?tiendaId=bbbbbbbb-bbbb-4bbb-8bbb-bbbbbbbbbbbb&zona=Zona+Norte,200,59.823,
2026-08-31T04:10:47.709567+00:00,GET,http://localhost:3000/logistics/tenderos/productos-disponibles?tiendaId=bbbbbbbb-bbbb-4bbb-8bbb-bbbbbbbbbbbb&zona=Zona+Norte,200,65.711,
2026-08-31T04:10:47.743352+00:00,GET,http://localhost:3000/logistics/tenderos/productos-disponibles?tiendaId=bbbbbbbb-bbbb-4bbb-8bbb-bbbbbbbbbbbb&zona=Zona+Norte,200,61.246,
2026-08-31T04:10:47.775890+00:00,GET,http://localhost:3000/logistics/tenderos/productos-disponibles?tiendaId=bbbbbbbb-bbbb-4bbb-8bbb-bbbbbbbbbbbb&zona=Zona+Norte,200,62.936,
2026-08-31T04:10:47.809739+00:00,GET,http://localhost:3000/logistics/tenderos/productos-disponibles?tiendaId=bbbbbbbb-bbbb-4bbb-8bbb-bbbbbbbbbbbb&zona=Zona+Norte,200,64.198,
2026-08-31T04:10:47.842951+00:00,GET,http://localhost:3000/logistics/tenderos/productos-disponibles?tiendaId=bbbbbbbb-bbbb-4bbb-8bbb-bbbbbbbbbbbb&zona=Zona+Norte,200,61.097,
2026-08-31T04:10:47.876054+00:00,GET,http://localhost:3000/logistics/tenderos/productos-disponibles?tiendaId=bbbbbbbb-bbbb-4bbb-8bbb-bbbbbbbbbbbb&zona=Zona+Norte,200,62.464,
2026-08-31T04:10:47.909821+00:00,GET,http://localhost:3000/logistics/tenderos/productos-disponibles?tiendaId=bbbbbbbb-bbbb-4bbb-8bbb-bbbbbbbbbbbb&zona=Zona+Norte,200,60.999,
2026-08-31T04:10:47.942996+00:00,GET,http://localhost:3000/logistics/tenderos/productos-disponibles?tiendaId=bbbbbbbb-bbbb-4bbb-8bbb-bbbbbbbbbbbb&zona=Zona+Norte,200,59.507,
2026-08-31T04:10:47.976545+00:00,GET,http://localhost:3000/logistics/tenderos/productos-disponibles?tiendaId=bbbbbbbb-bbbb-4bbb-8bbb-bbbbbbbbbbbb&zona=Zona+Norte,200,64.074,
2026-08-31T04:10:48.009290+00:00,GET,http://localhost:3000/logistics/tenderos/productos-disponibles?tiendaId=bbbbbbbb-bbbb-4bbb-8bbb-bbbbbbbbbbbb&zona=Zona+Norte,200,64.024,
2026-08-31T04:10:48.042726+00:00,GET,http://localhost:3000/logistics/tenderos/productos-disponibles?tiendaId=bbbbbbbb-bbbb-4bbb-8bbb-bbbbbbbbbbbb&zona=Zona+Norte,200,63.629,
2026-08-31T04:10:48.076129+00:00,GET,http://localhost:3000/logistics/tenderos/productos-disponibles?tiendaId=bbbbbbbb-bbbb-4bbb-8bbb-bbbbbbbbbbbb&zona=Zona+Norte,200,60.894,
2026-08-31T04:10:48.109515+00:00,GET,http://localhost:3000/logistics/tenderos/productos-disponibles?tiendaId=bbbbbbbb-bbbb-4bbb-8bbb-bbbbbbbbbbbb&zona=Zona+Norte,200,61.014,
2026-08-31T04:10:48.143238+00:00,GET,http://localhost:3000/logistics/tenderos/productos-disponibles?tiendaId=bbbbbbbb-bbbb-4bbb-8bbb-bbbbbbbbbbbb&zona=Zona+Norte,200,63.010,
2026-08-31T04:10:48.176515+00:00,GET,http://localhost:3000/logistics/tenderos/productos-disponibles?tiendaId=bbbbbbbb-bbbb-4bbb-8bbb-bbbbbbbbbbbb&zona=Zona+Norte,200,59.643,
2026-08-31T04:10:48.209556+00:00,GET,http://localhost:3000/logistics/tenderos/productos-disponibles?tiendaId=bbbbbbbb-bbbb-4bbb-8bbb-bbbbbbbbbbbb&zona=Zona+Norte,200,63.072,
2026-08-31T04:10:48.242641+00:00,GET,http://localhost:3000/logistics/tenderos/productos-disponibles?tiendaId=bbbbbbbb-bbbb-4bbb-8bbb-bbbbbbbbbbbb&zona=Zona+Norte,200,63.242,
2026-08-31T04:10:48.276271+00:00,GET,http://localhost:3000/logistics/tenderos/productos-disponibles?tiendaId=bbbbbbbb-bbbb-4bbb-8bbb-bbbbbbbbbbbb&zona=Zona+Norte,200,61.320,
2026-08-31T04:10:48.309440+00:00,GET,http://localhost:3000/logistics/tenderos/productos-disponibles?tiendaId=bbbbbbbb-bbbb-4bbb-8bbb-bbbbbbbbbbbb&zona=Zona+Norte,200,62.195,
2026-08-31T04:10:48.343138+00:00,GET,http://localhost:3000/logistics/tenderos/productos-disponibles?tiendaId=bbbbbbbb-bbbb-4bbb-8bbb-bbbbbbbbbbbb&zona=Zona+Norte,200,61.022,
2026-08-31T04:10:48.376429+00:00,GET,http://localhost:3000/logistics/tenderos/productos-disponibles?tiendaId=bbbbbbbb-bbbb-4bbb-8bbb-bbbbbbbbbbbb&zona=Zona+Norte,200,63.639,
2026-08-31T04:10:48.409447+00:00,GET,http://localhost:3000/logistics/tenderos/productos-disponibles?tiendaId=bbbbbbbb-bbbb-4bbb-8bbb-bbbbbbbbbbbb&zona=Zona+Norte,200,62.434,
2026-08-31T04:10:48.442819+00:00,GET,http://localhost:3000/logistics/tenderos/productos-disponibles?tiendaId=bbbbbbbb-bbbb-4bbb-8bbb-bbbbbbbbbbbb&zona=Zona+Norte,200,59.249,
2026-08-31T04:10:48.476250+00:00,GET,http://localhost:3000/logistics/tenderos/productos-disponibles?tiendaId=bbbbbbbb-bbbb-4bbb-8bbb-bbbbbbbbbbbb&zona=Zona+Norte,200,60.993,
2026-08-31T04:10:48.510111+00:00,GET,http://localhost:3000/logistics/tenderos/productos-disponibles?tiendaId=bbbbbbbb-bbbb-4bbb-8bbb-bbbbbbbbbbbb&zona=Zona+Norte,200,63.521,
2026-08-31T04:10:48.543174+00:00,GET,http://localhost:3000/logistics/tenderos/productos-disponibles?tiendaId=bbbbbbbb-bbbb-4bbb-8bbb-bbbbbbbbbbbb&zona=Zona+Norte,200,60.232,
2026-08-31T04:10:48.576206+00:00,GET,http://localhost:3000/logistics/tenderos/productos-disponibles?tiendaId=bbbbbbbb-bbbb-4bbb-8bbb-bbbbbbbbbbbb&zona=Zona+Norte,200,63.599,
2026-08-31T04:10:48.609904+00:00,GET,http://localhost:3000/logistics/tenderos/productos-disponibles?tiendaId=bbbbbbbb-bbbb-4bbb-8bbb-bbbbbbbbbbbb&zona=Zona+Norte,200,60.459,
2026-08-31T04:10:48.642845+00:00,GET,http://localhost:3000/logistics/tenderos/productos-disponibles?tiendaId=bbbbbbbb-bbbb-4bbb-8bbb-bbbbbbbbbbbb&zona=Zona+Norte,200,63.669,
2026-08-31T04:10:48.676533+00:00,GET,http://localhost:3000/logistics/tenderos/productos-disponibles?tiendaId=bbbbbbbb-bbbb-4bbb-8bbb-bbbbbbbbbbbb&zona=Zona+Norte,200,61.510,
2026-08-31T04:10:48.709507+00:00,GET,http://localhost:3000/logistics/tenderos/productos-disponibles?tiendaId=bbbbbbbb-bbbb-4bbb-8bbb-bbbbbbbbbbbb&zona=Zona+Norte,200,59.440,
2026-08-31T04:10:48.743080+00:00,GET,http://localhost:3000/logistics/tenderos/productos-disponibles?tiendaId=bbbbbbbb-bbbb-4bbb-8bbb-bbbbbbbbbbbb&zona=Zona+Norte,200,62.411,
2026-08-31T04:10:48.776585+00:00,GET,http://localhost:3000/logistics/tenderos/productos-disponibles?tiendaId=bbbbbbbb-bbbb-4bbb-8bbb-bbbbbbbbbbbb&zona=Zona+Norte,200,63.498,
2026-08-31T04:10:48.809626+00:00,GET,http://localhost:3000/logistics/tenderos/productos-disponibles?tiendaId=bbbbbbbb-bbbb-4bbb-8bbb-bbbbbbbbbbbb&zona=Zona+Norte,200,59.667,
2026-08-31T04:10:48.842840+00:00,GET,http://localhost:3000/logistics/tenderos/productos-disponibles?tiendaId=bbbbbbbb-bbbb-4bbb-8bbb-bbbbbbbbbbbb&zona=Zona+Norte,200,63.513,
2026-08-31T04:10:48.876555+00:00,GET,http://localhost:3000/logistics/tenderos/productos-disponibles?tiendaId=bbbbbbbb-bbbb-4bbb-8bbb-bbbbbbbbbbbb&zona=Zona+Norte,200,60.871,
2026-08-31T04:10:48.909549+00:00,GET,http://localhost:3000/logistics/tenderos/productos-disponibles?tiendaId=bbbbbbbb-bbbb-4bbb-8bbb-bbbbbbbbbbbb&zona=Zona+Norte,200,63.766,
2026-08-31T04:10:48.943170+00:00,GET,http://localhost:3000/logistics/tenderos/productos-disponibles?tiendaId=bbbbbbbb-bbbb-4bbb-8bbb-bbbbbbbbbbbb&zona=Zona+Norte,200,59.052,
2026-08-31T04:10:48.976257+00:00,GET,http://localhost:3000/logistics/tenderos/productos-disponibles?tiendaId=bbbbbbbb-bbbb-4bbb-8bbb-bbbbbbbbbbbb&zona=Zona+Norte,200,60.972,
2026-08-31T04:10:49.010060+00:00,GET,http://localhost:3000/logistics/tenderos/productos-disponibles?tiendaId=bbbbbbbb-bbbb-4bbb-8bbb-bbbbbbbbbbbb&zona=Zona+Norte,200,63.118,
2026-08-31T04:10:49.043211+00:00,GET,http://localhost:3000/logistics/tenderos/productos-disponibles?tiendaId=bbbbbbbb-bbbb-4bbb-8bbb-bbbbbbbbbbbb&zona=Zona+Norte,200,63.469,
2026-08-31T04:10:49.075899+00:00,GET,http://localhost:3000/logistics/tenderos/productos-disponibles?tiendaId=bbbbbbbb-bbbb-4bbb-8bbb-bbbbbbbbbbbb&zona=Zona+Norte,200,61.252,
2026-08-31T04:10:49.109490+00:00,GET,http://localhost:3000/logistics/tenderos/productos-disponibles?tiendaId=bbbbbbbb-bbbb-4bbb-8bbb-bbbbbbbbbbbb&zona=Zona+Norte,200,59.698,
2026-08-31T04:10:49.143192+00:00,GET,http://localhost:3000/logistics/tenderos/productos-disponibles?tiendaId=bbbbbbbb-bbbb-4bbb-8bbb-bbbbbbbbbbbb&zona=Zona+Norte,200,56.099,
2026-08-31T04:10:49.176749+00:00,GET,http://localhost:3000/logistics/tenderos/productos-disponibles?tiendaId=bbbbbbbb-bbbb-4bbb-8bbb-bbbbbbbbbbbb&zona=Zona+Norte,200,56.871,
2026-08-31T04:10:49.210235+00:00,GET,http://localhost:3000/logistics/tenderos/productos-disponibles?tiendaId=bbbbbbbb-bbbb-4bbb-8bbb-bbbbbbbbbbbb&zona=Zona+Norte,200,59.439,
2026-08-31T04:10:49.243544+00:00,GET,http://localhost:3000/logistics/tenderos/productos-disponibles?tiendaId=bbbbbbbb-bbbb-4bbb-8bbb-bbbbbbbbbbbb&zona=Zona+Norte,200,60.045,
2026-08-31T04:10:49.276639+00:00,GET,http://localhost:3000/logistics/tenderos/productos-disponibles?tiendaId=bbbbbbbb-bbbb-4bbb-8bbb-bbbbbbbbbbbb&zona=Zona+Norte,200,55.805,
2026-08-31T04:10:49.309275+00:00,GET,http://localhost:3000/logistics/tenderos/productos-disponibles?tiendaId=bbbbbbbb-bbbb-4bbb-8bbb-bbbbbbbbbbbb&zona=Zona+Norte,200,60.708,
2026-08-31T04:10:49.343542+00:00,GET,http://localhost:3000/logistics/tenderos/productos-disponibles?tiendaId=bbbbbbbb-bbbb-4bbb-8bbb-bbbbbbbbbbbb&zona=Zona+Norte,200,56.147,
2026-08-31T04:10:49.376608+00:00,GET,http://localhost:3000/logistics/tenderos/productos-disponibles?tiendaId=bbbbbbbb-bbbb-4bbb-8bbb-bbbbbbbbbbbb&zona=Zona+Norte,200,55.858,
2026-08-31T04:10:49.410212+00:00,GET,http://localhost:3000/logistics/tenderos/productos-disponibles?tiendaId=bbbbbbbb-bbbb-4bbb-8bbb-bbbbbbbbbbbb&zona=Zona+Norte,200,55.672,
2026-08-31T04:10:49.442769+00:00,GET,http://localhost:3000/logistics/tenderos/productos-disponibles?tiendaId=bbbbbbbb-bbbb-4bbb-8bbb-bbbbbbbbbbbb&zona=Zona+Norte,200,58.880,
2026-08-31T04:10:49.476888+00:00,GET,http://localhost:3000/logistics/tenderos/productos-disponibles?tiendaId=bbbbbbbb-bbbb-4bbb-8bbb-bbbbbbbbbbbb&zona=Zona+Norte,200,53.792,
2026-08-31T04:10:49.510147+00:00,GET,http://localhost:3000/logistics/tenderos/productos-disponibles?tiendaId=bbbbbbbb-bbbb-4bbb-8bbb-bbbbbbbbbbbb&zona=Zona+Norte,200,56.519,
2026-08-31T04:10:49.543560+00:00,GET,http://localhost:3000/logistics/tenderos/productos-disponibles?tiendaId=bbbbbbbb-bbbb-4bbb-8bbb-bbbbbbbbbbbb&zona=Zona+Norte,200,55.955,
2026-08-31T04:10:49.576205+00:00,GET,http://localhost:3000/logistics/tenderos/productos-disponibles?tiendaId=bbbbbbbb-bbbb-4bbb-8bbb-bbbbbbbbbbbb&zona=Zona+Norte,200,57.985,
2026-08-31T04:10:49.610219+00:00,GET,http://localhost:3000/logistics/tenderos/productos-disponibles?tiendaId=bbbbbbbb-bbbb-4bbb-8bbb-bbbbbbbbbbbb&zona=Zona+Norte,200,60.346,
2026-08-31T04:10:49.643133+00:00,GET,http://localhost:3000/logistics/tenderos/productos-disponibles?tiendaId=bbbbbbbb-bbbb-4bbb-8bbb-bbbbbbbbbbbb&zona=Zona+Norte,200,54.475,
2026-08-31T04:10:49.676555+00:00,GET,http://localhost:3000/logistics/tenderos/productos-disponibles?tiendaId=bbbbbbbb-bbbb-4bbb-8bbb-bbbbbbbbbbbb&zona=Zona+Norte,200,55.375,
2026-08-31T04:10:49.710227+00:00,GET,http://localhost:3000/logistics/tenderos/productos-disponibles?tiendaId=bbbbbbbb-bbbb-4bbb-8bbb-bbbbbbbbbbbb&zona=Zona+Norte,200,58.772,
2026-08-31T04:10:49.743189+00:00,GET,http://localhost:3000/logistics/tenderos/productos-disponibles?tiendaId=bbbbbbbb-bbbb-4bbb-8bbb-bbbbbbbbbbbb&zona=Zona+Norte,200,56.331,
2026-08-31T04:10:49.776564+00:00,GET,http://localhost:3000/logistics/tenderos/productos-disponibles?tiendaId=bbbbbbbb-bbbb-4bbb-8bbb-bbbbbbbbbbbb&zona=Zona+Norte,200,56.867,
2026-08-31T04:10:49.810226+00:00,GET,http://localhost:3000/logistics/tenderos/productos-disponibles?tiendaId=bbbbbbbb-bbbb-4bbb-8bbb-bbbbbbbbbbbb&zona=Zona+Norte,200,59.851,
2026-08-31T04:10:49.842554+00:00,GET,http://localhost:3000/logistics/tenderos/productos-disponibles?tiendaId=bbbbbbbb-bbbb-4bbb-8bbb-bbbbbbbbbbbb&zona=Zona+Norte,200,57.400,
2026-08-31T04:10:49.876124+00:00,GET,http://localhost:3000/logistics/tenderos/productos-disponibles?tiendaId=bbbbbbbb-bbbb-4bbb-8bbb-bbbbbbbbbbbb&zona=Zona+Norte,200,58.101,
2026-08-31T04:10:49.910254+00:00,GET,http://localhost:3000/logistics/tenderos/productos-disponibles?tiendaId=bbbbbbbb-bbbb-4bbb-8bbb-bbbbbbbbbbbb&zona=Zona+Norte,200,59.452,
2026-08-31T04:10:49.943590+00:00,GET,http://localhost:3000/logistics/tenderos/productos-disponibles?tiendaId=bbbbbbbb-bbbb-4bbb-8bbb-bbbbbbbbbbbb&zona=Zona+Norte,200,59.724,
2026-08-31T04:10:49.976651+00:00,GET,http://localhost:3000/logistics/tenderos/productos-disponibles?tiendaId=bbbbbbbb-bbbb-4bbb-8bbb-bbbbbbbbbbbb&zona=Zona+Norte,200,56.453,
2026-08-31T04:10:50.009863+00:00,GET,http://localhost:3000/logistics/tenderos/productos-disponibles?tiendaId=bbbbbbbb-bbbb-4bbb-8bbb-bbbbbbbbbbbb&zona=Zona+Norte,200,60.060,
2026-08-31T04:10:50.043560+00:00,GET,http://localhost:3000/logistics/tenderos/productos-disponibles?tiendaId=bbbbbbbb-bbbb-4bbb-8bbb-bbbbbbbbbbbb&zona=Zona+Norte,200,58.247,
2026-08-31T04:10:50.076617+00:00,GET,http://localhost:3000/logistics/tenderos/productos-disponibles?tiendaId=bbbbbbbb-bbbb-4bbb-8bbb-bbbbbbbbbbbb&zona=Zona+Norte,200,57.709,
2026-08-31T04:10:50.110128+00:00,GET,http://localhost:3000/logistics/tenderos/productos-disponibles?tiendaId=bbbbbbbb-bbbb-4bbb-8bbb-bbbbbbbbbbbb&zona=Zona+Norte,200,57.253,
2026-08-31T04:10:50.143580+00:00,GET,http://localhost:3000/logistics/tenderos/productos-disponibles?tiendaId=bbbbbbbb-bbbb-4bbb-8bbb-bbbbbbbbbbbb&zona=Zona+Norte,200,57.250,
2026-08-31T04:10:50.176895+00:00,GET,http://localhost:3000/logistics/tenderos/productos-disponibles?tiendaId=bbbbbbbb-bbbb-4bbb-8bbb-bbbbbbbbbbbb&zona=Zona+Norte,200,61.626,
2026-08-31T04:10:50.210252+00:00,GET,http://localhost:3000/logistics/tenderos/productos-disponibles?tiendaId=bbbbbbbb-bbbb-4bbb-8bbb-bbbbbbbbbbbb&zona=Zona+Norte,200,64.210,
2026-08-31T04:10:50.243014+00:00,GET,http://localhost:3000/logistics/tenderos/productos-disponibles?tiendaId=bbbbbbbb-bbbb-4bbb-8bbb-bbbbbbbbbbbb&zona=Zona+Norte,200,59.702,
2026-08-31T04:10:50.276062+00:00,GET,http://localhost:3000/logistics/tenderos/productos-disponibles?tiendaId=bbbbbbbb-bbbb-4bbb-8bbb-bbbbbbbbbbbb&zona=Zona+Norte,200,59.531,
2026-08-31T04:10:50.310062+00:00,GET,http://localhost:3000/logistics/tenderos/productos-disponibles?tiendaId=bbbbbbbb-bbbb-4bbb-8bbb-bbbbbbbbbbbb&zona=Zona+Norte,200,62.486,
2026-08-31T04:10:50.343427+00:00,GET,http://localhost:3000/logistics/tenderos/productos-disponibles?tiendaId=bbbbbbbb-bbbb-4bbb-8bbb-bbbbbbbbbbbb&zona=Zona+Norte,200,59.916,
2026-08-31T04:10:50.376285+00:00,GET,http://localhost:3000/logistics/tenderos/productos-disponibles?tiendaId=bbbbbbbb-bbbb-4bbb-8bbb-bbbbbbbbbbbb&zona=Zona+Norte,200,63.929,
2026-08-31T04:10:50.409967+00:00,GET,http://localhost:3000/logistics/tenderos/productos-disponibles?tiendaId=bbbbbbbb-bbbb-4bbb-8bbb-bbbbbbbbbbbb&zona=Zona+Norte,200,60.859,
2026-08-31T04:10:50.442860+00:00,GET,http://localhost:3000/logistics/tenderos/productos-disponibles?tiendaId=bbbbbbbb-bbbb-4bbb-8bbb-bbbbbbbbbbbb&zona=Zona+Norte,200,63.973,
2026-08-31T04:10:50.476557+00:00,GET,http://localhost:3000/logistics/tenderos/productos-disponibles?tiendaId=bbbbbbbb-bbbb-4bbb-8bbb-bbbbbbbbbbbb&zona=Zona+Norte,200,62.546,
2026-08-31T04:10:50.509543+00:00,GET,http://localhost:3000/logistics/tenderos/productos-disponibles?tiendaId=bbbbbbbb-bbbb-4bbb-8bbb-bbbbbbbbbbbb&zona=Zona+Norte,200,59.390,
2026-08-31T04:10:50.543035+00:00,GET,http://localhost:3000/logistics/tenderos/productos-disponibles?tiendaId=bbbbbbbb-bbbb-4bbb-8bbb-bbbbbbbbbbbb&zona=Zona+Norte,200,63.222,
2026-08-31T04:10:50.576868+00:00,GET,http://localhost:3000/logistics/tenderos/productos-disponibles?tiendaId=bbbbbbbb-bbbb-4bbb-8bbb-bbbbbbbbbbbb&zona=Zona+Norte,200,65.719,
2026-08-31T04:10:50.609615+00:00,GET,http://localhost:3000/logistics/tenderos/productos-disponibles?tiendaId=bbbbbbbb-bbbb-4bbb-8bbb-bbbbbbbbbbbb&zona=Zona+Norte,200,64.425,
2026-08-31T04:10:50.642688+00:00,GET,http://localhost:3000/logistics/tenderos/productos-disponibles?tiendaId=bbbbbbbb-bbbb-4bbb-8bbb-bbbbbbbbbbbb&zona=Zona+Norte,200,60.152,
2026-08-31T04:10:50.676159+00:00,GET,http://localhost:3000/logistics/tenderos/productos-disponibles?tiendaId=bbbbbbbb-bbbb-4bbb-8bbb-bbbbbbbbbbbb&zona=Zona+Norte,200,60.975,
2026-08-31T04:10:50.710089+00:00,GET,http://localhost:3000/logistics/tenderos/productos-disponibles?tiendaId=bbbbbbbb-bbbb-4bbb-8bbb-bbbbbbbbbbbb&zona=Zona+Norte,200,68.554,
2026-08-31T04:10:50.743282+00:00,GET,http://localhost:3000/logistics/tenderos/productos-disponibles?tiendaId=bbbbbbbb-bbbb-4bbb-8bbb-bbbbbbbbbbbb&zona=Zona+Norte,200,64.360,
2026-08-31T04:10:50.776932+00:00,GET,http://localhost:3000/logistics/tenderos/productos-disponibles?tiendaId=bbbbbbbb-bbbb-4bbb-8bbb-bbbbbbbbbbbb&zona=Zona+Norte,200,63.289,
2026-08-31T04:10:50.809422+00:00,GET,http://localhost:3000/logistics/tenderos/productos-disponibles?tiendaId=bbbbbbbb-bbbb-4bbb-8bbb-bbbbbbbbbbbb&zona=Zona+Norte,200,59.302,
2026-08-31T04:10:50.842870+00:00,GET,http://localhost:3000/logistics/tenderos/productos-disponibles?tiendaId=bbbbbbbb-bbbb-4bbb-8bbb-bbbbbbbbbbbb&zona=Zona+Norte,200,63.532,
2026-08-31T04:10:50.876828+00:00,GET,http://localhost:3000/logistics/tenderos/productos-disponibles?tiendaId=bbbbbbbb-bbbb-4bbb-8bbb-bbbbbbbbbbbb&zona=Zona+Norte,200,60.399,
2026-08-31T04:10:50.909582+00:00,GET,http://localhost:3000/logistics/tenderos/productos-disponibles?tiendaId=bbbbbbbb-bbbb-4bbb-8bbb-bbbbbbbbbbbb&zona=Zona+Norte,200,63.720,
2026-08-31T04:10:50.943238+00:00,GET,http://localhost:3000/logistics/tenderos/productos-disponibles?tiendaId=bbbbbbbb-bbbb-4bbb-8bbb-bbbbbbbbbbbb&zona=Zona+Norte,200,64.922,
2026-08-31T04:10:50.975920+00:00,GET,http://localhost:3000/logistics/tenderos/productos-disponibles?tiendaId=bbbbbbbb-bbbb-4bbb-8bbb-bbbbbbbbbbbb&zona=Zona+Norte,200,58.827,
2026-08-31T04:10:51.009372+00:00,GET,http://localhost:3000/logistics/tenderos/productos-disponibles?tiendaId=bbbbbbbb-bbbb-4bbb-8bbb-bbbbbbbbbbbb&zona=Zona+Norte,200,61.926,
2026-08-31T04:10:51.043603+00:00,GET,http://localhost:3000/logistics/tenderos/productos-disponibles?tiendaId=bbbbbbbb-bbbb-4bbb-8bbb-bbbbbbbbbbbb&zona=Zona+Norte,200,60.839,
2026-08-31T04:10:51.076236+00:00,GET,http://localhost:3000/logistics/tenderos/productos-disponibles?tiendaId=bbbbbbbb-bbbb-4bbb-8bbb-bbbbbbbbbbbb&zona=Zona+Norte,200,63.771,
2026-08-31T04:10:51.109857+00:00,GET,http://localhost:3000/logistics/tenderos/productos-disponibles?tiendaId=bbbbbbbb-bbbb-4bbb-8bbb-bbbbbbbbbbbb&zona=Zona+Norte,200,60.412,
2026-08-31T04:10:51.142911+00:00,GET,http://localhost:3000/logistics/tenderos/productos-disponibles?tiendaId=bbbbbbbb-bbbb-4bbb-8bbb-bbbbbbbbbbbb&zona=Zona+Norte,200,62.504,
2026-08-31T04:10:51.176638+00:00,GET,http://localhost:3000/logistics/tenderos/productos-disponibles?tiendaId=bbbbbbbb-bbbb-4bbb-8bbb-bbbbbbbbbbbb&zona=Zona+Norte,200,61.762,
2026-08-31T04:10:51.209413+00:00,GET,http://localhost:3000/logistics/tenderos/productos-disponibles?tiendaId=bbbbbbbb-bbbb-4bbb-8bbb-bbbbbbbbbbbb&zona=Zona+Norte,200,61.194,
2026-08-31T04:10:51.243153+00:00,GET,http://localhost:3000/logistics/tenderos/productos-disponibles?tiendaId=bbbbbbbb-bbbb-4bbb-8bbb-bbbbbbbbbbbb&zona=Zona+Norte,200,60.272,
2026-08-31T04:10:51.276603+00:00,GET,http://localhost:3000/logistics/tenderos/productos-disponibles?tiendaId=bbbbbbbb-bbbb-4bbb-8bbb-bbbbbbbbbbbb&zona=Zona+Norte,200,60.922,
2026-08-31T04:10:51.310008+00:00,GET,http://localhost:3000/logistics/tenderos/productos-disponibles?tiendaId=bbbbbbbb-bbbb-4bbb-8bbb-bbbbbbbbbbbb&zona=Zona+Norte,200,61.875,
2026-08-31T04:10:51.343215+00:00,GET,http://localhost:3000/logistics/tenderos/productos-disponibles?tiendaId=bbbbbbbb-bbbb-4bbb-8bbb-bbbbbbbbbbbb&zona=Zona+Norte,200,63.415,
2026-08-31T04:10:51.376431+00:00,GET,http://localhost:3000/logistics/tenderos/productos-disponibles?tiendaId=bbbbbbbb-bbbb-4bbb-8bbb-bbbbbbbbbbbb&zona=Zona+Norte,200,62.201,
2026-08-31T04:10:51.409575+00:00,GET,http://localhost:3000/logistics/tenderos/productos-disponibles?tiendaId=bbbbbbbb-bbbb-4bbb-8bbb-bbbbbbbbbbbb&zona=Zona+Norte,200,60.263,
2026-08-31T04:10:51.443094+00:00,GET,http://localhost:3000/logistics/tenderos/productos-disponibles?tiendaId=bbbbbbbb-bbbb-4bbb-8bbb-bbbbbbbbbbbb&zona=Zona+Norte,200,61.289,
2026-08-31T04:10:51.476716+00:00,GET,http://localhost:3000/logistics/tenderos/productos-disponibles?tiendaId=bbbbbbbb-bbbb-4bbb-8bbb-bbbbbbbbbbbb&zona=Zona+Norte,200,59.759,
2026-08-31T04:10:51.509859+00:00,GET,http://localhost:3000/logistics/tenderos/productos-disponibles?tiendaId=bbbbbbbb-bbbb-4bbb-8bbb-bbbbbbbbbbbb&zona=Zona+Norte,200,61.643,
2026-08-31T04:10:51.543370+00:00,GET,http://localhost:3000/logistics/tenderos/productos-disponibles?tiendaId=bbbbbbbb-bbbb-4bbb-8bbb-bbbbbbbbbbbb&zona=Zona+Norte,200,62.082,
2026-08-31T04:10:51.576215+00:00,GET,http://localhost:3000/logistics/tenderos/productos-disponibles?tiendaId=bbbbbbbb-bbbb-4bbb-8bbb-bbbbbbbbbbbb&zona=Zona+Norte,200,62.446,
2026-08-31T04:10:51.609723+00:00,GET,http://localhost:3000/logistics/tenderos/productos-disponibles?tiendaId=bbbbbbbb-bbbb-4bbb-8bbb-bbbbbbbbbbbb&zona=Zona+Norte,200,59.498,
2026-08-31T04:10:51.643088+00:00,GET,http://localhost:3000/logistics/tenderos/productos-disponibles?tiendaId=bbbbbbbb-bbbb-4bbb-8bbb-bbbbbbbbbbbb&zona=Zona+Norte,200,59.269,
2026-08-31T04:10:51.676776+00:00,GET,http://localhost:3000/logistics/tenderos/productos-disponibles?tiendaId=bbbbbbbb-bbbb-4bbb-8bbb-bbbbbbbbbbbb&zona=Zona+Norte,200,60.621,
2026-08-31T04:10:51.710162+00:00,GET,http://localhost:3000/logistics/tenderos/productos-disponibles?tiendaId=bbbbbbbb-bbbb-4bbb-8bbb-bbbbbbbbbbbb&zona=Zona+Norte,200,60.326,
2026-08-31T04:10:51.743275+00:00,GET,http://localhost:3000/logistics/tenderos/productos-disponibles?tiendaId=bbbbbbbb-bbbb-4bbb-8bbb-bbbbbbbbbbbb&zona=Zona+Norte,200,59.816,
2026-08-31T04:10:51.776646+00:00,GET,http://localhost:3000/logistics/tenderos/productos-disponibles?tiendaId=bbbbbbbb-bbbb-4bbb-8bbb-bbbbbbbbbbbb&zona=Zona+Norte,200,59.379,
2026-08-31T04:10:51.810036+00:00,GET,http://localhost:3000/logistics/tenderos/productos-disponibles?tiendaId=bbbbbbbb-bbbb-4bbb-8bbb-bbbbbbbbbbbb&zona=Zona+Norte,200,63.869,
2026-08-31T04:10:51.843430+00:00,GET,http://localhost:3000/logistics/tenderos/productos-disponibles?tiendaId=bbbbbbbb-bbbb-4bbb-8bbb-bbbbbbbbbbbb&zona=Zona+Norte,200,59.843,
2026-08-31T04:10:51.876161+00:00,GET,http://localhost:3000/logistics/tenderos/productos-disponibles?tiendaId=bbbbbbbb-bbbb-4bbb-8bbb-bbbbbbbbbbbb&zona=Zona+Norte,200,61.797,
2026-08-31T04:10:51.910026+00:00,GET,http://localhost:3000/logistics/tenderos/productos-disponibles?tiendaId=bbbbbbbb-bbbb-4bbb-8bbb-bbbbbbbbbbbb&zona=Zona+Norte,200,61.884,
2026-08-31T04:10:51.943033+00:00,GET,http://localhost:3000/logistics/tenderos/productos-disponibles?tiendaId=bbbbbbbb-bbbb-4bbb-8bbb-bbbbbbbbbbbb&zona=Zona+Norte,200,58.618,
2026-08-31T04:10:51.976282+00:00,GET,http://localhost:3000/logistics/tenderos/productos-disponibles?tiendaId=bbbbbbbb-bbbb-4bbb-8bbb-bbbbbbbbbbbb&zona=Zona+Norte,200,63.679,
2026-08-31T04:10:52.010231+00:00,GET,http://localhost:3000/logistics/tenderos/productos-disponibles?tiendaId=bbbbbbbb-bbbb-4bbb-8bbb-bbbbbbbbbbbb&zona=Zona+Norte,200,63.163,
2026-08-31T04:10:52.042931+00:00,GET,http://localhost:3000/logistics/tenderos/productos-disponibles?tiendaId=bbbbbbbb-bbbb-4bbb-8bbb-bbbbbbbbbbbb&zona=Zona+Norte,200,60.896,
2026-08-31T04:10:52.075984+00:00,GET,http://localhost:3000/logistics/tenderos/productos-disponibles?tiendaId=bbbbbbbb-bbbb-4bbb-8bbb-bbbbbbbbbbbb&zona=Zona+Norte,200,62.581,
2026-08-31T04:10:52.109945+00:00,GET,http://localhost:3000/logistics/tenderos/productos-disponibles?tiendaId=bbbbbbbb-bbbb-4bbb-8bbb-bbbbbbbbbbbb&zona=Zona+Norte,200,64.587,
2026-08-31T04:10:52.143160+00:00,GET,http://localhost:3000/logistics/tenderos/productos-disponibles?tiendaId=bbbbbbbb-bbbb-4bbb-8bbb-bbbbbbbbbbbb&zona=Zona+Norte,200,60.930,
2026-08-31T04:10:52.176116+00:00,GET,http://localhost:3000/logistics/tenderos/productos-disponibles?tiendaId=bbbbbbbb-bbbb-4bbb-8bbb-bbbbbbbbbbbb&zona=Zona+Norte,200,63.478,
2026-08-31T04:10:52.209804+00:00,GET,http://localhost:3000/logistics/tenderos/productos-disponibles?tiendaId=bbbbbbbb-bbbb-4bbb-8bbb-bbbbbbbbbbbb&zona=Zona+Norte,200,59.822,
2026-08-31T04:10:52.242896+00:00,GET,http://localhost:3000/logistics/tenderos/productos-disponibles?tiendaId=bbbbbbbb-bbbb-4bbb-8bbb-bbbbbbbbbbbb&zona=Zona+Norte,200,59.861,
2026-08-31T04:10:52.276676+00:00,GET,http://localhost:3000/logistics/tenderos/productos-disponibles?tiendaId=bbbbbbbb-bbbb-4bbb-8bbb-bbbbbbbbbbbb&zona=Zona+Norte,200,62.286,
2026-08-31T04:10:52.310107+00:00,GET,http://localhost:3000/logistics/tenderos/productos-disponibles?tiendaId=bbbbbbbb-bbbb-4bbb-8bbb-bbbbbbbbbbbb&zona=Zona+Norte,200,63.131,
2026-08-31T04:10:52.343049+00:00,GET,http://localhost:3000/logistics/tenderos/productos-disponibles?tiendaId=bbbbbbbb-bbbb-4bbb-8bbb-bbbbbbbbbbbb&zona=Zona+Norte,200,61.385,
2026-08-31T04:10:52.376256+00:00,GET,http://localhost:3000/logistics/tenderos/productos-disponibles?tiendaId=bbbbbbbb-bbbb-4bbb-8bbb-bbbbbbbbbbbb&zona=Zona+Norte,200,62.866,
2026-08-31T04:10:52.409888+00:00,GET,http://localhost:3000/logistics/tenderos/productos-disponibles?tiendaId=bbbbbbbb-bbbb-4bbb-8bbb-bbbbbbbbbbbb&zona=Zona+Norte,200,62.768,
2026-08-31T04:10:52.443080+00:00,GET,http://localhost:3000/logistics/tenderos/productos-disponibles?tiendaId=bbbbbbbb-bbbb-4bbb-8bbb-bbbbbbbbbbbb&zona=Zona+Norte,200,59.725,
2026-08-31T04:10:52.476361+00:00,GET,http://localhost:3000/logistics/tenderos/productos-disponibles?tiendaId=bbbbbbbb-bbbb-4bbb-8bbb-bbbbbbbbbbbb&zona=Zona+Norte,200,59.339,
2026-08-31T04:10:52.510080+00:00,GET,http://localhost:3000/logistics/tenderos/productos-disponibles?tiendaId=bbbbbbbb-bbbb-4bbb-8bbb-bbbbbbbbbbbb&zona=Zona+Norte,200,64.210,
2026-08-31T04:10:52.543512+00:00,GET,http://localhost:3000/logistics/tenderos/productos-disponibles?tiendaId=bbbbbbbb-bbbb-4bbb-8bbb-bbbbbbbbbbbb&zona=Zona+Norte,200,58.179,
2026-08-31T04:10:52.576199+00:00,GET,http://localhost:3000/logistics/tenderos/productos-disponibles?tiendaId=bbbbbbbb-bbbb-4bbb-8bbb-bbbbbbbbbbbb&zona=Zona+Norte,200,60.087,
2026-08-31T04:10:52.610231+00:00,GET,http://localhost:3000/logistics/tenderos/productos-disponibles?tiendaId=bbbbbbbb-bbbb-4bbb-8bbb-bbbbbbbbbbbb&zona=Zona+Norte,200,58.748,
2026-08-31T04:10:52.643429+00:00,GET,http://localhost:3000/logistics/tenderos/productos-disponibles?tiendaId=bbbbbbbb-bbbb-4bbb-8bbb-bbbbbbbbbbbb&zona=Zona+Norte,200,54.899,
2026-08-31T04:10:52.676504+00:00,GET,http://localhost:3000/logistics/tenderos/productos-disponibles?tiendaId=bbbbbbbb-bbbb-4bbb-8bbb-bbbbbbbbbbbb&zona=Zona+Norte,200,56.151,
2026-08-31T04:10:52.710318+00:00,GET,http://localhost:3000/logistics/tenderos/productos-disponibles?tiendaId=bbbbbbbb-bbbb-4bbb-8bbb-bbbbbbbbbbbb&zona=Zona+Norte,200,57.004,
2026-08-31T04:10:52.743645+00:00,GET,http://localhost:3000/logistics/tenderos/productos-disponibles?tiendaId=bbbbbbbb-bbbb-4bbb-8bbb-bbbbbbbbbbbb&zona=Zona+Norte,200,55.382,
2026-08-31T04:10:52.776971+00:00,GET,http://localhost:3000/logistics/tenderos/productos-disponibles?tiendaId=bbbbbbbb-bbbb-4bbb-8bbb-bbbbbbbbbbbb&zona=Zona+Norte,200,54.706,
2026-08-31T04:10:52.810291+00:00,GET,http://localhost:3000/logistics/tenderos/productos-disponibles?tiendaId=bbbbbbbb-bbbb-4bbb-8bbb-bbbbbbbbbbbb&zona=Zona+Norte,200,54.476,
2026-08-31T04:10:52.843644+00:00,GET,http://localhost:3000/logistics/tenderos/productos-disponibles?tiendaId=bbbbbbbb-bbbb-4bbb-8bbb-bbbbbbbbbbbb&zona=Zona+Norte,200,55.136,
2026-08-31T04:10:52.876992+00:00,GET,http://localhost:3000/logistics/tenderos/productos-disponibles?tiendaId=bbbbbbbb-bbbb-4bbb-8bbb-bbbbbbbbbbbb&zona=Zona+Norte,200,57.011,
2026-08-31T04:10:52.910335+00:00,GET,http://localhost:3000/logistics/tenderos/productos-disponibles?tiendaId=bbbbbbbb-bbbb-4bbb-8bbb-bbbbbbbbbbbb&zona=Zona+Norte,200,55.922,
2026-08-31T04:10:52.943101+00:00,GET,http://localhost:3000/logistics/tenderos/productos-disponibles?tiendaId=bbbbbbbb-bbbb-4bbb-8bbb-bbbbbbbbbbbb&zona=Zona+Norte,200,57.550,
2026-08-31T04:10:52.976964+00:00,GET,http://localhost:3000/logistics/tenderos/productos-disponibles?tiendaId=bbbbbbbb-bbbb-4bbb-8bbb-bbbbbbbbbbbb&zona=Zona+Norte,200,55.893,
2026-08-31T04:10:53.010316+00:00,GET,http://localhost:3000/logistics/tenderos/productos-disponibles?tiendaId=bbbbbbbb-bbbb-4bbb-8bbb-bbbbbbbbbbbb&zona=Zona+Norte,200,55.068,
2026-08-31T04:10:53.043652+00:00,GET,http://localhost:3000/logistics/tenderos/productos-disponibles?tiendaId=bbbbbbbb-bbbb-4bbb-8bbb-bbbbbbbbbbbb&zona=Zona+Norte,200,58.803,
2026-08-31T04:10:53.076971+00:00,GET,http://localhost:3000/logistics/tenderos/productos-disponibles?tiendaId=bbbbbbbb-bbbb-4bbb-8bbb-bbbbbbbbbbbb&zona=Zona+Norte,200,56.884,
2026-08-31T04:10:53.110165+00:00,GET,http://localhost:3000/logistics/tenderos/productos-disponibles?tiendaId=bbbbbbbb-bbbb-4bbb-8bbb-bbbbbbbbbbbb&zona=Zona+Norte,200,56.779,
2026-08-31T04:10:53.143633+00:00,GET,http://localhost:3000/logistics/tenderos/productos-disponibles?tiendaId=bbbbbbbb-bbbb-4bbb-8bbb-bbbbbbbbbbbb&zona=Zona+Norte,200,55.657,
2026-08-31T04:10:53.176974+00:00,GET,http://localhost:3000/logistics/tenderos/productos-disponibles?tiendaId=bbbbbbbb-bbbb-4bbb-8bbb-bbbbbbbbbbbb&zona=Zona+Norte,200,54.612,
2026-08-31T04:10:53.210303+00:00,GET,http://localhost:3000/logistics/tenderos/productos-disponibles?tiendaId=bbbbbbbb-bbbb-4bbb-8bbb-bbbbbbbbbbbb&zona=Zona+Norte,200,54.612,
2026-08-31T04:10:53.243644+00:00,GET,http://localhost:3000/logistics/tenderos/productos-disponibles?tiendaId=bbbbbbbb-bbbb-4bbb-8bbb-bbbbbbbbbbbb&zona=Zona+Norte,200,55.892,
2026-08-31T04:10:53.276981+00:00,GET,http://localhost:3000/logistics/tenderos/productos-disponibles?tiendaId=bbbbbbbb-bbbb-4bbb-8bbb-bbbbbbbbbbbb&zona=Zona+Norte,200,56.333,
2026-08-31T04:10:53.310349+00:00,GET,http://localhost:3000/logistics/tenderos/productos-disponibles?tiendaId=bbbbbbbb-bbbb-4bbb-8bbb-bbbbbbbbbbbb&zona=Zona+Norte,200,59.170,
2026-08-31T04:10:53.342951+00:00,GET,http://localhost:3000/logistics/tenderos/productos-disponibles?tiendaId=bbbbbbbb-bbbb-4bbb-8bbb-bbbbbbbbbbbb&zona=Zona+Norte,200,58.837,
2026-08-31T04:10:53.376477+00:00,GET,http://localhost:3000/logistics/tenderos/productos-disponibles?tiendaId=bbbbbbbb-bbbb-4bbb-8bbb-bbbbbbbbbbbb&zona=Zona+Norte,200,55.327,
2026-08-31T04:10:53.409991+00:00,GET,http://localhost:3000/logistics/tenderos/productos-disponibles?tiendaId=bbbbbbbb-bbbb-4bbb-8bbb-bbbbbbbbbbbb&zona=Zona+Norte,200,55.395,
2026-08-31T04:10:53.443644+00:00,GET,http://localhost:3000/logistics/tenderos/productos-disponibles?tiendaId=bbbbbbbb-bbbb-4bbb-8bbb-bbbbbbbbbbbb&zona=Zona+Norte,200,58.881,
2026-08-31T04:10:53.476746+00:00,GET,http://localhost:3000/logistics/tenderos/productos-disponibles?tiendaId=bbbbbbbb-bbbb-4bbb-8bbb-bbbbbbbbbbbb&zona=Zona+Norte,200,62.335,
2026-08-31T04:10:53.510140+00:00,GET,http://localhost:3000/logistics/tenderos/productos-disponibles?tiendaId=bbbbbbbb-bbbb-4bbb-8bbb-bbbbbbbbbbbb&zona=Zona+Norte,200,62.798,
2026-08-31T04:10:53.543102+00:00,GET,http://localhost:3000/logistics/tenderos/productos-disponibles?tiendaId=bbbbbbbb-bbbb-4bbb-8bbb-bbbbbbbbbbbb&zona=Zona+Norte,200,63.386,
2026-08-31T04:10:53.576329+00:00,GET,http://localhost:3000/logistics/tenderos/productos-disponibles?tiendaId=bbbbbbbb-bbbb-4bbb-8bbb-bbbbbbbbbbbb&zona=Zona+Norte,200,58.674,
2026-08-31T04:10:53.609611+00:00,GET,http://localhost:3000/logistics/tenderos/productos-disponibles?tiendaId=bbbbbbbb-bbbb-4bbb-8bbb-bbbbbbbbbbbb&zona=Zona+Norte,200,60.700,
2026-08-31T04:10:53.643575+00:00,GET,http://localhost:3000/logistics/tenderos/productos-disponibles?tiendaId=bbbbbbbb-bbbb-4bbb-8bbb-bbbbbbbbbbbb&zona=Zona+Norte,200,58.112,
2026-08-31T04:10:53.676676+00:00,GET,http://localhost:3000/logistics/tenderos/productos-disponibles?tiendaId=bbbbbbbb-bbbb-4bbb-8bbb-bbbbbbbbbbbb&zona=Zona+Norte,200,60.223,
2026-08-31T04:10:53.710238+00:00,GET,http://localhost:3000/logistics/tenderos/productos-disponibles?tiendaId=bbbbbbbb-bbbb-4bbb-8bbb-bbbbbbbbbbbb&zona=Zona+Norte,200,57.188,
2026-08-31T04:10:53.743324+00:00,GET,http://localhost:3000/logistics/tenderos/productos-disponibles?tiendaId=bbbbbbbb-bbbb-4bbb-8bbb-bbbbbbbbbbbb&zona=Zona+Norte,200,60.262,
2026-08-31T04:10:53.776708+00:00,GET,http://localhost:3000/logistics/tenderos/productos-disponibles?tiendaId=bbbbbbbb-bbbb-4bbb-8bbb-bbbbbbbbbbbb&zona=Zona+Norte,200,59.864,
2026-08-31T04:10:53.810022+00:00,GET,http://localhost:3000/logistics/tenderos/productos-disponibles?tiendaId=bbbbbbbb-bbbb-4bbb-8bbb-bbbbbbbbbbbb&zona=Zona+Norte,200,65.033,
2026-08-31T04:10:53.842772+00:00,GET,http://localhost:3000/logistics/tenderos/productos-disponibles?tiendaId=bbbbbbbb-bbbb-4bbb-8bbb-bbbbbbbbbbbb&zona=Zona+Norte,200,64.077,
2026-08-31T04:10:53.876032+00:00,GET,http://localhost:3000/logistics/tenderos/productos-disponibles?tiendaId=bbbbbbbb-bbbb-4bbb-8bbb-bbbbbbbbbbbb&zona=Zona+Norte,200,58.170,
2026-08-31T04:10:53.909583+00:00,GET,http://localhost:3000/logistics/tenderos/productos-disponibles?tiendaId=bbbbbbbb-bbbb-4bbb-8bbb-bbbbbbbbbbbb&zona=Zona+Norte,200,60.982,
2026-08-31T04:10:53.943638+00:00,GET,http://localhost:3000/logistics/tenderos/productos-disponibles?tiendaId=bbbbbbbb-bbbb-4bbb-8bbb-bbbbbbbbbbbb&zona=Zona+Norte,200,60.789,
2026-08-31T04:10:53.976392+00:00,GET,http://localhost:3000/logistics/tenderos/productos-disponibles?tiendaId=bbbbbbbb-bbbb-4bbb-8bbb-bbbbbbbbbbbb&zona=Zona+Norte,200,60.760,
2026-08-31T04:10:54.009752+00:00,GET,http://localhost:3000/logistics/tenderos/productos-disponibles?tiendaId=bbbbbbbb-bbbb-4bbb-8bbb-bbbbbbbbbbbb&zona=Zona+Norte,200,58.127,
2026-08-31T04:10:54.043299+00:00,GET,http://localhost:3000/logistics/tenderos/productos-disponibles?tiendaId=bbbbbbbb-bbbb-4bbb-8bbb-bbbbbbbbbbbb&zona=Zona+Norte,200,60.652,
2026-08-31T04:10:54.076958+00:00,GET,http://localhost:3000/logistics/tenderos/productos-disponibles?tiendaId=bbbbbbbb-bbbb-4bbb-8bbb-bbbbbbbbbbbb&zona=Zona+Norte,200,60.586,
2026-08-31T04:10:54.109946+00:00,GET,http://localhost:3000/logistics/tenderos/productos-disponibles?tiendaId=bbbbbbbb-bbbb-4bbb-8bbb-bbbbbbbbbbbb&zona=Zona+Norte,200,58.815,
2026-08-31T04:10:54.143059+00:00,GET,http://localhost:3000/logistics/tenderos/productos-disponibles?tiendaId=bbbbbbbb-bbbb-4bbb-8bbb-bbbbbbbbbbbb&zona=Zona+Norte,200,61.656,
2026-08-31T04:10:54.176852+00:00,GET,http://localhost:3000/logistics/tenderos/productos-disponibles?tiendaId=bbbbbbbb-bbbb-4bbb-8bbb-bbbbbbbbbbbb&zona=Zona+Norte,200,56.781,
2026-08-31T04:10:54.209859+00:00,GET,http://localhost:3000/logistics/tenderos/productos-disponibles?tiendaId=bbbbbbbb-bbbb-4bbb-8bbb-bbbbbbbbbbbb&zona=Zona+Norte,200,59.136,
2026-08-31T04:10:54.243687+00:00,GET,http://localhost:3000/logistics/tenderos/productos-disponibles?tiendaId=bbbbbbbb-bbbb-4bbb-8bbb-bbbbbbbbbbbb&zona=Zona+Norte,200,55.536,
2026-08-31T04:10:54.276738+00:00,GET,http://localhost:3000/logistics/tenderos/productos-disponibles?tiendaId=bbbbbbbb-bbbb-4bbb-8bbb-bbbbbbbbbbbb&zona=Zona+Norte,200,56.894,
2026-08-31T04:10:54.309766+00:00,GET,http://localhost:3000/logistics/tenderos/productos-disponibles?tiendaId=bbbbbbbb-bbbb-4bbb-8bbb-bbbbbbbbbbbb&zona=Zona+Norte,200,54.933,
2026-08-31T04:10:54.343657+00:00,GET,http://localhost:3000/logistics/tenderos/productos-disponibles?tiendaId=bbbbbbbb-bbbb-4bbb-8bbb-bbbbbbbbbbbb&zona=Zona+Norte,200,60.003,
2026-08-31T04:10:54.377006+00:00,GET,http://localhost:3000/logistics/tenderos/productos-disponibles?tiendaId=bbbbbbbb-bbbb-4bbb-8bbb-bbbbbbbbbbbb&zona=Zona+Norte,200,62.779,
2026-08-31T04:10:54.410005+00:00,GET,http://localhost:3000/logistics/tenderos/productos-disponibles?tiendaId=bbbbbbbb-bbbb-4bbb-8bbb-bbbbbbbbbbbb&zona=Zona+Norte,200,62.884,
2026-08-31T04:10:54.442971+00:00,GET,http://localhost:3000/logistics/tenderos/productos-disponibles?tiendaId=bbbbbbbb-bbbb-4bbb-8bbb-bbbbbbbbbbbb&zona=Zona+Norte,200,59.066,
2026-08-31T04:10:54.476325+00:00,GET,http://localhost:3000/logistics/tenderos/productos-disponibles?tiendaId=bbbbbbbb-bbbb-4bbb-8bbb-bbbbbbbbbbbb&zona=Zona+Norte,200,62.363,
2026-08-31T04:10:54.510207+00:00,GET,http://localhost:3000/logistics/tenderos/productos-disponibles?tiendaId=bbbbbbbb-bbbb-4bbb-8bbb-bbbbbbbbbbbb&zona=Zona+Norte,200,62.399,
2026-08-31T04:10:54.542739+00:00,GET,http://localhost:3000/logistics/tenderos/productos-disponibles?tiendaId=bbbbbbbb-bbbb-4bbb-8bbb-bbbbbbbbbbbb&zona=Zona+Norte,200,62.139,
2026-08-31T04:10:54.576469+00:00,GET,http://localhost:3000/logistics/tenderos/productos-disponibles?tiendaId=bbbbbbbb-bbbb-4bbb-8bbb-bbbbbbbbbbbb&zona=Zona+Norte,200,59.628,
2026-08-31T04:10:54.609875+00:00,GET,http://localhost:3000/logistics/tenderos/productos-disponibles?tiendaId=bbbbbbbb-bbbb-4bbb-8bbb-bbbbbbbbbbbb&zona=Zona+Norte,200,59.275,
2026-08-31T04:10:54.643452+00:00,GET,http://localhost:3000/logistics/tenderos/productos-disponibles?tiendaId=bbbbbbbb-bbbb-4bbb-8bbb-bbbbbbbbbbbb&zona=Zona+Norte,200,57.629,
2026-08-31T04:10:54.676083+00:00,GET,http://localhost:3000/logistics/tenderos/productos-disponibles?tiendaId=bbbbbbbb-bbbb-4bbb-8bbb-bbbbbbbbbbbb&zona=Zona+Norte,200,59.936,
2026-08-31T04:10:54.710324+00:00,GET,http://localhost:3000/logistics/tenderos/productos-disponibles?tiendaId=bbbbbbbb-bbbb-4bbb-8bbb-bbbbbbbbbbbb&zona=Zona+Norte,200,62.550,
2026-08-31T04:10:54.743449+00:00,GET,http://localhost:3000/logistics/tenderos/productos-disponibles?tiendaId=bbbbbbbb-bbbb-4bbb-8bbb-bbbbbbbbbbbb&zona=Zona+Norte,200,63.427,
2026-08-31T04:10:54.776348+00:00,GET,http://localhost:3000/logistics/tenderos/productos-disponibles?tiendaId=bbbbbbbb-bbbb-4bbb-8bbb-bbbbbbbbbbbb&zona=Zona+Norte,200,59.593,
2026-08-31T04:10:54.809370+00:00,GET,http://localhost:3000/logistics/tenderos/productos-disponibles?tiendaId=bbbbbbbb-bbbb-4bbb-8bbb-bbbbbbbbbbbb&zona=Zona+Norte,200,63.911,
2026-08-31T04:10:54.843503+00:00,GET,http://localhost:3000/logistics/tenderos/productos-disponibles?tiendaId=bbbbbbbb-bbbb-4bbb-8bbb-bbbbbbbbbbbb&zona=Zona+Norte,200,65.736,
2026-08-31T04:10:54.876292+00:00,GET,http://localhost:3000/logistics/tenderos/productos-disponibles?tiendaId=bbbbbbbb-bbbb-4bbb-8bbb-bbbbbbbbbbbb&zona=Zona+Norte,200,63.375,
2026-08-31T04:10:54.909324+00:00,GET,http://localhost:3000/logistics/tenderos/productos-disponibles?tiendaId=bbbbbbbb-bbbb-4bbb-8bbb-bbbbbbbbbbbb&zona=Zona+Norte,200,62.725,
2026-08-31T04:10:54.942973+00:00,GET,http://localhost:3000/logistics/tenderos/productos-disponibles?tiendaId=bbbbbbbb-bbbb-4bbb-8bbb-bbbbbbbbbbbb&zona=Zona+Norte,200,61.202,
2026-08-31T04:10:54.976287+00:00,GET,http://localhost:3000/logistics/tenderos/productos-disponibles?tiendaId=bbbbbbbb-bbbb-4bbb-8bbb-bbbbbbbbbbbb&zona=Zona+Norte,200,57.711,
2026-08-31T04:10:55.009920+00:00,GET,http://localhost:3000/logistics/tenderos/productos-disponibles?tiendaId=bbbbbbbb-bbbb-4bbb-8bbb-bbbbbbbbbbbb&zona=Zona+Norte,200,60.789,
2026-08-31T04:10:55.042966+00:00,GET,http://localhost:3000/logistics/tenderos/productos-disponibles?tiendaId=bbbbbbbb-bbbb-4bbb-8bbb-bbbbbbbbbbbb&zona=Zona+Norte,200,60.541,
2026-08-31T04:10:55.076623+00:00,GET,http://localhost:3000/logistics/tenderos/productos-disponibles?tiendaId=bbbbbbbb-bbbb-4bbb-8bbb-bbbbbbbbbbbb&zona=Zona+Norte,200,57.761,
2026-08-31T04:10:55.110021+00:00,GET,http://localhost:3000/logistics/tenderos/productos-disponibles?tiendaId=bbbbbbbb-bbbb-4bbb-8bbb-bbbbbbbbbbbb&zona=Zona+Norte,200,58.948,
2026-08-31T04:10:55.143651+00:00,GET,http://localhost:3000/logistics/tenderos/productos-disponibles?tiendaId=bbbbbbbb-bbbb-4bbb-8bbb-bbbbbbbbbbbb&zona=Zona+Norte,200,61.091,
2026-08-31T04:10:55.176835+00:00,GET,http://localhost:3000/logistics/tenderos/productos-disponibles?tiendaId=bbbbbbbb-bbbb-4bbb-8bbb-bbbbbbbbbbbb&zona=Zona+Norte,200,57.946,
2026-08-31T04:10:55.209850+00:00,GET,http://localhost:3000/logistics/tenderos/productos-disponibles?tiendaId=bbbbbbbb-bbbb-4bbb-8bbb-bbbbbbbbbbbb&zona=Zona+Norte,200,59.990,
2026-08-31T04:10:55.243351+00:00,GET,http://localhost:3000/logistics/tenderos/productos-disponibles?tiendaId=bbbbbbbb-bbbb-4bbb-8bbb-bbbbbbbbbbbb&zona=Zona+Norte,200,60.418,
2026-08-31T04:10:55.276744+00:00,GET,http://localhost:3000/logistics/tenderos/productos-disponibles?tiendaId=bbbbbbbb-bbbb-4bbb-8bbb-bbbbbbbbbbbb&zona=Zona+Norte,200,60.160,
2026-08-31T04:10:55.309993+00:00,GET,http://localhost:3000/logistics/tenderos/productos-disponibles?tiendaId=bbbbbbbb-bbbb-4bbb-8bbb-bbbbbbbbbbbb&zona=Zona+Norte,200,57.967,
2026-08-31T04:10:55.343362+00:00,GET,http://localhost:3000/logistics/tenderos/productos-disponibles?tiendaId=bbbbbbbb-bbbb-4bbb-8bbb-bbbbbbbbbbbb&zona=Zona+Norte,200,61.067,
2026-08-31T04:10:55.376704+00:00,GET,http://localhost:3000/logistics/tenderos/productos-disponibles?tiendaId=bbbbbbbb-bbbb-4bbb-8bbb-bbbbbbbbbbbb&zona=Zona+Norte,200,60.644,
2026-08-31T04:10:55.409904+00:00,GET,http://localhost:3000/logistics/tenderos/productos-disponibles?tiendaId=bbbbbbbb-bbbb-4bbb-8bbb-bbbbbbbbbbbb&zona=Zona+Norte,200,58.192,
2026-08-31T04:10:55.443328+00:00,GET,http://localhost:3000/logistics/tenderos/productos-disponibles?tiendaId=bbbbbbbb-bbbb-4bbb-8bbb-bbbbbbbbbbbb&zona=Zona+Norte,200,58.220,
2026-08-31T04:10:55.476049+00:00,GET,http://localhost:3000/logistics/tenderos/productos-disponibles?tiendaId=bbbbbbbb-bbbb-4bbb-8bbb-bbbbbbbbbbbb&zona=Zona+Norte,200,57.704,
2026-08-31T04:10:55.509955+00:00,GET,http://localhost:3000/logistics/tenderos/productos-disponibles?tiendaId=bbbbbbbb-bbbb-4bbb-8bbb-bbbbbbbbbbbb&zona=Zona+Norte,200,59.298,
2026-08-31T04:10:55.543667+00:00,GET,http://localhost:3000/logistics/tenderos/productos-disponibles?tiendaId=bbbbbbbb-bbbb-4bbb-8bbb-bbbbbbbbbbbb&zona=Zona+Norte,200,61.076,
2026-08-31T04:10:55.576883+00:00,GET,http://localhost:3000/logistics/tenderos/productos-disponibles?tiendaId=bbbbbbbb-bbbb-4bbb-8bbb-bbbbbbbbbbbb&zona=Zona+Norte,200,60.748,
2026-08-31T04:10:55.609855+00:00,GET,http://localhost:3000/logistics/tenderos/productos-disponibles?tiendaId=bbbbbbbb-bbbb-4bbb-8bbb-bbbbbbbbbbbb&zona=Zona+Norte,200,57.126,
2026-08-31T04:10:55.643255+00:00,GET,http://localhost:3000/logistics/tenderos/productos-disponibles?tiendaId=bbbbbbbb-bbbb-4bbb-8bbb-bbbbbbbbbbbb&zona=Zona+Norte,200,57.515,
2026-08-31T04:10:55.676965+00:00,GET,http://localhost:3000/logistics/tenderos/productos-disponibles?tiendaId=bbbbbbbb-bbbb-4bbb-8bbb-bbbbbbbbbbbb&zona=Zona+Norte,200,57.359,
2026-08-31T04:10:55.709513+00:00,GET,http://localhost:3000/logistics/tenderos/productos-disponibles?tiendaId=bbbbbbbb-bbbb-4bbb-8bbb-bbbbbbbbbbbb&zona=Zona+Norte,200,57.933,
2026-08-31T04:10:55.743641+00:00,GET,http://localhost:3000/logistics/tenderos/productos-disponibles?tiendaId=bbbbbbbb-bbbb-4bbb-8bbb-bbbbbbbbbbbb&zona=Zona+Norte,200,61.326,
2026-08-31T04:10:55.776981+00:00,GET,http://localhost:3000/logistics/tenderos/productos-disponibles?tiendaId=bbbbbbbb-bbbb-4bbb-8bbb-bbbbbbbbbbbb&zona=Zona+Norte,200,57.318,
2026-08-31T04:10:55.809826+00:00,GET,http://localhost:3000/logistics/tenderos/productos-disponibles?tiendaId=bbbbbbbb-bbbb-4bbb-8bbb-bbbbbbbbbbbb&zona=Zona+Norte,200,61.005,
2026-08-31T04:10:55.843662+00:00,GET,http://localhost:3000/logistics/tenderos/productos-disponibles?tiendaId=bbbbbbbb-bbbb-4bbb-8bbb-bbbbbbbbbbbb&zona=Zona+Norte,200,62.983,
2026-08-31T04:10:55.876631+00:00,GET,http://localhost:3000/logistics/tenderos/productos-disponibles?tiendaId=bbbbbbbb-bbbb-4bbb-8bbb-bbbbbbbbbbbb&zona=Zona+Norte,200,58.435,
2026-08-31T04:10:55.909644+00:00,GET,http://localhost:3000/logistics/tenderos/productos-disponibles?tiendaId=bbbbbbbb-bbbb-4bbb-8bbb-bbbbbbbbbbbb&zona=Zona+Norte,200,60.685,
2026-08-31T04:10:55.943001+00:00,GET,http://localhost:3000/logistics/tenderos/productos-disponibles?tiendaId=bbbbbbbb-bbbb-4bbb-8bbb-bbbbbbbbbbbb&zona=Zona+Norte,200,58.144,
2026-08-31T04:10:55.976712+00:00,GET,http://localhost:3000/logistics/tenderos/productos-disponibles?tiendaId=bbbbbbbb-bbbb-4bbb-8bbb-bbbbbbbbbbbb&zona=Zona+Norte,200,57.414,
2026-08-31T04:10:56.010315+00:00,GET,http://localhost:3000/logistics/tenderos/productos-disponibles?tiendaId=bbbbbbbb-bbbb-4bbb-8bbb-bbbbbbbbbbbb&zona=Zona+Norte,200,60.793,
2026-08-31T04:10:56.043681+00:00,GET,http://localhost:3000/logistics/tenderos/productos-disponibles?tiendaId=bbbbbbbb-bbbb-4bbb-8bbb-bbbbbbbbbbbb&zona=Zona+Norte,200,61.818,
2026-08-31T04:10:56.076577+00:00,GET,http://localhost:3000/logistics/tenderos/productos-disponibles?tiendaId=bbbbbbbb-bbbb-4bbb-8bbb-bbbbbbbbbbbb&zona=Zona+Norte,200,61.945,
2026-08-31T04:10:56.109774+00:00,GET,http://localhost:3000/logistics/tenderos/productos-disponibles?tiendaId=bbbbbbbb-bbbb-4bbb-8bbb-bbbbbbbbbbbb&zona=Zona+Norte,200,58.253,
2026-08-31T04:10:56.143061+00:00,GET,http://localhost:3000/logistics/tenderos/productos-disponibles?tiendaId=bbbbbbbb-bbbb-4bbb-8bbb-bbbbbbbbbbbb&zona=Zona+Norte,200,60.713,
2026-08-31T04:10:56.176988+00:00,GET,http://localhost:3000/logistics/tenderos/productos-disponibles?tiendaId=bbbbbbbb-bbbb-4bbb-8bbb-bbbbbbbbbbbb&zona=Zona+Norte,200,58.553,
2026-08-31T04:10:56.210022+00:00,GET,http://localhost:3000/logistics/tenderos/productos-disponibles?tiendaId=bbbbbbbb-bbbb-4bbb-8bbb-bbbbbbbbbbbb&zona=Zona+Norte,200,58.428,
2026-08-31T04:10:56.243537+00:00,GET,http://localhost:3000/logistics/tenderos/productos-disponibles?tiendaId=bbbbbbbb-bbbb-4bbb-8bbb-bbbbbbbbbbbb&zona=Zona+Norte,200,58.030,
2026-08-31T04:10:56.276052+00:00,GET,http://localhost:3000/logistics/tenderos/productos-disponibles?tiendaId=bbbbbbbb-bbbb-4bbb-8bbb-bbbbbbbbbbbb&zona=Zona+Norte,200,60.829,
2026-08-31T04:10:56.309931+00:00,GET,http://localhost:3000/logistics/tenderos/productos-disponibles?tiendaId=bbbbbbbb-bbbb-4bbb-8bbb-bbbbbbbbbbbb&zona=Zona+Norte,200,60.782,
2026-08-31T04:10:56.343379+00:00,GET,http://localhost:3000/logistics/tenderos/productos-disponibles?tiendaId=bbbbbbbb-bbbb-4bbb-8bbb-bbbbbbbbbbbb&zona=Zona+Norte,200,57.356,
2026-08-31T04:10:56.376239+00:00,GET,http://localhost:3000/logistics/tenderos/productos-disponibles?tiendaId=bbbbbbbb-bbbb-4bbb-8bbb-bbbbbbbbbbbb&zona=Zona+Norte,200,60.982,
2026-08-31T04:10:56.410315+00:00,GET,http://localhost:3000/logistics/tenderos/productos-disponibles?tiendaId=bbbbbbbb-bbbb-4bbb-8bbb-bbbbbbbbbbbb&zona=Zona+Norte,200,57.428,
2026-08-31T04:10:56.443324+00:00,GET,http://localhost:3000/logistics/tenderos/productos-disponibles?tiendaId=bbbbbbbb-bbbb-4bbb-8bbb-bbbbbbbbbbbb&zona=Zona+Norte,200,61.680,
2026-08-31T04:10:56.476985+00:00,GET,http://localhost:3000/logistics/tenderos/productos-disponibles?tiendaId=bbbbbbbb-bbbb-4bbb-8bbb-bbbbbbbbbbbb&zona=Zona+Norte,200,58.198,
2026-08-31T04:10:56.509424+00:00,GET,http://localhost:3000/logistics/tenderos/productos-disponibles?tiendaId=bbbbbbbb-bbbb-4bbb-8bbb-bbbbbbbbbbbb&zona=Zona+Norte,200,58.291,
2026-08-31T04:10:56.543577+00:00,GET,http://localhost:3000/logistics/tenderos/productos-disponibles?tiendaId=bbbbbbbb-bbbb-4bbb-8bbb-bbbbbbbbbbbb&zona=Zona+Norte,200,57.702,
2026-08-31T04:10:56.576220+00:00,GET,http://localhost:3000/logistics/tenderos/productos-disponibles?tiendaId=bbbbbbbb-bbbb-4bbb-8bbb-bbbbbbbbbbbb&zona=Zona+Norte,200,61.357,
2026-08-31T04:10:56.609815+00:00,GET,http://localhost:3000/logistics/tenderos/productos-disponibles?tiendaId=bbbbbbbb-bbbb-4bbb-8bbb-bbbbbbbbbbbb&zona=Zona+Norte,200,61.590,
2026-08-31T04:10:56.643269+00:00,GET,http://localhost:3000/logistics/tenderos/productos-disponibles?tiendaId=bbbbbbbb-bbbb-4bbb-8bbb-bbbbbbbbbbbb&zona=Zona+Norte,200,58.096,
2026-08-31T04:10:56.676548+00:00,GET,http://localhost:3000/logistics/tenderos/productos-disponibles?tiendaId=bbbbbbbb-bbbb-4bbb-8bbb-bbbbbbbbbbbb&zona=Zona+Norte,200,57.949,
2026-08-31T04:10:56.710306+00:00,GET,http://localhost:3000/logistics/tenderos/productos-disponibles?tiendaId=bbbbbbbb-bbbb-4bbb-8bbb-bbbbbbbbbbbb&zona=Zona+Norte,200,61.077,
2026-08-31T04:10:56.743655+00:00,GET,http://localhost:3000/logistics/tenderos/productos-disponibles?tiendaId=bbbbbbbb-bbbb-4bbb-8bbb-bbbbbbbbbbbb&zona=Zona+Norte,200,56.998,
2026-08-31T04:10:56.776239+00:00,GET,http://localhost:3000/logistics/tenderos/productos-disponibles?tiendaId=bbbbbbbb-bbbb-4bbb-8bbb-bbbbbbbbbbbb&zona=Zona+Norte,200,58.379,
2026-08-31T04:10:56.810319+00:00,GET,http://localhost:3000/logistics/tenderos/productos-disponibles?tiendaId=bbbbbbbb-bbbb-4bbb-8bbb-bbbbbbbbbbbb&zona=Zona+Norte,200,58.068,
2026-08-31T04:10:56.843669+00:00,GET,http://localhost:3000/logistics/tenderos/productos-disponibles?tiendaId=bbbbbbbb-bbbb-4bbb-8bbb-bbbbbbbbbbbb&zona=Zona+Norte,200,57.625,
2026-08-31T04:10:56.876327+00:00,GET,http://localhost:3000/logistics/tenderos/productos-disponibles?tiendaId=bbbbbbbb-bbbb-4bbb-8bbb-bbbbbbbbbbbb&zona=Zona+Norte,200,60.756,
2026-08-31T04:10:56.910335+00:00,GET,http://localhost:3000/logistics/tenderos/productos-disponibles?tiendaId=bbbbbbbb-bbbb-4bbb-8bbb-bbbbbbbbbbbb&zona=Zona+Norte,200,58.333,
2026-08-31T04:10:56.942706+00:00,GET,http://localhost:3000/logistics/tenderos/productos-disponibles?tiendaId=bbbbbbbb-bbbb-4bbb-8bbb-bbbbbbbbbbbb&zona=Zona+Norte,200,61.383,
2026-08-31T04:10:56.976905+00:00,GET,http://localhost:3000/logistics/tenderos/productos-disponibles?tiendaId=bbbbbbbb-bbbb-4bbb-8bbb-bbbbbbbbbbbb&zona=Zona+Norte,200,61.725,
2026-08-31T04:10:57.009979+00:00,GET,http://localhost:3000/logistics/tenderos/productos-disponibles?tiendaId=bbbbbbbb-bbbb-4bbb-8bbb-bbbbbbbbbbbb&zona=Zona+Norte,200,60.940,
2026-08-31T04:10:57.043139+00:00,GET,http://localhost:3000/logistics/tenderos/productos-disponibles?tiendaId=bbbbbbbb-bbbb-4bbb-8bbb-bbbbbbbbbbbb&zona=Zona+Norte,200,57.820,
2026-08-31T04:10:57.076629+00:00,GET,http://localhost:3000/logistics/tenderos/productos-disponibles?tiendaId=bbbbbbbb-bbbb-4bbb-8bbb-bbbbbbbbbbbb&zona=Zona+Norte,200,57.737,
2026-08-31T04:10:57.110332+00:00,GET,http://localhost:3000/logistics/tenderos/productos-disponibles?tiendaId=bbbbbbbb-bbbb-4bbb-8bbb-bbbbbbbbbbbb&zona=Zona+Norte,200,58.186,
2026-08-31T04:10:57.143659+00:00,GET,http://localhost:3000/logistics/tenderos/productos-disponibles?tiendaId=bbbbbbbb-bbbb-4bbb-8bbb-bbbbbbbbbbbb&zona=Zona+Norte,200,57.882,
2026-08-31T04:10:57.176783+00:00,GET,http://localhost:3000/logistics/tenderos/productos-disponibles?tiendaId=bbbbbbbb-bbbb-4bbb-8bbb-bbbbbbbbbbbb&zona=Zona+Norte,200,57.797,
2026-08-31T04:10:57.209734+00:00,GET,http://localhost:3000/logistics/tenderos/productos-disponibles?tiendaId=bbbbbbbb-bbbb-4bbb-8bbb-bbbbbbbbbbbb&zona=Zona+Norte,200,61.223,
2026-08-31T04:10:57.243664+00:00,GET,http://localhost:3000/logistics/tenderos/productos-disponibles?tiendaId=bbbbbbbb-bbbb-4bbb-8bbb-bbbbbbbbbbbb&zona=Zona+Norte,200,58.408,
2026-08-31T04:10:57.276608+00:00,GET,http://localhost:3000/logistics/tenderos/productos-disponibles?tiendaId=bbbbbbbb-bbbb-4bbb-8bbb-bbbbbbbbbbbb&zona=Zona+Norte,200,57.884,
2026-08-31T04:10:57.310230+00:00,GET,http://localhost:3000/logistics/tenderos/productos-disponibles?tiendaId=bbbbbbbb-bbbb-4bbb-8bbb-bbbbbbbbbbbb&zona=Zona+Norte,200,58.598,
2026-08-31T04:10:57.342846+00:00,GET,http://localhost:3000/logistics/tenderos/productos-disponibles?tiendaId=bbbbbbbb-bbbb-4bbb-8bbb-bbbbbbbbbbbb&zona=Zona+Norte,200,62.466,
2026-08-31T04:10:57.376907+00:00,GET,http://localhost:3000/logistics/tenderos/productos-disponibles?tiendaId=bbbbbbbb-bbbb-4bbb-8bbb-bbbbbbbbbbbb&zona=Zona+Norte,200,61.603,
2026-08-31T04:10:57.409816+00:00,GET,http://localhost:3000/logistics/tenderos/productos-disponibles?tiendaId=bbbbbbbb-bbbb-4bbb-8bbb-bbbbbbbbbbbb&zona=Zona+Norte,200,64.806,
2026-08-31T04:10:57.443184+00:00,GET,http://localhost:3000/logistics/tenderos/productos-disponibles?tiendaId=bbbbbbbb-bbbb-4bbb-8bbb-bbbbbbbbbbbb&zona=Zona+Norte,200,60.536,
2026-08-31T04:10:57.476143+00:00,GET,http://localhost:3000/logistics/tenderos/productos-disponibles?tiendaId=bbbbbbbb-bbbb-4bbb-8bbb-bbbbbbbbbbbb&zona=Zona+Norte,200,62.553,
2026-08-31T04:10:57.510025+00:00,GET,http://localhost:3000/logistics/tenderos/productos-disponibles?tiendaId=bbbbbbbb-bbbb-4bbb-8bbb-bbbbbbbbbbbb&zona=Zona+Norte,200,61.280,
2026-08-31T04:10:57.543156+00:00,GET,http://localhost:3000/logistics/tenderos/productos-disponibles?tiendaId=bbbbbbbb-bbbb-4bbb-8bbb-bbbbbbbbbbbb&zona=Zona+Norte,200,64.622,
2026-08-31T04:10:57.576642+00:00,GET,http://localhost:3000/logistics/tenderos/productos-disponibles?tiendaId=bbbbbbbb-bbbb-4bbb-8bbb-bbbbbbbbbbbb&zona=Zona+Norte,200,61.845,
2026-08-31T04:10:57.609521+00:00,GET,http://localhost:3000/logistics/tenderos/productos-disponibles?tiendaId=bbbbbbbb-bbbb-4bbb-8bbb-bbbbbbbbbbbb&zona=Zona+Norte,200,59.925,
2026-08-31T04:10:57.643167+00:00,GET,http://localhost:3000/logistics/tenderos/productos-disponibles?tiendaId=bbbbbbbb-bbbb-4bbb-8bbb-bbbbbbbbbbbb&zona=Zona+Norte,200,61.289,
2026-08-31T04:10:57.676805+00:00,GET,http://localhost:3000/logistics/tenderos/productos-disponibles?tiendaId=bbbbbbbb-bbbb-4bbb-8bbb-bbbbbbbbbbbb&zona=Zona+Norte,200,58.623,
2026-08-31T04:10:57.709957+00:00,GET,http://localhost:3000/logistics/tenderos/productos-disponibles?tiendaId=bbbbbbbb-bbbb-4bbb-8bbb-bbbbbbbbbbbb&zona=Zona+Norte,200,61.687,
2026-08-31T04:10:57.743577+00:00,GET,http://localhost:3000/logistics/tenderos/productos-disponibles?tiendaId=bbbbbbbb-bbbb-4bbb-8bbb-bbbbbbbbbbbb&zona=Zona+Norte,200,63.247,
2026-08-31T04:10:57.776278+00:00,GET,http://localhost:3000/logistics/tenderos/productos-disponibles?tiendaId=bbbbbbbb-bbbb-4bbb-8bbb-bbbbbbbbbbbb&zona=Zona+Norte,200,58.348,
2026-08-31T04:10:57.809640+00:00,GET,http://localhost:3000/logistics/tenderos/productos-disponibles?tiendaId=bbbbbbbb-bbbb-4bbb-8bbb-bbbbbbbbbbbb&zona=Zona+Norte,200,58.093,
2026-08-31T04:10:57.843666+00:00,GET,http://localhost:3000/logistics/tenderos/productos-disponibles?tiendaId=bbbbbbbb-bbbb-4bbb-8bbb-bbbbbbbbbbbb&zona=Zona+Norte,200,57.721,
2026-08-31T04:10:57.876378+00:00,GET,http://localhost:3000/logistics/tenderos/productos-disponibles?tiendaId=bbbbbbbb-bbbb-4bbb-8bbb-bbbbbbbbbbbb&zona=Zona+Norte,200,60.526,
2026-08-31T04:10:57.909656+00:00,GET,http://localhost:3000/logistics/tenderos/productos-disponibles?tiendaId=bbbbbbbb-bbbb-4bbb-8bbb-bbbbbbbbbbbb&zona=Zona+Norte,200,60.041,
2026-08-31T04:10:57.943373+00:00,GET,http://localhost:3000/logistics/tenderos/productos-disponibles?tiendaId=bbbbbbbb-bbbb-4bbb-8bbb-bbbbbbbbbbbb&zona=Zona+Norte,200,60.596,
2026-08-31T04:10:57.976783+00:00,GET,http://localhost:3000/logistics/tenderos/productos-disponibles?tiendaId=bbbbbbbb-bbbb-4bbb-8bbb-bbbbbbbbbbbb&zona=Zona+Norte,200,58.240,
2026-08-31T04:10:58.009343+00:00,GET,http://localhost:3000/logistics/tenderos/productos-disponibles?tiendaId=bbbbbbbb-bbbb-4bbb-8bbb-bbbbbbbbbbbb&zona=Zona+Norte,200,58.657,
2026-08-31T04:10:58.043923+00:00,GET,http://localhost:3000/logistics/tenderos/productos-disponibles?tiendaId=bbbbbbbb-bbbb-4bbb-8bbb-bbbbbbbbbbbb&zona=Zona+Norte,200,59.728,
2026-08-31T04:10:58.077006+00:00,GET,http://localhost:3000/logistics/tenderos/productos-disponibles?tiendaId=bbbbbbbb-bbbb-4bbb-8bbb-bbbbbbbbbbbb&zona=Zona+Norte,200,63.850,
2026-08-31T04:10:58.110057+00:00,GET,http://localhost:3000/logistics/tenderos/productos-disponibles?tiendaId=bbbbbbbb-bbbb-4bbb-8bbb-bbbbbbbbbbbb&zona=Zona+Norte,200,65.789,
2026-08-31T04:10:58.142912+00:00,GET,http://localhost:3000/logistics/tenderos/productos-disponibles?tiendaId=bbbbbbbb-bbbb-4bbb-8bbb-bbbbbbbbbbbb&zona=Zona+Norte,200,72.285,
2026-08-31T04:10:58.175980+00:00,GET,http://localhost:3000/logistics/tenderos/productos-disponibles?tiendaId=bbbbbbbb-bbbb-4bbb-8bbb-bbbbbbbbbbbb&zona=Zona+Norte,200,75.415,
2026-08-31T04:10:58.210289+00:00,GET,http://localhost:3000/logistics/tenderos/productos-disponibles?tiendaId=bbbbbbbb-bbbb-4bbb-8bbb-bbbbbbbbbbbb&zona=Zona+Norte,200,70.197,
2026-08-31T04:10:58.243703+00:00,GET,http://localhost:3000/logistics/tenderos/productos-disponibles?tiendaId=bbbbbbbb-bbbb-4bbb-8bbb-bbbbbbbbbbbb&zona=Zona+Norte,200,70.802,
2026-08-31T04:10:58.277025+00:00,GET,http://localhost:3000/logistics/tenderos/productos-disponibles?tiendaId=bbbbbbbb-bbbb-4bbb-8bbb-bbbbbbbbbbbb&zona=Zona+Norte,200,63.224,
2026-08-31T04:10:58.310344+00:00,GET,http://localhost:3000/logistics/tenderos/productos-disponibles?tiendaId=bbbbbbbb-bbbb-4bbb-8bbb-bbbbbbbbbbbb&zona=Zona+Norte,200,61.606,
2026-08-31T04:10:58.342951+00:00,GET,http://localhost:3000/logistics/tenderos/productos-disponibles?tiendaId=bbbbbbbb-bbbb-4bbb-8bbb-bbbbbbbbbbbb&zona=Zona+Norte,200,61.517,
2026-08-31T04:10:58.376501+00:00,GET,http://localhost:3000/logistics/tenderos/productos-disponibles?tiendaId=bbbbbbbb-bbbb-4bbb-8bbb-bbbbbbbbbbbb&zona=Zona+Norte,200,58.440,
2026-08-31T04:10:58.409931+00:00,GET,http://localhost:3000/logistics/tenderos/productos-disponibles?tiendaId=bbbbbbbb-bbbb-4bbb-8bbb-bbbbbbbbbbbb&zona=Zona+Norte,200,57.432,
2026-08-31T04:10:58.443642+00:00,GET,http://localhost:3000/logistics/tenderos/productos-disponibles?tiendaId=bbbbbbbb-bbbb-4bbb-8bbb-bbbbbbbbbbbb&zona=Zona+Norte,200,56.164,
2026-08-31T04:10:58.476995+00:00,GET,http://localhost:3000/logistics/tenderos/productos-disponibles?tiendaId=bbbbbbbb-bbbb-4bbb-8bbb-bbbbbbbbbbbb&zona=Zona+Norte,200,57.684,
2026-08-31T04:10:58.510357+00:00,GET,http://localhost:3000/logistics/tenderos/productos-disponibles?tiendaId=bbbbbbbb-bbbb-4bbb-8bbb-bbbbbbbbbbbb&zona=Zona+Norte,200,54.793,
2026-08-31T04:10:58.543676+00:00,GET,http://localhost:3000/logistics/tenderos/productos-disponibles?tiendaId=bbbbbbbb-bbbb-4bbb-8bbb-bbbbbbbbbbbb&zona=Zona+Norte,200,55.376,
2026-08-31T04:10:58.577104+00:00,GET,http://localhost:3000/logistics/tenderos/productos-disponibles?tiendaId=bbbbbbbb-bbbb-4bbb-8bbb-bbbbbbbbbbbb&zona=Zona+Norte,200,56.839,
2026-08-31T04:10:58.610361+00:00,GET,http://localhost:3000/logistics/tenderos/productos-disponibles?tiendaId=bbbbbbbb-bbbb-4bbb-8bbb-bbbbbbbbbbbb&zona=Zona+Norte,200,55.502,
2026-08-31T04:10:58.643462+00:00,GET,http://localhost:3000/logistics/tenderos/productos-disponibles?tiendaId=bbbbbbbb-bbbb-4bbb-8bbb-bbbbbbbbbbbb&zona=Zona+Norte,200,56.162,
2026-08-31T04:10:58.677048+00:00,GET,http://localhost:3000/logistics/tenderos/productos-disponibles?tiendaId=bbbbbbbb-bbbb-4bbb-8bbb-bbbbbbbbbbbb&zona=Zona+Norte,200,59.078,
2026-08-31T04:10:58.710342+00:00,GET,http://localhost:3000/logistics/tenderos/productos-disponibles?tiendaId=bbbbbbbb-bbbb-4bbb-8bbb-bbbbbbbbbbbb&zona=Zona+Norte,200,56.110,
2026-08-31T04:10:58.743525+00:00,GET,http://localhost:3000/logistics/tenderos/productos-disponibles?tiendaId=bbbbbbbb-bbbb-4bbb-8bbb-bbbbbbbbbbbb&zona=Zona+Norte,200,55.424,
2026-08-31T04:10:58.777040+00:00,GET,http://localhost:3000/logistics/tenderos/productos-disponibles?tiendaId=bbbbbbbb-bbbb-4bbb-8bbb-bbbbbbbbbbbb&zona=Zona+Norte,200,56.289,
2026-08-31T04:10:58.810383+00:00,GET,http://localhost:3000/logistics/tenderos/productos-disponibles?tiendaId=bbbbbbbb-bbbb-4bbb-8bbb-bbbbbbbbbbbb&zona=Zona+Norte,200,54.960,
2026-08-31T04:10:58.843747+00:00,GET,http://localhost:3000/logistics/tenderos/productos-disponibles?tiendaId=bbbbbbbb-bbbb-4bbb-8bbb-bbbbbbbbbbbb&zona=Zona+Norte,200,59.039,
2026-08-31T04:10:58.877036+00:00,GET,http://localhost:3000/logistics/tenderos/productos-disponibles?tiendaId=bbbbbbbb-bbbb-4bbb-8bbb-bbbbbbbbbbbb&zona=Zona+Norte,200,56.522,
2026-08-31T04:10:58.910192+00:00,GET,http://localhost:3000/logistics/tenderos/productos-disponibles?tiendaId=bbbbbbbb-bbbb-4bbb-8bbb-bbbbbbbbbbbb&zona=Zona+Norte,200,56.323,
2026-08-31T04:10:58.943123+00:00,GET,http://localhost:3000/logistics/tenderos/productos-disponibles?tiendaId=bbbbbbbb-bbbb-4bbb-8bbb-bbbbbbbbbbbb&zona=Zona+Norte,200,54.851,
2026-08-31T04:10:58.977048+00:00,GET,http://localhost:3000/logistics/tenderos/productos-disponibles?tiendaId=bbbbbbbb-bbbb-4bbb-8bbb-bbbbbbbbbbbb&zona=Zona+Norte,200,58.150,
2026-08-31T04:10:59.010338+00:00,GET,http://localhost:3000/logistics/tenderos/productos-disponibles?tiendaId=bbbbbbbb-bbbb-4bbb-8bbb-bbbbbbbbbbbb&zona=Zona+Norte,200,58.618,
2026-08-31T04:10:59.043651+00:00,GET,http://localhost:3000/logistics/tenderos/productos-disponibles?tiendaId=bbbbbbbb-bbbb-4bbb-8bbb-bbbbbbbbbbbb&zona=Zona+Norte,200,56.254,
2026-08-31T04:10:59.076193+00:00,GET,http://localhost:3000/logistics/tenderos/productos-disponibles?tiendaId=bbbbbbbb-bbbb-4bbb-8bbb-bbbbbbbbbbbb&zona=Zona+Norte,200,55.936,
2026-08-31T04:10:59.110374+00:00,GET,http://localhost:3000/logistics/tenderos/productos-disponibles?tiendaId=bbbbbbbb-bbbb-4bbb-8bbb-bbbbbbbbbbbb&zona=Zona+Norte,200,58.717,
2026-08-31T04:10:59.143106+00:00,GET,http://localhost:3000/logistics/tenderos/productos-disponibles?tiendaId=bbbbbbbb-bbbb-4bbb-8bbb-bbbbbbbbbbbb&zona=Zona+Norte,200,57.361,
2026-08-31T04:10:59.176368+00:00,GET,http://localhost:3000/logistics/tenderos/productos-disponibles?tiendaId=bbbbbbbb-bbbb-4bbb-8bbb-bbbbbbbbbbbb&zona=Zona+Norte,200,62.551,
2026-08-31T04:10:59.209802+00:00,GET,http://localhost:3000/logistics/tenderos/productos-disponibles?tiendaId=bbbbbbbb-bbbb-4bbb-8bbb-bbbbbbbbbbbb&zona=Zona+Norte,200,62.625,
2026-08-31T04:10:59.243127+00:00,GET,http://localhost:3000/logistics/tenderos/productos-disponibles?tiendaId=bbbbbbbb-bbbb-4bbb-8bbb-bbbbbbbbbbbb&zona=Zona+Norte,200,60.216,
2026-08-31T04:10:59.276189+00:00,GET,http://localhost:3000/logistics/tenderos/productos-disponibles?tiendaId=bbbbbbbb-bbbb-4bbb-8bbb-bbbbbbbbbbbb&zona=Zona+Norte,200,58.938,
2026-08-31T04:10:59.309762+00:00,GET,http://localhost:3000/logistics/tenderos/productos-disponibles?tiendaId=bbbbbbbb-bbbb-4bbb-8bbb-bbbbbbbbbbbb&zona=Zona+Norte,200,60.822,
2026-08-31T04:10:59.343055+00:00,GET,http://localhost:3000/logistics/tenderos/productos-disponibles?tiendaId=bbbbbbbb-bbbb-4bbb-8bbb-bbbbbbbbbbbb&zona=Zona+Norte,200,60.497,
2026-08-31T04:10:59.376703+00:00,GET,http://localhost:3000/logistics/tenderos/productos-disponibles?tiendaId=bbbbbbbb-bbbb-4bbb-8bbb-bbbbbbbbbbbb&zona=Zona+Norte,200,63.659,
2026-08-31T04:10:59.410086+00:00,GET,http://localhost:3000/logistics/tenderos/productos-disponibles?tiendaId=bbbbbbbb-bbbb-4bbb-8bbb-bbbbbbbbbbbb&zona=Zona+Norte,200,62.654,
2026-08-31T04:10:59.442959+00:00,GET,http://localhost:3000/logistics/tenderos/productos-disponibles?tiendaId=bbbbbbbb-bbbb-4bbb-8bbb-bbbbbbbbbbbb&zona=Zona+Norte,200,60.172,
2026-08-31T04:10:59.476442+00:00,GET,http://localhost:3000/logistics/tenderos/productos-disponibles?tiendaId=bbbbbbbb-bbbb-4bbb-8bbb-bbbbbbbbbbbb&zona=Zona+Norte,200,62.552,
2026-08-31T04:10:59.509781+00:00,GET,http://localhost:3000/logistics/tenderos/productos-disponibles?tiendaId=bbbbbbbb-bbbb-4bbb-8bbb-bbbbbbbbbbbb&zona=Zona+Norte,200,59.848,
2026-08-31T04:10:59.543127+00:00,GET,http://localhost:3000/logistics/tenderos/productos-disponibles?tiendaId=bbbbbbbb-bbbb-4bbb-8bbb-bbbbbbbbbbbb&zona=Zona+Norte,200,59.829,
2026-08-31T04:10:59.576912+00:00,GET,http://localhost:3000/logistics/tenderos/productos-disponibles?tiendaId=bbbbbbbb-bbbb-4bbb-8bbb-bbbbbbbbbbbb&zona=Zona+Norte,200,64.727,
2026-08-31T04:10:59.610199+00:00,GET,http://localhost:3000/logistics/tenderos/productos-disponibles?tiendaId=bbbbbbbb-bbbb-4bbb-8bbb-bbbbbbbbbbbb&zona=Zona+Norte,200,63.781,
2026-08-31T04:10:59.642829+00:00,GET,http://localhost:3000/logistics/tenderos/productos-disponibles?tiendaId=bbbbbbbb-bbbb-4bbb-8bbb-bbbbbbbbbbbb&zona=Zona+Norte,200,59.872,
2026-08-31T04:10:59.676264+00:00,GET,http://localhost:3000/logistics/tenderos/productos-disponibles?tiendaId=bbbbbbbb-bbbb-4bbb-8bbb-bbbbbbbbbbbb&zona=Zona+Norte,200,63.668,
2026-08-31T04:10:59.710204+00:00,GET,http://localhost:3000/logistics/tenderos/productos-disponibles?tiendaId=bbbbbbbb-bbbb-4bbb-8bbb-bbbbbbbbbbbb&zona=Zona+Norte,200,63.550,
2026-08-31T04:10:59.743009+00:00,GET,http://localhost:3000/logistics/tenderos/productos-disponibles?tiendaId=bbbbbbbb-bbbb-4bbb-8bbb-bbbbbbbbbbbb&zona=Zona+Norte,200,59.562,
2026-08-31T04:10:59.776294+00:00,GET,http://localhost:3000/logistics/tenderos/productos-disponibles?tiendaId=bbbbbbbb-bbbb-4bbb-8bbb-bbbbbbbbbbbb&zona=Zona+Norte,200,64.476,
2026-08-31T04:10:59.810203+00:00,GET,http://localhost:3000/logistics/tenderos/productos-disponibles?tiendaId=bbbbbbbb-bbbb-4bbb-8bbb-bbbbbbbbbbbb&zona=Zona+Norte,200,60.495,
2026-08-31T04:10:59.842901+00:00,GET,http://localhost:3000/logistics/tenderos/productos-disponibles?tiendaId=bbbbbbbb-bbbb-4bbb-8bbb-bbbbbbbbbbbb&zona=Zona+Norte,200,60.079,
2026-08-31T04:10:59.876708+00:00,GET,http://localhost:3000/logistics/tenderos/productos-disponibles?tiendaId=bbbbbbbb-bbbb-4bbb-8bbb-bbbbbbbbbbbb&zona=Zona+Norte,200,63.237,
2026-08-31T04:10:59.910160+00:00,GET,http://localhost:3000/logistics/tenderos/productos-disponibles?tiendaId=bbbbbbbb-bbbb-4bbb-8bbb-bbbbbbbbbbbb&zona=Zona+Norte,200,63.007,
2026-08-31T04:10:59.943052+00:00,GET,http://localhost:3000/logistics/tenderos/productos-disponibles?tiendaId=bbbbbbbb-bbbb-4bbb-8bbb-bbbbbbbbbbbb&zona=Zona+Norte,200,62.535,
2026-08-31T04:10:59.976391+00:00,GET,http://localhost:3000/logistics/tenderos/productos-disponibles?tiendaId=bbbbbbbb-bbbb-4bbb-8bbb-bbbbbbbbbbbb&zona=Zona+Norte,200,62.142,
2026-08-31T04:11:00.009823+00:00,GET,http://localhost:3000/logistics/tenderos/productos-disponibles?tiendaId=bbbbbbbb-bbbb-4bbb-8bbb-bbbbbbbbbbbb&zona=Zona+Norte,200,61.646,
2026-08-31T04:11:00.043194+00:00,GET,http://localhost:3000/logistics/tenderos/productos-disponibles?tiendaId=bbbbbbbb-bbbb-4bbb-8bbb-bbbbbbbbbbbb&zona=Zona+Norte,200,63.222,
2026-08-31T04:11:00.076605+00:00,GET,http://localhost:3000/logistics/tenderos/productos-disponibles?tiendaId=bbbbbbbb-bbbb-4bbb-8bbb-bbbbbbbbbbbb&zona=Zona+Norte,200,59.547,
2026-08-31T04:11:00.109714+00:00,GET,http://localhost:3000/logistics/tenderos/productos-disponibles?tiendaId=bbbbbbbb-bbbb-4bbb-8bbb-bbbbbbbbbbbb&zona=Zona+Norte,200,61.924,
2026-08-31T04:11:00.143534+00:00,GET,http://localhost:3000/logistics/tenderos/productos-disponibles?tiendaId=bbbbbbbb-bbbb-4bbb-8bbb-bbbbbbbbbbbb&zona=Zona+Norte,200,59.294,
2026-08-31T04:11:00.176569+00:00,GET,http://localhost:3000/logistics/tenderos/productos-disponibles?tiendaId=bbbbbbbb-bbbb-4bbb-8bbb-bbbbbbbbbbbb&zona=Zona+Norte,200,61.471,
2026-08-31T04:11:00.210193+00:00,GET,http://localhost:3000/logistics/tenderos/productos-disponibles?tiendaId=bbbbbbbb-bbbb-4bbb-8bbb-bbbbbbbbbbbb&zona=Zona+Norte,200,62.524,
2026-08-31T04:11:00.243361+00:00,GET,http://localhost:3000/logistics/tenderos/productos-disponibles?tiendaId=bbbbbbbb-bbbb-4bbb-8bbb-bbbbbbbbbbbb&zona=Zona+Norte,200,58.981,
2026-08-31T04:11:00.276426+00:00,GET,http://localhost:3000/logistics/tenderos/productos-disponibles?tiendaId=bbbbbbbb-bbbb-4bbb-8bbb-bbbbbbbbbbbb&zona=Zona+Norte,200,63.216,
2026-08-31T04:11:00.310247+00:00,GET,http://localhost:3000/logistics/tenderos/productos-disponibles?tiendaId=bbbbbbbb-bbbb-4bbb-8bbb-bbbbbbbbbbbb&zona=Zona+Norte,200,61.256,
2026-08-31T04:11:00.343057+00:00,GET,http://localhost:3000/logistics/tenderos/productos-disponibles?tiendaId=bbbbbbbb-bbbb-4bbb-8bbb-bbbbbbbbbbbb&zona=Zona+Norte,200,62.131,
2026-08-31T04:11:00.376622+00:00,GET,http://localhost:3000/logistics/tenderos/productos-disponibles?tiendaId=bbbbbbbb-bbbb-4bbb-8bbb-bbbbbbbbbbbb&zona=Zona+Norte,200,62.462,
2026-08-31T04:11:00.409857+00:00,GET,http://localhost:3000/logistics/tenderos/productos-disponibles?tiendaId=bbbbbbbb-bbbb-4bbb-8bbb-bbbbbbbbbbbb&zona=Zona+Norte,200,61.293,
2026-08-31T04:11:00.443134+00:00,GET,http://localhost:3000/logistics/tenderos/productos-disponibles?tiendaId=bbbbbbbb-bbbb-4bbb-8bbb-bbbbbbbbbbbb&zona=Zona+Norte,200,62.860,
2026-08-31T04:11:00.476172+00:00,GET,http://localhost:3000/logistics/tenderos/productos-disponibles?tiendaId=bbbbbbbb-bbbb-4bbb-8bbb-bbbbbbbbbbbb&zona=Zona+Norte,200,62.431,
2026-08-31T04:11:00.509808+00:00,GET,http://localhost:3000/logistics/tenderos/productos-disponibles?tiendaId=bbbbbbbb-bbbb-4bbb-8bbb-bbbbbbbbbbbb&zona=Zona+Norte,200,62.305,
2026-08-31T04:11:00.543199+00:00,GET,http://localhost:3000/logistics/tenderos/productos-disponibles?tiendaId=bbbbbbbb-bbbb-4bbb-8bbb-bbbbbbbbbbbb&zona=Zona+Norte,200,61.677,
2026-08-31T04:11:00.576577+00:00,GET,http://localhost:3000/logistics/tenderos/productos-disponibles?tiendaId=bbbbbbbb-bbbb-4bbb-8bbb-bbbbbbbbbbbb&zona=Zona+Norte,200,62.316,
2026-08-31T04:11:00.609911+00:00,GET,http://localhost:3000/logistics/tenderos/productos-disponibles?tiendaId=bbbbbbbb-bbbb-4bbb-8bbb-bbbbbbbbbbbb&zona=Zona+Norte,200,60.231,
2026-08-31T04:11:00.643166+00:00,GET,http://localhost:3000/logistics/tenderos/productos-disponibles?tiendaId=bbbbbbbb-bbbb-4bbb-8bbb-bbbbbbbbbbbb&zona=Zona+Norte,200,59.616,
2026-08-31T04:11:00.676610+00:00,GET,http://localhost:3000/logistics/tenderos/productos-disponibles?tiendaId=bbbbbbbb-bbbb-4bbb-8bbb-bbbbbbbbbbbb&zona=Zona+Norte,200,62.048,
2026-08-31T04:11:00.710228+00:00,GET,http://localhost:3000/logistics/tenderos/productos-disponibles?tiendaId=bbbbbbbb-bbbb-4bbb-8bbb-bbbbbbbbbbbb&zona=Zona+Norte,200,60.994,
2026-08-31T04:11:00.743210+00:00,GET,http://localhost:3000/logistics/tenderos/productos-disponibles?tiendaId=bbbbbbbb-bbbb-4bbb-8bbb-bbbbbbbbbbbb&zona=Zona+Norte,200,61.235,
2026-08-31T04:11:00.776663+00:00,GET,http://localhost:3000/logistics/tenderos/productos-disponibles?tiendaId=bbbbbbbb-bbbb-4bbb-8bbb-bbbbbbbbbbbb&zona=Zona+Norte,200,60.072,
2026-08-31T04:11:00.809985+00:00,GET,http://localhost:3000/logistics/tenderos/productos-disponibles?tiendaId=bbbbbbbb-bbbb-4bbb-8bbb-bbbbbbbbbbbb&zona=Zona+Norte,200,64.528,
2026-08-31T04:11:00.843347+00:00,GET,http://localhost:3000/logistics/tenderos/productos-disponibles?tiendaId=bbbbbbbb-bbbb-4bbb-8bbb-bbbbbbbbbbbb&zona=Zona+Norte,200,60.482,
2026-08-31T04:11:00.876189+00:00,GET,http://localhost:3000/logistics/tenderos/productos-disponibles?tiendaId=bbbbbbbb-bbbb-4bbb-8bbb-bbbbbbbbbbbb&zona=Zona+Norte,200,61.984,
2026-08-31T04:11:00.910079+00:00,GET,http://localhost:3000/logistics/tenderos/productos-disponibles?tiendaId=bbbbbbbb-bbbb-4bbb-8bbb-bbbbbbbbbbbb&zona=Zona+Norte,200,58.217,
2026-08-31T04:11:00.943267+00:00,GET,http://localhost:3000/logistics/tenderos/productos-disponibles?tiendaId=bbbbbbbb-bbbb-4bbb-8bbb-bbbbbbbbbbbb&zona=Zona+Norte,200,62.664,
2026-08-31T04:11:00.976800+00:00,GET,http://localhost:3000/logistics/tenderos/productos-disponibles?tiendaId=bbbbbbbb-bbbb-4bbb-8bbb-bbbbbbbbbbbb&zona=Zona+Norte,200,64.486,
2026-08-31T04:11:01.009802+00:00,GET,http://localhost:3000/logistics/tenderos/productos-disponibles?tiendaId=bbbbbbbb-bbbb-4bbb-8bbb-bbbbbbbbbbbb&zona=Zona+Norte,200,59.332,
2026-08-31T04:11:01.042872+00:00,GET,http://localhost:3000/logistics/tenderos/productos-disponibles?tiendaId=bbbbbbbb-bbbb-4bbb-8bbb-bbbbbbbbbbbb&zona=Zona+Norte,200,60.400,
2026-08-31T04:11:01.076211+00:00,GET,http://localhost:3000/logistics/tenderos/productos-disponibles?tiendaId=bbbbbbbb-bbbb-4bbb-8bbb-bbbbbbbbbbbb&zona=Zona+Norte,200,62.311,
2026-08-31T04:11:01.110146+00:00,GET,http://localhost:3000/logistics/tenderos/productos-disponibles?tiendaId=bbbbbbbb-bbbb-4bbb-8bbb-bbbbbbbbbbbb&zona=Zona+Norte,200,60.461,
2026-08-31T04:11:01.143233+00:00,GET,http://localhost:3000/logistics/tenderos/productos-disponibles?tiendaId=bbbbbbbb-bbbb-4bbb-8bbb-bbbbbbbbbbbb&zona=Zona+Norte,200,59.287,
2026-08-31T04:11:01.176762+00:00,GET,http://localhost:3000/logistics/tenderos/productos-disponibles?tiendaId=bbbbbbbb-bbbb-4bbb-8bbb-bbbbbbbbbbbb&zona=Zona+Norte,200,64.277,
2026-08-31T04:11:01.210254+00:00,GET,http://localhost:3000/logistics/tenderos/productos-disponibles?tiendaId=bbbbbbbb-bbbb-4bbb-8bbb-bbbbbbbbbbbb&zona=Zona+Norte,200,60.331,
2026-08-31T04:11:01.242911+00:00,GET,http://localhost:3000/logistics/tenderos/productos-disponibles?tiendaId=bbbbbbbb-bbbb-4bbb-8bbb-bbbbbbbbbbbb&zona=Zona+Norte,200,60.497,
2026-08-31T04:11:01.276705+00:00,GET,http://localhost:3000/logistics/tenderos/productos-disponibles?tiendaId=bbbbbbbb-bbbb-4bbb-8bbb-bbbbbbbbbbbb&zona=Zona+Norte,200,59.802,
2026-08-31T04:11:01.310147+00:00,GET,http://localhost:3000/logistics/tenderos/productos-disponibles?tiendaId=bbbbbbbb-bbbb-4bbb-8bbb-bbbbbbbbbbbb&zona=Zona+Norte,200,59.247,
2026-08-31T04:11:01.343531+00:00,GET,http://localhost:3000/logistics/tenderos/productos-disponibles?tiendaId=bbbbbbbb-bbbb-4bbb-8bbb-bbbbbbbbbbbb&zona=Zona+Norte,200,64.076,
2026-08-31T04:11:01.376926+00:00,GET,http://localhost:3000/logistics/tenderos/productos-disponibles?tiendaId=bbbbbbbb-bbbb-4bbb-8bbb-bbbbbbbbbbbb&zona=Zona+Norte,200,63.673,
2026-08-31T04:11:01.409578+00:00,GET,http://localhost:3000/logistics/tenderos/productos-disponibles?tiendaId=bbbbbbbb-bbbb-4bbb-8bbb-bbbbbbbbbbbb&zona=Zona+Norte,200,60.593,
2026-08-31T04:11:01.442963+00:00,GET,http://localhost:3000/logistics/tenderos/productos-disponibles?tiendaId=bbbbbbbb-bbbb-4bbb-8bbb-bbbbbbbbbbbb&zona=Zona+Norte,200,62.135,
2026-08-31T04:11:01.476812+00:00,GET,http://localhost:3000/logistics/tenderos/productos-disponibles?tiendaId=bbbbbbbb-bbbb-4bbb-8bbb-bbbbbbbbbbbb&zona=Zona+Norte,200,62.844,
2026-08-31T04:11:01.509574+00:00,GET,http://localhost:3000/logistics/tenderos/productos-disponibles?tiendaId=bbbbbbbb-bbbb-4bbb-8bbb-bbbbbbbbbbbb&zona=Zona+Norte,200,63.776,
2026-08-31T04:11:01.543090+00:00,GET,http://localhost:3000/logistics/tenderos/productos-disponibles?tiendaId=bbbbbbbb-bbbb-4bbb-8bbb-bbbbbbbbbbbb&zona=Zona+Norte,200,62.923,
2026-08-31T04:11:01.576461+00:00,GET,http://localhost:3000/logistics/tenderos/productos-disponibles?tiendaId=bbbbbbbb-bbbb-4bbb-8bbb-bbbbbbbbbbbb&zona=Zona+Norte,200,59.873,
2026-08-31T04:11:01.609803+00:00,GET,http://localhost:3000/logistics/tenderos/productos-disponibles?tiendaId=bbbbbbbb-bbbb-4bbb-8bbb-bbbbbbbbbbbb&zona=Zona+Norte,200,59.342,
2026-08-31T04:11:01.643545+00:00,GET,http://localhost:3000/logistics/tenderos/productos-disponibles?tiendaId=bbbbbbbb-bbbb-4bbb-8bbb-bbbbbbbbbbbb&zona=Zona+Norte,200,62.019,
2026-08-31T04:11:01.676660+00:00,GET,http://localhost:3000/logistics/tenderos/productos-disponibles?tiendaId=bbbbbbbb-bbbb-4bbb-8bbb-bbbbbbbbbbbb&zona=Zona+Norte,200,63.140,
2026-08-31T04:11:01.709861+00:00,GET,http://localhost:3000/logistics/tenderos/productos-disponibles?tiendaId=bbbbbbbb-bbbb-4bbb-8bbb-bbbbbbbbbbbb&zona=Zona+Norte,200,59.064,
2026-08-31T04:11:01.743041+00:00,GET,http://localhost:3000/logistics/tenderos/productos-disponibles?tiendaId=bbbbbbbb-bbbb-4bbb-8bbb-bbbbbbbbbbbb&zona=Zona+Norte,200,62.900,
2026-08-31T04:11:01.776962+00:00,GET,http://localhost:3000/logistics/tenderos/productos-disponibles?tiendaId=bbbbbbbb-bbbb-4bbb-8bbb-bbbbbbbbbbbb&zona=Zona+Norte,200,62.886,
2026-08-31T04:11:01.809800+00:00,GET,http://localhost:3000/logistics/tenderos/productos-disponibles?tiendaId=bbbbbbbb-bbbb-4bbb-8bbb-bbbbbbbbbbbb&zona=Zona+Norte,200,62.549,
2026-08-31T04:11:01.843077+00:00,GET,http://localhost:3000/logistics/tenderos/productos-disponibles?tiendaId=bbbbbbbb-bbbb-4bbb-8bbb-bbbbbbbbbbbb&zona=Zona+Norte,200,62.004,
2026-08-31T04:11:01.876508+00:00,GET,http://localhost:3000/logistics/tenderos/productos-disponibles?tiendaId=bbbbbbbb-bbbb-4bbb-8bbb-bbbbbbbbbbbb&zona=Zona+Norte,200,59.117,
2026-08-31T04:11:01.909916+00:00,GET,http://localhost:3000/logistics/tenderos/productos-disponibles?tiendaId=bbbbbbbb-bbbb-4bbb-8bbb-bbbbbbbbbbbb&zona=Zona+Norte,200,59.707,
2026-08-31T04:11:01.943609+00:00,GET,http://localhost:3000/logistics/tenderos/productos-disponibles?tiendaId=bbbbbbbb-bbbb-4bbb-8bbb-bbbbbbbbbbbb&zona=Zona+Norte,200,59.854,
2026-08-31T04:11:01.976895+00:00,GET,http://localhost:3000/logistics/tenderos/productos-disponibles?tiendaId=bbbbbbbb-bbbb-4bbb-8bbb-bbbbbbbbbbbb&zona=Zona+Norte,200,66.460,
2026-08-31T04:11:02.010161+00:00,GET,http://localhost:3000/logistics/tenderos/productos-disponibles?tiendaId=bbbbbbbb-bbbb-4bbb-8bbb-bbbbbbbbbbbb&zona=Zona+Norte,200,59.320,
2026-08-31T04:11:02.043384+00:00,GET,http://localhost:3000/logistics/tenderos/productos-disponibles?tiendaId=bbbbbbbb-bbbb-4bbb-8bbb-bbbbbbbbbbbb&zona=Zona+Norte,200,61.614,
2026-08-31T04:11:02.076881+00:00,GET,http://localhost:3000/logistics/tenderos/productos-disponibles?tiendaId=bbbbbbbb-bbbb-4bbb-8bbb-bbbbbbbbbbbb&zona=Zona+Norte,200,60.246,
2026-08-31T04:11:02.109963+00:00,GET,http://localhost:3000/logistics/tenderos/productos-disponibles?tiendaId=bbbbbbbb-bbbb-4bbb-8bbb-bbbbbbbbbbbb&zona=Zona+Norte,200,59.684,
2026-08-31T04:11:02.143426+00:00,GET,http://localhost:3000/logistics/tenderos/productos-disponibles?tiendaId=bbbbbbbb-bbbb-4bbb-8bbb-bbbbbbbbbbbb&zona=Zona+Norte,200,62.580,
2026-08-31T04:11:02.176354+00:00,GET,http://localhost:3000/logistics/tenderos/productos-disponibles?tiendaId=bbbbbbbb-bbbb-4bbb-8bbb-bbbbbbbbbbbb&zona=Zona+Norte,200,64.506,
2026-08-31T04:11:02.209787+00:00,GET,http://localhost:3000/logistics/tenderos/productos-disponibles?tiendaId=bbbbbbbb-bbbb-4bbb-8bbb-bbbbbbbbbbbb&zona=Zona+Norte,200,65.373,
2026-08-31T04:11:02.242967+00:00,GET,http://localhost:3000/logistics/tenderos/productos-disponibles?tiendaId=bbbbbbbb-bbbb-4bbb-8bbb-bbbbbbbbbbbb&zona=Zona+Norte,200,65.948,
2026-08-31T04:11:02.276129+00:00,GET,http://localhost:3000/logistics/tenderos/productos-disponibles?tiendaId=bbbbbbbb-bbbb-4bbb-8bbb-bbbbbbbbbbbb&zona=Zona+Norte,200,64.456,
2026-08-31T04:11:02.309425+00:00,GET,http://localhost:3000/logistics/tenderos/productos-disponibles?tiendaId=bbbbbbbb-bbbb-4bbb-8bbb-bbbbbbbbbbbb&zona=Zona+Norte,200,59.485,
2026-08-31T04:11:02.342978+00:00,GET,http://localhost:3000/logistics/tenderos/productos-disponibles?tiendaId=bbbbbbbb-bbbb-4bbb-8bbb-bbbbbbbbbbbb&zona=Zona+Norte,200,64.184,
2026-08-31T04:11:02.376967+00:00,GET,http://localhost:3000/logistics/tenderos/productos-disponibles?tiendaId=bbbbbbbb-bbbb-4bbb-8bbb-bbbbbbbbbbbb&zona=Zona+Norte,200,59.693,
2026-08-31T04:11:02.409660+00:00,GET,http://localhost:3000/logistics/tenderos/productos-disponibles?tiendaId=bbbbbbbb-bbbb-4bbb-8bbb-bbbbbbbbbbbb&zona=Zona+Norte,200,59.067,
2026-08-31T04:11:02.443485+00:00,GET,http://localhost:3000/logistics/tenderos/productos-disponibles?tiendaId=bbbbbbbb-bbbb-4bbb-8bbb-bbbbbbbbbbbb&zona=Zona+Norte,200,58.560,
2026-08-31T04:11:02.476978+00:00,GET,http://localhost:3000/logistics/tenderos/productos-disponibles?tiendaId=bbbbbbbb-bbbb-4bbb-8bbb-bbbbbbbbbbbb&zona=Zona+Norte,200,62.272,
2026-08-31T04:11:02.510322+00:00,GET,http://localhost:3000/logistics/tenderos/productos-disponibles?tiendaId=bbbbbbbb-bbbb-4bbb-8bbb-bbbbbbbbbbbb&zona=Zona+Norte,200,64.255,
2026-08-31T04:11:02.543016+00:00,GET,http://localhost:3000/logistics/tenderos/productos-disponibles?tiendaId=bbbbbbbb-bbbb-4bbb-8bbb-bbbbbbbbbbbb&zona=Zona+Norte,200,59.843,
2026-08-31T04:11:02.576253+00:00,GET,http://localhost:3000/logistics/tenderos/productos-disponibles?tiendaId=bbbbbbbb-bbbb-4bbb-8bbb-bbbbbbbbbbbb&zona=Zona+Norte,200,59.486,
2026-08-31T04:11:02.610067+00:00,GET,http://localhost:3000/logistics/tenderos/productos-disponibles?tiendaId=bbbbbbbb-bbbb-4bbb-8bbb-bbbbbbbbbbbb&zona=Zona+Norte,200,56.042,
2026-08-31T04:11:02.643653+00:00,GET,http://localhost:3000/logistics/tenderos/productos-disponibles?tiendaId=bbbbbbbb-bbbb-4bbb-8bbb-bbbbbbbbbbbb&zona=Zona+Norte,200,55.885,
2026-08-31T04:11:02.677105+00:00,GET,http://localhost:3000/logistics/tenderos/productos-disponibles?tiendaId=bbbbbbbb-bbbb-4bbb-8bbb-bbbbbbbbbbbb&zona=Zona+Norte,200,56.163,
2026-08-31T04:11:02.710421+00:00,GET,http://localhost:3000/logistics/tenderos/productos-disponibles?tiendaId=bbbbbbbb-bbbb-4bbb-8bbb-bbbbbbbbbbbb&zona=Zona+Norte,200,55.352,
2026-08-31T04:11:02.743761+00:00,GET,http://localhost:3000/logistics/tenderos/productos-disponibles?tiendaId=bbbbbbbb-bbbb-4bbb-8bbb-bbbbbbbbbbbb&zona=Zona+Norte,200,55.152,
2026-08-31T04:11:02.777118+00:00,GET,http://localhost:3000/logistics/tenderos/productos-disponibles?tiendaId=bbbbbbbb-bbbb-4bbb-8bbb-bbbbbbbbbbbb&zona=Zona+Norte,200,55.651,
2026-08-31T04:11:02.810420+00:00,GET,http://localhost:3000/logistics/tenderos/productos-disponibles?tiendaId=bbbbbbbb-bbbb-4bbb-8bbb-bbbbbbbbbbbb&zona=Zona+Norte,200,57.833,
2026-08-31T04:11:02.843171+00:00,GET,http://localhost:3000/logistics/tenderos/productos-disponibles?tiendaId=bbbbbbbb-bbbb-4bbb-8bbb-bbbbbbbbbbbb&zona=Zona+Norte,200,55.656,
2026-08-31T04:11:02.877081+00:00,GET,http://localhost:3000/logistics/tenderos/productos-disponibles?tiendaId=bbbbbbbb-bbbb-4bbb-8bbb-bbbbbbbbbbbb&zona=Zona+Norte,200,55.081,
2026-08-31T04:11:02.910445+00:00,GET,http://localhost:3000/logistics/tenderos/productos-disponibles?tiendaId=bbbbbbbb-bbbb-4bbb-8bbb-bbbbbbbbbbbb&zona=Zona+Norte,200,56.633,
2026-08-31T04:11:02.943752+00:00,GET,http://localhost:3000/logistics/tenderos/productos-disponibles?tiendaId=bbbbbbbb-bbbb-4bbb-8bbb-bbbbbbbbbbbb&zona=Zona+Norte,200,56.571,
2026-08-31T04:11:02.977114+00:00,GET,http://localhost:3000/logistics/tenderos/productos-disponibles?tiendaId=bbbbbbbb-bbbb-4bbb-8bbb-bbbbbbbbbbbb&zona=Zona+Norte,200,57.239,
2026-08-31T04:11:03.010427+00:00,GET,http://localhost:3000/logistics/tenderos/productos-disponibles?tiendaId=bbbbbbbb-bbbb-4bbb-8bbb-bbbbbbbbbbbb&zona=Zona+Norte,200,59.471,
2026-08-31T04:11:03.043757+00:00,GET,http://localhost:3000/logistics/tenderos/productos-disponibles?tiendaId=bbbbbbbb-bbbb-4bbb-8bbb-bbbbbbbbbbbb&zona=Zona+Norte,200,56.134,
2026-08-31T04:11:03.076542+00:00,GET,http://localhost:3000/logistics/tenderos/productos-disponibles?tiendaId=bbbbbbbb-bbbb-4bbb-8bbb-bbbbbbbbbbbb&zona=Zona+Norte,200,55.830,
2026-08-31T04:11:03.109785+00:00,GET,http://localhost:3000/logistics/tenderos/productos-disponibles?tiendaId=bbbbbbbb-bbbb-4bbb-8bbb-bbbbbbbbbbbb&zona=Zona+Norte,200,55.046,
2026-08-31T04:11:03.143763+00:00,GET,http://localhost:3000/logistics/tenderos/productos-disponibles?tiendaId=bbbbbbbb-bbbb-4bbb-8bbb-bbbbbbbbbbbb&zona=Zona+Norte,200,57.724,
2026-08-31T04:11:03.177110+00:00,GET,http://localhost:3000/logistics/tenderos/productos-disponibles?tiendaId=bbbbbbbb-bbbb-4bbb-8bbb-bbbbbbbbbbbb&zona=Zona+Norte,200,58.336,
2026-08-31T04:11:03.210405+00:00,GET,http://localhost:3000/logistics/tenderos/productos-disponibles?tiendaId=bbbbbbbb-bbbb-4bbb-8bbb-bbbbbbbbbbbb&zona=Zona+Norte,200,56.499,
2026-08-31T04:11:03.243663+00:00,GET,http://localhost:3000/logistics/tenderos/productos-disponibles?tiendaId=bbbbbbbb-bbbb-4bbb-8bbb-bbbbbbbbbbbb&zona=Zona+Norte,200,56.068,
2026-08-31T04:11:03.277099+00:00,GET,http://localhost:3000/logistics/tenderos/productos-disponibles?tiendaId=bbbbbbbb-bbbb-4bbb-8bbb-bbbbbbbbbbbb&zona=Zona+Norte,200,57.125,
2026-08-31T04:11:03.310447+00:00,GET,http://localhost:3000/logistics/tenderos/productos-disponibles?tiendaId=bbbbbbbb-bbbb-4bbb-8bbb-bbbbbbbbbbbb&zona=Zona+Norte,200,59.326,
2026-08-31T04:11:03.343773+00:00,GET,http://localhost:3000/logistics/tenderos/productos-disponibles?tiendaId=bbbbbbbb-bbbb-4bbb-8bbb-bbbbbbbbbbbb&zona=Zona+Norte,200,60.828,
2026-08-31T04:11:03.376867+00:00,GET,http://localhost:3000/logistics/tenderos/productos-disponibles?tiendaId=bbbbbbbb-bbbb-4bbb-8bbb-bbbbbbbbbbbb&zona=Zona+Norte,200,60.105,
2026-08-31T04:11:03.409981+00:00,GET,http://localhost:3000/logistics/tenderos/productos-disponibles?tiendaId=bbbbbbbb-bbbb-4bbb-8bbb-bbbbbbbbbbbb&zona=Zona+Norte,200,62.144,
2026-08-31T04:11:03.443464+00:00,GET,http://localhost:3000/logistics/tenderos/productos-disponibles?tiendaId=bbbbbbbb-bbbb-4bbb-8bbb-bbbbbbbbbbbb&zona=Zona+Norte,200,60.136,
2026-08-31T04:11:03.476566+00:00,GET,http://localhost:3000/logistics/tenderos/productos-disponibles?tiendaId=bbbbbbbb-bbbb-4bbb-8bbb-bbbbbbbbbbbb&zona=Zona+Norte,200,60.481,
2026-08-31T04:11:03.510158+00:00,GET,http://localhost:3000/logistics/tenderos/productos-disponibles?tiendaId=bbbbbbbb-bbbb-4bbb-8bbb-bbbbbbbbbbbb&zona=Zona+Norte,200,57.394,
2026-08-31T04:11:03.543447+00:00,GET,http://localhost:3000/logistics/tenderos/productos-disponibles?tiendaId=bbbbbbbb-bbbb-4bbb-8bbb-bbbbbbbbbbbb&zona=Zona+Norte,200,55.455,
2026-08-31T04:11:03.577184+00:00,GET,http://localhost:3000/logistics/tenderos/productos-disponibles?tiendaId=bbbbbbbb-bbbb-4bbb-8bbb-bbbbbbbbbbbb&zona=Zona+Norte,200,56.632,
2026-08-31T04:11:03.610464+00:00,GET,http://localhost:3000/logistics/tenderos/productos-disponibles?tiendaId=bbbbbbbb-bbbb-4bbb-8bbb-bbbbbbbbbbbb&zona=Zona+Norte,200,57.506,
2026-08-31T04:11:03.643768+00:00,GET,http://localhost:3000/logistics/tenderos/productos-disponibles?tiendaId=bbbbbbbb-bbbb-4bbb-8bbb-bbbbbbbbbbbb&zona=Zona+Norte,200,58.809,
2026-08-31T04:11:03.677089+00:00,GET,http://localhost:3000/logistics/tenderos/productos-disponibles?tiendaId=bbbbbbbb-bbbb-4bbb-8bbb-bbbbbbbbbbbb&zona=Zona+Norte,200,56.192,
2026-08-31T04:11:03.710270+00:00,GET,http://localhost:3000/logistics/tenderos/productos-disponibles?tiendaId=bbbbbbbb-bbbb-4bbb-8bbb-bbbbbbbbbbbb&zona=Zona+Norte,200,56.915,
2026-08-31T04:11:03.743785+00:00,GET,http://localhost:3000/logistics/tenderos/productos-disponibles?tiendaId=bbbbbbbb-bbbb-4bbb-8bbb-bbbbbbbbbbbb&zona=Zona+Norte,200,57.068,
2026-08-31T04:11:03.777153+00:00,GET,http://localhost:3000/logistics/tenderos/productos-disponibles?tiendaId=bbbbbbbb-bbbb-4bbb-8bbb-bbbbbbbbbbbb&zona=Zona+Norte,200,56.175,
2026-08-31T04:11:03.810473+00:00,GET,http://localhost:3000/logistics/tenderos/productos-disponibles?tiendaId=bbbbbbbb-bbbb-4bbb-8bbb-bbbbbbbbbbbb&zona=Zona+Norte,200,56.692,
2026-08-31T04:11:03.843260+00:00,GET,http://localhost:3000/logistics/tenderos/productos-disponibles?tiendaId=bbbbbbbb-bbbb-4bbb-8bbb-bbbbbbbbbbbb&zona=Zona+Norte,200,61.424,
2026-08-31T04:11:03.876342+00:00,GET,http://localhost:3000/logistics/tenderos/productos-disponibles?tiendaId=bbbbbbbb-bbbb-4bbb-8bbb-bbbbbbbbbbbb&zona=Zona+Norte,200,59.813,
2026-08-31T04:11:03.910039+00:00,GET,http://localhost:3000/logistics/tenderos/productos-disponibles?tiendaId=bbbbbbbb-bbbb-4bbb-8bbb-bbbbbbbbbbbb&zona=Zona+Norte,200,58.175,
2026-08-31T04:11:03.943628+00:00,GET,http://localhost:3000/logistics/tenderos/productos-disponibles?tiendaId=bbbbbbbb-bbbb-4bbb-8bbb-bbbbbbbbbbbb&zona=Zona+Norte,200,62.050,
2026-08-31T04:11:03.977150+00:00,GET,http://localhost:3000/logistics/tenderos/productos-disponibles?tiendaId=bbbbbbbb-bbbb-4bbb-8bbb-bbbbbbbbbbbb&zona=Zona+Norte,200,61.858,
2026-08-31T04:11:04.009903+00:00,GET,http://localhost:3000/logistics/tenderos/productos-disponibles?tiendaId=bbbbbbbb-bbbb-4bbb-8bbb-bbbbbbbbbbbb&zona=Zona+Norte,200,63.069,
2026-08-31T04:11:04.043243+00:00,GET,http://localhost:3000/logistics/tenderos/productos-disponibles?tiendaId=bbbbbbbb-bbbb-4bbb-8bbb-bbbbbbbbbbbb&zona=Zona+Norte,200,63.946,
2026-08-31T04:11:04.076500+00:00,GET,http://localhost:3000/logistics/tenderos/productos-disponibles?tiendaId=bbbbbbbb-bbbb-4bbb-8bbb-bbbbbbbbbbbb&zona=Zona+Norte,200,60.640,
2026-08-31T04:11:04.109719+00:00,GET,http://localhost:3000/logistics/tenderos/productos-disponibles?tiendaId=bbbbbbbb-bbbb-4bbb-8bbb-bbbbbbbbbbbb&zona=Zona+Norte,200,58.507,
2026-08-31T04:11:04.143027+00:00,GET,http://localhost:3000/logistics/tenderos/productos-disponibles?tiendaId=bbbbbbbb-bbbb-4bbb-8bbb-bbbbbbbbbbbb&zona=Zona+Norte,200,63.708,
2026-08-31T04:11:04.177138+00:00,GET,http://localhost:3000/logistics/tenderos/productos-disponibles?tiendaId=bbbbbbbb-bbbb-4bbb-8bbb-bbbbbbbbbbbb&zona=Zona+Norte,200,60.779,
2026-08-31T04:11:04.209788+00:00,GET,http://localhost:3000/logistics/tenderos/productos-disponibles?tiendaId=bbbbbbbb-bbbb-4bbb-8bbb-bbbbbbbbbbbb&zona=Zona+Norte,200,64.436,
2026-08-31T04:11:04.243394+00:00,GET,http://localhost:3000/logistics/tenderos/productos-disponibles?tiendaId=bbbbbbbb-bbbb-4bbb-8bbb-bbbbbbbbbbbb&zona=Zona+Norte,200,62.188,
2026-08-31T04:11:04.276343+00:00,GET,http://localhost:3000/logistics/tenderos/productos-disponibles?tiendaId=bbbbbbbb-bbbb-4bbb-8bbb-bbbbbbbbbbbb&zona=Zona+Norte,200,58.357,
2026-08-31T04:11:04.309917+00:00,GET,http://localhost:3000/logistics/tenderos/productos-disponibles?tiendaId=bbbbbbbb-bbbb-4bbb-8bbb-bbbbbbbbbbbb&zona=Zona+Norte,200,64.828,
2026-08-31T04:11:04.343820+00:00,GET,http://localhost:3000/logistics/tenderos/productos-disponibles?tiendaId=bbbbbbbb-bbbb-4bbb-8bbb-bbbbbbbbbbbb&zona=Zona+Norte,200,60.157,
2026-08-31T04:11:04.376278+00:00,GET,http://localhost:3000/logistics/tenderos/productos-disponibles?tiendaId=bbbbbbbb-bbbb-4bbb-8bbb-bbbbbbbbbbbb&zona=Zona+Norte,200,62.282,
2026-08-31T04:11:04.410159+00:00,GET,http://localhost:3000/logistics/tenderos/productos-disponibles?tiendaId=bbbbbbbb-bbbb-4bbb-8bbb-bbbbbbbbbbbb&zona=Zona+Norte,200,63.699,
2026-08-31T04:11:04.443319+00:00,GET,http://localhost:3000/logistics/tenderos/productos-disponibles?tiendaId=bbbbbbbb-bbbb-4bbb-8bbb-bbbbbbbbbbbb&zona=Zona+Norte,200,64.023,
2026-08-31T04:11:04.476393+00:00,GET,http://localhost:3000/logistics/tenderos/productos-disponibles?tiendaId=bbbbbbbb-bbbb-4bbb-8bbb-bbbbbbbbbbbb&zona=Zona+Norte,200,59.646,
2026-08-31T04:11:04.509727+00:00,GET,http://localhost:3000/logistics/tenderos/productos-disponibles?tiendaId=bbbbbbbb-bbbb-4bbb-8bbb-bbbbbbbbbbbb&zona=Zona+Norte,200,60.724,
2026-08-31T04:11:04.543648+00:00,GET,http://localhost:3000/logistics/tenderos/productos-disponibles?tiendaId=bbbbbbbb-bbbb-4bbb-8bbb-bbbbbbbbbbbb&zona=Zona+Norte,200,63.431,
2026-08-31T04:11:04.576934+00:00,GET,http://localhost:3000/logistics/tenderos/productos-disponibles?tiendaId=bbbbbbbb-bbbb-4bbb-8bbb-bbbbbbbbbbbb&zona=Zona+Norte,200,59.305,
2026-08-31T04:11:04.609731+00:00,GET,http://localhost:3000/logistics/tenderos/productos-disponibles?tiendaId=bbbbbbbb-bbbb-4bbb-8bbb-bbbbbbbbbbbb&zona=Zona+Norte,200,58.828,
2026-08-31T04:11:04.643037+00:00,GET,http://localhost:3000/logistics/tenderos/productos-disponibles?tiendaId=bbbbbbbb-bbbb-4bbb-8bbb-bbbbbbbbbbbb&zona=Zona+Norte,200,59.123,
2026-08-31T04:11:04.677062+00:00,GET,http://localhost:3000/logistics/tenderos/productos-disponibles?tiendaId=bbbbbbbb-bbbb-4bbb-8bbb-bbbbbbbbbbbb&zona=Zona+Norte,200,62.514,
2026-08-31T04:11:04.710389+00:00,GET,http://localhost:3000/logistics/tenderos/productos-disponibles?tiendaId=bbbbbbbb-bbbb-4bbb-8bbb-bbbbbbbbbbbb&zona=Zona+Norte,200,62.867,
2026-08-31T04:11:04.743173+00:00,GET,http://localhost:3000/logistics/tenderos/productos-disponibles?tiendaId=bbbbbbbb-bbbb-4bbb-8bbb-bbbbbbbbbbbb&zona=Zona+Norte,200,60.393,
2026-08-31T04:11:04.776468+00:00,GET,http://localhost:3000/logistics/tenderos/productos-disponibles?tiendaId=bbbbbbbb-bbbb-4bbb-8bbb-bbbbbbbbbbbb&zona=Zona+Norte,200,59.652,
2026-08-31T04:11:04.810184+00:00,GET,http://localhost:3000/logistics/tenderos/productos-disponibles?tiendaId=bbbbbbbb-bbbb-4bbb-8bbb-bbbbbbbbbbbb&zona=Zona+Norte,200,62.911,
2026-08-31T04:11:04.843669+00:00,GET,http://localhost:3000/logistics/tenderos/productos-disponibles?tiendaId=bbbbbbbb-bbbb-4bbb-8bbb-bbbbbbbbbbbb&zona=Zona+Norte,200,62.962,
2026-08-31T04:11:04.876508+00:00,GET,http://localhost:3000/logistics/tenderos/productos-disponibles?tiendaId=bbbbbbbb-bbbb-4bbb-8bbb-bbbbbbbbbbbb&zona=Zona+Norte,200,67.010,
2026-08-31T04:11:04.909850+00:00,GET,http://localhost:3000/logistics/tenderos/productos-disponibles?tiendaId=bbbbbbbb-bbbb-4bbb-8bbb-bbbbbbbbbbbb&zona=Zona+Norte,200,66.392,
2026-08-31T04:11:04.943134+00:00,GET,http://localhost:3000/logistics/tenderos/productos-disponibles?tiendaId=bbbbbbbb-bbbb-4bbb-8bbb-bbbbbbbbbbbb&zona=Zona+Norte,200,60.466,
2026-08-31T04:11:04.976270+00:00,GET,http://localhost:3000/logistics/tenderos/productos-disponibles?tiendaId=bbbbbbbb-bbbb-4bbb-8bbb-bbbbbbbbbbbb&zona=Zona+Norte,200,59.984,
2026-08-31T04:11:05.010207+00:00,GET,http://localhost:3000/logistics/tenderos/productos-disponibles?tiendaId=bbbbbbbb-bbbb-4bbb-8bbb-bbbbbbbbbbbb&zona=Zona+Norte,200,64.583,
2026-08-31T04:11:05.043650+00:00,GET,http://localhost:3000/logistics/tenderos/productos-disponibles?tiendaId=bbbbbbbb-bbbb-4bbb-8bbb-bbbbbbbbbbbb&zona=Zona+Norte,200,64.040,
2026-08-31T04:11:05.076280+00:00,GET,http://localhost:3000/logistics/tenderos/productos-disponibles?tiendaId=bbbbbbbb-bbbb-4bbb-8bbb-bbbbbbbbbbbb&zona=Zona+Norte,200,60.595,
2026-08-31T04:11:05.109677+00:00,GET,http://localhost:3000/logistics/tenderos/productos-disponibles?tiendaId=bbbbbbbb-bbbb-4bbb-8bbb-bbbbbbbbbbbb&zona=Zona+Norte,200,59.731,
2026-08-31T04:11:05.143542+00:00,GET,http://localhost:3000/logistics/tenderos/productos-disponibles?tiendaId=bbbbbbbb-bbbb-4bbb-8bbb-bbbbbbbbbbbb&zona=Zona+Norte,200,63.385,
2026-08-31T04:11:05.177004+00:00,GET,http://localhost:3000/logistics/tenderos/productos-disponibles?tiendaId=bbbbbbbb-bbbb-4bbb-8bbb-bbbbbbbbbbbb&zona=Zona+Norte,200,60.140,
2026-08-31T04:11:05.209771+00:00,GET,http://localhost:3000/logistics/tenderos/productos-disponibles?tiendaId=bbbbbbbb-bbbb-4bbb-8bbb-bbbbbbbbbbbb&zona=Zona+Norte,200,63.024,
2026-08-31T04:11:05.243518+00:00,GET,http://localhost:3000/logistics/tenderos/productos-disponibles?tiendaId=bbbbbbbb-bbbb-4bbb-8bbb-bbbbbbbbbbbb&zona=Zona+Norte,200,64.098,
2026-08-31T04:11:05.276542+00:00,GET,http://localhost:3000/logistics/tenderos/productos-disponibles?tiendaId=bbbbbbbb-bbbb-4bbb-8bbb-bbbbbbbbbbbb&zona=Zona+Norte,200,60.443,
2026-08-31T04:11:05.309686+00:00,GET,http://localhost:3000/logistics/tenderos/productos-disponibles?tiendaId=bbbbbbbb-bbbb-4bbb-8bbb-bbbbbbbbbbbb&zona=Zona+Norte,200,59.473,
2026-08-31T04:11:05.343537+00:00,GET,http://localhost:3000/logistics/tenderos/productos-disponibles?tiendaId=bbbbbbbb-bbbb-4bbb-8bbb-bbbbbbbbbbbb&zona=Zona+Norte,200,62.047,
2026-08-31T04:11:05.377031+00:00,GET,http://localhost:3000/logistics/tenderos/productos-disponibles?tiendaId=bbbbbbbb-bbbb-4bbb-8bbb-bbbbbbbbbbbb&zona=Zona+Norte,200,64.078,
2026-08-31T04:11:05.409945+00:00,GET,http://localhost:3000/logistics/tenderos/productos-disponibles?tiendaId=bbbbbbbb-bbbb-4bbb-8bbb-bbbbbbbbbbbb&zona=Zona+Norte,200,61.453,
2026-08-31T04:11:05.442990+00:00,GET,http://localhost:3000/logistics/tenderos/productos-disponibles?tiendaId=bbbbbbbb-bbbb-4bbb-8bbb-bbbbbbbbbbbb&zona=Zona+Norte,200,59.849,
2026-08-31T04:11:05.476739+00:00,GET,http://localhost:3000/logistics/tenderos/productos-disponibles?tiendaId=bbbbbbbb-bbbb-4bbb-8bbb-bbbbbbbbbbbb&zona=Zona+Norte,200,62.723,
2026-08-31T04:11:05.510338+00:00,GET,http://localhost:3000/logistics/tenderos/productos-disponibles?tiendaId=bbbbbbbb-bbbb-4bbb-8bbb-bbbbbbbbbbbb&zona=Zona+Norte,200,60.725,
2026-08-31T04:11:05.542899+00:00,GET,http://localhost:3000/logistics/tenderos/productos-disponibles?tiendaId=bbbbbbbb-bbbb-4bbb-8bbb-bbbbbbbbbbbb&zona=Zona+Norte,200,63.077,
2026-08-31T04:11:05.576726+00:00,GET,http://localhost:3000/logistics/tenderos/productos-disponibles?tiendaId=bbbbbbbb-bbbb-4bbb-8bbb-bbbbbbbbbbbb&zona=Zona+Norte,200,62.631,
2026-08-31T04:11:05.609900+00:00,GET,http://localhost:3000/logistics/tenderos/productos-disponibles?tiendaId=bbbbbbbb-bbbb-4bbb-8bbb-bbbbbbbbbbbb&zona=Zona+Norte,200,59.922,
2026-08-31T04:11:05.643238+00:00,GET,http://localhost:3000/logistics/tenderos/productos-disponibles?tiendaId=bbbbbbbb-bbbb-4bbb-8bbb-bbbbbbbbbbbb&zona=Zona+Norte,200,63.671,
2026-08-31T04:11:05.676937+00:00,GET,http://localhost:3000/logistics/tenderos/productos-disponibles?tiendaId=bbbbbbbb-bbbb-4bbb-8bbb-bbbbbbbbbbbb&zona=Zona+Norte,200,63.233,
2026-08-31T04:11:05.709779+00:00,GET,http://localhost:3000/logistics/tenderos/productos-disponibles?tiendaId=bbbbbbbb-bbbb-4bbb-8bbb-bbbbbbbbbbbb&zona=Zona+Norte,200,62.702,
2026-08-31T04:11:05.742977+00:00,GET,http://localhost:3000/logistics/tenderos/productos-disponibles?tiendaId=bbbbbbbb-bbbb-4bbb-8bbb-bbbbbbbbbbbb&zona=Zona+Norte,200,60.889,
2026-08-31T04:11:05.776596+00:00,GET,http://localhost:3000/logistics/tenderos/productos-disponibles?tiendaId=bbbbbbbb-bbbb-4bbb-8bbb-bbbbbbbbbbbb&zona=Zona+Norte,200,59.891,
2026-08-31T04:11:05.810182+00:00,GET,http://localhost:3000/logistics/tenderos/productos-disponibles?tiendaId=bbbbbbbb-bbbb-4bbb-8bbb-bbbbbbbbbbbb&zona=Zona+Norte,200,62.578,
2026-08-31T04:11:05.843613+00:00,GET,http://localhost:3000/logistics/tenderos/productos-disponibles?tiendaId=bbbbbbbb-bbbb-4bbb-8bbb-bbbbbbbbbbbb&zona=Zona+Norte,200,60.573,
2026-08-31T04:11:05.876365+00:00,GET,http://localhost:3000/logistics/tenderos/productos-disponibles?tiendaId=bbbbbbbb-bbbb-4bbb-8bbb-bbbbbbbbbbbb&zona=Zona+Norte,200,64.003,
2026-08-31T04:11:05.910129+00:00,GET,http://localhost:3000/logistics/tenderos/productos-disponibles?tiendaId=bbbbbbbb-bbbb-4bbb-8bbb-bbbbbbbbbbbb&zona=Zona+Norte,200,61.075,
2026-08-31T04:11:05.943100+00:00,GET,http://localhost:3000/logistics/tenderos/productos-disponibles?tiendaId=bbbbbbbb-bbbb-4bbb-8bbb-bbbbbbbbbbbb&zona=Zona+Norte,200,63.479,
2026-08-31T04:11:05.976813+00:00,GET,http://localhost:3000/logistics/tenderos/productos-disponibles?tiendaId=bbbbbbbb-bbbb-4bbb-8bbb-bbbbbbbbbbbb&zona=Zona+Norte,200,59.476,
2026-08-31T04:11:06.009829+00:00,GET,http://localhost:3000/logistics/tenderos/productos-disponibles?tiendaId=bbbbbbbb-bbbb-4bbb-8bbb-bbbbbbbbbbbb&zona=Zona+Norte,200,62.719,
2026-08-31T04:11:06.043648+00:00,GET,http://localhost:3000/logistics/tenderos/productos-disponibles?tiendaId=bbbbbbbb-bbbb-4bbb-8bbb-bbbbbbbbbbbb&zona=Zona+Norte,200,64.168,
2026-08-31T04:11:06.076621+00:00,GET,http://localhost:3000/logistics/tenderos/productos-disponibles?tiendaId=bbbbbbbb-bbbb-4bbb-8bbb-bbbbbbbbbbbb&zona=Zona+Norte,200,61.595,
2026-08-31T04:11:06.109672+00:00,GET,http://localhost:3000/logistics/tenderos/productos-disponibles?tiendaId=bbbbbbbb-bbbb-4bbb-8bbb-bbbbbbbbbbbb&zona=Zona+Norte,200,64.024,
2026-08-31T04:11:06.143380+00:00,GET,http://localhost:3000/logistics/tenderos/productos-disponibles?tiendaId=bbbbbbbb-bbbb-4bbb-8bbb-bbbbbbbbbbbb&zona=Zona+Norte,200,60.200,
2026-08-31T04:11:06.176462+00:00,GET,http://localhost:3000/logistics/tenderos/productos-disponibles?tiendaId=bbbbbbbb-bbbb-4bbb-8bbb-bbbbbbbbbbbb&zona=Zona+Norte,200,63.506,
2026-08-31T04:11:06.210213+00:00,GET,http://localhost:3000/logistics/tenderos/productos-disponibles?tiendaId=bbbbbbbb-bbbb-4bbb-8bbb-bbbbbbbbbbbb&zona=Zona+Norte,200,60.667,
2026-08-31T04:11:06.243178+00:00,GET,http://localhost:3000/logistics/tenderos/productos-disponibles?tiendaId=bbbbbbbb-bbbb-4bbb-8bbb-bbbbbbbbbbbb&zona=Zona+Norte,200,60.668,
2026-08-31T04:11:06.276844+00:00,GET,http://localhost:3000/logistics/tenderos/productos-disponibles?tiendaId=bbbbbbbb-bbbb-4bbb-8bbb-bbbbbbbbbbbb&zona=Zona+Norte,200,62.062,
2026-08-31T04:11:06.310181+00:00,GET,http://localhost:3000/logistics/tenderos/productos-disponibles?tiendaId=bbbbbbbb-bbbb-4bbb-8bbb-bbbbbbbbbbbb&zona=Zona+Norte,200,59.226,
2026-08-31T04:11:06.343317+00:00,GET,http://localhost:3000/logistics/tenderos/productos-disponibles?tiendaId=bbbbbbbb-bbbb-4bbb-8bbb-bbbbbbbbbbbb&zona=Zona+Norte,200,66.245,
2026-08-31T04:11:06.376994+00:00,GET,http://localhost:3000/logistics/tenderos/productos-disponibles?tiendaId=bbbbbbbb-bbbb-4bbb-8bbb-bbbbbbbbbbbb&zona=Zona+Norte,200,63.596,
2026-08-31T04:11:06.409592+00:00,GET,http://localhost:3000/logistics/tenderos/productos-disponibles?tiendaId=bbbbbbbb-bbbb-4bbb-8bbb-bbbbbbbbbbbb&zona=Zona+Norte,200,60.403,
2026-08-31T04:11:06.443052+00:00,GET,http://localhost:3000/logistics/tenderos/productos-disponibles?tiendaId=bbbbbbbb-bbbb-4bbb-8bbb-bbbbbbbbbbbb&zona=Zona+Norte,200,62.130,
2026-08-31T04:11:06.476926+00:00,GET,http://localhost:3000/logistics/tenderos/productos-disponibles?tiendaId=bbbbbbbb-bbbb-4bbb-8bbb-bbbbbbbbbbbb&zona=Zona+Norte,200,64.242,
2026-08-31T04:11:06.510039+00:00,GET,http://localhost:3000/logistics/tenderos/productos-disponibles?tiendaId=bbbbbbbb-bbbb-4bbb-8bbb-bbbbbbbbbbbb&zona=Zona+Norte,200,60.530,
2026-08-31T04:11:06.543029+00:00,GET,http://localhost:3000/logistics/tenderos/productos-disponibles?tiendaId=bbbbbbbb-bbbb-4bbb-8bbb-bbbbbbbbbbbb&zona=Zona+Norte,200,63.765,
2026-08-31T04:11:06.576912+00:00,GET,http://localhost:3000/logistics/tenderos/productos-disponibles?tiendaId=bbbbbbbb-bbbb-4bbb-8bbb-bbbbbbbbbbbb&zona=Zona+Norte,200,57.752,
2026-08-31T04:11:06.609829+00:00,GET,http://localhost:3000/logistics/tenderos/productos-disponibles?tiendaId=bbbbbbbb-bbbb-4bbb-8bbb-bbbbbbbbbbbb&zona=Zona+Norte,200,57.493,
2026-08-31T04:11:06.643872+00:00,GET,http://localhost:3000/logistics/tenderos/productos-disponibles?tiendaId=bbbbbbbb-bbbb-4bbb-8bbb-bbbbbbbbbbbb&zona=Zona+Norte,200,56.204,
2026-08-31T04:11:06.676692+00:00,GET,http://localhost:3000/logistics/tenderos/productos-disponibles?tiendaId=bbbbbbbb-bbbb-4bbb-8bbb-bbbbbbbbbbbb&zona=Zona+Norte,200,55.873,
2026-08-31T04:11:06.709682+00:00,GET,http://localhost:3000/logistics/tenderos/productos-disponibles?tiendaId=bbbbbbbb-bbbb-4bbb-8bbb-bbbbbbbbbbbb&zona=Zona+Norte,200,56.365,
2026-08-31T04:11:06.743845+00:00,GET,http://localhost:3000/logistics/tenderos/productos-disponibles?tiendaId=bbbbbbbb-bbbb-4bbb-8bbb-bbbbbbbbbbbb&zona=Zona+Norte,200,56.704,
2026-08-31T04:11:06.777205+00:00,GET,http://localhost:3000/logistics/tenderos/productos-disponibles?tiendaId=bbbbbbbb-bbbb-4bbb-8bbb-bbbbbbbbbbbb&zona=Zona+Norte,200,56.759,
2026-08-31T04:11:06.810519+00:00,GET,http://localhost:3000/logistics/tenderos/productos-disponibles?tiendaId=bbbbbbbb-bbbb-4bbb-8bbb-bbbbbbbbbbbb&zona=Zona+Norte,200,55.948,
2026-08-31T04:11:06.843838+00:00,GET,http://localhost:3000/logistics/tenderos/productos-disponibles?tiendaId=bbbbbbbb-bbbb-4bbb-8bbb-bbbbbbbbbbbb&zona=Zona+Norte,200,55.062,
2026-08-31T04:11:06.877179+00:00,GET,http://localhost:3000/logistics/tenderos/productos-disponibles?tiendaId=bbbbbbbb-bbbb-4bbb-8bbb-bbbbbbbbbbbb&zona=Zona+Norte,200,55.726,
2026-08-31T04:11:06.909956+00:00,GET,http://localhost:3000/logistics/tenderos/productos-disponibles?tiendaId=bbbbbbbb-bbbb-4bbb-8bbb-bbbbbbbbbbbb&zona=Zona+Norte,200,56.257,
2026-08-31T04:11:06.943851+00:00,GET,http://localhost:3000/logistics/tenderos/productos-disponibles?tiendaId=bbbbbbbb-bbbb-4bbb-8bbb-bbbbbbbbbbbb&zona=Zona+Norte,200,55.406,
2026-08-31T04:11:06.976780+00:00,GET,http://localhost:3000/logistics/tenderos/productos-disponibles?tiendaId=bbbbbbbb-bbbb-4bbb-8bbb-bbbbbbbbbbbb&zona=Zona+Norte,200,54.874,
2026-08-31T04:11:07.010520+00:00,GET,http://localhost:3000/logistics/tenderos/productos-disponibles?tiendaId=bbbbbbbb-bbbb-4bbb-8bbb-bbbbbbbbbbbb&zona=Zona+Norte,200,55.944,
2026-08-31T04:11:07.043902+00:00,GET,http://localhost:3000/logistics/tenderos/productos-disponibles?tiendaId=bbbbbbbb-bbbb-4bbb-8bbb-bbbbbbbbbbbb&zona=Zona+Norte,200,54.781,
2026-08-31T04:11:07.076801+00:00,GET,http://localhost:3000/logistics/tenderos/productos-disponibles?tiendaId=bbbbbbbb-bbbb-4bbb-8bbb-bbbbbbbbbbbb&zona=Zona+Norte,200,54.431,
2026-08-31T04:11:07.110077+00:00,GET,http://localhost:3000/logistics/tenderos/productos-disponibles?tiendaId=bbbbbbbb-bbbb-4bbb-8bbb-bbbbbbbbbbbb&zona=Zona+Norte,200,53.740,
2026-08-31T04:11:07.143212+00:00,GET,http://localhost:3000/logistics/tenderos/productos-disponibles?tiendaId=bbbbbbbb-bbbb-4bbb-8bbb-bbbbbbbbbbbb&zona=Zona+Norte,200,54.593,
2026-08-31T04:11:07.177239+00:00,GET,http://localhost:3000/logistics/tenderos/productos-disponibles?tiendaId=bbbbbbbb-bbbb-4bbb-8bbb-bbbbbbbbbbbb&zona=Zona+Norte,200,54.454,
2026-08-31T04:11:07.210473+00:00,GET,http://localhost:3000/logistics/tenderos/productos-disponibles?tiendaId=bbbbbbbb-bbbb-4bbb-8bbb-bbbbbbbbbbbb&zona=Zona+Norte,200,57.191,
2026-08-31T04:11:07.243875+00:00,GET,http://localhost:3000/logistics/tenderos/productos-disponibles?tiendaId=bbbbbbbb-bbbb-4bbb-8bbb-bbbbbbbbbbbb&zona=Zona+Norte,200,58.763,
2026-08-31T04:11:07.277182+00:00,GET,http://localhost:3000/logistics/tenderos/productos-disponibles?tiendaId=bbbbbbbb-bbbb-4bbb-8bbb-bbbbbbbbbbbb&zona=Zona+Norte,200,54.329,
2026-08-31T04:11:07.310356+00:00,GET,http://localhost:3000/logistics/tenderos/productos-disponibles?tiendaId=bbbbbbbb-bbbb-4bbb-8bbb-bbbbbbbbbbbb&zona=Zona+Norte,200,58.195,
2026-08-31T04:11:07.343886+00:00,GET,http://localhost:3000/logistics/tenderos/productos-disponibles?tiendaId=bbbbbbbb-bbbb-4bbb-8bbb-bbbbbbbbbbbb&zona=Zona+Norte,200,54.974,
2026-08-31T04:11:07.376926+00:00,GET,http://localhost:3000/logistics/tenderos/productos-disponibles?tiendaId=bbbbbbbb-bbbb-4bbb-8bbb-bbbbbbbbbbbb&zona=Zona+Norte,200,54.936,
2026-08-31T04:11:07.410515+00:00,GET,http://localhost:3000/logistics/tenderos/productos-disponibles?tiendaId=bbbbbbbb-bbbb-4bbb-8bbb-bbbbbbbbbbbb&zona=Zona+Norte,200,59.070,
2026-08-31T04:11:07.443856+00:00,GET,http://localhost:3000/logistics/tenderos/productos-disponibles?tiendaId=bbbbbbbb-bbbb-4bbb-8bbb-bbbbbbbbbbbb&zona=Zona+Norte,200,55.768,
2026-08-31T04:11:07.477001+00:00,GET,http://localhost:3000/logistics/tenderos/productos-disponibles?tiendaId=bbbbbbbb-bbbb-4bbb-8bbb-bbbbbbbbbbbb&zona=Zona+Norte,200,55.801,
2026-08-31T04:11:07.510563+00:00,GET,http://localhost:3000/logistics/tenderos/productos-disponibles?tiendaId=bbbbbbbb-bbbb-4bbb-8bbb-bbbbbbbbbbbb&zona=Zona+Norte,200,55.848,
2026-08-31T04:11:07.543872+00:00,GET,http://localhost:3000/logistics/tenderos/productos-disponibles?tiendaId=bbbbbbbb-bbbb-4bbb-8bbb-bbbbbbbbbbbb&zona=Zona+Norte,200,59.665,
2026-08-31T04:11:07.577271+00:00,GET,http://localhost:3000/logistics/tenderos/productos-disponibles?tiendaId=bbbbbbbb-bbbb-4bbb-8bbb-bbbbbbbbbbbb&zona=Zona+Norte,200,57.941,
2026-08-31T04:11:07.609640+00:00,GET,http://localhost:3000/logistics/tenderos/productos-disponibles?tiendaId=bbbbbbbb-bbbb-4bbb-8bbb-bbbbbbbbbbbb&zona=Zona+Norte,200,62.445,
2026-08-31T04:11:07.643789+00:00,GET,http://localhost:3000/logistics/tenderos/productos-disponibles?tiendaId=bbbbbbbb-bbbb-4bbb-8bbb-bbbbbbbbbbbb&zona=Zona+Norte,200,62.278,
2026-08-31T04:11:07.676682+00:00,GET,http://localhost:3000/logistics/tenderos/productos-disponibles?tiendaId=bbbbbbbb-bbbb-4bbb-8bbb-bbbbbbbbbbbb&zona=Zona+Norte,200,62.918,
2026-08-31T04:11:07.709960+00:00,GET,http://localhost:3000/logistics/tenderos/productos-disponibles?tiendaId=bbbbbbbb-bbbb-4bbb-8bbb-bbbbbbbbbbbb&zona=Zona+Norte,200,63.076,
2026-08-31T04:11:07.743220+00:00,GET,http://localhost:3000/logistics/tenderos/productos-disponibles?tiendaId=bbbbbbbb-bbbb-4bbb-8bbb-bbbbbbbbbbbb&zona=Zona+Norte,200,60.617,
2026-08-31T04:11:07.776553+00:00,GET,http://localhost:3000/logistics/tenderos/productos-disponibles?tiendaId=bbbbbbbb-bbbb-4bbb-8bbb-bbbbbbbbbbbb&zona=Zona+Norte,200,58.627,
2026-08-31T04:11:07.810203+00:00,GET,http://localhost:3000/logistics/tenderos/productos-disponibles?tiendaId=bbbbbbbb-bbbb-4bbb-8bbb-bbbbbbbbbbbb&zona=Zona+Norte,200,62.819,
2026-08-31T04:11:07.843766+00:00,GET,http://localhost:3000/logistics/tenderos/productos-disponibles?tiendaId=bbbbbbbb-bbbb-4bbb-8bbb-bbbbbbbbbbbb&zona=Zona+Norte,200,59.356,
2026-08-31T04:11:07.876554+00:00,GET,http://localhost:3000/logistics/tenderos/productos-disponibles?tiendaId=bbbbbbbb-bbbb-4bbb-8bbb-bbbbbbbbbbbb&zona=Zona+Norte,200,56.334,
2026-08-31T04:11:07.910312+00:00,GET,http://localhost:3000/logistics/tenderos/productos-disponibles?tiendaId=bbbbbbbb-bbbb-4bbb-8bbb-bbbbbbbbbbbb&zona=Zona+Norte,200,58.035,
2026-08-31T04:11:07.943858+00:00,GET,http://localhost:3000/logistics/tenderos/productos-disponibles?tiendaId=bbbbbbbb-bbbb-4bbb-8bbb-bbbbbbbbbbbb&zona=Zona+Norte,200,57.175,
2026-08-31T04:11:07.977161+00:00,GET,http://localhost:3000/logistics/tenderos/productos-disponibles?tiendaId=bbbbbbbb-bbbb-4bbb-8bbb-bbbbbbbbbbbb&zona=Zona+Norte,200,62.679,
2026-08-31T04:11:08.010513+00:00,GET,http://localhost:3000/logistics/tenderos/productos-disponibles?tiendaId=bbbbbbbb-bbbb-4bbb-8bbb-bbbbbbbbbbbb&zona=Zona+Norte,200,60.387,
2026-08-31T04:11:08.043191+00:00,GET,http://localhost:3000/logistics/tenderos/productos-disponibles?tiendaId=bbbbbbbb-bbbb-4bbb-8bbb-bbbbbbbbbbbb&zona=Zona+Norte,200,60.543,
2026-08-31T04:11:08.076840+00:00,GET,http://localhost:3000/logistics/tenderos/productos-disponibles?tiendaId=bbbbbbbb-bbbb-4bbb-8bbb-bbbbbbbbbbbb&zona=Zona+Norte,200,63.775,
2026-08-31T04:11:08.110210+00:00,GET,http://localhost:3000/logistics/tenderos/productos-disponibles?tiendaId=bbbbbbbb-bbbb-4bbb-8bbb-bbbbbbbbbbbb&zona=Zona+Norte,200,62.735,
2026-08-31T04:11:08.143161+00:00,GET,http://localhost:3000/logistics/tenderos/productos-disponibles?tiendaId=bbbbbbbb-bbbb-4bbb-8bbb-bbbbbbbbbbbb&zona=Zona+Norte,200,61.574,
2026-08-31T04:11:08.176611+00:00,GET,http://localhost:3000/logistics/tenderos/productos-disponibles?tiendaId=bbbbbbbb-bbbb-4bbb-8bbb-bbbbbbbbbbbb&zona=Zona+Norte,200,61.895,
2026-08-31T04:11:08.210137+00:00,GET,http://localhost:3000/logistics/tenderos/productos-disponibles?tiendaId=bbbbbbbb-bbbb-4bbb-8bbb-bbbbbbbbbbbb&zona=Zona+Norte,200,63.035,
2026-08-31T04:11:08.243375+00:00,GET,http://localhost:3000/logistics/tenderos/productos-disponibles?tiendaId=bbbbbbbb-bbbb-4bbb-8bbb-bbbbbbbbbbbb&zona=Zona+Norte,200,60.156,
2026-08-31T04:11:08.276329+00:00,GET,http://localhost:3000/logistics/tenderos/productos-disponibles?tiendaId=bbbbbbbb-bbbb-4bbb-8bbb-bbbbbbbbbbbb&zona=Zona+Norte,200,63.779,
2026-08-31T04:11:08.310268+00:00,GET,http://localhost:3000/logistics/tenderos/productos-disponibles?tiendaId=bbbbbbbb-bbbb-4bbb-8bbb-bbbbbbbbbbbb&zona=Zona+Norte,200,61.305,
2026-08-31T04:11:08.343163+00:00,GET,http://localhost:3000/logistics/tenderos/productos-disponibles?tiendaId=bbbbbbbb-bbbb-4bbb-8bbb-bbbbbbbbbbbb&zona=Zona+Norte,200,62.864,
2026-08-31T04:11:08.376299+00:00,GET,http://localhost:3000/logistics/tenderos/productos-disponibles?tiendaId=bbbbbbbb-bbbb-4bbb-8bbb-bbbbbbbbbbbb&zona=Zona+Norte,200,63.522,
2026-08-31T04:11:08.409689+00:00,GET,http://localhost:3000/logistics/tenderos/productos-disponibles?tiendaId=bbbbbbbb-bbbb-4bbb-8bbb-bbbbbbbbbbbb&zona=Zona+Norte,200,61.112,
2026-08-31T04:11:08.442986+00:00,GET,http://localhost:3000/logistics/tenderos/productos-disponibles?tiendaId=bbbbbbbb-bbbb-4bbb-8bbb-bbbbbbbbbbbb&zona=Zona+Norte,200,59.591,
2026-08-31T04:11:08.476871+00:00,GET,http://localhost:3000/logistics/tenderos/productos-disponibles?tiendaId=bbbbbbbb-bbbb-4bbb-8bbb-bbbbbbbbbbbb&zona=Zona+Norte,200,58.294,
2026-08-31T04:11:08.510389+00:00,GET,http://localhost:3000/logistics/tenderos/productos-disponibles?tiendaId=bbbbbbbb-bbbb-4bbb-8bbb-bbbbbbbbbbbb&zona=Zona+Norte,200,61.400,
2026-08-31T04:11:08.543801+00:00,GET,http://localhost:3000/logistics/tenderos/productos-disponibles?tiendaId=bbbbbbbb-bbbb-4bbb-8bbb-bbbbbbbbbbbb&zona=Zona+Norte,200,53.853,
2026-08-31T04:11:08.576786+00:00,GET,http://localhost:3000/logistics/tenderos/productos-disponibles?tiendaId=bbbbbbbb-bbbb-4bbb-8bbb-bbbbbbbbbbbb&zona=Zona+Norte,200,61.931,
2026-08-31T04:11:08.610052+00:00,GET,http://localhost:3000/logistics/tenderos/productos-disponibles?tiendaId=bbbbbbbb-bbbb-4bbb-8bbb-bbbbbbbbbbbb&zona=Zona+Norte,200,53.333,
2026-08-31T04:11:08.643302+00:00,GET,http://localhost:3000/logistics/tenderos/productos-disponibles?tiendaId=bbbbbbbb-bbbb-4bbb-8bbb-bbbbbbbbbbbb&zona=Zona+Norte,200,57.868,
2026-08-31T04:11:08.676870+00:00,GET,http://localhost:3000/logistics/tenderos/productos-disponibles?tiendaId=bbbbbbbb-bbbb-4bbb-8bbb-bbbbbbbbbbbb&zona=Zona+Norte,200,54.806,
2026-08-31T04:11:08.709999+00:00,GET,http://localhost:3000/logistics/tenderos/productos-disponibles?tiendaId=bbbbbbbb-bbbb-4bbb-8bbb-bbbbbbbbbbbb&zona=Zona+Norte,200,57.496,
2026-08-31T04:11:08.743868+00:00,GET,http://localhost:3000/logistics/tenderos/productos-disponibles?tiendaId=bbbbbbbb-bbbb-4bbb-8bbb-bbbbbbbbbbbb&zona=Zona+Norte,200,52.724,
2026-08-31T04:11:08.776224+00:00,GET,http://localhost:3000/logistics/tenderos/productos-disponibles?tiendaId=bbbbbbbb-bbbb-4bbb-8bbb-bbbbbbbbbbbb&zona=Zona+Norte,200,61.421,
2026-08-31T04:11:08.810524+00:00,GET,http://localhost:3000/logistics/tenderos/productos-disponibles?tiendaId=bbbbbbbb-bbbb-4bbb-8bbb-bbbbbbbbbbbb&zona=Zona+Norte,200,54.223,
2026-08-31T04:11:08.843484+00:00,GET,http://localhost:3000/logistics/tenderos/productos-disponibles?tiendaId=bbbbbbbb-bbbb-4bbb-8bbb-bbbbbbbbbbbb&zona=Zona+Norte,200,59.294,
2026-08-31T04:11:08.877197+00:00,GET,http://localhost:3000/logistics/tenderos/productos-disponibles?tiendaId=bbbbbbbb-bbbb-4bbb-8bbb-bbbbbbbbbbbb&zona=Zona+Norte,200,54.017,
2026-08-31T04:11:08.910356+00:00,GET,http://localhost:3000/logistics/tenderos/productos-disponibles?tiendaId=bbbbbbbb-bbbb-4bbb-8bbb-bbbbbbbbbbbb&zona=Zona+Norte,200,60.339,
2026-08-31T04:11:08.943849+00:00,GET,http://localhost:3000/logistics/tenderos/productos-disponibles?tiendaId=bbbbbbbb-bbbb-4bbb-8bbb-bbbbbbbbbbbb&zona=Zona+Norte,200,52.977,
2026-08-31T04:11:08.976848+00:00,GET,http://localhost:3000/logistics/tenderos/productos-disponibles?tiendaId=bbbbbbbb-bbbb-4bbb-8bbb-bbbbbbbbbbbb&zona=Zona+Norte,200,56.442,
2026-08-31T04:11:09.010519+00:00,GET,http://localhost:3000/logistics/tenderos/productos-disponibles?tiendaId=bbbbbbbb-bbbb-4bbb-8bbb-bbbbbbbbbbbb&zona=Zona+Norte,200,52.817,
2026-08-31T04:11:09.043875+00:00,GET,http://localhost:3000/logistics/tenderos/productos-disponibles?tiendaId=bbbbbbbb-bbbb-4bbb-8bbb-bbbbbbbbbbbb&zona=Zona+Norte,200,60.977,
2026-08-31T04:11:09.076861+00:00,GET,http://localhost:3000/logistics/tenderos/productos-disponibles?tiendaId=bbbbbbbb-bbbb-4bbb-8bbb-bbbbbbbbbbbb&zona=Zona+Norte,200,56.031,
2026-08-31T04:11:09.110069+00:00,GET,http://localhost:3000/logistics/tenderos/productos-disponibles?tiendaId=bbbbbbbb-bbbb-4bbb-8bbb-bbbbbbbbbbbb&zona=Zona+Norte,200,61.066,
2026-08-31T04:11:09.143819+00:00,GET,http://localhost:3000/logistics/tenderos/productos-disponibles?tiendaId=bbbbbbbb-bbbb-4bbb-8bbb-bbbbbbbbbbbb&zona=Zona+Norte,200,53.650,
2026-08-31T04:11:09.176798+00:00,GET,http://localhost:3000/logistics/tenderos/productos-disponibles?tiendaId=bbbbbbbb-bbbb-4bbb-8bbb-bbbbbbbbbbbb&zona=Zona+Norte,200,61.471,
2026-08-31T04:11:09.210484+00:00,GET,http://localhost:3000/logistics/tenderos/productos-disponibles?tiendaId=bbbbbbbb-bbbb-4bbb-8bbb-bbbbbbbbbbbb&zona=Zona+Norte,200,58.331,
2026-08-31T04:11:09.243397+00:00,GET,http://localhost:3000/logistics/tenderos/productos-disponibles?tiendaId=bbbbbbbb-bbbb-4bbb-8bbb-bbbbbbbbbbbb&zona=Zona+Norte,200,60.375,
2026-08-31T04:11:09.277097+00:00,GET,http://localhost:3000/logistics/tenderos/productos-disponibles?tiendaId=bbbbbbbb-bbbb-4bbb-8bbb-bbbbbbbbbbbb&zona=Zona+Norte,200,53.944,
2026-08-31T04:11:09.310254+00:00,GET,http://localhost:3000/logistics/tenderos/productos-disponibles?tiendaId=bbbbbbbb-bbbb-4bbb-8bbb-bbbbbbbbbbbb&zona=Zona+Norte,200,57.139,
2026-08-31T04:11:09.343864+00:00,GET,http://localhost:3000/logistics/tenderos/productos-disponibles?tiendaId=bbbbbbbb-bbbb-4bbb-8bbb-bbbbbbbbbbbb&zona=Zona+Norte,200,53.562,
2026-08-31T04:11:09.377194+00:00,GET,http://localhost:3000/logistics/tenderos/productos-disponibles?tiendaId=bbbbbbbb-bbbb-4bbb-8bbb-bbbbbbbbbbbb&zona=Zona+Norte,200,58.943,
2026-08-31T04:11:09.410532+00:00,GET,http://localhost:3000/logistics/tenderos/productos-disponibles?tiendaId=bbbbbbbb-bbbb-4bbb-8bbb-bbbbbbbbbbbb&zona=Zona+Norte,200,54.123,
2026-08-31T04:11:09.443671+00:00,GET,http://localhost:3000/logistics/tenderos/productos-disponibles?tiendaId=bbbbbbbb-bbbb-4bbb-8bbb-bbbbbbbbbbbb&zona=Zona+Norte,200,57.500,
2026-08-31T04:11:09.477192+00:00,GET,http://localhost:3000/logistics/tenderos/productos-disponibles?tiendaId=bbbbbbbb-bbbb-4bbb-8bbb-bbbbbbbbbbbb&zona=Zona+Norte,200,58.399,
2026-08-31T04:11:09.510539+00:00,GET,http://localhost:3000/logistics/tenderos/productos-disponibles?tiendaId=bbbbbbbb-bbbb-4bbb-8bbb-bbbbbbbbbbbb&zona=Zona+Norte,200,62.023,
2026-08-31T04:11:09.543324+00:00,GET,http://localhost:3000/logistics/tenderos/productos-disponibles?tiendaId=bbbbbbbb-bbbb-4bbb-8bbb-bbbbbbbbbbbb&zona=Zona+Norte,200,53.968,
2026-08-31T04:11:09.576665+00:00,GET,http://localhost:3000/logistics/tenderos/productos-disponibles?tiendaId=bbbbbbbb-bbbb-4bbb-8bbb-bbbbbbbbbbbb&zona=Zona+Norte,200,57.702,
2026-08-31T04:11:09.610551+00:00,GET,http://localhost:3000/logistics/tenderos/productos-disponibles?tiendaId=bbbbbbbb-bbbb-4bbb-8bbb-bbbbbbbbbbbb&zona=Zona+Norte,200,53.553,
2026-08-31T04:11:09.643813+00:00,GET,http://localhost:3000/logistics/tenderos/productos-disponibles?tiendaId=bbbbbbbb-bbbb-4bbb-8bbb-bbbbbbbbbbbb&zona=Zona+Norte,200,59.751,
2026-08-31T04:11:09.677199+00:00,GET,http://localhost:3000/logistics/tenderos/productos-disponibles?tiendaId=bbbbbbbb-bbbb-4bbb-8bbb-bbbbbbbbbbbb&zona=Zona+Norte,200,53.125,
2026-08-31T04:11:09.709637+00:00,GET,http://localhost:3000/logistics/tenderos/productos-disponibles?tiendaId=bbbbbbbb-bbbb-4bbb-8bbb-bbbbbbbbbbbb&zona=Zona+Norte,200,57.812,
2026-08-31T04:11:09.743865+00:00,GET,http://localhost:3000/logistics/tenderos/productos-disponibles?tiendaId=bbbbbbbb-bbbb-4bbb-8bbb-bbbbbbbbbbbb&zona=Zona+Norte,200,54.738,
2026-08-31T04:11:09.777190+00:00,GET,http://localhost:3000/logistics/tenderos/productos-disponibles?tiendaId=bbbbbbbb-bbbb-4bbb-8bbb-bbbbbbbbbbbb&zona=Zona+Norte,200,60.361,
2026-08-31T04:11:09.810521+00:00,GET,http://localhost:3000/logistics/tenderos/productos-disponibles?tiendaId=bbbbbbbb-bbbb-4bbb-8bbb-bbbbbbbbbbbb&zona=Zona+Norte,200,58.231,
2026-08-31T04:11:09.843504+00:00,GET,http://localhost:3000/logistics/tenderos/productos-disponibles?tiendaId=bbbbbbbb-bbbb-4bbb-8bbb-bbbbbbbbbbbb&zona=Zona+Norte,200,60.112,
2026-08-31T04:11:09.877138+00:00,GET,http://localhost:3000/logistics/tenderos/productos-disponibles?tiendaId=bbbbbbbb-bbbb-4bbb-8bbb-bbbbbbbbbbbb&zona=Zona+Norte,200,54.957,
2026-08-31T04:11:09.909942+00:00,GET,http://localhost:3000/logistics/tenderos/productos-disponibles?tiendaId=bbbbbbbb-bbbb-4bbb-8bbb-bbbbbbbbbbbb&zona=Zona+Norte,200,58.130,
2026-08-31T04:11:09.943857+00:00,GET,http://localhost:3000/logistics/tenderos/productos-disponibles?tiendaId=bbbbbbbb-bbbb-4bbb-8bbb-bbbbbbbbbbbb&zona=Zona+Norte,200,56.924,
2026-08-31T04:11:09.976860+00:00,GET,http://localhost:3000/logistics/tenderos/productos-disponibles?tiendaId=bbbbbbbb-bbbb-4bbb-8bbb-bbbbbbbbbbbb&zona=Zona+Norte,200,57.236,
2026-08-31T04:11:10.010529+00:00,GET,http://localhost:3000/logistics/tenderos/productos-disponibles?tiendaId=bbbbbbbb-bbbb-4bbb-8bbb-bbbbbbbbbbbb&zona=Zona+Norte,200,53.330,
2026-08-31T04:11:10.043862+00:00,GET,http://localhost:3000/logistics/tenderos/productos-disponibles?tiendaId=bbbbbbbb-bbbb-4bbb-8bbb-bbbbbbbbbbbb&zona=Zona+Norte,200,56.408,
2026-08-31T04:11:10.077195+00:00,GET,http://localhost:3000/logistics/tenderos/productos-disponibles?tiendaId=bbbbbbbb-bbbb-4bbb-8bbb-bbbbbbbbbbbb&zona=Zona+Norte,200,53.707,
2026-08-31T04:11:10.110407+00:00,GET,http://localhost:3000/logistics/tenderos/productos-disponibles?tiendaId=bbbbbbbb-bbbb-4bbb-8bbb-bbbbbbbbbbbb&zona=Zona+Norte,200,60.628,
2026-08-31T04:11:10.143237+00:00,GET,http://localhost:3000/logistics/tenderos/productos-disponibles?tiendaId=bbbbbbbb-bbbb-4bbb-8bbb-bbbbbbbbbbbb&zona=Zona+Norte,200,58.988,
2026-08-31T04:11:10.176824+00:00,GET,http://localhost:3000/logistics/tenderos/productos-disponibles?tiendaId=bbbbbbbb-bbbb-4bbb-8bbb-bbbbbbbbbbbb&zona=Zona+Norte,200,60.701,
2026-08-31T04:11:10.210381+00:00,GET,http://localhost:3000/logistics/tenderos/productos-disponibles?tiendaId=bbbbbbbb-bbbb-4bbb-8bbb-bbbbbbbbbbbb&zona=Zona+Norte,200,53.735,
2026-08-31T04:11:10.243534+00:00,GET,http://localhost:3000/logistics/tenderos/productos-disponibles?tiendaId=bbbbbbbb-bbbb-4bbb-8bbb-bbbbbbbbbbbb&zona=Zona+Norte,200,61.761,
2026-08-31T04:11:10.276254+00:00,GET,http://localhost:3000/logistics/tenderos/productos-disponibles?tiendaId=bbbbbbbb-bbbb-4bbb-8bbb-bbbbbbbbbbbb&zona=Zona+Norte,200,56.683,
2026-08-31T04:11:10.310009+00:00,GET,http://localhost:3000/logistics/tenderos/productos-disponibles?tiendaId=bbbbbbbb-bbbb-4bbb-8bbb-bbbbbbbbbbbb&zona=Zona+Norte,200,58.196,
2026-08-31T04:11:10.343876+00:00,GET,http://localhost:3000/logistics/tenderos/productos-disponibles?tiendaId=bbbbbbbb-bbbb-4bbb-8bbb-bbbbbbbbbbbb&zona=Zona+Norte,200,54.027,
2026-08-31T04:11:10.377184+00:00,GET,http://localhost:3000/logistics/tenderos/productos-disponibles?tiendaId=bbbbbbbb-bbbb-4bbb-8bbb-bbbbbbbbbbbb&zona=Zona+Norte,200,57.436,
2026-08-31T04:11:10.410538+00:00,GET,http://localhost:3000/logistics/tenderos/productos-disponibles?tiendaId=bbbbbbbb-bbbb-4bbb-8bbb-bbbbbbbbbbbb&zona=Zona+Norte,200,59.571,
2026-08-31T04:11:10.443882+00:00,GET,http://localhost:3000/logistics/tenderos/productos-disponibles?tiendaId=bbbbbbbb-bbbb-4bbb-8bbb-bbbbbbbbbbbb&zona=Zona+Norte,200,57.534,
2026-08-31T04:11:10.476949+00:00,GET,http://localhost:3000/logistics/tenderos/productos-disponibles?tiendaId=bbbbbbbb-bbbb-4bbb-8bbb-bbbbbbbbbbbb&zona=Zona+Norte,200,59.328,
2026-08-31T04:11:10.510528+00:00,GET,http://localhost:3000/logistics/tenderos/productos-disponibles?tiendaId=bbbbbbbb-bbbb-4bbb-8bbb-bbbbbbbbbbbb&zona=Zona+Norte,200,60.436,
2026-08-31T04:11:10.543704+00:00,GET,http://localhost:3000/logistics/tenderos/productos-disponibles?tiendaId=bbbbbbbb-bbbb-4bbb-8bbb-bbbbbbbbbbbb&zona=Zona+Norte,200,58.771,
2026-08-31T04:11:10.576930+00:00,GET,http://localhost:3000/logistics/tenderos/productos-disponibles?tiendaId=bbbbbbbb-bbbb-4bbb-8bbb-bbbbbbbbbbbb&zona=Zona+Norte,200,57.168,
2026-08-31T04:11:10.610410+00:00,GET,http://localhost:3000/logistics/tenderos/productos-disponibles?tiendaId=bbbbbbbb-bbbb-4bbb-8bbb-bbbbbbbbbbbb&zona=Zona+Norte,200,51.246,
2026-08-31T04:11:10.643284+00:00,GET,http://localhost:3000/logistics/tenderos/productos-disponibles?tiendaId=bbbbbbbb-bbbb-4bbb-8bbb-bbbbbbbbbbbb&zona=Zona+Norte,200,53.963,
2026-08-31T04:11:10.676430+00:00,GET,http://localhost:3000/logistics/tenderos/productos-disponibles?tiendaId=bbbbbbbb-bbbb-4bbb-8bbb-bbbbbbbbbbbb&zona=Zona+Norte,200,50.067,
2026-08-31T04:11:10.710156+00:00,GET,http://localhost:3000/logistics/tenderos/productos-disponibles?tiendaId=bbbbbbbb-bbbb-4bbb-8bbb-bbbbbbbbbbbb&zona=Zona+Norte,200,57.287,
2026-08-31T04:11:10.743005+00:00,GET,http://localhost:3000/logistics/tenderos/productos-disponibles?tiendaId=bbbbbbbb-bbbb-4bbb-8bbb-bbbbbbbbbbbb&zona=Zona+Norte,200,51.629,
2026-08-31T04:11:10.777210+00:00,GET,http://localhost:3000/logistics/tenderos/productos-disponibles?tiendaId=bbbbbbbb-bbbb-4bbb-8bbb-bbbbbbbbbbbb&zona=Zona+Norte,200,59.092,
2026-08-31T04:11:10.810504+00:00,GET,http://localhost:3000/logistics/tenderos/productos-disponibles?tiendaId=bbbbbbbb-bbbb-4bbb-8bbb-bbbbbbbbbbbb&zona=Zona+Norte,200,52.875,
2026-08-31T04:11:10.843655+00:00,GET,http://localhost:3000/logistics/tenderos/productos-disponibles?tiendaId=bbbbbbbb-bbbb-4bbb-8bbb-bbbbbbbbbbbb&zona=Zona+Norte,200,56.250,
2026-08-31T04:11:10.877312+00:00,GET,http://localhost:3000/logistics/tenderos/productos-disponibles?tiendaId=bbbbbbbb-bbbb-4bbb-8bbb-bbbbbbbbbbbb&zona=Zona+Norte,200,53.127,
2026-08-31T04:11:10.910572+00:00,GET,http://localhost:3000/logistics/tenderos/productos-disponibles?tiendaId=bbbbbbbb-bbbb-4bbb-8bbb-bbbbbbbbbbbb&zona=Zona+Norte,200,56.817,
2026-08-31T04:11:10.943155+00:00,GET,http://localhost:3000/logistics/tenderos/productos-disponibles?tiendaId=bbbbbbbb-bbbb-4bbb-8bbb-bbbbbbbbbbbb&zona=Zona+Norte,200,52.374,
2026-08-31T04:11:10.977225+00:00,GET,http://localhost:3000/logistics/tenderos/productos-disponibles?tiendaId=bbbbbbbb-bbbb-4bbb-8bbb-bbbbbbbbbbbb&zona=Zona+Norte,200,55.601,
2026-08-31T04:11:11.010562+00:00,GET,http://localhost:3000/logistics/tenderos/productos-disponibles?tiendaId=bbbbbbbb-bbbb-4bbb-8bbb-bbbbbbbbbbbb&zona=Zona+Norte,200,51.561,
2026-08-31T04:11:11.043938+00:00,GET,http://localhost:3000/logistics/tenderos/productos-disponibles?tiendaId=bbbbbbbb-bbbb-4bbb-8bbb-bbbbbbbbbbbb&zona=Zona+Norte,200,54.768,
2026-08-31T04:11:11.077181+00:00,GET,http://localhost:3000/logistics/tenderos/productos-disponibles?tiendaId=bbbbbbbb-bbbb-4bbb-8bbb-bbbbbbbbbbbb&zona=Zona+Norte,200,50.922,
2026-08-31T04:11:11.110578+00:00,GET,http://localhost:3000/logistics/tenderos/productos-disponibles?tiendaId=bbbbbbbb-bbbb-4bbb-8bbb-bbbbbbbbbbbb&zona=Zona+Norte,200,57.621,
2026-08-31T04:11:11.143030+00:00,GET,http://localhost:3000/logistics/tenderos/productos-disponibles?tiendaId=bbbbbbbb-bbbb-4bbb-8bbb-bbbbbbbbbbbb&zona=Zona+Norte,200,50.040,
2026-08-31T04:11:11.177239+00:00,GET,http://localhost:3000/logistics/tenderos/productos-disponibles?tiendaId=bbbbbbbb-bbbb-4bbb-8bbb-bbbbbbbbbbbb&zona=Zona+Norte,200,55.245,
2026-08-31T04:11:11.210627+00:00,GET,http://localhost:3000/logistics/tenderos/productos-disponibles?tiendaId=bbbbbbbb-bbbb-4bbb-8bbb-bbbbbbbbbbbb&zona=Zona+Norte,200,53.110,
2026-08-31T04:11:11.243898+00:00,GET,http://localhost:3000/logistics/tenderos/productos-disponibles?tiendaId=bbbbbbbb-bbbb-4bbb-8bbb-bbbbbbbbbbbb&zona=Zona+Norte,200,61.453,
2026-08-31T04:11:11.277268+00:00,GET,http://localhost:3000/logistics/tenderos/productos-disponibles?tiendaId=bbbbbbbb-bbbb-4bbb-8bbb-bbbbbbbbbbbb&zona=Zona+Norte,200,58.576,
2026-08-31T04:11:11.310083+00:00,GET,http://localhost:3000/logistics/tenderos/productos-disponibles?tiendaId=bbbbbbbb-bbbb-4bbb-8bbb-bbbbbbbbbbbb&zona=Zona+Norte,200,62.470,
2026-08-31T04:11:11.342929+00:00,GET,http://localhost:3000/logistics/tenderos/productos-disponibles?tiendaId=bbbbbbbb-bbbb-4bbb-8bbb-bbbbbbbbbbbb&zona=Zona+Norte,200,59.266,
2026-08-31T04:11:11.376665+00:00,GET,http://localhost:3000/logistics/tenderos/productos-disponibles?tiendaId=bbbbbbbb-bbbb-4bbb-8bbb-bbbbbbbbbbbb&zona=Zona+Norte,200,60.006,
2026-08-31T04:11:11.410463+00:00,GET,http://localhost:3000/logistics/tenderos/productos-disponibles?tiendaId=bbbbbbbb-bbbb-4bbb-8bbb-bbbbbbbbbbbb&zona=Zona+Norte,200,55.519,
2026-08-31T04:11:11.443688+00:00,GET,http://localhost:3000/logistics/tenderos/productos-disponibles?tiendaId=bbbbbbbb-bbbb-4bbb-8bbb-bbbbbbbbbbbb&zona=Zona+Norte,200,69.156,
2026-08-31T04:11:11.476529+00:00,GET,http://localhost:3000/logistics/tenderos/productos-disponibles?tiendaId=bbbbbbbb-bbbb-4bbb-8bbb-bbbbbbbbbbbb&zona=Zona+Norte,200,55.937,
2026-08-31T04:11:11.510600+00:00,GET,http://localhost:3000/logistics/tenderos/productos-disponibles?tiendaId=bbbbbbbb-bbbb-4bbb-8bbb-bbbbbbbbbbbb&zona=Zona+Norte,200,66.720,
2026-08-31T04:11:11.543932+00:00,GET,http://localhost:3000/logistics/tenderos/productos-disponibles?tiendaId=bbbbbbbb-bbbb-4bbb-8bbb-bbbbbbbbbbbb&zona=Zona+Norte,200,57.480,
2026-08-31T04:11:11.576897+00:00,GET,http://localhost:3000/logistics/tenderos/productos-disponibles?tiendaId=bbbbbbbb-bbbb-4bbb-8bbb-bbbbbbbbbbbb&zona=Zona+Norte,200,58.908,
2026-08-31T04:11:11.610584+00:00,GET,http://localhost:3000/logistics/tenderos/productos-disponibles?tiendaId=bbbbbbbb-bbbb-4bbb-8bbb-bbbbbbbbbbbb&zona=Zona+Norte,200,55.692,
2026-08-31T04:11:11.643799+00:00,GET,http://localhost:3000/logistics/tenderos/productos-disponibles?tiendaId=bbbbbbbb-bbbb-4bbb-8bbb-bbbbbbbbbbbb&zona=Zona+Norte,200,59.609,
2026-08-31T04:11:11.677147+00:00,GET,http://localhost:3000/logistics/tenderos/productos-disponibles?tiendaId=bbbbbbbb-bbbb-4bbb-8bbb-bbbbbbbbbbbb&zona=Zona+Norte,200,59.486,
2026-08-31T04:11:11.710320+00:00,GET,http://localhost:3000/logistics/tenderos/productos-disponibles?tiendaId=bbbbbbbb-bbbb-4bbb-8bbb-bbbbbbbbbbbb&zona=Zona+Norte,200,59.217,
2026-08-31T04:11:11.743677+00:00,GET,http://localhost:3000/logistics/tenderos/productos-disponibles?tiendaId=bbbbbbbb-bbbb-4bbb-8bbb-bbbbbbbbbbbb&zona=Zona+Norte,200,55.190,
2026-08-31T04:11:11.777058+00:00,GET,http://localhost:3000/logistics/tenderos/productos-disponibles?tiendaId=bbbbbbbb-bbbb-4bbb-8bbb-bbbbbbbbbbbb&zona=Zona+Norte,200,59.923,
2026-08-31T04:11:11.810573+00:00,GET,http://localhost:3000/logistics/tenderos/productos-disponibles?tiendaId=bbbbbbbb-bbbb-4bbb-8bbb-bbbbbbbbbbbb&zona=Zona+Norte,200,55.913,
2026-08-31T04:11:11.843610+00:00,GET,http://localhost:3000/logistics/tenderos/productos-disponibles?tiendaId=bbbbbbbb-bbbb-4bbb-8bbb-bbbbbbbbbbbb&zona=Zona+Norte,200,57.271,
2026-08-31T04:11:11.877232+00:00,GET,http://localhost:3000/logistics/tenderos/productos-disponibles?tiendaId=bbbbbbbb-bbbb-4bbb-8bbb-bbbbbbbbbbbb&zona=Zona+Norte,200,52.241,
2026-08-31T04:11:11.910590+00:00,GET,http://localhost:3000/logistics/tenderos/productos-disponibles?tiendaId=bbbbbbbb-bbbb-4bbb-8bbb-bbbbbbbbbbbb&zona=Zona+Norte,200,57.924,
2026-08-31T04:11:11.943893+00:00,GET,http://localhost:3000/logistics/tenderos/productos-disponibles?tiendaId=bbbbbbbb-bbbb-4bbb-8bbb-bbbbbbbbbbbb&zona=Zona+Norte,200,51.161,
2026-08-31T04:11:11.977178+00:00,GET,http://localhost:3000/logistics/tenderos/productos-disponibles?tiendaId=bbbbbbbb-bbbb-4bbb-8bbb-bbbbbbbbbbbb&zona=Zona+Norte,200,55.314,
2026-08-31T04:11:12.010578+00:00,GET,http://localhost:3000/logistics/tenderos/productos-disponibles?tiendaId=bbbbbbbb-bbbb-4bbb-8bbb-bbbbbbbbbbbb&zona=Zona+Norte,200,57.189,
2026-08-31T04:11:12.043949+00:00,GET,http://localhost:3000/logistics/tenderos/productos-disponibles?tiendaId=bbbbbbbb-bbbb-4bbb-8bbb-bbbbbbbbbbbb&zona=Zona+Norte,200,60.314,
2026-08-31T04:11:12.077240+00:00,GET,http://localhost:3000/logistics/tenderos/productos-disponibles?tiendaId=bbbbbbbb-bbbb-4bbb-8bbb-bbbbbbbbbbbb&zona=Zona+Norte,200,52.146,
2026-08-31T04:11:12.110199+00:00,GET,http://localhost:3000/logistics/tenderos/productos-disponibles?tiendaId=bbbbbbbb-bbbb-4bbb-8bbb-bbbbbbbbbbbb&zona=Zona+Norte,200,59.538,
2026-08-31T04:11:12.143893+00:00,GET,http://localhost:3000/logistics/tenderos/productos-disponibles?tiendaId=bbbbbbbb-bbbb-4bbb-8bbb-bbbbbbbbbbbb&zona=Zona+Norte,200,61.066,
2026-08-31T04:11:12.177016+00:00,GET,http://localhost:3000/logistics/tenderos/productos-disponibles?tiendaId=bbbbbbbb-bbbb-4bbb-8bbb-bbbbbbbbbbbb&zona=Zona+Norte,200,63.396,
2026-08-31T04:11:12.210104+00:00,GET,http://localhost:3000/logistics/tenderos/productos-disponibles?tiendaId=bbbbbbbb-bbbb-4bbb-8bbb-bbbbbbbbbbbb&zona=Zona+Norte,200,56.662,
2026-08-31T04:11:12.243176+00:00,GET,http://localhost:3000/logistics/tenderos/productos-disponibles?tiendaId=bbbbbbbb-bbbb-4bbb-8bbb-bbbbbbbbbbbb&zona=Zona+Norte,200,62.978,
2026-08-31T04:11:12.277243+00:00,GET,http://localhost:3000/logistics/tenderos/productos-disponibles?tiendaId=bbbbbbbb-bbbb-4bbb-8bbb-bbbbbbbbbbbb&zona=Zona+Norte,200,55.864,
2026-08-31T04:11:12.309955+00:00,GET,http://localhost:3000/logistics/tenderos/productos-disponibles?tiendaId=bbbbbbbb-bbbb-4bbb-8bbb-bbbbbbbbbbbb&zona=Zona+Norte,200,63.317,
2026-08-31T04:11:12.343247+00:00,GET,http://localhost:3000/logistics/tenderos/productos-disponibles?tiendaId=bbbbbbbb-bbbb-4bbb-8bbb-bbbbbbbbbbbb&zona=Zona+Norte,200,56.422,
2026-08-31T04:11:12.376592+00:00,GET,http://localhost:3000/logistics/tenderos/productos-disponibles?tiendaId=bbbbbbbb-bbbb-4bbb-8bbb-bbbbbbbbbbbb&zona=Zona+Norte,200,63.747,
2026-08-31T04:11:12.410580+00:00,GET,http://localhost:3000/logistics/tenderos/productos-disponibles?tiendaId=bbbbbbbb-bbbb-4bbb-8bbb-bbbbbbbbbbbb&zona=Zona+Norte,200,54.824,
2026-08-31T04:11:12.443202+00:00,GET,http://localhost:3000/logistics/tenderos/productos-disponibles?tiendaId=bbbbbbbb-bbbb-4bbb-8bbb-bbbbbbbbbbbb&zona=Zona+Norte,200,63.765,
2026-08-31T04:11:12.477238+00:00,GET,http://localhost:3000/logistics/tenderos/productos-disponibles?tiendaId=bbbbbbbb-bbbb-4bbb-8bbb-bbbbbbbbbbbb&zona=Zona+Norte,200,57.415,
2026-08-31T04:11:12.509593+00:00,GET,http://localhost:3000/logistics/tenderos/productos-disponibles?tiendaId=bbbbbbbb-bbbb-4bbb-8bbb-bbbbbbbbbbbb&zona=Zona+Norte,200,60.386,
2026-08-31T04:11:12.543549+00:00,GET,http://localhost:3000/logistics/tenderos/productos-disponibles?tiendaId=bbbbbbbb-bbbb-4bbb-8bbb-bbbbbbbbbbbb&zona=Zona+Norte,200,56.384,
2026-08-31T04:11:12.576891+00:00,GET,http://localhost:3000/logistics/tenderos/productos-disponibles?tiendaId=bbbbbbbb-bbbb-4bbb-8bbb-bbbbbbbbbbbb&zona=Zona+Norte,200,61.458,
2026-08-31T04:11:12.609584+00:00,GET,http://localhost:3000/logistics/tenderos/productos-disponibles?tiendaId=bbbbbbbb-bbbb-4bbb-8bbb-bbbbbbbbbbbb&zona=Zona+Norte,200,56.067,
2026-08-31T04:11:12.643454+00:00,GET,http://localhost:3000/logistics/tenderos/productos-disponibles?tiendaId=bbbbbbbb-bbbb-4bbb-8bbb-bbbbbbbbbbbb&zona=Zona+Norte,200,59.845,
2026-08-31T04:11:12.676850+00:00,GET,http://localhost:3000/logistics/tenderos/productos-disponibles?tiendaId=bbbbbbbb-bbbb-4bbb-8bbb-bbbbbbbbbbbb&zona=Zona+Norte,200,56.555,
2026-08-31T04:11:12.710421+00:00,GET,http://localhost:3000/logistics/tenderos/productos-disponibles?tiendaId=bbbbbbbb-bbbb-4bbb-8bbb-bbbbbbbbbbbb&zona=Zona+Norte,200,58.905,
2026-08-31T04:11:12.743887+00:00,GET,http://localhost:3000/logistics/tenderos/productos-disponibles?tiendaId=bbbbbbbb-bbbb-4bbb-8bbb-bbbbbbbbbbbb&zona=Zona+Norte,200,59.176,
2026-08-31T04:11:12.776811+00:00,GET,http://localhost:3000/logistics/tenderos/productos-disponibles?tiendaId=bbbbbbbb-bbbb-4bbb-8bbb-bbbbbbbbbbbb&zona=Zona+Norte,200,62.247,
2026-08-31T04:11:12.810354+00:00,GET,http://localhost:3000/logistics/tenderos/productos-disponibles?tiendaId=bbbbbbbb-bbbb-4bbb-8bbb-bbbbbbbbbbbb&zona=Zona+Norte,200,67.482,
2026-08-31T04:11:12.843383+00:00,GET,http://localhost:3000/logistics/tenderos/productos-disponibles?tiendaId=bbbbbbbb-bbbb-4bbb-8bbb-bbbbbbbbbbbb&zona=Zona+Norte,200,68.192,
2026-08-31T04:11:12.876347+00:00,GET,http://localhost:3000/logistics/tenderos/productos-disponibles?tiendaId=bbbbbbbb-bbbb-4bbb-8bbb-bbbbbbbbbbbb&zona=Zona+Norte,200,70.655,
2026-08-31T04:11:12.910306+00:00,GET,http://localhost:3000/logistics/tenderos/productos-disponibles?tiendaId=bbbbbbbb-bbbb-4bbb-8bbb-bbbbbbbbbbbb&zona=Zona+Norte,200,70.927,
2026-08-31T04:11:12.943202+00:00,GET,http://localhost:3000/logistics/tenderos/productos-disponibles?tiendaId=bbbbbbbb-bbbb-4bbb-8bbb-bbbbbbbbbbbb&zona=Zona+Norte,200,70.137,
2026-08-31T04:11:12.977233+00:00,GET,http://localhost:3000/logistics/tenderos/productos-disponibles?tiendaId=bbbbbbbb-bbbb-4bbb-8bbb-bbbbbbbbbbbb&zona=Zona+Norte,200,65.924,
2026-08-31T04:11:13.009584+00:00,GET,http://localhost:3000/logistics/tenderos/productos-disponibles?tiendaId=bbbbbbbb-bbbb-4bbb-8bbb-bbbbbbbbbbbb&zona=Zona+Norte,200,73.815,
2026-08-31T04:11:13.043178+00:00,GET,http://localhost:3000/logistics/tenderos/productos-disponibles?tiendaId=bbbbbbbb-bbbb-4bbb-8bbb-bbbbbbbbbbbb&zona=Zona+Norte,200,66.277,
2026-08-31T04:11:13.077268+00:00,GET,http://localhost:3000/logistics/tenderos/productos-disponibles?tiendaId=bbbbbbbb-bbbb-4bbb-8bbb-bbbbbbbbbbbb&zona=Zona+Norte,200,67.052,
2026-08-31T04:11:13.109527+00:00,GET,http://localhost:3000/logistics/tenderos/productos-disponibles?tiendaId=bbbbbbbb-bbbb-4bbb-8bbb-bbbbbbbbbbbb&zona=Zona+Norte,200,61.272,
2026-08-31T04:11:13.143380+00:00,GET,http://localhost:3000/logistics/tenderos/productos-disponibles?tiendaId=bbbbbbbb-bbbb-4bbb-8bbb-bbbbbbbbbbbb&zona=Zona+Norte,200,63.599,
2026-08-31T04:11:13.176916+00:00,GET,http://localhost:3000/logistics/tenderos/productos-disponibles?tiendaId=bbbbbbbb-bbbb-4bbb-8bbb-bbbbbbbbbbbb&zona=Zona+Norte,200,62.947,
2026-08-31T04:11:13.209888+00:00,GET,http://localhost:3000/logistics/tenderos/productos-disponibles?tiendaId=bbbbbbbb-bbbb-4bbb-8bbb-bbbbbbbbbbbb&zona=Zona+Norte,200,63.013,
2026-08-31T04:11:13.243267+00:00,GET,http://localhost:3000/logistics/tenderos/productos-disponibles?tiendaId=bbbbbbbb-bbbb-4bbb-8bbb-bbbbbbbbbbbb&zona=Zona+Norte,200,60.642,
2026-08-31T04:11:13.276632+00:00,GET,http://localhost:3000/logistics/tenderos/productos-disponibles?tiendaId=bbbbbbbb-bbbb-4bbb-8bbb-bbbbbbbbbbbb&zona=Zona+Norte,200,61.547,
2026-08-31T04:11:13.310268+00:00,GET,http://localhost:3000/logistics/tenderos/productos-disponibles?tiendaId=bbbbbbbb-bbbb-4bbb-8bbb-bbbbbbbbbbbb&zona=Zona+Norte,200,63.328,
2026-08-31T04:11:13.342945+00:00,GET,http://localhost:3000/logistics/tenderos/productos-disponibles?tiendaId=bbbbbbbb-bbbb-4bbb-8bbb-bbbbbbbbbbbb&zona=Zona+Norte,200,61.230,
2026-08-31T04:11:13.376447+00:00,GET,http://localhost:3000/logistics/tenderos/productos-disponibles?tiendaId=bbbbbbbb-bbbb-4bbb-8bbb-bbbbbbbbbbbb&zona=Zona+Norte,200,59.091,
2026-08-31T04:11:13.409906+00:00,GET,http://localhost:3000/logistics/tenderos/productos-disponibles?tiendaId=bbbbbbbb-bbbb-4bbb-8bbb-bbbbbbbbbbbb&zona=Zona+Norte,200,60.192,
2026-08-31T04:11:13.443366+00:00,GET,http://localhost:3000/logistics/tenderos/productos-disponibles?tiendaId=bbbbbbbb-bbbb-4bbb-8bbb-bbbbbbbbbbbb&zona=Zona+Norte,200,62.228,
2026-08-31T04:11:13.477053+00:00,GET,http://localhost:3000/logistics/tenderos/productos-disponibles?tiendaId=bbbbbbbb-bbbb-4bbb-8bbb-bbbbbbbbbbbb&zona=Zona+Norte,200,63.155,
2026-08-31T04:11:13.509645+00:00,GET,http://localhost:3000/logistics/tenderos/productos-disponibles?tiendaId=bbbbbbbb-bbbb-4bbb-8bbb-bbbbbbbbbbbb&zona=Zona+Norte,200,63.929,
2026-08-31T04:11:13.543266+00:00,GET,http://localhost:3000/logistics/tenderos/productos-disponibles?tiendaId=bbbbbbbb-bbbb-4bbb-8bbb-bbbbbbbbbbbb&zona=Zona+Norte,200,60.234,
2026-08-31T04:11:13.576651+00:00,GET,http://localhost:3000/logistics/tenderos/productos-disponibles?tiendaId=bbbbbbbb-bbbb-4bbb-8bbb-bbbbbbbbbbbb&zona=Zona+Norte,200,63.214,
2026-08-31T04:11:13.610330+00:00,GET,http://localhost:3000/logistics/tenderos/productos-disponibles?tiendaId=bbbbbbbb-bbbb-4bbb-8bbb-bbbbbbbbbbbb&zona=Zona+Norte,200,66.575,
2026-08-31T04:11:13.643253+00:00,GET,http://localhost:3000/logistics/tenderos/productos-disponibles?tiendaId=bbbbbbbb-bbbb-4bbb-8bbb-bbbbbbbbbbbb&zona=Zona+Norte,200,65.481,
2026-08-31T04:11:13.676392+00:00,GET,http://localhost:3000/logistics/tenderos/productos-disponibles?tiendaId=bbbbbbbb-bbbb-4bbb-8bbb-bbbbbbbbbbbb&zona=Zona+Norte,200,65.160,
2026-08-31T04:11:13.709640+00:00,GET,http://localhost:3000/logistics/tenderos/productos-disponibles?tiendaId=bbbbbbbb-bbbb-4bbb-8bbb-bbbbbbbbbbbb&zona=Zona+Norte,200,67.362,
2026-08-31T04:11:13.743039+00:00,GET,http://localhost:3000/logistics/tenderos/productos-disponibles?tiendaId=bbbbbbbb-bbbb-4bbb-8bbb-bbbbbbbbbbbb&zona=Zona+Norte,200,60.789,
2026-08-31T04:11:13.777024+00:00,GET,http://localhost:3000/logistics/tenderos/productos-disponibles?tiendaId=bbbbbbbb-bbbb-4bbb-8bbb-bbbbbbbbbbbb&zona=Zona+Norte,200,62.386,
2026-08-31T04:11:13.810269+00:00,GET,http://localhost:3000/logistics/tenderos/productos-disponibles?tiendaId=bbbbbbbb-bbbb-4bbb-8bbb-bbbbbbbbbbbb&zona=Zona+Norte,200,62.139,
2026-08-31T04:11:13.843317+00:00,GET,http://localhost:3000/logistics/tenderos/productos-disponibles?tiendaId=bbbbbbbb-bbbb-4bbb-8bbb-bbbbbbbbbbbb&zona=Zona+Norte,200,63.719,
2026-08-31T04:11:13.876713+00:00,GET,http://localhost:3000/logistics/tenderos/productos-disponibles?tiendaId=bbbbbbbb-bbbb-4bbb-8bbb-bbbbbbbbbbbb&zona=Zona+Norte,200,63.110,
2026-08-31T04:11:13.909868+00:00,GET,http://localhost:3000/logistics/tenderos/productos-disponibles?tiendaId=bbbbbbbb-bbbb-4bbb-8bbb-bbbbbbbbbbbb&zona=Zona+Norte,200,59.596,
2026-08-31T04:11:13.943267+00:00,GET,http://localhost:3000/logistics/tenderos/productos-disponibles?tiendaId=bbbbbbbb-bbbb-4bbb-8bbb-bbbbbbbbbbbb&zona=Zona+Norte,200,57.492,
2026-08-31T04:11:13.977025+00:00,GET,http://localhost:3000/logistics/tenderos/productos-disponibles?tiendaId=bbbbbbbb-bbbb-4bbb-8bbb-bbbbbbbbbbbb&zona=Zona+Norte,200,60.415,
2026-08-31T04:11:14.010585+00:00,GET,http://localhost:3000/logistics/tenderos/productos-disponibles?tiendaId=bbbbbbbb-bbbb-4bbb-8bbb-bbbbbbbbbbbb&zona=Zona+Norte,200,58.138,
2026-08-31T04:11:14.043600+00:00,GET,http://localhost:3000/logistics/tenderos/productos-disponibles?tiendaId=bbbbbbbb-bbbb-4bbb-8bbb-bbbbbbbbbbbb&zona=Zona+Norte,200,59.608,
2026-08-31T04:11:14.077162+00:00,GET,http://localhost:3000/logistics/tenderos/productos-disponibles?tiendaId=bbbbbbbb-bbbb-4bbb-8bbb-bbbbbbbbbbbb&zona=Zona+Norte,200,57.940,
2026-08-31T04:11:14.110350+00:00,GET,http://localhost:3000/logistics/tenderos/productos-disponibles?tiendaId=bbbbbbbb-bbbb-4bbb-8bbb-bbbbbbbbbbbb&zona=Zona+Norte,200,57.713,
2026-08-31T04:11:14.143897+00:00,GET,http://localhost:3000/logistics/tenderos/productos-disponibles?tiendaId=bbbbbbbb-bbbb-4bbb-8bbb-bbbbbbbbbbbb&zona=Zona+Norte,200,59.797,
2026-08-31T04:11:14.177241+00:00,GET,http://localhost:3000/logistics/tenderos/productos-disponibles?tiendaId=bbbbbbbb-bbbb-4bbb-8bbb-bbbbbbbbbbbb&zona=Zona+Norte,200,57.380,
2026-08-31T04:11:14.210296+00:00,GET,http://localhost:3000/logistics/tenderos/productos-disponibles?tiendaId=bbbbbbbb-bbbb-4bbb-8bbb-bbbbbbbbbbbb&zona=Zona+Norte,200,57.042,
2026-08-31T04:11:14.243910+00:00,GET,http://localhost:3000/logistics/tenderos/productos-disponibles?tiendaId=bbbbbbbb-bbbb-4bbb-8bbb-bbbbbbbbbbbb&zona=Zona+Norte,200,57.610,
2026-08-31T04:11:14.277310+00:00,GET,http://localhost:3000/logistics/tenderos/productos-disponibles?tiendaId=bbbbbbbb-bbbb-4bbb-8bbb-bbbbbbbbbbbb&zona=Zona+Norte,200,61.169,
2026-08-31T04:11:14.310568+00:00,GET,http://localhost:3000/logistics/tenderos/productos-disponibles?tiendaId=bbbbbbbb-bbbb-4bbb-8bbb-bbbbbbbbbbbb&zona=Zona+Norte,200,61.729,
2026-08-31T04:11:14.343535+00:00,GET,http://localhost:3000/logistics/tenderos/productos-disponibles?tiendaId=bbbbbbbb-bbbb-4bbb-8bbb-bbbbbbbbbbbb&zona=Zona+Norte,200,57.763,
2026-08-31T04:11:14.376724+00:00,GET,http://localhost:3000/logistics/tenderos/productos-disponibles?tiendaId=bbbbbbbb-bbbb-4bbb-8bbb-bbbbbbbbbbbb&zona=Zona+Norte,200,59.941,
2026-08-31T04:11:14.410037+00:00,GET,http://localhost:3000/logistics/tenderos/productos-disponibles?tiendaId=bbbbbbbb-bbbb-4bbb-8bbb-bbbbbbbbbbbb&zona=Zona+Norte,200,60.536,
2026-08-31T04:11:14.443561+00:00,GET,http://localhost:3000/logistics/tenderos/productos-disponibles?tiendaId=bbbbbbbb-bbbb-4bbb-8bbb-bbbbbbbbbbbb&zona=Zona+Norte,200,58.451,
2026-08-31T04:11:14.476951+00:00,GET,http://localhost:3000/logistics/tenderos/productos-disponibles?tiendaId=bbbbbbbb-bbbb-4bbb-8bbb-bbbbbbbbbbbb&zona=Zona+Norte,200,59.660,
2026-08-31T04:11:14.510341+00:00,GET,http://localhost:3000/logistics/tenderos/productos-disponibles?tiendaId=bbbbbbbb-bbbb-4bbb-8bbb-bbbbbbbbbbbb&zona=Zona+Norte,200,58.743,
2026-08-31T04:11:14.543700+00:00,GET,http://localhost:3000/logistics/tenderos/productos-disponibles?tiendaId=bbbbbbbb-bbbb-4bbb-8bbb-bbbbbbbbbbbb&zona=Zona+Norte,200,60.942,
2026-08-31T04:11:14.577182+00:00,GET,http://localhost:3000/logistics/tenderos/productos-disponibles?tiendaId=bbbbbbbb-bbbb-4bbb-8bbb-bbbbbbbbbbbb&zona=Zona+Norte,200,60.510,
2026-08-31T04:11:14.610180+00:00,GET,http://localhost:3000/logistics/tenderos/productos-disponibles?tiendaId=bbbbbbbb-bbbb-4bbb-8bbb-bbbbbbbbbbbb&zona=Zona+Norte,200,56.471,
2026-08-31T04:11:14.643570+00:00,GET,http://localhost:3000/logistics/tenderos/productos-disponibles?tiendaId=bbbbbbbb-bbbb-4bbb-8bbb-bbbbbbbbbbbb&zona=Zona+Norte,200,56.233,
2026-08-31T04:11:14.677261+00:00,GET,http://localhost:3000/logistics/tenderos/productos-disponibles?tiendaId=bbbbbbbb-bbbb-4bbb-8bbb-bbbbbbbbbbbb&zona=Zona+Norte,200,55.689,
2026-08-31T04:11:14.710595+00:00,GET,http://localhost:3000/logistics/tenderos/productos-disponibles?tiendaId=bbbbbbbb-bbbb-4bbb-8bbb-bbbbbbbbbbbb&zona=Zona+Norte,200,55.922,
2026-08-31T04:11:14.743936+00:00,GET,http://localhost:3000/logistics/tenderos/productos-disponibles?tiendaId=bbbbbbbb-bbbb-4bbb-8bbb-bbbbbbbbbbbb&zona=Zona+Norte,200,56.984,
2026-08-31T04:11:14.776309+00:00,GET,http://localhost:3000/logistics/tenderos/productos-disponibles?tiendaId=bbbbbbbb-bbbb-4bbb-8bbb-bbbbbbbbbbbb&zona=Zona+Norte,200,55.510,
2026-08-31T04:11:14.810607+00:00,GET,http://localhost:3000/logistics/tenderos/productos-disponibles?tiendaId=bbbbbbbb-bbbb-4bbb-8bbb-bbbbbbbbbbbb&zona=Zona+Norte,200,58.252,
2026-08-31T04:11:14.843588+00:00,GET,http://localhost:3000/logistics/tenderos/productos-disponibles?tiendaId=bbbbbbbb-bbbb-4bbb-8bbb-bbbbbbbbbbbb&zona=Zona+Norte,200,58.480,
2026-08-31T04:11:14.877193+00:00,GET,http://localhost:3000/logistics/tenderos/productos-disponibles?tiendaId=bbbbbbbb-bbbb-4bbb-8bbb-bbbbbbbbbbbb&zona=Zona+Norte,200,59.742,
2026-08-31T04:11:14.910520+00:00,GET,http://localhost:3000/logistics/tenderos/productos-disponibles?tiendaId=bbbbbbbb-bbbb-4bbb-8bbb-bbbbbbbbbbbb&zona=Zona+Norte,200,56.802,
2026-08-31T04:11:14.943693+00:00,GET,http://localhost:3000/logistics/tenderos/productos-disponibles?tiendaId=bbbbbbbb-bbbb-4bbb-8bbb-bbbbbbbbbbbb&zona=Zona+Norte,200,58.649,
2026-08-31T04:11:14.977275+00:00,GET,http://localhost:3000/logistics/tenderos/productos-disponibles?tiendaId=bbbbbbbb-bbbb-4bbb-8bbb-bbbbbbbbbbbb&zona=Zona+Norte,200,57.963,
2026-08-31T04:11:15.010495+00:00,GET,http://localhost:3000/logistics/tenderos/productos-disponibles?tiendaId=bbbbbbbb-bbbb-4bbb-8bbb-bbbbbbbbbbbb&zona=Zona+Norte,200,55.064,
2026-08-31T04:11:15.043870+00:00,GET,http://localhost:3000/logistics/tenderos/productos-disponibles?tiendaId=bbbbbbbb-bbbb-4bbb-8bbb-bbbbbbbbbbbb&zona=Zona+Norte,200,56.048,
2026-08-31T04:11:15.077280+00:00,GET,http://localhost:3000/logistics/tenderos/productos-disponibles?tiendaId=bbbbbbbb-bbbb-4bbb-8bbb-bbbbbbbbbbbb&zona=Zona+Norte,200,55.027,
2026-08-31T04:11:15.110591+00:00,GET,http://localhost:3000/logistics/tenderos/productos-disponibles?tiendaId=bbbbbbbb-bbbb-4bbb-8bbb-bbbbbbbbbbbb&zona=Zona+Norte,200,54.950,
2026-08-31T04:11:15.143934+00:00,GET,http://localhost:3000/logistics/tenderos/productos-disponibles?tiendaId=bbbbbbbb-bbbb-4bbb-8bbb-bbbbbbbbbbbb&zona=Zona+Norte,200,55.798,
2026-08-31T04:11:15.177260+00:00,GET,http://localhost:3000/logistics/tenderos/productos-disponibles?tiendaId=bbbbbbbb-bbbb-4bbb-8bbb-bbbbbbbbbbbb&zona=Zona+Norte,200,57.500,
2026-08-31T04:11:15.210195+00:00,GET,http://localhost:3000/logistics/tenderos/productos-disponibles?tiendaId=bbbbbbbb-bbbb-4bbb-8bbb-bbbbbbbbbbbb&zona=Zona+Norte,200,55.478,
2026-08-31T04:11:15.243291+00:00,GET,http://localhost:3000/logistics/tenderos/productos-disponibles?tiendaId=bbbbbbbb-bbbb-4bbb-8bbb-bbbbbbbbbbbb&zona=Zona+Norte,200,54.437,
2026-08-31T04:11:15.277271+00:00,GET,http://localhost:3000/logistics/tenderos/productos-disponibles?tiendaId=bbbbbbbb-bbbb-4bbb-8bbb-bbbbbbbbbbbb&zona=Zona+Norte,200,58.124,
2026-08-31T04:11:15.310603+00:00,GET,http://localhost:3000/logistics/tenderos/productos-disponibles?tiendaId=bbbbbbbb-bbbb-4bbb-8bbb-bbbbbbbbbbbb&zona=Zona+Norte,200,54.738,
2026-08-31T04:11:15.343862+00:00,GET,http://localhost:3000/logistics/tenderos/productos-disponibles?tiendaId=bbbbbbbb-bbbb-4bbb-8bbb-bbbbbbbbbbbb&zona=Zona+Norte,200,56.886,
2026-08-31T04:11:15.377337+00:00,GET,http://localhost:3000/logistics/tenderos/productos-disponibles?tiendaId=bbbbbbbb-bbbb-4bbb-8bbb-bbbbbbbbbbbb&zona=Zona+Norte,200,59.445,
2026-08-31T04:11:15.410611+00:00,GET,http://localhost:3000/logistics/tenderos/productos-disponibles?tiendaId=bbbbbbbb-bbbb-4bbb-8bbb-bbbbbbbbbbbb&zona=Zona+Norte,200,62.610,
2026-08-31T04:11:15.443111+00:00,GET,http://localhost:3000/logistics/tenderos/productos-disponibles?tiendaId=bbbbbbbb-bbbb-4bbb-8bbb-bbbbbbbbbbbb&zona=Zona+Norte,200,60.095,
2026-08-31T04:11:15.476543+00:00,GET,http://localhost:3000/logistics/tenderos/productos-disponibles?tiendaId=bbbbbbbb-bbbb-4bbb-8bbb-bbbbbbbbbbbb&zona=Zona+Norte,200,60.882,
2026-08-31T04:11:15.509855+00:00,GET,http://localhost:3000/logistics/tenderos/productos-disponibles?tiendaId=bbbbbbbb-bbbb-4bbb-8bbb-bbbbbbbbbbbb&zona=Zona+Norte,200,59.200,
2026-08-31T04:11:15.543247+00:00,GET,http://localhost:3000/logistics/tenderos/productos-disponibles?tiendaId=bbbbbbbb-bbbb-4bbb-8bbb-bbbbbbbbbbbb&zona=Zona+Norte,200,61.045,
2026-08-31T04:11:15.576812+00:00,GET,http://localhost:3000/logistics/tenderos/productos-disponibles?tiendaId=bbbbbbbb-bbbb-4bbb-8bbb-bbbbbbbbbbbb&zona=Zona+Norte,200,62.518,
2026-08-31T04:11:15.610259+00:00,GET,http://localhost:3000/logistics/tenderos/productos-disponibles?tiendaId=bbbbbbbb-bbbb-4bbb-8bbb-bbbbbbbbbbbb&zona=Zona+Norte,200,62.354,
2026-08-31T04:11:15.643359+00:00,GET,http://localhost:3000/logistics/tenderos/productos-disponibles?tiendaId=bbbbbbbb-bbbb-4bbb-8bbb-bbbbbbbbbbbb&zona=Zona+Norte,200,58.805,
2026-08-31T04:11:15.676701+00:00,GET,http://localhost:3000/logistics/tenderos/productos-disponibles?tiendaId=bbbbbbbb-bbbb-4bbb-8bbb-bbbbbbbbbbbb&zona=Zona+Norte,200,59.447,
2026-08-31T04:11:15.710570+00:00,GET,http://localhost:3000/logistics/tenderos/productos-disponibles?tiendaId=bbbbbbbb-bbbb-4bbb-8bbb-bbbbbbbbbbbb&zona=Zona+Norte,200,60.504,
2026-08-31T04:11:15.743784+00:00,GET,http://localhost:3000/logistics/tenderos/productos-disponibles?tiendaId=bbbbbbbb-bbbb-4bbb-8bbb-bbbbbbbbbbbb&zona=Zona+Norte,200,59.723,
2026-08-31T04:11:15.776908+00:00,GET,http://localhost:3000/logistics/tenderos/productos-disponibles?tiendaId=bbbbbbbb-bbbb-4bbb-8bbb-bbbbbbbbbbbb&zona=Zona+Norte,200,59.659,
2026-08-31T04:11:15.810360+00:00,GET,http://localhost:3000/logistics/tenderos/productos-disponibles?tiendaId=bbbbbbbb-bbbb-4bbb-8bbb-bbbbbbbbbbbb&zona=Zona+Norte,200,63.573,
2026-08-31T04:11:15.843689+00:00,GET,http://localhost:3000/logistics/tenderos/productos-disponibles?tiendaId=bbbbbbbb-bbbb-4bbb-8bbb-bbbbbbbbbbbb&zona=Zona+Norte,200,59.188,
2026-08-31T04:11:15.876594+00:00,GET,http://localhost:3000/logistics/tenderos/productos-disponibles?tiendaId=bbbbbbbb-bbbb-4bbb-8bbb-bbbbbbbbbbbb&zona=Zona+Norte,200,60.387,
2026-08-31T04:11:15.910464+00:00,GET,http://localhost:3000/logistics/tenderos/productos-disponibles?tiendaId=bbbbbbbb-bbbb-4bbb-8bbb-bbbbbbbbbbbb&zona=Zona+Norte,200,57.226,
2026-08-31T04:11:15.943666+00:00,GET,http://localhost:3000/logistics/tenderos/productos-disponibles?tiendaId=bbbbbbbb-bbbb-4bbb-8bbb-bbbbbbbbbbbb&zona=Zona+Norte,200,55.893,
2026-08-31T04:11:15.977284+00:00,GET,http://localhost:3000/logistics/tenderos/productos-disponibles?tiendaId=bbbbbbbb-bbbb-4bbb-8bbb-bbbbbbbbbbbb&zona=Zona+Norte,200,55.788,
2026-08-31T04:11:16.010604+00:00,GET,http://localhost:3000/logistics/tenderos/productos-disponibles?tiendaId=bbbbbbbb-bbbb-4bbb-8bbb-bbbbbbbbbbbb&zona=Zona+Norte,200,55.130,
2026-08-31T04:11:16.043972+00:00,GET,http://localhost:3000/logistics/tenderos/productos-disponibles?tiendaId=bbbbbbbb-bbbb-4bbb-8bbb-bbbbbbbbbbbb&zona=Zona+Norte,200,57.271,
2026-08-31T04:11:16.077208+00:00,GET,http://localhost:3000/logistics/tenderos/productos-disponibles?tiendaId=bbbbbbbb-bbbb-4bbb-8bbb-bbbbbbbbbbbb&zona=Zona+Norte,200,58.531,
2026-08-31T04:11:16.110617+00:00,GET,http://localhost:3000/logistics/tenderos/productos-disponibles?tiendaId=bbbbbbbb-bbbb-4bbb-8bbb-bbbbbbbbbbbb&zona=Zona+Norte,200,59.911,
2026-08-31T04:11:16.143871+00:00,GET,http://localhost:3000/logistics/tenderos/productos-disponibles?tiendaId=bbbbbbbb-bbbb-4bbb-8bbb-bbbbbbbbbbbb&zona=Zona+Norte,200,59.972,
2026-08-31T04:11:16.176989+00:00,GET,http://localhost:3000/logistics/tenderos/productos-disponibles?tiendaId=bbbbbbbb-bbbb-4bbb-8bbb-bbbbbbbbbbbb&zona=Zona+Norte,200,59.752,
2026-08-31T04:11:16.210266+00:00,GET,http://localhost:3000/logistics/tenderos/productos-disponibles?tiendaId=bbbbbbbb-bbbb-4bbb-8bbb-bbbbbbbbbbbb&zona=Zona+Norte,200,63.289,
2026-08-31T04:11:16.243671+00:00,GET,http://localhost:3000/logistics/tenderos/productos-disponibles?tiendaId=bbbbbbbb-bbbb-4bbb-8bbb-bbbbbbbbbbbb&zona=Zona+Norte,200,61.014,
2026-08-31T04:11:16.276570+00:00,GET,http://localhost:3000/logistics/tenderos/productos-disponibles?tiendaId=bbbbbbbb-bbbb-4bbb-8bbb-bbbbbbbbbbbb&zona=Zona+Norte,200,60.733,
2026-08-31T04:11:16.310191+00:00,GET,http://localhost:3000/logistics/tenderos/productos-disponibles?tiendaId=bbbbbbbb-bbbb-4bbb-8bbb-bbbbbbbbbbbb&zona=Zona+Norte,200,59.574,
2026-08-31T04:11:16.343648+00:00,GET,http://localhost:3000/logistics/tenderos/productos-disponibles?tiendaId=bbbbbbbb-bbbb-4bbb-8bbb-bbbbbbbbbbbb&zona=Zona+Norte,200,62.229,
2026-08-31T04:11:16.376583+00:00,GET,http://localhost:3000/logistics/tenderos/productos-disponibles?tiendaId=bbbbbbbb-bbbb-4bbb-8bbb-bbbbbbbbbbbb&zona=Zona+Norte,200,62.551,
2026-08-31T04:11:16.410056+00:00,GET,http://localhost:3000/logistics/tenderos/productos-disponibles?tiendaId=bbbbbbbb-bbbb-4bbb-8bbb-bbbbbbbbbbbb&zona=Zona+Norte,200,59.983,
2026-08-31T04:11:16.443401+00:00,GET,http://localhost:3000/logistics/tenderos/productos-disponibles?tiendaId=bbbbbbbb-bbbb-4bbb-8bbb-bbbbbbbbbbbb&zona=Zona+Norte,200,62.687,
2026-08-31T04:11:16.477044+00:00,GET,http://localhost:3000/logistics/tenderos/productos-disponibles?tiendaId=bbbbbbbb-bbbb-4bbb-8bbb-bbbbbbbbbbbb&zona=Zona+Norte,200,59.580,
2026-08-31T04:11:16.510016+00:00,GET,http://localhost:3000/logistics/tenderos/productos-disponibles?tiendaId=bbbbbbbb-bbbb-4bbb-8bbb-bbbbbbbbbbbb&zona=Zona+Norte,200,59.865,
2026-08-31T04:11:16.543734+00:00,GET,http://localhost:3000/logistics/tenderos/productos-disponibles?tiendaId=bbbbbbbb-bbbb-4bbb-8bbb-bbbbbbbbbbbb&zona=Zona+Norte,200,60.470,
2026-08-31T04:11:16.577088+00:00,GET,http://localhost:3000/logistics/tenderos/productos-disponibles?tiendaId=bbbbbbbb-bbbb-4bbb-8bbb-bbbbbbbbbbbb&zona=Zona+Norte,200,58.601,
2026-08-31T04:11:16.609729+00:00,GET,http://localhost:3000/logistics/tenderos/productos-disponibles?tiendaId=bbbbbbbb-bbbb-4bbb-8bbb-bbbbbbbbbbbb&zona=Zona+Norte,200,59.430,
2026-08-31T04:11:16.643837+00:00,GET,http://localhost:3000/logistics/tenderos/productos-disponibles?tiendaId=bbbbbbbb-bbbb-4bbb-8bbb-bbbbbbbbbbbb&zona=Zona+Norte,200,64.079,
2026-08-31T04:11:16.676460+00:00,GET,http://localhost:3000/logistics/tenderos/productos-disponibles?tiendaId=bbbbbbbb-bbbb-4bbb-8bbb-bbbbbbbbbbbb&zona=Zona+Norte,200,62.951,
2026-08-31T04:11:16.709779+00:00,GET,http://localhost:3000/logistics/tenderos/productos-disponibles?tiendaId=bbbbbbbb-bbbb-4bbb-8bbb-bbbbbbbbbbbb&zona=Zona+Norte,200,59.251,
2026-08-31T04:11:16.743161+00:00,GET,http://localhost:3000/logistics/tenderos/productos-disponibles?tiendaId=bbbbbbbb-bbbb-4bbb-8bbb-bbbbbbbbbbbb&zona=Zona+Norte,200,62.759,
2026-08-31T04:11:16.777196+00:00,GET,http://localhost:3000/logistics/tenderos/productos-disponibles?tiendaId=bbbbbbbb-bbbb-4bbb-8bbb-bbbbbbbbbbbb&zona=Zona+Norte,200,63.325,
2026-08-31T04:11:16.810050+00:00,GET,http://localhost:3000/logistics/tenderos/productos-disponibles?tiendaId=bbbbbbbb-bbbb-4bbb-8bbb-bbbbbbbbbbbb&zona=Zona+Norte,200,60.141,
2026-08-31T04:11:16.843209+00:00,GET,http://localhost:3000/logistics/tenderos/productos-disponibles?tiendaId=bbbbbbbb-bbbb-4bbb-8bbb-bbbbbbbbbbbb&zona=Zona+Norte,200,63.244,
2026-08-31T04:11:16.877017+00:00,GET,http://localhost:3000/logistics/tenderos/productos-disponibles?tiendaId=bbbbbbbb-bbbb-4bbb-8bbb-bbbbbbbbbbbb&zona=Zona+Norte,200,61.923,
2026-08-31T04:11:16.909986+00:00,GET,http://localhost:3000/logistics/tenderos/productos-disponibles?tiendaId=bbbbbbbb-bbbb-4bbb-8bbb-bbbbbbbbbbbb&zona=Zona+Norte,200,64.366,
2026-08-31T04:11:16.943431+00:00,GET,http://localhost:3000/logistics/tenderos/productos-disponibles?tiendaId=bbbbbbbb-bbbb-4bbb-8bbb-bbbbbbbbbbbb&zona=Zona+Norte,200,60.434,
2026-08-31T04:11:16.976485+00:00,GET,http://localhost:3000/logistics/tenderos/productos-disponibles?tiendaId=bbbbbbbb-bbbb-4bbb-8bbb-bbbbbbbbbbbb&zona=Zona+Norte,200,60.193,
2026-08-31T04:11:17.010316+00:00,GET,http://localhost:3000/logistics/tenderos/productos-disponibles?tiendaId=bbbbbbbb-bbbb-4bbb-8bbb-bbbbbbbbbbbb&zona=Zona+Norte,200,60.006,
2026-08-31T04:11:17.043711+00:00,GET,http://localhost:3000/logistics/tenderos/productos-disponibles?tiendaId=bbbbbbbb-bbbb-4bbb-8bbb-bbbbbbbbbbbb&zona=Zona+Norte,200,62.490,
2026-08-31T04:11:17.077013+00:00,GET,http://localhost:3000/logistics/tenderos/productos-disponibles?tiendaId=bbbbbbbb-bbbb-4bbb-8bbb-bbbbbbbbbbbb&zona=Zona+Norte,200,63.635,
2026-08-31T04:11:17.110047+00:00,GET,http://localhost:3000/logistics/tenderos/productos-disponibles?tiendaId=bbbbbbbb-bbbb-4bbb-8bbb-bbbbbbbbbbbb&zona=Zona+Norte,200,62.508,
2026-08-31T04:11:17.143258+00:00,GET,http://localhost:3000/logistics/tenderos/productos-disponibles?tiendaId=bbbbbbbb-bbbb-4bbb-8bbb-bbbbbbbbbbbb&zona=Zona+Norte,200,59.231,
2026-08-31T04:11:17.176766+00:00,GET,http://localhost:3000/logistics/tenderos/productos-disponibles?tiendaId=bbbbbbbb-bbbb-4bbb-8bbb-bbbbbbbbbbbb&zona=Zona+Norte,200,62.026,
2026-08-31T04:11:17.210608+00:00,GET,http://localhost:3000/logistics/tenderos/productos-disponibles?tiendaId=bbbbbbbb-bbbb-4bbb-8bbb-bbbbbbbbbbbb&zona=Zona+Norte,200,60.077,
2026-08-31T04:11:17.243494+00:00,GET,http://localhost:3000/logistics/tenderos/productos-disponibles?tiendaId=bbbbbbbb-bbbb-4bbb-8bbb-bbbbbbbbbbbb&zona=Zona+Norte,200,63.940,
2026-08-31T04:11:17.277028+00:00,GET,http://localhost:3000/logistics/tenderos/productos-disponibles?tiendaId=bbbbbbbb-bbbb-4bbb-8bbb-bbbbbbbbbbbb&zona=Zona+Norte,200,64.393,
2026-08-31T04:11:17.309900+00:00,GET,http://localhost:3000/logistics/tenderos/productos-disponibles?tiendaId=bbbbbbbb-bbbb-4bbb-8bbb-bbbbbbbbbbbb&zona=Zona+Norte,200,60.995,
2026-08-31T04:11:17.343180+00:00,GET,http://localhost:3000/logistics/tenderos/productos-disponibles?tiendaId=bbbbbbbb-bbbb-4bbb-8bbb-bbbbbbbbbbbb&zona=Zona+Norte,200,60.197,
2026-08-31T04:11:17.377039+00:00,GET,http://localhost:3000/logistics/tenderos/productos-disponibles?tiendaId=bbbbbbbb-bbbb-4bbb-8bbb-bbbbbbbbbbbb&zona=Zona+Norte,200,60.406,
2026-08-31T04:11:17.409728+00:00,GET,http://localhost:3000/logistics/tenderos/productos-disponibles?tiendaId=bbbbbbbb-bbbb-4bbb-8bbb-bbbbbbbbbbbb&zona=Zona+Norte,200,58.576,
2026-08-31T04:11:17.443652+00:00,GET,http://localhost:3000/logistics/tenderos/productos-disponibles?tiendaId=bbbbbbbb-bbbb-4bbb-8bbb-bbbbbbbbbbbb&zona=Zona+Norte,200,58.810,
2026-08-31T04:11:17.476525+00:00,GET,http://localhost:3000/logistics/tenderos/productos-disponibles?tiendaId=bbbbbbbb-bbbb-4bbb-8bbb-bbbbbbbbbbbb&zona=Zona+Norte,200,58.690,
2026-08-31T04:11:17.510569+00:00,GET,http://localhost:3000/logistics/tenderos/productos-disponibles?tiendaId=bbbbbbbb-bbbb-4bbb-8bbb-bbbbbbbbbbbb&zona=Zona+Norte,200,61.279,
2026-08-31T04:11:17.543988+00:00,GET,http://localhost:3000/logistics/tenderos/productos-disponibles?tiendaId=bbbbbbbb-bbbb-4bbb-8bbb-bbbbbbbbbbbb&zona=Zona+Norte,200,61.222,
2026-08-31T04:11:17.576876+00:00,GET,http://localhost:3000/logistics/tenderos/productos-disponibles?tiendaId=bbbbbbbb-bbbb-4bbb-8bbb-bbbbbbbbbbbb&zona=Zona+Norte,200,63.619,
2026-08-31T04:11:17.610198+00:00,GET,http://localhost:3000/logistics/tenderos/productos-disponibles?tiendaId=bbbbbbbb-bbbb-4bbb-8bbb-bbbbbbbbbbbb&zona=Zona+Norte,200,63.823,
2026-08-31T04:11:17.643294+00:00,GET,http://localhost:3000/logistics/tenderos/productos-disponibles?tiendaId=bbbbbbbb-bbbb-4bbb-8bbb-bbbbbbbbbbbb&zona=Zona+Norte,200,62.154,
2026-08-31T04:11:17.676587+00:00,GET,http://localhost:3000/logistics/tenderos/productos-disponibles?tiendaId=bbbbbbbb-bbbb-4bbb-8bbb-bbbbbbbbbbbb&zona=Zona+Norte,200,63.009,
2026-08-31T04:11:17.710182+00:00,GET,http://localhost:3000/logistics/tenderos/productos-disponibles?tiendaId=bbbbbbbb-bbbb-4bbb-8bbb-bbbbbbbbbbbb&zona=Zona+Norte,200,59.464,
2026-08-31T04:11:17.743458+00:00,GET,http://localhost:3000/logistics/tenderos/productos-disponibles?tiendaId=bbbbbbbb-bbbb-4bbb-8bbb-bbbbbbbbbbbb&zona=Zona+Norte,200,61.764,
2026-08-31T04:11:17.776423+00:00,GET,http://localhost:3000/logistics/tenderos/productos-disponibles?tiendaId=bbbbbbbb-bbbb-4bbb-8bbb-bbbbbbbbbbbb&zona=Zona+Norte,200,59.458,
2026-08-31T04:11:17.810231+00:00,GET,http://localhost:3000/logistics/tenderos/productos-disponibles?tiendaId=bbbbbbbb-bbbb-4bbb-8bbb-bbbbbbbbbbbb&zona=Zona+Norte,200,60.333,
2026-08-31T04:11:17.843885+00:00,GET,http://localhost:3000/logistics/tenderos/productos-disponibles?tiendaId=bbbbbbbb-bbbb-4bbb-8bbb-bbbbbbbbbbbb&zona=Zona+Norte,200,62.322,
2026-08-31T04:11:17.877058+00:00,GET,http://localhost:3000/logistics/tenderos/productos-disponibles?tiendaId=bbbbbbbb-bbbb-4bbb-8bbb-bbbbbbbbbbbb&zona=Zona+Norte,200,59.981,
2026-08-31T04:11:17.910081+00:00,GET,http://localhost:3000/logistics/tenderos/productos-disponibles?tiendaId=bbbbbbbb-bbbb-4bbb-8bbb-bbbbbbbbbbbb&zona=Zona+Norte,200,64.516,
2026-08-31T04:11:17.943763+00:00,GET,http://localhost:3000/logistics/tenderos/productos-disponibles?tiendaId=bbbbbbbb-bbbb-4bbb-8bbb-bbbbbbbbbbbb&zona=Zona+Norte,200,61.340,
2026-08-31T04:11:17.976516+00:00,GET,http://localhost:3000/logistics/tenderos/productos-disponibles?tiendaId=bbbbbbbb-bbbb-4bbb-8bbb-bbbbbbbbbbbb&zona=Zona+Norte,200,59.782,
2026-08-31T04:11:18.010268+00:00,GET,http://localhost:3000/logistics/tenderos/productos-disponibles?tiendaId=bbbbbbbb-bbbb-4bbb-8bbb-bbbbbbbbbbbb&zona=Zona+Norte,200,59.663,
2026-08-31T04:11:18.043800+00:00,GET,http://localhost:3000/logistics/tenderos/productos-disponibles?tiendaId=bbbbbbbb-bbbb-4bbb-8bbb-bbbbbbbbbbbb&zona=Zona+Norte,200,60.327,
2026-08-31T04:11:18.077150+00:00,GET,http://localhost:3000/logistics/tenderos/productos-disponibles?tiendaId=bbbbbbbb-bbbb-4bbb-8bbb-bbbbbbbbbbbb&zona=Zona+Norte,200,61.126,
2026-08-31T04:11:18.110399+00:00,GET,http://localhost:3000/logistics/tenderos/productos-disponibles?tiendaId=bbbbbbbb-bbbb-4bbb-8bbb-bbbbbbbbbbbb&zona=Zona+Norte,200,63.150,
2026-08-31T04:11:18.143588+00:00,GET,http://localhost:3000/logistics/tenderos/productos-disponibles?tiendaId=bbbbbbbb-bbbb-4bbb-8bbb-bbbbbbbbbbbb&zona=Zona+Norte,200,62.239,
2026-08-31T04:11:18.176645+00:00,GET,http://localhost:3000/logistics/tenderos/productos-disponibles?tiendaId=bbbbbbbb-bbbb-4bbb-8bbb-bbbbbbbbbbbb&zona=Zona+Norte,200,61.588,
2026-08-31T04:11:18.210156+00:00,GET,http://localhost:3000/logistics/tenderos/productos-disponibles?tiendaId=bbbbbbbb-bbbb-4bbb-8bbb-bbbbbbbbbbbb&zona=Zona+Norte,200,60.723,
2026-08-31T04:11:18.243591+00:00,GET,http://localhost:3000/logistics/tenderos/productos-disponibles?tiendaId=bbbbbbbb-bbbb-4bbb-8bbb-bbbbbbbbbbbb&zona=Zona+Norte,200,59.659,
2026-08-31T04:11:18.276941+00:00,GET,http://localhost:3000/logistics/tenderos/productos-disponibles?tiendaId=bbbbbbbb-bbbb-4bbb-8bbb-bbbbbbbbbbbb&zona=Zona+Norte,200,65.087,
2026-08-31T04:11:18.310461+00:00,GET,http://localhost:3000/logistics/tenderos/productos-disponibles?tiendaId=bbbbbbbb-bbbb-4bbb-8bbb-bbbbbbbbbbbb&zona=Zona+Norte,200,60.234,
2026-08-31T04:11:18.343082+00:00,GET,http://localhost:3000/logistics/tenderos/productos-disponibles?tiendaId=bbbbbbbb-bbbb-4bbb-8bbb-bbbbbbbbbbbb&zona=Zona+Norte,200,64.677,
2026-08-31T04:11:18.377031+00:00,GET,http://localhost:3000/logistics/tenderos/productos-disponibles?tiendaId=bbbbbbbb-bbbb-4bbb-8bbb-bbbbbbbbbbbb&zona=Zona+Norte,200,61.545,
2026-08-31T04:11:18.409906+00:00,GET,http://localhost:3000/logistics/tenderos/productos-disponibles?tiendaId=bbbbbbbb-bbbb-4bbb-8bbb-bbbbbbbbbbbb&zona=Zona+Norte,200,62.517,
2026-08-31T04:11:18.443541+00:00,GET,http://localhost:3000/logistics/tenderos/productos-disponibles?tiendaId=bbbbbbbb-bbbb-4bbb-8bbb-bbbbbbbbbbbb&zona=Zona+Norte,200,59.252,
2026-08-31T04:11:18.476811+00:00,GET,http://localhost:3000/logistics/tenderos/productos-disponibles?tiendaId=bbbbbbbb-bbbb-4bbb-8bbb-bbbbbbbbbbbb&zona=Zona+Norte,200,62.604,
2026-08-31T04:11:18.510512+00:00,GET,http://localhost:3000/logistics/tenderos/productos-disponibles?tiendaId=bbbbbbbb-bbbb-4bbb-8bbb-bbbbbbbbbbbb&zona=Zona+Norte,200,62.607,
2026-08-31T04:11:18.543426+00:00,GET,http://localhost:3000/logistics/tenderos/productos-disponibles?tiendaId=bbbbbbbb-bbbb-4bbb-8bbb-bbbbbbbbbbbb&zona=Zona+Norte,200,62.150,
2026-08-31T04:11:18.576742+00:00,GET,http://localhost:3000/logistics/tenderos/productos-disponibles?tiendaId=bbbbbbbb-bbbb-4bbb-8bbb-bbbbbbbbbbbb&zona=Zona+Norte,200,57.409,
2026-08-31T04:11:18.610192+00:00,GET,http://localhost:3000/logistics/tenderos/productos-disponibles?tiendaId=bbbbbbbb-bbbb-4bbb-8bbb-bbbbbbbbbbbb&zona=Zona+Norte,200,62.522,
2026-08-31T04:11:18.643830+00:00,GET,http://localhost:3000/logistics/tenderos/productos-disponibles?tiendaId=bbbbbbbb-bbbb-4bbb-8bbb-bbbbbbbbbbbb&zona=Zona+Norte,200,55.657,
2026-08-31T04:11:18.676816+00:00,GET,http://localhost:3000/logistics/tenderos/productos-disponibles?tiendaId=bbbbbbbb-bbbb-4bbb-8bbb-bbbbbbbbbbbb&zona=Zona+Norte,200,58.922,
2026-08-31T04:11:18.710682+00:00,GET,http://localhost:3000/logistics/tenderos/productos-disponibles?tiendaId=bbbbbbbb-bbbb-4bbb-8bbb-bbbbbbbbbbbb&zona=Zona+Norte,200,56.533,
2026-08-31T04:11:18.743750+00:00,GET,http://localhost:3000/logistics/tenderos/productos-disponibles?tiendaId=bbbbbbbb-bbbb-4bbb-8bbb-bbbbbbbbbbbb&zona=Zona+Norte,200,57.298,
2026-08-31T04:11:18.777387+00:00,GET,http://localhost:3000/logistics/tenderos/productos-disponibles?tiendaId=bbbbbbbb-bbbb-4bbb-8bbb-bbbbbbbbbbbb&zona=Zona+Norte,200,56.271,
2026-08-31T04:11:18.810693+00:00,GET,http://localhost:3000/logistics/tenderos/productos-disponibles?tiendaId=bbbbbbbb-bbbb-4bbb-8bbb-bbbbbbbbbbbb&zona=Zona+Norte,200,55.628,
2026-08-31T04:11:18.843320+00:00,GET,http://localhost:3000/logistics/tenderos/productos-disponibles?tiendaId=bbbbbbbb-bbbb-4bbb-8bbb-bbbbbbbbbbbb&zona=Zona+Norte,200,55.544,
2026-08-31T04:11:18.876551+00:00,GET,http://localhost:3000/logistics/tenderos/productos-disponibles?tiendaId=bbbbbbbb-bbbb-4bbb-8bbb-bbbbbbbbbbbb&zona=Zona+Norte,200,58.748,
2026-08-31T04:11:18.909957+00:00,GET,http://localhost:3000/logistics/tenderos/productos-disponibles?tiendaId=bbbbbbbb-bbbb-4bbb-8bbb-bbbbbbbbbbbb&zona=Zona+Norte,200,54.066,
2026-08-31T04:11:18.943205+00:00,GET,http://localhost:3000/logistics/tenderos/productos-disponibles?tiendaId=bbbbbbbb-bbbb-4bbb-8bbb-bbbbbbbbbbbb&zona=Zona+Norte,200,56.834,
2026-08-31T04:11:18.977359+00:00,GET,http://localhost:3000/logistics/tenderos/productos-disponibles?tiendaId=bbbbbbbb-bbbb-4bbb-8bbb-bbbbbbbbbbbb&zona=Zona+Norte,200,63.908,
2026-08-31T04:11:19.010697+00:00,GET,http://localhost:3000/logistics/tenderos/productos-disponibles?tiendaId=bbbbbbbb-bbbb-4bbb-8bbb-bbbbbbbbbbbb&zona=Zona+Norte,200,57.137,
2026-08-31T04:11:19.043199+00:00,GET,http://localhost:3000/logistics/tenderos/productos-disponibles?tiendaId=bbbbbbbb-bbbb-4bbb-8bbb-bbbbbbbbbbbb&zona=Zona+Norte,200,55.219,
2026-08-31T04:11:19.077085+00:00,GET,http://localhost:3000/logistics/tenderos/productos-disponibles?tiendaId=bbbbbbbb-bbbb-4bbb-8bbb-bbbbbbbbbbbb&zona=Zona+Norte,200,59.016,
2026-08-31T04:11:19.110706+00:00,GET,http://localhost:3000/logistics/tenderos/productos-disponibles?tiendaId=bbbbbbbb-bbbb-4bbb-8bbb-bbbbbbbbbbbb&zona=Zona+Norte,200,55.012,
2026-08-31T04:11:19.143887+00:00,GET,http://localhost:3000/logistics/tenderos/productos-disponibles?tiendaId=bbbbbbbb-bbbb-4bbb-8bbb-bbbbbbbbbbbb&zona=Zona+Norte,200,56.942,
2026-08-31T04:11:19.177353+00:00,GET,http://localhost:3000/logistics/tenderos/productos-disponibles?tiendaId=bbbbbbbb-bbbb-4bbb-8bbb-bbbbbbbbbbbb&zona=Zona+Norte,200,53.796,
2026-08-31T04:11:19.210666+00:00,GET,http://localhost:3000/logistics/tenderos/productos-disponibles?tiendaId=bbbbbbbb-bbbb-4bbb-8bbb-bbbbbbbbbbbb&zona=Zona+Norte,200,54.761,
2026-08-31T04:11:19.244063+00:00,GET,http://localhost:3000/logistics/tenderos/productos-disponibles?tiendaId=bbbbbbbb-bbbb-4bbb-8bbb-bbbbbbbbbbbb&zona=Zona+Norte,200,57.914,
2026-08-31T04:11:19.277385+00:00,GET,http://localhost:3000/logistics/tenderos/productos-disponibles?tiendaId=bbbbbbbb-bbbb-4bbb-8bbb-bbbbbbbbbbbb&zona=Zona+Norte,200,58.310,
2026-08-31T04:11:19.310647+00:00,GET,http://localhost:3000/logistics/tenderos/productos-disponibles?tiendaId=bbbbbbbb-bbbb-4bbb-8bbb-bbbbbbbbbbbb&zona=Zona+Norte,200,58.351,
2026-08-31T04:11:19.343951+00:00,GET,http://localhost:3000/logistics/tenderos/productos-disponibles?tiendaId=bbbbbbbb-bbbb-4bbb-8bbb-bbbbbbbbbbbb&zona=Zona+Norte,200,55.085,
2026-08-31T04:11:19.377288+00:00,GET,http://localhost:3000/logistics/tenderos/productos-disponibles?tiendaId=bbbbbbbb-bbbb-4bbb-8bbb-bbbbbbbbbbbb&zona=Zona+Norte,200,55.619,
2026-08-31T04:11:19.410296+00:00,GET,http://localhost:3000/logistics/tenderos/productos-disponibles?tiendaId=bbbbbbbb-bbbb-4bbb-8bbb-bbbbbbbbbbbb&zona=Zona+Norte,200,55.383,
2026-08-31T04:11:19.444065+00:00,GET,http://localhost:3000/logistics/tenderos/productos-disponibles?tiendaId=bbbbbbbb-bbbb-4bbb-8bbb-bbbbbbbbbbbb&zona=Zona+Norte,200,58.249,
2026-08-31T04:11:19.477343+00:00,GET,http://localhost:3000/logistics/tenderos/productos-disponibles?tiendaId=bbbbbbbb-bbbb-4bbb-8bbb-bbbbbbbbbbbb&zona=Zona+Norte,200,55.198,
2026-08-31T04:11:19.510605+00:00,GET,http://localhost:3000/logistics/tenderos/productos-disponibles?tiendaId=bbbbbbbb-bbbb-4bbb-8bbb-bbbbbbbbbbbb&zona=Zona+Norte,200,56.553,
2026-08-31T04:11:19.544031+00:00,GET,http://localhost:3000/logistics/tenderos/productos-disponibles?tiendaId=bbbbbbbb-bbbb-4bbb-8bbb-bbbbbbbbbbbb&zona=Zona+Norte,200,58.974,
2026-08-31T04:11:19.576358+00:00,GET,http://localhost:3000/logistics/tenderos/productos-disponibles?tiendaId=bbbbbbbb-bbbb-4bbb-8bbb-bbbbbbbbbbbb&zona=Zona+Norte,200,58.728,
2026-08-31T04:11:19.610514+00:00,GET,http://localhost:3000/logistics/tenderos/productos-disponibles?tiendaId=bbbbbbbb-bbbb-4bbb-8bbb-bbbbbbbbbbbb&zona=Zona+Norte,200,58.338,
2026-08-31T04:11:19.643168+00:00,GET,http://localhost:3000/logistics/tenderos/productos-disponibles?tiendaId=bbbbbbbb-bbbb-4bbb-8bbb-bbbbbbbbbbbb&zona=Zona+Norte,200,59.580,
2026-08-31T04:11:19.677285+00:00,GET,http://localhost:3000/logistics/tenderos/productos-disponibles?tiendaId=bbbbbbbb-bbbb-4bbb-8bbb-bbbbbbbbbbbb&zona=Zona+Norte,200,63.354,
2026-08-31T04:11:19.710328+00:00,GET,http://localhost:3000/logistics/tenderos/productos-disponibles?tiendaId=bbbbbbbb-bbbb-4bbb-8bbb-bbbbbbbbbbbb&zona=Zona+Norte,200,64.019,
2026-08-31T04:11:19.743277+00:00,GET,http://localhost:3000/logistics/tenderos/productos-disponibles?tiendaId=bbbbbbbb-bbbb-4bbb-8bbb-bbbbbbbbbbbb&zona=Zona+Norte,200,60.894,
2026-08-31T04:11:19.776576+00:00,GET,http://localhost:3000/logistics/tenderos/productos-disponibles?tiendaId=bbbbbbbb-bbbb-4bbb-8bbb-bbbbbbbbbbbb&zona=Zona+Norte,200,60.246,
2026-08-31T04:11:19.810365+00:00,GET,http://localhost:3000/logistics/tenderos/productos-disponibles?tiendaId=bbbbbbbb-bbbb-4bbb-8bbb-bbbbbbbbbbbb&zona=Zona+Norte,200,61.115,
2026-08-31T04:11:19.843774+00:00,GET,http://localhost:3000/logistics/tenderos/productos-disponibles?tiendaId=bbbbbbbb-bbbb-4bbb-8bbb-bbbbbbbbbbbb&zona=Zona+Norte,200,60.580,
2026-08-31T04:11:19.876966+00:00,GET,http://localhost:3000/logistics/tenderos/productos-disponibles?tiendaId=bbbbbbbb-bbbb-4bbb-8bbb-bbbbbbbbbbbb&zona=Zona+Norte,200,60.514,
2026-08-31T04:11:19.910336+00:00,GET,http://localhost:3000/logistics/tenderos/productos-disponibles?tiendaId=bbbbbbbb-bbbb-4bbb-8bbb-bbbbbbbbbbbb&zona=Zona+Norte,200,56.057,
2026-08-31T04:11:19.943080+00:00,GET,http://localhost:3000/logistics/tenderos/productos-disponibles?tiendaId=bbbbbbbb-bbbb-4bbb-8bbb-bbbbbbbbbbbb&zona=Zona+Norte,200,58.359,
2026-08-31T04:11:19.977158+00:00,GET,http://localhost:3000/logistics/tenderos/productos-disponibles?tiendaId=bbbbbbbb-bbbb-4bbb-8bbb-bbbbbbbbbbbb&zona=Zona+Norte,200,58.363,
2026-08-31T04:11:20.010742+00:00,GET,http://localhost:3000/logistics/tenderos/productos-disponibles?tiendaId=bbbbbbbb-bbbb-4bbb-8bbb-bbbbbbbbbbbb&zona=Zona+Norte,200,60.860,
2026-08-31T04:11:20.043961+00:00,GET,http://localhost:3000/logistics/tenderos/productos-disponibles?tiendaId=bbbbbbbb-bbbb-4bbb-8bbb-bbbbbbbbbbbb&zona=Zona+Norte,200,63.832,
2026-08-31T04:11:20.076938+00:00,GET,http://localhost:3000/logistics/tenderos/productos-disponibles?tiendaId=bbbbbbbb-bbbb-4bbb-8bbb-bbbbbbbbbbbb&zona=Zona+Norte,200,60.396,
2026-08-31T04:11:20.109744+00:00,GET,http://localhost:3000/logistics/tenderos/productos-disponibles?tiendaId=bbbbbbbb-bbbb-4bbb-8bbb-bbbbbbbbbbbb&zona=Zona+Norte,200,60.065,
2026-08-31T04:11:20.143728+00:00,GET,http://localhost:3000/logistics/tenderos/productos-disponibles?tiendaId=bbbbbbbb-bbbb-4bbb-8bbb-bbbbbbbbbbbb&zona=Zona+Norte,200,60.795,
2026-08-31T04:11:20.177163+00:00,GET,http://localhost:3000/logistics/tenderos/productos-disponibles?tiendaId=bbbbbbbb-bbbb-4bbb-8bbb-bbbbbbbbbbbb&zona=Zona+Norte,200,61.631,
2026-08-31T04:11:20.210369+00:00,GET,http://localhost:3000/logistics/tenderos/productos-disponibles?tiendaId=bbbbbbbb-bbbb-4bbb-8bbb-bbbbbbbbbbbb&zona=Zona+Norte,200,67.859,
2026-08-31T04:11:20.243577+00:00,GET,http://localhost:3000/logistics/tenderos/productos-disponibles?tiendaId=bbbbbbbb-bbbb-4bbb-8bbb-bbbbbbbbbbbb&zona=Zona+Norte,200,60.696,
2026-08-31T04:11:20.276671+00:00,GET,http://localhost:3000/logistics/tenderos/productos-disponibles?tiendaId=bbbbbbbb-bbbb-4bbb-8bbb-bbbbbbbbbbbb&zona=Zona+Norte,200,59.718,
2026-08-31T04:11:20.310367+00:00,GET,http://localhost:3000/logistics/tenderos/productos-disponibles?tiendaId=bbbbbbbb-bbbb-4bbb-8bbb-bbbbbbbbbbbb&zona=Zona+Norte,200,59.629,
2026-08-31T04:11:20.343849+00:00,GET,http://localhost:3000/logistics/tenderos/productos-disponibles?tiendaId=bbbbbbbb-bbbb-4bbb-8bbb-bbbbbbbbbbbb&zona=Zona+Norte,200,58.758,
2026-08-31T04:11:20.376965+00:00,GET,http://localhost:3000/logistics/tenderos/productos-disponibles?tiendaId=bbbbbbbb-bbbb-4bbb-8bbb-bbbbbbbbbbbb&zona=Zona+Norte,200,61.960,
2026-08-31T04:11:20.410585+00:00,GET,http://localhost:3000/logistics/tenderos/productos-disponibles?tiendaId=bbbbbbbb-bbbb-4bbb-8bbb-bbbbbbbbbbbb&zona=Zona+Norte,200,59.964,
2026-08-31T04:11:20.443555+00:00,GET,http://localhost:3000/logistics/tenderos/productos-disponibles?tiendaId=bbbbbbbb-bbbb-4bbb-8bbb-bbbbbbbbbbbb&zona=Zona+Norte,200,60.736,
2026-08-31T04:11:20.477092+00:00,GET,http://localhost:3000/logistics/tenderos/productos-disponibles?tiendaId=bbbbbbbb-bbbb-4bbb-8bbb-bbbbbbbbbbbb&zona=Zona+Norte,200,60.270,
2026-08-31T04:11:20.510381+00:00,GET,http://localhost:3000/logistics/tenderos/productos-disponibles?tiendaId=bbbbbbbb-bbbb-4bbb-8bbb-bbbbbbbbbbbb&zona=Zona+Norte,200,59.464,
2026-08-31T04:11:20.543756+00:00,GET,http://localhost:3000/logistics/tenderos/productos-disponibles?tiendaId=bbbbbbbb-bbbb-4bbb-8bbb-bbbbbbbbbbbb&zona=Zona+Norte,200,62.367,
2026-08-31T04:11:20.577182+00:00,GET,http://localhost:3000/logistics/tenderos/productos-disponibles?tiendaId=bbbbbbbb-bbbb-4bbb-8bbb-bbbbbbbbbbbb&zona=Zona+Norte,200,62.009,
2026-08-31T04:11:20.610286+00:00,GET,http://localhost:3000/logistics/tenderos/productos-disponibles?tiendaId=bbbbbbbb-bbbb-4bbb-8bbb-bbbbbbbbbbbb&zona=Zona+Norte,200,61.170,
2026-08-31T04:11:20.643489+00:00,GET,http://localhost:3000/logistics/tenderos/productos-disponibles?tiendaId=bbbbbbbb-bbbb-4bbb-8bbb-bbbbbbbbbbbb&zona=Zona+Norte,200,59.955,
2026-08-31T04:11:20.676961+00:00,GET,http://localhost:3000/logistics/tenderos/productos-disponibles?tiendaId=bbbbbbbb-bbbb-4bbb-8bbb-bbbbbbbbbbbb&zona=Zona+Norte,200,63.466,
2026-08-31T04:11:20.710467+00:00,GET,http://localhost:3000/logistics/tenderos/productos-disponibles?tiendaId=bbbbbbbb-bbbb-4bbb-8bbb-bbbbbbbbbbbb&zona=Zona+Norte,200,62.551,
2026-08-31T04:11:20.743366+00:00,GET,http://localhost:3000/logistics/tenderos/productos-disponibles?tiendaId=bbbbbbbb-bbbb-4bbb-8bbb-bbbbbbbbbbbb&zona=Zona+Norte,200,62.653,
2026-08-31T04:11:20.776747+00:00,GET,http://localhost:3000/logistics/tenderos/productos-disponibles?tiendaId=bbbbbbbb-bbbb-4bbb-8bbb-bbbbbbbbbbbb&zona=Zona+Norte,200,61.739,
2026-08-31T04:11:20.809770+00:00,GET,http://localhost:3000/logistics/tenderos/productos-disponibles?tiendaId=bbbbbbbb-bbbb-4bbb-8bbb-bbbbbbbbbbbb&zona=Zona+Norte,200,61.766,
2026-08-31T04:11:20.843575+00:00,GET,http://localhost:3000/logistics/tenderos/productos-disponibles?tiendaId=bbbbbbbb-bbbb-4bbb-8bbb-bbbbbbbbbbbb&zona=Zona+Norte,200,63.459,
2026-08-31T04:11:20.876957+00:00,GET,http://localhost:3000/logistics/tenderos/productos-disponibles?tiendaId=bbbbbbbb-bbbb-4bbb-8bbb-bbbbbbbbbbbb&zona=Zona+Norte,200,59.500,
2026-08-31T04:11:20.909993+00:00,GET,http://localhost:3000/logistics/tenderos/productos-disponibles?tiendaId=bbbbbbbb-bbbb-4bbb-8bbb-bbbbbbbbbbbb&zona=Zona+Norte,200,61.592,
2026-08-31T04:11:20.943865+00:00,GET,http://localhost:3000/logistics/tenderos/productos-disponibles?tiendaId=bbbbbbbb-bbbb-4bbb-8bbb-bbbbbbbbbbbb&zona=Zona+Norte,200,60.695,
2026-08-31T04:11:20.976956+00:00,GET,http://localhost:3000/logistics/tenderos/productos-disponibles?tiendaId=bbbbbbbb-bbbb-4bbb-8bbb-bbbbbbbbbbbb&zona=Zona+Norte,200,62.070,
2026-08-31T04:11:21.010138+00:00,GET,http://localhost:3000/logistics/tenderos/productos-disponibles?tiendaId=bbbbbbbb-bbbb-4bbb-8bbb-bbbbbbbbbbbb&zona=Zona+Norte,200,60.655,
2026-08-31T04:11:21.043480+00:00,GET,http://localhost:3000/logistics/tenderos/productos-disponibles?tiendaId=bbbbbbbb-bbbb-4bbb-8bbb-bbbbbbbbbbbb&zona=Zona+Norte,200,62.116,
2026-08-31T04:11:21.077041+00:00,GET,http://localhost:3000/logistics/tenderos/productos-disponibles?tiendaId=bbbbbbbb-bbbb-4bbb-8bbb-bbbbbbbbbbbb&zona=Zona+Norte,200,58.787,
2026-08-31T04:11:21.110178+00:00,GET,http://localhost:3000/logistics/tenderos/productos-disponibles?tiendaId=bbbbbbbb-bbbb-4bbb-8bbb-bbbbbbbbbbbb&zona=Zona+Norte,200,59.147,
2026-08-31T04:11:21.143965+00:00,GET,http://localhost:3000/logistics/tenderos/productos-disponibles?tiendaId=bbbbbbbb-bbbb-4bbb-8bbb-bbbbbbbbbbbb&zona=Zona+Norte,200,62.920,
2026-08-31T04:11:21.177121+00:00,GET,http://localhost:3000/logistics/tenderos/productos-disponibles?tiendaId=bbbbbbbb-bbbb-4bbb-8bbb-bbbbbbbbbbbb&zona=Zona+Norte,200,60.120,
2026-08-31T04:11:21.210070+00:00,GET,http://localhost:3000/logistics/tenderos/productos-disponibles?tiendaId=bbbbbbbb-bbbb-4bbb-8bbb-bbbbbbbbbbbb&zona=Zona+Norte,200,61.819,
2026-08-31T04:11:21.243736+00:00,GET,http://localhost:3000/logistics/tenderos/productos-disponibles?tiendaId=bbbbbbbb-bbbb-4bbb-8bbb-bbbbbbbbbbbb&zona=Zona+Norte,200,60.238,
2026-08-31T04:11:21.276918+00:00,GET,http://localhost:3000/logistics/tenderos/productos-disponibles?tiendaId=bbbbbbbb-bbbb-4bbb-8bbb-bbbbbbbbbbbb&zona=Zona+Norte,200,58.618,
2026-08-31T04:11:21.310408+00:00,GET,http://localhost:3000/logistics/tenderos/productos-disponibles?tiendaId=bbbbbbbb-bbbb-4bbb-8bbb-bbbbbbbbbbbb&zona=Zona+Norte,200,63.004,
2026-08-31T04:11:21.343257+00:00,GET,http://localhost:3000/logistics/tenderos/productos-disponibles?tiendaId=bbbbbbbb-bbbb-4bbb-8bbb-bbbbbbbbbbbb&zona=Zona+Norte,200,59.308,
2026-08-31T04:11:21.376601+00:00,GET,http://localhost:3000/logistics/tenderos/productos-disponibles?tiendaId=bbbbbbbb-bbbb-4bbb-8bbb-bbbbbbbbbbbb&zona=Zona+Norte,200,63.851,
2026-08-31T04:11:21.410616+00:00,GET,http://localhost:3000/logistics/tenderos/productos-disponibles?tiendaId=bbbbbbbb-bbbb-4bbb-8bbb-bbbbbbbbbbbb&zona=Zona+Norte,200,60.493,
2026-08-31T04:11:21.443330+00:00,GET,http://localhost:3000/logistics/tenderos/productos-disponibles?tiendaId=bbbbbbbb-bbbb-4bbb-8bbb-bbbbbbbbbbbb&zona=Zona+Norte,200,60.228,
2026-08-31T04:11:21.477082+00:00,GET,http://localhost:3000/logistics/tenderos/productos-disponibles?tiendaId=bbbbbbbb-bbbb-4bbb-8bbb-bbbbbbbbbbbb&zona=Zona+Norte,200,61.571,
2026-08-31T04:11:21.510444+00:00,GET,http://localhost:3000/logistics/tenderos/productos-disponibles?tiendaId=bbbbbbbb-bbbb-4bbb-8bbb-bbbbbbbbbbbb&zona=Zona+Norte,200,58.556,
2026-08-31T04:11:21.543299+00:00,GET,http://localhost:3000/logistics/tenderos/productos-disponibles?tiendaId=bbbbbbbb-bbbb-4bbb-8bbb-bbbbbbbbbbbb&zona=Zona+Norte,200,60.541,
2026-08-31T04:11:21.577281+00:00,GET,http://localhost:3000/logistics/tenderos/productos-disponibles?tiendaId=bbbbbbbb-bbbb-4bbb-8bbb-bbbbbbbbbbbb&zona=Zona+Norte,200,56.985,
2026-08-31T04:11:21.610476+00:00,GET,http://localhost:3000/logistics/tenderos/productos-disponibles?tiendaId=bbbbbbbb-bbbb-4bbb-8bbb-bbbbbbbbbbbb&zona=Zona+Norte,200,60.900,
2026-08-31T04:11:21.643915+00:00,GET,http://localhost:3000/logistics/tenderos/productos-disponibles?tiendaId=bbbbbbbb-bbbb-4bbb-8bbb-bbbbbbbbbbbb&zona=Zona+Norte,200,60.162,
2026-08-31T04:11:21.677015+00:00,GET,http://localhost:3000/logistics/tenderos/productos-disponibles?tiendaId=bbbbbbbb-bbbb-4bbb-8bbb-bbbbbbbbbbbb&zona=Zona+Norte,200,61.582,
2026-08-31T04:11:21.710392+00:00,GET,http://localhost:3000/logistics/tenderos/productos-disponibles?tiendaId=bbbbbbbb-bbbb-4bbb-8bbb-bbbbbbbbbbbb&zona=Zona+Norte,200,58.432,
2026-08-31T04:11:21.743586+00:00,GET,http://localhost:3000/logistics/tenderos/productos-disponibles?tiendaId=bbbbbbbb-bbbb-4bbb-8bbb-bbbbbbbbbbbb&zona=Zona+Norte,200,61.389,
2026-08-31T04:11:21.777304+00:00,GET,http://localhost:3000/logistics/tenderos/productos-disponibles?tiendaId=bbbbbbbb-bbbb-4bbb-8bbb-bbbbbbbbbbbb&zona=Zona+Norte,200,57.069,
2026-08-31T04:11:21.810146+00:00,GET,http://localhost:3000/logistics/tenderos/productos-disponibles?tiendaId=bbbbbbbb-bbbb-4bbb-8bbb-bbbbbbbbbbbb&zona=Zona+Norte,200,60.711,
2026-08-31T04:11:21.844021+00:00,GET,http://localhost:3000/logistics/tenderos/productos-disponibles?tiendaId=bbbbbbbb-bbbb-4bbb-8bbb-bbbbbbbbbbbb&zona=Zona+Norte,200,58.019,
2026-08-31T04:11:21.877065+00:00,GET,http://localhost:3000/logistics/tenderos/productos-disponibles?tiendaId=bbbbbbbb-bbbb-4bbb-8bbb-bbbbbbbbbbbb&zona=Zona+Norte,200,60.311,
2026-08-31T04:11:21.910645+00:00,GET,http://localhost:3000/logistics/tenderos/productos-disponibles?tiendaId=bbbbbbbb-bbbb-4bbb-8bbb-bbbbbbbbbbbb&zona=Zona+Norte,200,60.762,
2026-08-31T04:11:21.943739+00:00,GET,http://localhost:3000/logistics/tenderos/productos-disponibles?tiendaId=bbbbbbbb-bbbb-4bbb-8bbb-bbbbbbbbbbbb&zona=Zona+Norte,200,57.994,
2026-08-31T04:11:21.976954+00:00,GET,http://localhost:3000/logistics/tenderos/productos-disponibles?tiendaId=bbbbbbbb-bbbb-4bbb-8bbb-bbbbbbbbbbbb&zona=Zona+Norte,200,57.003,
2026-08-31T04:11:22.010690+00:00,GET,http://localhost:3000/logistics/tenderos/productos-disponibles?tiendaId=bbbbbbbb-bbbb-4bbb-8bbb-bbbbbbbbbbbb&zona=Zona+Norte,200,60.561,
2026-08-31T04:11:22.043924+00:00,GET,http://localhost:3000/logistics/tenderos/productos-disponibles?tiendaId=bbbbbbbb-bbbb-4bbb-8bbb-bbbbbbbbbbbb&zona=Zona+Norte,200,58.419,
2026-08-31T04:11:22.077002+00:00,GET,http://localhost:3000/logistics/tenderos/productos-disponibles?tiendaId=bbbbbbbb-bbbb-4bbb-8bbb-bbbbbbbbbbbb&zona=Zona+Norte,200,58.366,
2026-08-31T04:11:22.110619+00:00,GET,http://localhost:3000/logistics/tenderos/productos-disponibles?tiendaId=bbbbbbbb-bbbb-4bbb-8bbb-bbbbbbbbbbbb&zona=Zona+Norte,200,61.442,
2026-08-31T04:11:22.144002+00:00,GET,http://localhost:3000/logistics/tenderos/productos-disponibles?tiendaId=bbbbbbbb-bbbb-4bbb-8bbb-bbbbbbbbbbbb&zona=Zona+Norte,200,59.051,
2026-08-31T04:11:22.176895+00:00,GET,http://localhost:3000/logistics/tenderos/productos-disponibles?tiendaId=bbbbbbbb-bbbb-4bbb-8bbb-bbbbbbbbbbbb&zona=Zona+Norte,200,58.010,
2026-08-31T04:11:22.210538+00:00,GET,http://localhost:3000/logistics/tenderos/productos-disponibles?tiendaId=bbbbbbbb-bbbb-4bbb-8bbb-bbbbbbbbbbbb&zona=Zona+Norte,200,60.678,
2026-08-31T04:11:22.244024+00:00,GET,http://localhost:3000/logistics/tenderos/productos-disponibles?tiendaId=bbbbbbbb-bbbb-4bbb-8bbb-bbbbbbbbbbbb&zona=Zona+Norte,200,58.044,
2026-08-31T04:11:22.277011+00:00,GET,http://localhost:3000/logistics/tenderos/productos-disponibles?tiendaId=bbbbbbbb-bbbb-4bbb-8bbb-bbbbbbbbbbbb&zona=Zona+Norte,200,58.682,
2026-08-31T04:11:22.310648+00:00,GET,http://localhost:3000/logistics/tenderos/productos-disponibles?tiendaId=bbbbbbbb-bbbb-4bbb-8bbb-bbbbbbbbbbbb&zona=Zona+Norte,200,58.638,
2026-08-31T04:11:22.343948+00:00,GET,http://localhost:3000/logistics/tenderos/productos-disponibles?tiendaId=bbbbbbbb-bbbb-4bbb-8bbb-bbbbbbbbbbbb&zona=Zona+Norte,200,57.645,
2026-08-31T04:11:22.377252+00:00,GET,http://localhost:3000/logistics/tenderos/productos-disponibles?tiendaId=bbbbbbbb-bbbb-4bbb-8bbb-bbbbbbbbbbbb&zona=Zona+Norte,200,59.896,
2026-08-31T04:11:22.410592+00:00,GET,http://localhost:3000/logistics/tenderos/productos-disponibles?tiendaId=bbbbbbbb-bbbb-4bbb-8bbb-bbbbbbbbbbbb&zona=Zona+Norte,200,58.139,
2026-08-31T04:11:22.443750+00:00,GET,http://localhost:3000/logistics/tenderos/productos-disponibles?tiendaId=bbbbbbbb-bbbb-4bbb-8bbb-bbbbbbbbbbbb&zona=Zona+Norte,200,61.270,
2026-08-31T04:11:22.477250+00:00,GET,http://localhost:3000/logistics/tenderos/productos-disponibles?tiendaId=bbbbbbbb-bbbb-4bbb-8bbb-bbbbbbbbbbbb&zona=Zona+Norte,200,61.365,
2026-08-31T04:11:22.510282+00:00,GET,http://localhost:3000/logistics/tenderos/productos-disponibles?tiendaId=bbbbbbbb-bbbb-4bbb-8bbb-bbbbbbbbbbbb&zona=Zona+Norte,200,61.687,
2026-08-31T04:11:22.543617+00:00,GET,http://localhost:3000/logistics/tenderos/productos-disponibles?tiendaId=bbbbbbbb-bbbb-4bbb-8bbb-bbbbbbbbbbbb&zona=Zona+Norte,200,59.358,
2026-08-31T04:11:22.576911+00:00,GET,http://localhost:3000/logistics/tenderos/productos-disponibles?tiendaId=bbbbbbbb-bbbb-4bbb-8bbb-bbbbbbbbbbbb&zona=Zona+Norte,200,57.839,
2026-08-31T04:11:22.610553+00:00,GET,http://localhost:3000/logistics/tenderos/productos-disponibles?tiendaId=bbbbbbbb-bbbb-4bbb-8bbb-bbbbbbbbbbbb&zona=Zona+Norte,200,60.716,
2026-08-31T04:11:22.644044+00:00,GET,http://localhost:3000/logistics/tenderos/productos-disponibles?tiendaId=bbbbbbbb-bbbb-4bbb-8bbb-bbbbbbbbbbbb&zona=Zona+Norte,200,58.165,
2026-08-31T04:11:22.676824+00:00,GET,http://localhost:3000/logistics/tenderos/productos-disponibles?tiendaId=bbbbbbbb-bbbb-4bbb-8bbb-bbbbbbbbbbbb&zona=Zona+Norte,200,62.656,
2026-08-31T04:11:22.710637+00:00,GET,http://localhost:3000/logistics/tenderos/productos-disponibles?tiendaId=bbbbbbbb-bbbb-4bbb-8bbb-bbbbbbbbbbbb&zona=Zona+Norte,200,59.758,
2026-08-31T04:11:22.743469+00:00,GET,http://localhost:3000/logistics/tenderos/productos-disponibles?tiendaId=bbbbbbbb-bbbb-4bbb-8bbb-bbbbbbbbbbbb&zona=Zona+Norte,200,58.150,
2026-08-31T04:11:22.777111+00:00,GET,http://localhost:3000/logistics/tenderos/productos-disponibles?tiendaId=bbbbbbbb-bbbb-4bbb-8bbb-bbbbbbbbbbbb&zona=Zona+Norte,200,61.143,
2026-08-31T04:11:22.810723+00:00,GET,http://localhost:3000/logistics/tenderos/productos-disponibles?tiendaId=bbbbbbbb-bbbb-4bbb-8bbb-bbbbbbbbbbbb&zona=Zona+Norte,200,58.965,
2026-08-31T04:11:22.843639+00:00,GET,http://localhost:3000/logistics/tenderos/productos-disponibles?tiendaId=bbbbbbbb-bbbb-4bbb-8bbb-bbbbbbbbbbbb&zona=Zona+Norte,200,58.482,
2026-08-31T04:11:22.877230+00:00,GET,http://localhost:3000/logistics/tenderos/productos-disponibles?tiendaId=bbbbbbbb-bbbb-4bbb-8bbb-bbbbbbbbbbbb&zona=Zona+Norte,200,60.967,
2026-08-31T04:11:22.910517+00:00,GET,http://localhost:3000/logistics/tenderos/productos-disponibles?tiendaId=bbbbbbbb-bbbb-4bbb-8bbb-bbbbbbbbbbbb&zona=Zona+Norte,200,60.315,
2026-08-31T04:11:22.943645+00:00,GET,http://localhost:3000/logistics/tenderos/productos-disponibles?tiendaId=bbbbbbbb-bbbb-4bbb-8bbb-bbbbbbbbbbbb&zona=Zona+Norte,200,56.607,
2026-08-31T04:11:22.977060+00:00,GET,http://localhost:3000/logistics/tenderos/productos-disponibles?tiendaId=bbbbbbbb-bbbb-4bbb-8bbb-bbbbbbbbbbbb&zona=Zona+Norte,200,59.701,
2026-08-31T04:11:23.010718+00:00,GET,http://localhost:3000/logistics/tenderos/productos-disponibles?tiendaId=bbbbbbbb-bbbb-4bbb-8bbb-bbbbbbbbbbbb&zona=Zona+Norte,200,60.893,
2026-08-31T04:11:23.043809+00:00,GET,http://localhost:3000/logistics/tenderos/productos-disponibles?tiendaId=bbbbbbbb-bbbb-4bbb-8bbb-bbbbbbbbbbbb&zona=Zona+Norte,200,57.331,
2026-08-31T04:11:23.076987+00:00,GET,http://localhost:3000/logistics/tenderos/productos-disponibles?tiendaId=bbbbbbbb-bbbb-4bbb-8bbb-bbbbbbbbbbbb&zona=Zona+Norte,200,61.614,
2026-08-31T04:11:23.110580+00:00,GET,http://localhost:3000/logistics/tenderos/productos-disponibles?tiendaId=bbbbbbbb-bbbb-4bbb-8bbb-bbbbbbbbbbbb&zona=Zona+Norte,200,58.577,
2026-08-31T04:11:23.143611+00:00,GET,http://localhost:3000/logistics/tenderos/productos-disponibles?tiendaId=bbbbbbbb-bbbb-4bbb-8bbb-bbbbbbbbbbbb&zona=Zona+Norte,200,59.086,
2026-08-31T04:11:23.177284+00:00,GET,http://localhost:3000/logistics/tenderos/productos-disponibles?tiendaId=bbbbbbbb-bbbb-4bbb-8bbb-bbbbbbbbbbbb&zona=Zona+Norte,200,58.054,
2026-08-31T04:11:23.210596+00:00,GET,http://localhost:3000/logistics/tenderos/productos-disponibles?tiendaId=bbbbbbbb-bbbb-4bbb-8bbb-bbbbbbbbbbbb&zona=Zona+Norte,200,61.591,
2026-08-31T04:11:23.244002+00:00,GET,http://localhost:3000/logistics/tenderos/productos-disponibles?tiendaId=bbbbbbbb-bbbb-4bbb-8bbb-bbbbbbbbbbbb&zona=Zona+Norte,200,58.562,
2026-08-31T04:11:23.276897+00:00,GET,http://localhost:3000/logistics/tenderos/productos-disponibles?tiendaId=bbbbbbbb-bbbb-4bbb-8bbb-bbbbbbbbbbbb&zona=Zona+Norte,200,62.507,
2026-08-31T04:11:23.310552+00:00,GET,http://localhost:3000/logistics/tenderos/productos-disponibles?tiendaId=bbbbbbbb-bbbb-4bbb-8bbb-bbbbbbbbbbbb&zona=Zona+Norte,200,58.285,
2026-08-31T04:11:23.343544+00:00,GET,http://localhost:3000/logistics/tenderos/productos-disponibles?tiendaId=bbbbbbbb-bbbb-4bbb-8bbb-bbbbbbbbbbbb&zona=Zona+Norte,200,57.048,
2026-08-31T04:11:23.377222+00:00,GET,http://localhost:3000/logistics/tenderos/productos-disponibles?tiendaId=bbbbbbbb-bbbb-4bbb-8bbb-bbbbbbbbbbbb&zona=Zona+Norte,200,60.264,
2026-08-31T04:11:23.410183+00:00,GET,http://localhost:3000/logistics/tenderos/productos-disponibles?tiendaId=bbbbbbbb-bbbb-4bbb-8bbb-bbbbbbbbbbbb&zona=Zona+Norte,200,60.372,
2026-08-31T04:11:23.443715+00:00,GET,http://localhost:3000/logistics/tenderos/productos-disponibles?tiendaId=bbbbbbbb-bbbb-4bbb-8bbb-bbbbbbbbbbbb&zona=Zona+Norte,200,58.569,
2026-08-31T04:11:23.477125+00:00,GET,http://localhost:3000/logistics/tenderos/productos-disponibles?tiendaId=bbbbbbbb-bbbb-4bbb-8bbb-bbbbbbbbbbbb&zona=Zona+Norte,200,56.289,
2026-08-31T04:11:23.510655+00:00,GET,http://localhost:3000/logistics/tenderos/productos-disponibles?tiendaId=bbbbbbbb-bbbb-4bbb-8bbb-bbbbbbbbbbbb&zona=Zona+Norte,200,59.138,
2026-08-31T04:11:23.543906+00:00,GET,http://localhost:3000/logistics/tenderos/productos-disponibles?tiendaId=bbbbbbbb-bbbb-4bbb-8bbb-bbbbbbbbbbbb&zona=Zona+Norte,200,56.382,
2026-08-31T04:11:23.577230+00:00,GET,http://localhost:3000/logistics/tenderos/productos-disponibles?tiendaId=bbbbbbbb-bbbb-4bbb-8bbb-bbbbbbbbbbbb&zona=Zona+Norte,200,55.338,
2026-08-31T04:11:23.610815+00:00,GET,http://localhost:3000/logistics/tenderos/productos-disponibles?tiendaId=bbbbbbbb-bbbb-4bbb-8bbb-bbbbbbbbbbbb&zona=Zona+Norte,200,58.149,
2026-08-31T04:11:23.644079+00:00,GET,http://localhost:3000/logistics/tenderos/productos-disponibles?tiendaId=bbbbbbbb-bbbb-4bbb-8bbb-bbbbbbbbbbbb&zona=Zona+Norte,200,57.222,
2026-08-31T04:11:23.677335+00:00,GET,http://localhost:3000/logistics/tenderos/productos-disponibles?tiendaId=bbbbbbbb-bbbb-4bbb-8bbb-bbbbbbbbbbbb&zona=Zona+Norte,200,55.988,
2026-08-31T04:11:23.710743+00:00,GET,http://localhost:3000/logistics/tenderos/productos-disponibles?tiendaId=bbbbbbbb-bbbb-4bbb-8bbb-bbbbbbbbbbbb&zona=Zona+Norte,200,58.032,
2026-08-31T04:11:23.744113+00:00,GET,http://localhost:3000/logistics/tenderos/productos-disponibles?tiendaId=bbbbbbbb-bbbb-4bbb-8bbb-bbbbbbbbbbbb&zona=Zona+Norte,200,60.507,
2026-08-31T04:11:23.777335+00:00,GET,http://localhost:3000/logistics/tenderos/productos-disponibles?tiendaId=bbbbbbbb-bbbb-4bbb-8bbb-bbbbbbbbbbbb&zona=Zona+Norte,200,57.030,
2026-08-31T04:11:23.810375+00:00,GET,http://localhost:3000/logistics/tenderos/productos-disponibles?tiendaId=bbbbbbbb-bbbb-4bbb-8bbb-bbbbbbbbbbbb&zona=Zona+Norte,200,58.891,
2026-08-31T04:11:23.843874+00:00,GET,http://localhost:3000/logistics/tenderos/productos-disponibles?tiendaId=bbbbbbbb-bbbb-4bbb-8bbb-bbbbbbbbbbbb&zona=Zona+Norte,200,56.697,
2026-08-31T04:11:23.877276+00:00,GET,http://localhost:3000/logistics/tenderos/productos-disponibles?tiendaId=bbbbbbbb-bbbb-4bbb-8bbb-bbbbbbbbbbbb&zona=Zona+Norte,200,55.929,
2026-08-31T04:11:23.910505+00:00,GET,http://localhost:3000/logistics/tenderos/productos-disponibles?tiendaId=bbbbbbbb-bbbb-4bbb-8bbb-bbbbbbbbbbbb&zona=Zona+Norte,200,56.701,
2026-08-31T04:11:23.943907+00:00,GET,http://localhost:3000/logistics/tenderos/productos-disponibles?tiendaId=bbbbbbbb-bbbb-4bbb-8bbb-bbbbbbbbbbbb&zona=Zona+Norte,200,55.853,
2026-08-31T04:11:23.977414+00:00,GET,http://localhost:3000/logistics/tenderos/productos-disponibles?tiendaId=bbbbbbbb-bbbb-4bbb-8bbb-bbbbbbbbbbbb&zona=Zona+Norte,200,59.968,
2026-08-31T04:11:24.010595+00:00,GET,http://localhost:3000/logistics/tenderos/productos-disponibles?tiendaId=bbbbbbbb-bbbb-4bbb-8bbb-bbbbbbbbbbbb&zona=Zona+Norte,200,57.444,
2026-08-31T04:11:24.043784+00:00,GET,http://localhost:3000/logistics/tenderos/productos-disponibles?tiendaId=bbbbbbbb-bbbb-4bbb-8bbb-bbbbbbbbbbbb&zona=Zona+Norte,200,55.781,
2026-08-31T04:11:24.077254+00:00,GET,http://localhost:3000/logistics/tenderos/productos-disponibles?tiendaId=bbbbbbbb-bbbb-4bbb-8bbb-bbbbbbbbbbbb&zona=Zona+Norte,200,58.853,
2026-08-31T04:11:24.110577+00:00,GET,http://localhost:3000/logistics/tenderos/productos-disponibles?tiendaId=bbbbbbbb-bbbb-4bbb-8bbb-bbbbbbbbbbbb&zona=Zona+Norte,200,56.090,
2026-08-31T04:11:24.143970+00:00,GET,http://localhost:3000/logistics/tenderos/productos-disponibles?tiendaId=bbbbbbbb-bbbb-4bbb-8bbb-bbbbbbbbbbbb&zona=Zona+Norte,200,55.899,
2026-08-31T04:11:24.177430+00:00,GET,http://localhost:3000/logistics/tenderos/productos-disponibles?tiendaId=bbbbbbbb-bbbb-4bbb-8bbb-bbbbbbbbbbbb&zona=Zona+Norte,200,55.728,
2026-08-31T04:11:24.210636+00:00,GET,http://localhost:3000/logistics/tenderos/productos-disponibles?tiendaId=bbbbbbbb-bbbb-4bbb-8bbb-bbbbbbbbbbbb&zona=Zona+Norte,200,55.912,
2026-08-31T04:11:24.244077+00:00,GET,http://localhost:3000/logistics/tenderos/productos-disponibles?tiendaId=bbbbbbbb-bbbb-4bbb-8bbb-bbbbbbbbbbbb&zona=Zona+Norte,200,55.301,
2026-08-31T04:11:24.277282+00:00,GET,http://localhost:3000/logistics/tenderos/productos-disponibles?tiendaId=bbbbbbbb-bbbb-4bbb-8bbb-bbbbbbbbbbbb&zona=Zona+Norte,200,59.187,
2026-08-31T04:11:24.310747+00:00,GET,http://localhost:3000/logistics/tenderos/productos-disponibles?tiendaId=bbbbbbbb-bbbb-4bbb-8bbb-bbbbbbbbbbbb&zona=Zona+Norte,200,55.801,
2026-08-31T04:11:24.343897+00:00,GET,http://localhost:3000/logistics/tenderos/productos-disponibles?tiendaId=bbbbbbbb-bbbb-4bbb-8bbb-bbbbbbbbbbbb&zona=Zona+Norte,200,54.887,
2026-08-31T04:11:24.377418+00:00,GET,http://localhost:3000/logistics/tenderos/productos-disponibles?tiendaId=bbbbbbbb-bbbb-4bbb-8bbb-bbbbbbbbbbbb&zona=Zona+Norte,200,57.243,
2026-08-31T04:11:24.410585+00:00,GET,http://localhost:3000/logistics/tenderos/productos-disponibles?tiendaId=bbbbbbbb-bbbb-4bbb-8bbb-bbbbbbbbbbbb&zona=Zona+Norte,200,62.101,
2026-08-31T04:11:24.443865+00:00,GET,http://localhost:3000/logistics/tenderos/productos-disponibles?tiendaId=bbbbbbbb-bbbb-4bbb-8bbb-bbbbbbbbbbbb&zona=Zona+Norte,200,60.476,
2026-08-31T04:11:24.476917+00:00,GET,http://localhost:3000/logistics/tenderos/productos-disponibles?tiendaId=bbbbbbbb-bbbb-4bbb-8bbb-bbbbbbbbbbbb&zona=Zona+Norte,200,60.606,
2026-08-31T04:11:24.510208+00:00,GET,http://localhost:3000/logistics/tenderos/productos-disponibles?tiendaId=bbbbbbbb-bbbb-4bbb-8bbb-bbbbbbbbbbbb&zona=Zona+Norte,200,65.619,
2026-08-31T04:11:24.543770+00:00,GET,http://localhost:3000/logistics/tenderos/productos-disponibles?tiendaId=bbbbbbbb-bbbb-4bbb-8bbb-bbbbbbbbbbbb&zona=Zona+Norte,200,63.360,
2026-08-31T04:11:24.576458+00:00,GET,http://localhost:3000/logistics/tenderos/productos-disponibles?tiendaId=bbbbbbbb-bbbb-4bbb-8bbb-bbbbbbbbbbbb&zona=Zona+Norte,200,63.401,
2026-08-31T04:11:24.610044+00:00,GET,http://localhost:3000/logistics/tenderos/productos-disponibles?tiendaId=bbbbbbbb-bbbb-4bbb-8bbb-bbbbbbbbbbbb&zona=Zona+Norte,200,60.210,
2026-08-31T04:11:24.643442+00:00,GET,http://localhost:3000/logistics/tenderos/productos-disponibles?tiendaId=bbbbbbbb-bbbb-4bbb-8bbb-bbbbbbbbbbbb&zona=Zona+Norte,200,61.117,
2026-08-31T04:11:24.676774+00:00,GET,http://localhost:3000/logistics/tenderos/productos-disponibles?tiendaId=bbbbbbbb-bbbb-4bbb-8bbb-bbbbbbbbbbbb&zona=Zona+Norte,200,63.352,
2026-08-31T04:11:24.710389+00:00,GET,http://localhost:3000/logistics/tenderos/productos-disponibles?tiendaId=bbbbbbbb-bbbb-4bbb-8bbb-bbbbbbbbbbbb&zona=Zona+Norte,200,60.180,
2026-08-31T04:11:24.743461+00:00,GET,http://localhost:3000/logistics/tenderos/productos-disponibles?tiendaId=bbbbbbbb-bbbb-4bbb-8bbb-bbbbbbbbbbbb&zona=Zona+Norte,200,59.590,
2026-08-31T04:11:24.777134+00:00,GET,http://localhost:3000/logistics/tenderos/productos-disponibles?tiendaId=bbbbbbbb-bbbb-4bbb-8bbb-bbbbbbbbbbbb&zona=Zona+Norte,200,58.752,
2026-08-31T04:11:24.810616+00:00,GET,http://localhost:3000/logistics/tenderos/productos-disponibles?tiendaId=bbbbbbbb-bbbb-4bbb-8bbb-bbbbbbbbbbbb&zona=Zona+Norte,200,64.330,
2026-08-31T04:11:24.844014+00:00,GET,http://localhost:3000/logistics/tenderos/productos-disponibles?tiendaId=bbbbbbbb-bbbb-4bbb-8bbb-bbbbbbbbbbbb&zona=Zona+Norte,200,68.668,
2026-08-31T04:11:24.876557+00:00,GET,http://localhost:3000/logistics/tenderos/productos-disponibles?tiendaId=bbbbbbbb-bbbb-4bbb-8bbb-bbbbbbbbbbbb&zona=Zona+Norte,200,64.324,
2026-08-31T04:11:24.910752+00:00,GET,http://localhost:3000/logistics/tenderos/productos-disponibles?tiendaId=bbbbbbbb-bbbb-4bbb-8bbb-bbbbbbbbbbbb&zona=Zona+Norte,200,62.615,
2026-08-31T04:11:24.943386+00:00,GET,http://localhost:3000/logistics/tenderos/productos-disponibles?tiendaId=bbbbbbbb-bbbb-4bbb-8bbb-bbbbbbbbbbbb&zona=Zona+Norte,200,61.275,
2026-08-31T04:11:24.976755+00:00,GET,http://localhost:3000/logistics/tenderos/productos-disponibles?tiendaId=bbbbbbbb-bbbb-4bbb-8bbb-bbbbbbbbbbbb&zona=Zona+Norte,200,61.934,
2026-08-31T04:11:25.010221+00:00,GET,http://localhost:3000/logistics/tenderos/productos-disponibles?tiendaId=bbbbbbbb-bbbb-4bbb-8bbb-bbbbbbbbbbbb&zona=Zona+Norte,200,58.168,
2026-08-31T04:11:25.043606+00:00,GET,http://localhost:3000/logistics/tenderos/productos-disponibles?tiendaId=bbbbbbbb-bbbb-4bbb-8bbb-bbbbbbbbbbbb&zona=Zona+Norte,200,61.336,
2026-08-31T04:11:25.076440+00:00,GET,http://localhost:3000/logistics/tenderos/productos-disponibles?tiendaId=bbbbbbbb-bbbb-4bbb-8bbb-bbbbbbbbbbbb&zona=Zona+Norte,200,61.429,
2026-08-31T04:11:25.110306+00:00,GET,http://localhost:3000/logistics/tenderos/productos-disponibles?tiendaId=bbbbbbbb-bbbb-4bbb-8bbb-bbbbbbbbbbbb&zona=Zona+Norte,200,61.204,
2026-08-31T04:11:25.143703+00:00,GET,http://localhost:3000/logistics/tenderos/productos-disponibles?tiendaId=bbbbbbbb-bbbb-4bbb-8bbb-bbbbbbbbbbbb&zona=Zona+Norte,200,60.428,
2026-08-31T04:11:25.177005+00:00,GET,http://localhost:3000/logistics/tenderos/productos-disponibles?tiendaId=bbbbbbbb-bbbb-4bbb-8bbb-bbbbbbbbbbbb&zona=Zona+Norte,200,62.072,
2026-08-31T04:11:25.210427+00:00,GET,http://localhost:3000/logistics/tenderos/productos-disponibles?tiendaId=bbbbbbbb-bbbb-4bbb-8bbb-bbbbbbbbbbbb&zona=Zona+Norte,200,61.274,
2026-08-31T04:11:25.243605+00:00,GET,http://localhost:3000/logistics/tenderos/productos-disponibles?tiendaId=bbbbbbbb-bbbb-4bbb-8bbb-bbbbbbbbbbbb&zona=Zona+Norte,200,58.255,
2026-08-31T04:11:25.276987+00:00,GET,http://localhost:3000/logistics/tenderos/productos-disponibles?tiendaId=bbbbbbbb-bbbb-4bbb-8bbb-bbbbbbbbbbbb&zona=Zona+Norte,200,60.099,
2026-08-31T04:11:25.310738+00:00,GET,http://localhost:3000/logistics/tenderos/productos-disponibles?tiendaId=bbbbbbbb-bbbb-4bbb-8bbb-bbbbbbbbbbbb&zona=Zona+Norte,200,61.412,
2026-08-31T04:11:25.343821+00:00,GET,http://localhost:3000/logistics/tenderos/productos-disponibles?tiendaId=bbbbbbbb-bbbb-4bbb-8bbb-bbbbbbbbbbbb&zona=Zona+Norte,200,58.825,
2026-08-31T04:11:25.376923+00:00,GET,http://localhost:3000/logistics/tenderos/productos-disponibles?tiendaId=bbbbbbbb-bbbb-4bbb-8bbb-bbbbbbbbbbbb&zona=Zona+Norte,200,60.970,
2026-08-31T04:11:25.410613+00:00,GET,http://localhost:3000/logistics/tenderos/productos-disponibles?tiendaId=bbbbbbbb-bbbb-4bbb-8bbb-bbbbbbbbbbbb&zona=Zona+Norte,200,57.666,
2026-08-31T04:11:25.443696+00:00,GET,http://localhost:3000/logistics/tenderos/productos-disponibles?tiendaId=bbbbbbbb-bbbb-4bbb-8bbb-bbbbbbbbbbbb&zona=Zona+Norte,200,58.893,
2026-08-31T04:11:25.477426+00:00,GET,http://localhost:3000/logistics/tenderos/productos-disponibles?tiendaId=bbbbbbbb-bbbb-4bbb-8bbb-bbbbbbbbbbbb&zona=Zona+Norte,200,60.957,
2026-08-31T04:11:25.510620+00:00,GET,http://localhost:3000/logistics/tenderos/productos-disponibles?tiendaId=bbbbbbbb-bbbb-4bbb-8bbb-bbbbbbbbbbbb&zona=Zona+Norte,200,60.860,
2026-08-31T04:11:25.543649+00:00,GET,http://localhost:3000/logistics/tenderos/productos-disponibles?tiendaId=bbbbbbbb-bbbb-4bbb-8bbb-bbbbbbbbbbbb&zona=Zona+Norte,200,60.409,
2026-08-31T04:11:25.577032+00:00,GET,http://localhost:3000/logistics/tenderos/productos-disponibles?tiendaId=bbbbbbbb-bbbb-4bbb-8bbb-bbbbbbbbbbbb&zona=Zona+Norte,200,59.079,
2026-08-31T04:11:25.610450+00:00,GET,http://localhost:3000/logistics/tenderos/productos-disponibles?tiendaId=bbbbbbbb-bbbb-4bbb-8bbb-bbbbbbbbbbbb&zona=Zona+Norte,200,59.075,
2026-08-31T04:11:25.643932+00:00,GET,http://localhost:3000/logistics/tenderos/productos-disponibles?tiendaId=bbbbbbbb-bbbb-4bbb-8bbb-bbbbbbbbbbbb&zona=Zona+Norte,200,61.364,
2026-08-31T04:11:25.677261+00:00,GET,http://localhost:3000/logistics/tenderos/productos-disponibles?tiendaId=bbbbbbbb-bbbb-4bbb-8bbb-bbbbbbbbbbbb&zona=Zona+Norte,200,58.369,
2026-08-31T04:11:25.710271+00:00,GET,http://localhost:3000/logistics/tenderos/productos-disponibles?tiendaId=bbbbbbbb-bbbb-4bbb-8bbb-bbbbbbbbbbbb&zona=Zona+Norte,200,60.774,
2026-08-31T04:11:25.743999+00:00,GET,http://localhost:3000/logistics/tenderos/productos-disponibles?tiendaId=bbbbbbbb-bbbb-4bbb-8bbb-bbbbbbbbbbbb&zona=Zona+Norte,200,58.932,
2026-08-31T04:11:25.777067+00:00,GET,http://localhost:3000/logistics/tenderos/productos-disponibles?tiendaId=bbbbbbbb-bbbb-4bbb-8bbb-bbbbbbbbbbbb&zona=Zona+Norte,200,61.495,
2026-08-31T04:11:25.810514+00:00,GET,http://localhost:3000/logistics/tenderos/productos-disponibles?tiendaId=bbbbbbbb-bbbb-4bbb-8bbb-bbbbbbbbbbbb&zona=Zona+Norte,200,57.143,
2026-08-31T04:11:25.843622+00:00,GET,http://localhost:3000/logistics/tenderos/productos-disponibles?tiendaId=bbbbbbbb-bbbb-4bbb-8bbb-bbbbbbbbbbbb&zona=Zona+Norte,200,57.528,
2026-08-31T04:11:25.877422+00:00,GET,http://localhost:3000/logistics/tenderos/productos-disponibles?tiendaId=bbbbbbbb-bbbb-4bbb-8bbb-bbbbbbbbbbbb&zona=Zona+Norte,200,58.357,
2026-08-31T04:11:25.910756+00:00,GET,http://localhost:3000/logistics/tenderos/productos-disponibles?tiendaId=bbbbbbbb-bbbb-4bbb-8bbb-bbbbbbbbbbbb&zona=Zona+Norte,200,59.330,
2026-08-31T04:11:25.943849+00:00,GET,http://localhost:3000/logistics/tenderos/productos-disponibles?tiendaId=bbbbbbbb-bbbb-4bbb-8bbb-bbbbbbbbbbbb&zona=Zona+Norte,200,58.611,
2026-08-31T04:11:25.977212+00:00,GET,http://localhost:3000/logistics/tenderos/productos-disponibles?tiendaId=bbbbbbbb-bbbb-4bbb-8bbb-bbbbbbbbbbbb&zona=Zona+Norte,200,58.063,
2026-08-31T04:11:26.010508+00:00,GET,http://localhost:3000/logistics/tenderos/productos-disponibles?tiendaId=bbbbbbbb-bbbb-4bbb-8bbb-bbbbbbbbbbbb&zona=Zona+Norte,200,60.771,
2026-08-31T04:11:26.044050+00:00,GET,http://localhost:3000/logistics/tenderos/productos-disponibles?tiendaId=bbbbbbbb-bbbb-4bbb-8bbb-bbbbbbbbbbbb&zona=Zona+Norte,200,60.893,
2026-08-31T04:11:26.077045+00:00,GET,http://localhost:3000/logistics/tenderos/productos-disponibles?tiendaId=bbbbbbbb-bbbb-4bbb-8bbb-bbbbbbbbbbbb&zona=Zona+Norte,200,62.471,
2026-08-31T04:11:26.110323+00:00,GET,http://localhost:3000/logistics/tenderos/productos-disponibles?tiendaId=bbbbbbbb-bbbb-4bbb-8bbb-bbbbbbbbbbbb&zona=Zona+Norte,200,57.576,
2026-08-31T04:11:26.143546+00:00,GET,http://localhost:3000/logistics/tenderos/productos-disponibles?tiendaId=bbbbbbbb-bbbb-4bbb-8bbb-bbbbbbbbbbbb&zona=Zona+Norte,200,62.248,
2026-08-31T04:11:26.177429+00:00,GET,http://localhost:3000/logistics/tenderos/productos-disponibles?tiendaId=bbbbbbbb-bbbb-4bbb-8bbb-bbbbbbbbbbbb&zona=Zona+Norte,200,57.683,
2026-08-31T04:11:26.210228+00:00,GET,http://localhost:3000/logistics/tenderos/productos-disponibles?tiendaId=bbbbbbbb-bbbb-4bbb-8bbb-bbbbbbbbbbbb&zona=Zona+Norte,200,59.788,
2026-08-31T04:11:26.243909+00:00,GET,http://localhost:3000/logistics/tenderos/productos-disponibles?tiendaId=bbbbbbbb-bbbb-4bbb-8bbb-bbbbbbbbbbbb&zona=Zona+Norte,200,57.628,
2026-08-31T04:11:26.277212+00:00,GET,http://localhost:3000/logistics/tenderos/productos-disponibles?tiendaId=bbbbbbbb-bbbb-4bbb-8bbb-bbbbbbbbbbbb&zona=Zona+Norte,200,60.532,
2026-08-31T04:11:26.310487+00:00,GET,http://localhost:3000/logistics/tenderos/productos-disponibles?tiendaId=bbbbbbbb-bbbb-4bbb-8bbb-bbbbbbbbbbbb&zona=Zona+Norte,200,60.633,
2026-08-31T04:11:26.343736+00:00,GET,http://localhost:3000/logistics/tenderos/productos-disponibles?tiendaId=bbbbbbbb-bbbb-4bbb-8bbb-bbbbbbbbbbbb&zona=Zona+Norte,200,57.736,
2026-08-31T04:11:26.377079+00:00,GET,http://localhost:3000/logistics/tenderos/productos-disponibles?tiendaId=bbbbbbbb-bbbb-4bbb-8bbb-bbbbbbbbbbbb&zona=Zona+Norte,200,58.010,
2026-08-31T04:11:26.410779+00:00,GET,http://localhost:3000/logistics/tenderos/productos-disponibles?tiendaId=bbbbbbbb-bbbb-4bbb-8bbb-bbbbbbbbbbbb&zona=Zona+Norte,200,61.637,
2026-08-31T04:11:26.443450+00:00,GET,http://localhost:3000/logistics/tenderos/productos-disponibles?tiendaId=bbbbbbbb-bbbb-4bbb-8bbb-bbbbbbbbbbbb&zona=Zona+Norte,200,58.379,
2026-08-31T04:11:26.476909+00:00,GET,http://localhost:3000/logistics/tenderos/productos-disponibles?tiendaId=bbbbbbbb-bbbb-4bbb-8bbb-bbbbbbbbbbbb&zona=Zona+Norte,200,57.810,
2026-08-31T04:11:26.510735+00:00,GET,http://localhost:3000/logistics/tenderos/productos-disponibles?tiendaId=bbbbbbbb-bbbb-4bbb-8bbb-bbbbbbbbbbbb&zona=Zona+Norte,200,57.187,
2026-08-31T04:11:26.544113+00:00,GET,http://localhost:3000/logistics/tenderos/productos-disponibles?tiendaId=bbbbbbbb-bbbb-4bbb-8bbb-bbbbbbbbbbbb&zona=Zona+Norte,200,60.936,
2026-08-31T04:11:26.577422+00:00,GET,http://localhost:3000/logistics/tenderos/productos-disponibles?tiendaId=bbbbbbbb-bbbb-4bbb-8bbb-bbbbbbbbbbbb&zona=Zona+Norte,200,62.175,
2026-08-31T04:11:26.610333+00:00,GET,http://localhost:3000/logistics/tenderos/productos-disponibles?tiendaId=bbbbbbbb-bbbb-4bbb-8bbb-bbbbbbbbbbbb&zona=Zona+Norte,200,58.964,
2026-08-31T04:11:26.643513+00:00,GET,http://localhost:3000/logistics/tenderos/productos-disponibles?tiendaId=bbbbbbbb-bbbb-4bbb-8bbb-bbbbbbbbbbbb&zona=Zona+Norte,200,60.822,
2026-08-31T04:11:26.677322+00:00,GET,http://localhost:3000/logistics/tenderos/productos-disponibles?tiendaId=bbbbbbbb-bbbb-4bbb-8bbb-bbbbbbbbbbbb&zona=Zona+Norte,200,61.875,
2026-08-31T04:11:26.710421+00:00,GET,http://localhost:3000/logistics/tenderos/productos-disponibles?tiendaId=bbbbbbbb-bbbb-4bbb-8bbb-bbbbbbbbbbbb&zona=Zona+Norte,200,58.615,
2026-08-31T04:11:26.743581+00:00,GET,http://localhost:3000/logistics/tenderos/productos-disponibles?tiendaId=bbbbbbbb-bbbb-4bbb-8bbb-bbbbbbbbbbbb&zona=Zona+Norte,200,59.033,
2026-08-31T04:11:26.777157+00:00,GET,http://localhost:3000/logistics/tenderos/productos-disponibles?tiendaId=bbbbbbbb-bbbb-4bbb-8bbb-bbbbbbbbbbbb&zona=Zona+Norte,200,61.506,
2026-08-31T04:11:26.810649+00:00,GET,http://localhost:3000/logistics/tenderos/productos-disponibles?tiendaId=bbbbbbbb-bbbb-4bbb-8bbb-bbbbbbbbbbbb&zona=Zona+Norte,200,57.959,
2026-08-31T04:11:26.843149+00:00,GET,http://localhost:3000/logistics/tenderos/productos-disponibles?tiendaId=bbbbbbbb-bbbb-4bbb-8bbb-bbbbbbbbbbbb&zona=Zona+Norte,200,59.952,
2026-08-31T04:11:26.877173+00:00,GET,http://localhost:3000/logistics/tenderos/productos-disponibles?tiendaId=bbbbbbbb-bbbb-4bbb-8bbb-bbbbbbbbbbbb&zona=Zona+Norte,200,61.227,
2026-08-31T04:11:26.910592+00:00,GET,http://localhost:3000/logistics/tenderos/productos-disponibles?tiendaId=bbbbbbbb-bbbb-4bbb-8bbb-bbbbbbbbbbbb&zona=Zona+Norte,200,60.623,
2026-08-31T04:11:26.943669+00:00,GET,http://localhost:3000/logistics/tenderos/productos-disponibles?tiendaId=bbbbbbbb-bbbb-4bbb-8bbb-bbbbbbbbbbbb&zona=Zona+Norte,200,59.375,
2026-08-31T04:11:26.977067+00:00,GET,http://localhost:3000/logistics/tenderos/productos-disponibles?tiendaId=bbbbbbbb-bbbb-4bbb-8bbb-bbbbbbbbbbbb&zona=Zona+Norte,200,60.515,
2026-08-31T04:11:27.010463+00:00,GET,http://localhost:3000/logistics/tenderos/productos-disponibles?tiendaId=bbbbbbbb-bbbb-4bbb-8bbb-bbbbbbbbbbbb&zona=Zona+Norte,200,61.124,
2026-08-31T04:11:27.043185+00:00,GET,http://localhost:3000/logistics/tenderos/productos-disponibles?tiendaId=bbbbbbbb-bbbb-4bbb-8bbb-bbbbbbbbbbbb&zona=Zona+Norte,200,58.924,
2026-08-31T04:11:27.077030+00:00,GET,http://localhost:3000/logistics/tenderos/productos-disponibles?tiendaId=bbbbbbbb-bbbb-4bbb-8bbb-bbbbbbbbbbbb&zona=Zona+Norte,200,61.457,
2026-08-31T04:11:27.110704+00:00,GET,http://localhost:3000/logistics/tenderos/productos-disponibles?tiendaId=bbbbbbbb-bbbb-4bbb-8bbb-bbbbbbbbbbbb&zona=Zona+Norte,200,60.737,
2026-08-31T04:11:27.143661+00:00,GET,http://localhost:3000/logistics/tenderos/productos-disponibles?tiendaId=bbbbbbbb-bbbb-4bbb-8bbb-bbbbbbbbbbbb&zona=Zona+Norte,200,59.007,
2026-08-31T04:11:27.177044+00:00,GET,http://localhost:3000/logistics/tenderos/productos-disponibles?tiendaId=bbbbbbbb-bbbb-4bbb-8bbb-bbbbbbbbbbbb&zona=Zona+Norte,200,61.054,
2026-08-31T04:11:27.209901+00:00,GET,http://localhost:3000/logistics/tenderos/productos-disponibles?tiendaId=bbbbbbbb-bbbb-4bbb-8bbb-bbbbbbbbbbbb&zona=Zona+Norte,200,58.353,
2026-08-31T04:11:27.243689+00:00,GET,http://localhost:3000/logistics/tenderos/productos-disponibles?tiendaId=bbbbbbbb-bbbb-4bbb-8bbb-bbbbbbbbbbbb&zona=Zona+Norte,200,57.870,
2026-08-31T04:11:27.277437+00:00,GET,http://localhost:3000/logistics/tenderos/productos-disponibles?tiendaId=bbbbbbbb-bbbb-4bbb-8bbb-bbbbbbbbbbbb&zona=Zona+Norte,200,59.144,
2026-08-31T04:11:27.310780+00:00,GET,http://localhost:3000/logistics/tenderos/productos-disponibles?tiendaId=bbbbbbbb-bbbb-4bbb-8bbb-bbbbbbbbbbbb&zona=Zona+Norte,200,60.386,
2026-08-31T04:11:27.343903+00:00,GET,http://localhost:3000/logistics/tenderos/productos-disponibles?tiendaId=bbbbbbbb-bbbb-4bbb-8bbb-bbbbbbbbbbbb&zona=Zona+Norte,200,60.693,
2026-08-31T04:11:27.377102+00:00,GET,http://localhost:3000/logistics/tenderos/productos-disponibles?tiendaId=bbbbbbbb-bbbb-4bbb-8bbb-bbbbbbbbbbbb&zona=Zona+Norte,200,60.173,
2026-08-31T04:11:27.410267+00:00,GET,http://localhost:3000/logistics/tenderos/productos-disponibles?tiendaId=bbbbbbbb-bbbb-4bbb-8bbb-bbbbbbbbbbbb&zona=Zona+Norte,200,60.660,
2026-08-31T04:11:27.443811+00:00,GET,http://localhost:3000/logistics/tenderos/productos-disponibles?tiendaId=bbbbbbbb-bbbb-4bbb-8bbb-bbbbbbbbbbbb&zona=Zona+Norte,200,57.177,
2026-08-31T04:11:27.477127+00:00,GET,http://localhost:3000/logistics/tenderos/productos-disponibles?tiendaId=bbbbbbbb-bbbb-4bbb-8bbb-bbbbbbbbbbbb&zona=Zona+Norte,200,68.265,
2026-08-31T04:11:27.510798+00:00,GET,http://localhost:3000/logistics/tenderos/productos-disponibles?tiendaId=bbbbbbbb-bbbb-4bbb-8bbb-bbbbbbbbbbbb&zona=Zona+Norte,200,68.979,
2026-08-31T04:11:27.543797+00:00,GET,http://localhost:3000/logistics/tenderos/productos-disponibles?tiendaId=bbbbbbbb-bbbb-4bbb-8bbb-bbbbbbbbbbbb&zona=Zona+Norte,200,64.164,
2026-08-31T04:11:27.577446+00:00,GET,http://localhost:3000/logistics/tenderos/productos-disponibles?tiendaId=bbbbbbbb-bbbb-4bbb-8bbb-bbbbbbbbbbbb&zona=Zona+Norte,200,63.931,
2026-08-31T04:11:27.610024+00:00,GET,http://localhost:3000/logistics/tenderos/productos-disponibles?tiendaId=bbbbbbbb-bbbb-4bbb-8bbb-bbbbbbbbbbbb&zona=Zona+Norte,200,61.164,
2026-08-31T04:11:27.643300+00:00,GET,http://localhost:3000/logistics/tenderos/productos-disponibles?tiendaId=bbbbbbbb-bbbb-4bbb-8bbb-bbbbbbbbbbbb&zona=Zona+Norte,200,59.594,
2026-08-31T04:11:27.677118+00:00,GET,http://localhost:3000/logistics/tenderos/productos-disponibles?tiendaId=bbbbbbbb-bbbb-4bbb-8bbb-bbbbbbbbbbbb&zona=Zona+Norte,200,63.176,
2026-08-31T04:11:27.710265+00:00,GET,http://localhost:3000/logistics/tenderos/productos-disponibles?tiendaId=bbbbbbbb-bbbb-4bbb-8bbb-bbbbbbbbbbbb&zona=Zona+Norte,200,62.083,
2026-08-31T04:11:27.743440+00:00,GET,http://localhost:3000/logistics/tenderos/productos-disponibles?tiendaId=bbbbbbbb-bbbb-4bbb-8bbb-bbbbbbbbbbbb&zona=Zona+Norte,200,58.195,
2026-08-31T04:11:27.776989+00:00,GET,http://localhost:3000/logistics/tenderos/productos-disponibles?tiendaId=bbbbbbbb-bbbb-4bbb-8bbb-bbbbbbbbbbbb&zona=Zona+Norte,200,59.788,
2026-08-31T04:11:27.810792+00:00,GET,http://localhost:3000/logistics/tenderos/productos-disponibles?tiendaId=bbbbbbbb-bbbb-4bbb-8bbb-bbbbbbbbbbbb&zona=Zona+Norte,200,56.287,
2026-08-31T04:11:27.843893+00:00,GET,http://localhost:3000/logistics/tenderos/productos-disponibles?tiendaId=bbbbbbbb-bbbb-4bbb-8bbb-bbbbbbbbbbbb&zona=Zona+Norte,200,57.373,
2026-08-31T04:11:27.877455+00:00,GET,http://localhost:3000/logistics/tenderos/productos-disponibles?tiendaId=bbbbbbbb-bbbb-4bbb-8bbb-bbbbbbbbbbbb&zona=Zona+Norte,200,55.769,
2026-08-31T04:11:27.912208+00:00,GET,http://localhost:3000/logistics/tenderos/productos-disponibles?tiendaId=bbbbbbbb-bbbb-4bbb-8bbb-bbbbbbbbbbbb&zona=Zona+Norte,200,59.061,
2026-08-31T04:11:27.943850+00:00,GET,http://localhost:3000/logistics/tenderos/productos-disponibles?tiendaId=bbbbbbbb-bbbb-4bbb-8bbb-bbbbbbbbbbbb&zona=Zona+Norte,200,55.270,
2026-08-31T04:11:27.977099+00:00,GET,http://localhost:3000/logistics/tenderos/productos-disponibles?tiendaId=bbbbbbbb-bbbb-4bbb-8bbb-bbbbbbbbbbbb&zona=Zona+Norte,200,57.616,
2026-08-31T04:11:28.010802+00:00,GET,http://localhost:3000/logistics/tenderos/productos-disponibles?tiendaId=bbbbbbbb-bbbb-4bbb-8bbb-bbbbbbbbbbbb&zona=Zona+Norte,200,56.281,
2026-08-31T04:11:28.043637+00:00,GET,http://localhost:3000/logistics/tenderos/productos-disponibles?tiendaId=bbbbbbbb-bbbb-4bbb-8bbb-bbbbbbbbbbbb&zona=Zona+Norte,200,55.188,
2026-08-31T04:11:28.077463+00:00,GET,http://localhost:3000/logistics/tenderos/productos-disponibles?tiendaId=bbbbbbbb-bbbb-4bbb-8bbb-bbbbbbbbbbbb&zona=Zona+Norte,200,56.068,
2026-08-31T04:11:28.110731+00:00,GET,http://localhost:3000/logistics/tenderos/productos-disponibles?tiendaId=bbbbbbbb-bbbb-4bbb-8bbb-bbbbbbbbbbbb&zona=Zona+Norte,200,55.317,
2026-08-31T04:11:28.144158+00:00,GET,http://localhost:3000/logistics/tenderos/productos-disponibles?tiendaId=bbbbbbbb-bbbb-4bbb-8bbb-bbbbbbbbbbbb&zona=Zona+Norte,200,56.849,
2026-08-31T04:11:28.177127+00:00,GET,http://localhost:3000/logistics/tenderos/productos-disponibles?tiendaId=bbbbbbbb-bbbb-4bbb-8bbb-bbbbbbbbbbbb&zona=Zona+Norte,200,58.733,
2026-08-31T04:11:28.210806+00:00,GET,http://localhost:3000/logistics/tenderos/productos-disponibles?tiendaId=bbbbbbbb-bbbb-4bbb-8bbb-bbbbbbbbbbbb&zona=Zona+Norte,200,59.558,
2026-08-31T04:11:28.244017+00:00,GET,http://localhost:3000/logistics/tenderos/productos-disponibles?tiendaId=bbbbbbbb-bbbb-4bbb-8bbb-bbbbbbbbbbbb&zona=Zona+Norte,200,62.892,
2026-08-31T04:11:28.277197+00:00,GET,http://localhost:3000/logistics/tenderos/productos-disponibles?tiendaId=bbbbbbbb-bbbb-4bbb-8bbb-bbbbbbbbbbbb&zona=Zona+Norte,200,63.416,
2026-08-31T04:11:28.310130+00:00,GET,http://localhost:3000/logistics/tenderos/productos-disponibles?tiendaId=bbbbbbbb-bbbb-4bbb-8bbb-bbbbbbbbbbbb&zona=Zona+Norte,200,63.769,
2026-08-31T04:11:28.343406+00:00,GET,http://localhost:3000/logistics/tenderos/productos-disponibles?tiendaId=bbbbbbbb-bbbb-4bbb-8bbb-bbbbbbbbbbbb&zona=Zona+Norte,200,59.568,
2026-08-31T04:11:28.376758+00:00,GET,http://localhost:3000/logistics/tenderos/productos-disponibles?tiendaId=bbbbbbbb-bbbb-4bbb-8bbb-bbbbbbbbbbbb&zona=Zona+Norte,200,61.373,
2026-08-31T04:11:28.410078+00:00,GET,http://localhost:3000/logistics/tenderos/productos-disponibles?tiendaId=bbbbbbbb-bbbb-4bbb-8bbb-bbbbbbbbbbbb&zona=Zona+Norte,200,58.801,
2026-08-31T04:11:28.443735+00:00,GET,http://localhost:3000/logistics/tenderos/productos-disponibles?tiendaId=bbbbbbbb-bbbb-4bbb-8bbb-bbbbbbbbbbbb&zona=Zona+Norte,200,55.304,
2026-08-31T04:11:28.477147+00:00,GET,http://localhost:3000/logistics/tenderos/productos-disponibles?tiendaId=bbbbbbbb-bbbb-4bbb-8bbb-bbbbbbbbbbbb&zona=Zona+Norte,200,57.325,
2026-08-31T04:11:28.510487+00:00,GET,http://localhost:3000/logistics/tenderos/productos-disponibles?tiendaId=bbbbbbbb-bbbb-4bbb-8bbb-bbbbbbbbbbbb&zona=Zona+Norte,200,59.003,
2026-08-31T04:11:28.544142+00:00,GET,http://localhost:3000/logistics/tenderos/productos-disponibles?tiendaId=bbbbbbbb-bbbb-4bbb-8bbb-bbbbbbbbbbbb&zona=Zona+Norte,200,59.325,
2026-08-31T04:11:28.577381+00:00,GET,http://localhost:3000/logistics/tenderos/productos-disponibles?tiendaId=bbbbbbbb-bbbb-4bbb-8bbb-bbbbbbbbbbbb&zona=Zona+Norte,200,63.676,
2026-08-31T04:11:28.610575+00:00,GET,http://localhost:3000/logistics/tenderos/productos-disponibles?tiendaId=bbbbbbbb-bbbb-4bbb-8bbb-bbbbbbbbbbbb&zona=Zona+Norte,200,60.671,
2026-08-31T04:11:28.643349+00:00,GET,http://localhost:3000/logistics/tenderos/productos-disponibles?tiendaId=bbbbbbbb-bbbb-4bbb-8bbb-bbbbbbbbbbbb&zona=Zona+Norte,200,63.227,
2026-08-31T04:11:28.677113+00:00,GET,http://localhost:3000/logistics/tenderos/productos-disponibles?tiendaId=bbbbbbbb-bbbb-4bbb-8bbb-bbbbbbbbbbbb&zona=Zona+Norte,200,63.191,
2026-08-31T04:11:28.710161+00:00,GET,http://localhost:3000/logistics/tenderos/productos-disponibles?tiendaId=bbbbbbbb-bbbb-4bbb-8bbb-bbbbbbbbbbbb&zona=Zona+Norte,200,61.837,
2026-08-31T04:11:28.743501+00:00,GET,http://localhost:3000/logistics/tenderos/productos-disponibles?tiendaId=bbbbbbbb-bbbb-4bbb-8bbb-bbbbbbbbbbbb&zona=Zona+Norte,200,66.876,
2026-08-31T04:11:28.777002+00:00,GET,http://localhost:3000/logistics/tenderos/productos-disponibles?tiendaId=bbbbbbbb-bbbb-4bbb-8bbb-bbbbbbbbbbbb&zona=Zona+Norte,200,58.470,
2026-08-31T04:11:28.810409+00:00,GET,http://localhost:3000/logistics/tenderos/productos-disponibles?tiendaId=bbbbbbbb-bbbb-4bbb-8bbb-bbbbbbbbbbbb&zona=Zona+Norte,200,59.556,
2026-08-31T04:11:28.843908+00:00,GET,http://localhost:3000/logistics/tenderos/productos-disponibles?tiendaId=bbbbbbbb-bbbb-4bbb-8bbb-bbbbbbbbbbbb&zona=Zona+Norte,200,62.339,
2026-08-31T04:11:28.877274+00:00,GET,http://localhost:3000/logistics/tenderos/productos-disponibles?tiendaId=bbbbbbbb-bbbb-4bbb-8bbb-bbbbbbbbbbbb&zona=Zona+Norte,200,62.514,
2026-08-31T04:11:28.910213+00:00,GET,http://localhost:3000/logistics/tenderos/productos-disponibles?tiendaId=bbbbbbbb-bbbb-4bbb-8bbb-bbbbbbbbbbbb&zona=Zona+Norte,200,62.917,
2026-08-31T04:11:28.943528+00:00,GET,http://localhost:3000/logistics/tenderos/productos-disponibles?tiendaId=bbbbbbbb-bbbb-4bbb-8bbb-bbbbbbbbbbbb&zona=Zona+Norte,200,60.949,
2026-08-31T04:11:28.976855+00:00,GET,http://localhost:3000/logistics/tenderos/productos-disponibles?tiendaId=bbbbbbbb-bbbb-4bbb-8bbb-bbbbbbbbbbbb&zona=Zona+Norte,200,63.590,
2026-08-31T04:11:29.010474+00:00,GET,http://localhost:3000/logistics/tenderos/productos-disponibles?tiendaId=bbbbbbbb-bbbb-4bbb-8bbb-bbbbbbbbbbbb&zona=Zona+Norte,200,60.508,
2026-08-31T04:11:29.043430+00:00,GET,http://localhost:3000/logistics/tenderos/productos-disponibles?tiendaId=bbbbbbbb-bbbb-4bbb-8bbb-bbbbbbbbbbbb&zona=Zona+Norte,200,61.671,
2026-08-31T04:11:29.077127+00:00,GET,http://localhost:3000/logistics/tenderos/productos-disponibles?tiendaId=bbbbbbbb-bbbb-4bbb-8bbb-bbbbbbbbbbbb&zona=Zona+Norte,200,59.487,
2026-08-31T04:11:29.110350+00:00,GET,http://localhost:3000/logistics/tenderos/productos-disponibles?tiendaId=bbbbbbbb-bbbb-4bbb-8bbb-bbbbbbbbbbbb&zona=Zona+Norte,200,62.863,
2026-08-31T04:11:29.143920+00:00,GET,http://localhost:3000/logistics/tenderos/productos-disponibles?tiendaId=bbbbbbbb-bbbb-4bbb-8bbb-bbbbbbbbbbbb&zona=Zona+Norte,200,61.825,
2026-08-31T04:11:29.176842+00:00,GET,http://localhost:3000/logistics/tenderos/productos-disponibles?tiendaId=bbbbbbbb-bbbb-4bbb-8bbb-bbbbbbbbbbbb&zona=Zona+Norte,200,62.899,
2026-08-31T04:11:29.210333+00:00,GET,http://localhost:3000/logistics/tenderos/productos-disponibles?tiendaId=bbbbbbbb-bbbb-4bbb-8bbb-bbbbbbbbbbbb&zona=Zona+Norte,200,64.209,
2026-08-31T04:11:29.243564+00:00,GET,http://localhost:3000/logistics/tenderos/productos-disponibles?tiendaId=bbbbbbbb-bbbb-4bbb-8bbb-bbbbbbbbbbbb&zona=Zona+Norte,200,60.456,
2026-08-31T04:11:29.276692+00:00,GET,http://localhost:3000/logistics/tenderos/productos-disponibles?tiendaId=bbbbbbbb-bbbb-4bbb-8bbb-bbbbbbbbbbbb&zona=Zona+Norte,200,63.533,
2026-08-31T04:11:29.310494+00:00,GET,http://localhost:3000/logistics/tenderos/productos-disponibles?tiendaId=bbbbbbbb-bbbb-4bbb-8bbb-bbbbbbbbbbbb&zona=Zona+Norte,200,63.536,
2026-08-31T04:11:29.343464+00:00,GET,http://localhost:3000/logistics/tenderos/productos-disponibles?tiendaId=bbbbbbbb-bbbb-4bbb-8bbb-bbbbbbbbbbbb&zona=Zona+Norte,200,60.817,
2026-08-31T04:11:29.376742+00:00,GET,http://localhost:3000/logistics/tenderos/productos-disponibles?tiendaId=bbbbbbbb-bbbb-4bbb-8bbb-bbbbbbbbbbbb&zona=Zona+Norte,200,59.627,
2026-08-31T04:11:29.410229+00:00,GET,http://localhost:3000/logistics/tenderos/productos-disponibles?tiendaId=bbbbbbbb-bbbb-4bbb-8bbb-bbbbbbbbbbbb&zona=Zona+Norte,200,59.601,
2026-08-31T04:11:29.443984+00:00,GET,http://localhost:3000/logistics/tenderos/productos-disponibles?tiendaId=bbbbbbbb-bbbb-4bbb-8bbb-bbbbbbbbbbbb&zona=Zona+Norte,200,63.227,
2026-08-31T04:11:29.477333+00:00,GET,http://localhost:3000/logistics/tenderos/productos-disponibles?tiendaId=bbbbbbbb-bbbb-4bbb-8bbb-bbbbbbbbbbbb&zona=Zona+Norte,200,63.360,
2026-08-31T04:11:29.510118+00:00,GET,http://localhost:3000/logistics/tenderos/productos-disponibles?tiendaId=bbbbbbbb-bbbb-4bbb-8bbb-bbbbbbbbbbbb&zona=Zona+Norte,200,58.845,
2026-08-31T04:11:29.543402+00:00,GET,http://localhost:3000/logistics/tenderos/productos-disponibles?tiendaId=bbbbbbbb-bbbb-4bbb-8bbb-bbbbbbbbbbbb&zona=Zona+Norte,200,62.069,
2026-08-31T04:11:29.577398+00:00,GET,http://localhost:3000/logistics/tenderos/productos-disponibles?tiendaId=bbbbbbbb-bbbb-4bbb-8bbb-bbbbbbbbbbbb&zona=Zona+Norte,200,59.636,
2026-08-31T04:11:29.610330+00:00,GET,http://localhost:3000/logistics/tenderos/productos-disponibles?tiendaId=bbbbbbbb-bbbb-4bbb-8bbb-bbbbbbbbbbbb&zona=Zona+Norte,200,62.356,
2026-08-31T04:11:29.643908+00:00,GET,http://localhost:3000/logistics/tenderos/productos-disponibles?tiendaId=bbbbbbbb-bbbb-4bbb-8bbb-bbbbbbbbbbbb&zona=Zona+Norte,200,62.785,
2026-08-31T04:11:29.676928+00:00,GET,http://localhost:3000/logistics/tenderos/productos-disponibles?tiendaId=bbbbbbbb-bbbb-4bbb-8bbb-bbbbbbbbbbbb&zona=Zona+Norte,200,63.998,
2026-08-31T04:11:29.710157+00:00,GET,http://localhost:3000/logistics/tenderos/productos-disponibles?tiendaId=bbbbbbbb-bbbb-4bbb-8bbb-bbbbbbbbbbbb&zona=Zona+Norte,200,62.498,
2026-08-31T04:11:29.743378+00:00,GET,http://localhost:3000/logistics/tenderos/productos-disponibles?tiendaId=bbbbbbbb-bbbb-4bbb-8bbb-bbbbbbbbbbbb&zona=Zona+Norte,200,60.007,
2026-08-31T04:11:29.776925+00:00,GET,http://localhost:3000/logistics/tenderos/productos-disponibles?tiendaId=bbbbbbbb-bbbb-4bbb-8bbb-bbbbbbbbbbbb&zona=Zona+Norte,200,61.436,
2026-08-31T04:11:29.810623+00:00,GET,http://localhost:3000/logistics/tenderos/productos-disponibles?tiendaId=bbbbbbbb-bbbb-4bbb-8bbb-bbbbbbbbbbbb&zona=Zona+Norte,200,62.464,
2026-08-31T04:11:29.843722+00:00,GET,http://localhost:3000/logistics/tenderos/productos-disponibles?tiendaId=bbbbbbbb-bbbb-4bbb-8bbb-bbbbbbbbbbbb&zona=Zona+Norte,200,59.270,
2026-08-31T04:11:29.876867+00:00,GET,http://localhost:3000/logistics/tenderos/productos-disponibles?tiendaId=bbbbbbbb-bbbb-4bbb-8bbb-bbbbbbbbbbbb&zona=Zona+Norte,200,63.749,
2026-08-31T04:11:29.910447+00:00,GET,http://localhost:3000/logistics/tenderos/productos-disponibles?tiendaId=bbbbbbbb-bbbb-4bbb-8bbb-bbbbbbbbbbbb&zona=Zona+Norte,200,63.839,
2026-08-31T04:11:29.943441+00:00,GET,http://localhost:3000/logistics/tenderos/productos-disponibles?tiendaId=bbbbbbbb-bbbb-4bbb-8bbb-bbbbbbbbbbbb&zona=Zona+Norte,200,59.961,
2026-08-31T04:11:29.976734+00:00,GET,http://localhost:3000/logistics/tenderos/productos-disponibles?tiendaId=bbbbbbbb-bbbb-4bbb-8bbb-bbbbbbbbbbbb&zona=Zona+Norte,200,59.582,
2026-08-31T04:11:30.010459+00:00,GET,http://localhost:3000/logistics/tenderos/productos-disponibles?tiendaId=bbbbbbbb-bbbb-4bbb-8bbb-bbbbbbbbbbbb&zona=Zona+Norte,200,63.669,
2026-08-31T04:11:30.043778+00:00,GET,http://localhost:3000/logistics/tenderos/productos-disponibles?tiendaId=bbbbbbbb-bbbb-4bbb-8bbb-bbbbbbbbbbbb&zona=Zona+Norte,200,63.456,
2026-08-31T04:11:30.076726+00:00,GET,http://localhost:3000/logistics/tenderos/productos-disponibles?tiendaId=bbbbbbbb-bbbb-4bbb-8bbb-bbbbbbbbbbbb&zona=Zona+Norte,200,61.994,
2026-08-31T04:11:30.110096+00:00,GET,http://localhost:3000/logistics/tenderos/productos-disponibles?tiendaId=bbbbbbbb-bbbb-4bbb-8bbb-bbbbbbbbbbbb&zona=Zona+Norte,200,63.157,
2026-08-31T04:11:30.143678+00:00,GET,http://localhost:3000/logistics/tenderos/productos-disponibles?tiendaId=bbbbbbbb-bbbb-4bbb-8bbb-bbbbbbbbbbbb&zona=Zona+Norte,200,63.428,
2026-08-31T04:11:30.176857+00:00,GET,http://localhost:3000/logistics/tenderos/productos-disponibles?tiendaId=bbbbbbbb-bbbb-4bbb-8bbb-bbbbbbbbbbbb&zona=Zona+Norte,200,60.020,
2026-08-31T04:11:30.210122+00:00,GET,http://localhost:3000/logistics/tenderos/productos-disponibles?tiendaId=bbbbbbbb-bbbb-4bbb-8bbb-bbbbbbbbbbbb&zona=Zona+Norte,200,62.643,
2026-08-31T04:11:30.243930+00:00,GET,http://localhost:3000/logistics/tenderos/productos-disponibles?tiendaId=bbbbbbbb-bbbb-4bbb-8bbb-bbbbbbbbbbbb&zona=Zona+Norte,200,60.637,
2026-08-31T04:11:30.276975+00:00,GET,http://localhost:3000/logistics/tenderos/productos-disponibles?tiendaId=bbbbbbbb-bbbb-4bbb-8bbb-bbbbbbbbbbbb&zona=Zona+Norte,200,58.666,
2026-08-31T04:11:30.310420+00:00,GET,http://localhost:3000/logistics/tenderos/productos-disponibles?tiendaId=bbbbbbbb-bbbb-4bbb-8bbb-bbbbbbbbbbbb&zona=Zona+Norte,200,58.937,
2026-08-31T04:11:30.343826+00:00,GET,http://localhost:3000/logistics/tenderos/productos-disponibles?tiendaId=bbbbbbbb-bbbb-4bbb-8bbb-bbbbbbbbbbbb&zona=Zona+Norte,200,59.772,
2026-08-31T04:11:30.377136+00:00,GET,http://localhost:3000/logistics/tenderos/productos-disponibles?tiendaId=bbbbbbbb-bbbb-4bbb-8bbb-bbbbbbbbbbbb&zona=Zona+Norte,200,59.605,
2026-08-31T04:11:30.410452+00:00,GET,http://localhost:3000/logistics/tenderos/productos-disponibles?tiendaId=bbbbbbbb-bbbb-4bbb-8bbb-bbbbbbbbbbbb&zona=Zona+Norte,200,60.315,
2026-08-31T04:11:30.443760+00:00,GET,http://localhost:3000/logistics/tenderos/productos-disponibles?tiendaId=bbbbbbbb-bbbb-4bbb-8bbb-bbbbbbbbbbbb&zona=Zona+Norte,200,60.299,
2026-08-31T04:11:30.477170+00:00,GET,http://localhost:3000/logistics/tenderos/productos-disponibles?tiendaId=bbbbbbbb-bbbb-4bbb-8bbb-bbbbbbbbbbbb&zona=Zona+Norte,200,60.820,
2026-08-31T04:11:30.510550+00:00,GET,http://localhost:3000/logistics/tenderos/productos-disponibles?tiendaId=bbbbbbbb-bbbb-4bbb-8bbb-bbbbbbbbbbbb&zona=Zona+Norte,200,63.146,
2026-08-31T04:11:30.543833+00:00,GET,http://localhost:3000/logistics/tenderos/productos-disponibles?tiendaId=bbbbbbbb-bbbb-4bbb-8bbb-bbbbbbbbbbbb&zona=Zona+Norte,200,64.589,
2026-08-31T04:11:30.576840+00:00,GET,http://localhost:3000/logistics/tenderos/productos-disponibles?tiendaId=bbbbbbbb-bbbb-4bbb-8bbb-bbbbbbbbbbbb&zona=Zona+Norte,200,63.605,
2026-08-31T04:11:30.610001+00:00,GET,http://localhost:3000/logistics/tenderos/productos-disponibles?tiendaId=bbbbbbbb-bbbb-4bbb-8bbb-bbbbbbbbbbbb&zona=Zona+Norte,200,62.896,
2026-08-31T04:11:30.643493+00:00,GET,http://localhost:3000/logistics/tenderos/productos-disponibles?tiendaId=bbbbbbbb-bbbb-4bbb-8bbb-bbbbbbbbbbbb&zona=Zona+Norte,200,59.254,
2026-08-31T04:11:30.676957+00:00,GET,http://localhost:3000/logistics/tenderos/productos-disponibles?tiendaId=bbbbbbbb-bbbb-4bbb-8bbb-bbbbbbbbbbbb&zona=Zona+Norte,200,60.040,
2026-08-31T04:11:30.710425+00:00,GET,http://localhost:3000/logistics/tenderos/productos-disponibles?tiendaId=bbbbbbbb-bbbb-4bbb-8bbb-bbbbbbbbbbbb&zona=Zona+Norte,200,58.779,
2026-08-31T04:11:30.743968+00:00,GET,http://localhost:3000/logistics/tenderos/productos-disponibles?tiendaId=bbbbbbbb-bbbb-4bbb-8bbb-bbbbbbbbbbbb&zona=Zona+Norte,200,62.097,
2026-08-31T04:11:30.777384+00:00,GET,http://localhost:3000/logistics/tenderos/productos-disponibles?tiendaId=bbbbbbbb-bbbb-4bbb-8bbb-bbbbbbbbbbbb&zona=Zona+Norte,200,60.065,
2026-08-31T04:11:30.810330+00:00,GET,http://localhost:3000/logistics/tenderos/productos-disponibles?tiendaId=bbbbbbbb-bbbb-4bbb-8bbb-bbbbbbbbbbbb&zona=Zona+Norte,200,60.528,
2026-08-31T04:11:30.843909+00:00,GET,http://localhost:3000/logistics/tenderos/productos-disponibles?tiendaId=bbbbbbbb-bbbb-4bbb-8bbb-bbbbbbbbbbbb&zona=Zona+Norte,200,59.871,
2026-08-31T04:11:30.877229+00:00,GET,http://localhost:3000/logistics/tenderos/productos-disponibles?tiendaId=bbbbbbbb-bbbb-4bbb-8bbb-bbbbbbbbbbbb&zona=Zona+Norte,200,63.433,
2026-08-31T04:11:30.910587+00:00,GET,http://localhost:3000/logistics/tenderos/productos-disponibles?tiendaId=bbbbbbbb-bbbb-4bbb-8bbb-bbbbbbbbbbbb&zona=Zona+Norte,200,63.652,
2026-08-31T04:11:30.943250+00:00,GET,http://localhost:3000/logistics/tenderos/productos-disponibles?tiendaId=bbbbbbbb-bbbb-4bbb-8bbb-bbbbbbbbbbbb&zona=Zona+Norte,200,61.091,
2026-08-31T04:11:30.976789+00:00,GET,http://localhost:3000/logistics/tenderos/productos-disponibles?tiendaId=bbbbbbbb-bbbb-4bbb-8bbb-bbbbbbbbbbbb&zona=Zona+Norte,200,63.732,
2026-08-31T04:11:31.010384+00:00,GET,http://localhost:3000/logistics/tenderos/productos-disponibles?tiendaId=bbbbbbbb-bbbb-4bbb-8bbb-bbbbbbbbbbbb&zona=Zona+Norte,200,64.759,
2026-08-31T04:11:31.043492+00:00,GET,http://localhost:3000/logistics/tenderos/productos-disponibles?tiendaId=bbbbbbbb-bbbb-4bbb-8bbb-bbbbbbbbbbbb&zona=Zona+Norte,200,63.877,
2026-08-31T04:11:31.076663+00:00,GET,http://localhost:3000/logistics/tenderos/productos-disponibles?tiendaId=bbbbbbbb-bbbb-4bbb-8bbb-bbbbbbbbbbbb&zona=Zona+Norte,200,64.644,
2026-08-31T04:11:31.110140+00:00,GET,http://localhost:3000/logistics/tenderos/productos-disponibles?tiendaId=bbbbbbbb-bbbb-4bbb-8bbb-bbbbbbbbbbbb&zona=Zona+Norte,200,64.267,
2026-08-31T04:11:31.143383+00:00,GET,http://localhost:3000/logistics/tenderos/productos-disponibles?tiendaId=bbbbbbbb-bbbb-4bbb-8bbb-bbbbbbbbbbbb&zona=Zona+Norte,200,59.286,
2026-08-31T04:11:31.176763+00:00,GET,http://localhost:3000/logistics/tenderos/productos-disponibles?tiendaId=bbbbbbbb-bbbb-4bbb-8bbb-bbbbbbbbbbbb&zona=Zona+Norte,200,60.040,
2026-08-31T04:11:31.210488+00:00,GET,http://localhost:3000/logistics/tenderos/productos-disponibles?tiendaId=bbbbbbbb-bbbb-4bbb-8bbb-bbbbbbbbbbbb&zona=Zona+Norte,200,63.438,
2026-08-31T04:11:31.243908+00:00,GET,http://localhost:3000/logistics/tenderos/productos-disponibles?tiendaId=bbbbbbbb-bbbb-4bbb-8bbb-bbbbbbbbbbbb&zona=Zona+Norte,200,62.730,
2026-08-31T04:11:31.276852+00:00,GET,http://localhost:3000/logistics/tenderos/productos-disponibles?tiendaId=bbbbbbbb-bbbb-4bbb-8bbb-bbbbbbbbbbbb&zona=Zona+Norte,200,63.917,
2026-08-31T04:11:31.310045+00:00,GET,http://localhost:3000/logistics/tenderos/productos-disponibles?tiendaId=bbbbbbbb-bbbb-4bbb-8bbb-bbbbbbbbbbbb&zona=Zona+Norte,200,63.433,
2026-08-31T04:11:31.343498+00:00,GET,http://localhost:3000/logistics/tenderos/productos-disponibles?tiendaId=bbbbbbbb-bbbb-4bbb-8bbb-bbbbbbbbbbbb&zona=Zona+Norte,200,60.255,
2026-08-31T04:11:31.376789+00:00,GET,http://localhost:3000/logistics/tenderos/productos-disponibles?tiendaId=bbbbbbbb-bbbb-4bbb-8bbb-bbbbbbbbbbbb&zona=Zona+Norte,200,58.384,
2026-08-31T04:11:31.410647+00:00,GET,http://localhost:3000/logistics/tenderos/productos-disponibles?tiendaId=bbbbbbbb-bbbb-4bbb-8bbb-bbbbbbbbbbbb&zona=Zona+Norte,200,59.560,
2026-08-31T04:11:31.443728+00:00,GET,http://localhost:3000/logistics/tenderos/productos-disponibles?tiendaId=bbbbbbbb-bbbb-4bbb-8bbb-bbbbbbbbbbbb&zona=Zona+Norte,200,56.331,
2026-08-31T04:11:31.477320+00:00,GET,http://localhost:3000/logistics/tenderos/productos-disponibles?tiendaId=bbbbbbbb-bbbb-4bbb-8bbb-bbbbbbbbbbbb&zona=Zona+Norte,200,59.272,
2026-08-31T04:11:31.510392+00:00,GET,http://localhost:3000/logistics/tenderos/productos-disponibles?tiendaId=bbbbbbbb-bbbb-4bbb-8bbb-bbbbbbbbbbbb&zona=Zona+Norte,200,59.343,
2026-08-31T04:11:31.543756+00:00,GET,http://localhost:3000/logistics/tenderos/productos-disponibles?tiendaId=bbbbbbbb-bbbb-4bbb-8bbb-bbbbbbbbbbbb&zona=Zona+Norte,200,60.283,
2026-08-31T04:11:31.577375+00:00,GET,http://localhost:3000/logistics/tenderos/productos-disponibles?tiendaId=bbbbbbbb-bbbb-4bbb-8bbb-bbbbbbbbbbbb&zona=Zona+Norte,200,55.329,
2026-08-31T04:11:31.610600+00:00,GET,http://localhost:3000/logistics/tenderos/productos-disponibles?tiendaId=bbbbbbbb-bbbb-4bbb-8bbb-bbbbbbbbbbbb&zona=Zona+Norte,200,54.409,
2026-08-31T04:11:31.643725+00:00,GET,http://localhost:3000/logistics/tenderos/productos-disponibles?tiendaId=bbbbbbbb-bbbb-4bbb-8bbb-bbbbbbbbbbbb&zona=Zona+Norte,200,55.519,
2026-08-31T04:11:31.677554+00:00,GET,http://localhost:3000/logistics/tenderos/productos-disponibles?tiendaId=bbbbbbbb-bbbb-4bbb-8bbb-bbbbbbbbbbbb&zona=Zona+Norte,200,55.224,
2026-08-31T04:11:31.709926+00:00,GET,http://localhost:3000/logistics/tenderos/productos-disponibles?tiendaId=bbbbbbbb-bbbb-4bbb-8bbb-bbbbbbbbbbbb&zona=Zona+Norte,200,53.171,
2026-08-31T04:11:31.743451+00:00,GET,http://localhost:3000/logistics/tenderos/productos-disponibles?tiendaId=bbbbbbbb-bbbb-4bbb-8bbb-bbbbbbbbbbbb&zona=Zona+Norte,200,56.375,
2026-08-31T04:11:31.777572+00:00,GET,http://localhost:3000/logistics/tenderos/productos-disponibles?tiendaId=bbbbbbbb-bbbb-4bbb-8bbb-bbbbbbbbbbbb&zona=Zona+Norte,200,56.036,
2026-08-31T04:11:31.810882+00:00,GET,http://localhost:3000/logistics/tenderos/productos-disponibles?tiendaId=bbbbbbbb-bbbb-4bbb-8bbb-bbbbbbbbbbbb&zona=Zona+Norte,200,55.297,
2026-08-31T04:11:31.844264+00:00,GET,http://localhost:3000/logistics/tenderos/productos-disponibles?tiendaId=bbbbbbbb-bbbb-4bbb-8bbb-bbbbbbbbbbbb&zona=Zona+Norte,200,57.328,
