timestamp_iso,method,endpoint,status_code,latency_ms,error
2026-08-31T04:02:27.577326+00:00,GET,http://localhost:3000/logistics/tenderos/productos-disponibles?tiendaId=bbbbbbbb-bbbb-4bbb-8bbb-bbbbbbbbbbbb&zona=Zona+Norte,200,108.927,
2026-08-31T04:02:27.608909+00:00,GET,http://localhost:3000/logistics/tenderos/productos-disponibles?tiendaId=bbbbbbbb-bbbb-4bbb-8bbb-bbbbbbbbbbbb&zona=Zona+Norte,200,93.636,
2026-08-31T04:02:27.641816+00:00,GET,http://localhost:3000/logistics/tenderos/productos-disponibles?tiendaId=bbbbbbbb-bbbb-4bbb-8bbb-bbbbbbbbbbbb&zona=Zona+Norte,200,74.319,
2026-08-31T04:02:27.675122+00:00,GET,http://localhost:3000/logistics/tenderos/productos-disponibles?tiendaId=bbbbbbbb-bbbb-4bbb-8bbb-bbbbbbbbbbbb&zona=Zona+Norte,200,63.660,
2026-08-31T04:02:27.707908+00:00,GET,http://localhost:3000/logistics/tenderos/productos-disponibles?tiendaId=bbbbbbbb-bbbb-4bbb-8bbb-bbbbbbbbbbbb&zona=Zona+Norte,200,58.136,
2026-08-31T04:02:27.740993+00:00,GET,http://localhost:3000/logistics/tenderos/productos-disponibles?tiendaId=bbbbbbbb-bbbb-4bbb-8bbb-bbbbbbbbbbbb&zona=Zona+Norte,200,48.590,
2026-08-31T04:02:27.775097+00:00,GET,http://localhost:3000/logistics/tenderos/productos-disponibles?tiendaId=bbbbbbbb-bbbb-4bbb-8bbb-bbbbbbbbbbbb&zona=Zona+Norte,200,53.945,
2026-08-31T04:02:27.808437+00:00,GET,http://localhost:3000/logistics/tenderos/productos-disponibles?tiendaId=bbbbbbbb-bbbb-4bbb-8bbb-bbbbbbbbbbbb&zona=Zona+Norte,200,51.317,
2026-08-31T04:02:27.840903+00:00,GET,http://localhost:3000/logistics/tenderos/productos-disponibles?tiendaId=bbbbbbbb-bbbb-4bbb-8bbb-bbbbbbbbbbbb&zona=Zona+Norte,200,59.234,
2026-08-31T04:02:27.875116+00:00,GET,http://localhost:3000/logistics/tenderos/productos-disponibles?tiendaId=bbbbbbbb-bbbb-4bbb-8bbb-bbbbbbbbbbbb&zona=Zona+Norte,200,50.984,
2026-08-31T04:02:27.908372+00:00,GET,http://localhost:3000/logistics/tenderos/productos-disponibles?tiendaId=bbbbbbbb-bbbb-4bbb-8bbb-bbbbbbbbbbbb&zona=Zona+Norte,200,58.418,
2026-08-31T04:02:27.940986+00:00,GET,http://localhost:3000/logistics/tenderos/productos-disponibles?tiendaId=bbbbbbbb-bbbb-4bbb-8bbb-bbbbbbbbbbbb&zona=Zona+Norte,200,52.313,
2026-08-31T04:02:27.974443+00:00,GET,http://localhost:3000/logistics/tenderos/productos-disponibles?tiendaId=bbbbbbbb-bbbb-4bbb-8bbb-bbbbbbbbbbbb&zona=Zona+Norte,200,58.134,
2026-08-31T04:02:28.008101+00:00,GET,http://localhost:3000/logistics/tenderos/productos-disponibles?tiendaId=bbbbbbbb-bbbb-4bbb-8bbb-bbbbbbbbbbbb&zona=Zona+Norte,200,51.342,
2026-08-31T04:02:28.041796+00:00,GET,http://localhost:3000/logistics/tenderos/productos-disponibles?tiendaId=bbbbbbbb-bbbb-4bbb-8bbb-bbbbbbbbbbbb&zona=Zona+Norte,200,55.462,
2026-08-31T04:02:28.074642+00:00,GET,http://localhost:3000/logistics/tenderos/productos-disponibles?tiendaId=bbbbbbbb-bbbb-4bbb-8bbb-bbbbbbbbbbbb&zona=Zona+Norte,200,50.108,
2026-08-31T04:02:28.108314+00:00,GET,http://localhost:3000/logistics/tenderos/productos-disponibles?tiendaId=bbbbbbbb-bbbb-4bbb-8bbb-bbbbbbbbbbbb&zona=Zona+Norte,200,58.024,
2026-08-31T04:02:28.141294+00:00,GET,http://localhost:3000/logistics/tenderos/productos-disponibles?tiendaId=bbbbbbbb-bbbb-4bbb-8bbb-bbbbbbbbbbbb&zona=Zona+Norte,200,52.402,
2026-08-31T04:02:28.174616+00:00,GET,http://localhost:3000/logistics/tenderos/productos-disponibles?tiendaId=bbbbbbbb-bbbb-4bbb-8bbb-bbbbbbbbbbbb&zona=Zona+Norte,200,58.870,
2026-08-31T04:02:28.207948+00:00,GET,http://localhost:3000/logistics/tenderos/productos-disponibles?tiendaId=bbbbbbbb-bbbb-4bbb-8bbb-bbbbbbbbbbbb&zona=Zona+Norte,200,53.053,
2026-08-31T04:02:28.241268+00:00,GET,http://localhost:3000/logistics/tenderos/productos-disponibles?tiendaId=bbbbbbbb-bbbb-4bbb-8bbb-bbbbbbbbbbbb&zona=Zona+Norte,200,58.706,
2026-08-31T04:02:28.275266+00:00,GET,http://localhost:3000/logistics/tenderos/productos-disponibles?tiendaId=bbbbbbbb-bbbb-4bbb-8bbb-bbbbbbbbbbbb&zona=Zona+Norte,200,51.189,
2026-08-31T04:02:28.308418+00:00,GET,http://localhost:3000/logistics/tenderos/productos-disponibles?tiendaId=bbbbbbbb-bbbb-4bbb-8bbb-bbbbbbbbbbbb&zona=Zona+Norte,200,54.242,
2026-08-31T04:02:28.341826+00:00,GET,http://localhost:3000/logistics/tenderos/productos-disponibles?tiendaId=bbbbbbbb-bbbb-4bbb-8bbb-bbbbbbbbbbbb&zona=Zona+Norte,200,50.220,
2026-08-31T04:02:28.375137+00:00,GET,http://localhost:3000/logistics/tenderos/productos-disponibles?tiendaId=bbbbbbbb-bbbb-4bbb-8bbb-bbbbbbbbbbbb&zona=Zona+Norte,200,59.352,
2026-08-31T04:02:28.408463+00:00,GET,http://localhost:3000/logistics/tenderos/productos-disponibles?tiendaId=bbbbbbbb-bbbb-4bbb-8bbb-bbbbbbbbbbbb&zona=Zona+Norte,200,51.763,
2026-08-31T04:02:28.441559+00:00,GET,http://localhost:3000/logistics/tenderos/productos-disponibles?tiendaId=bbbbbbbb-bbbb-4bbb-8bbb-bbbbbbbbbbbb&zona=Zona+Norte,200,55.218,
2026-08-31T04:02:28.474941+00:00,GET,http://localhost:3000/logistics/tenderos/productos-disponibles?tiendaId=bbbbbbbb-bbbb-4bbb-8bbb-bbbbbbbbbbbb&zona=Zona+Norte,200,51.333,
2026-08-31T04:02:28.508078+00:00,GET,http://localhost:3000/logistics/tenderos/productos-disponibles?tiendaId=bbbbbbbb-bbbb-4bbb-8bbb-bbbbbbbbbbbb&zona=Zona+Norte,200,54.452,
2026-08-31T04:02:28.541701+00:00,GET,http://localhost:3000/logistics/tenderos/productos-disponibles?tiendaId=bbbbbbbb-bbbb-4bbb-8bbb-bbbbbbbbbbbb&zona=Zona+Norte,200,49.900,
2026-08-31T04:02:28.574935+00:00,GET,http://localhost:3000/logistics/tenderos/productos-disponibles?tiendaId=bbbbbbbb-bbbb-4bbb-8bbb-bbbbbbbbbbbb&zona=Zona+Norte,200,56.755,
2026-08-31T04:02:28.608508+00:00,GET,http://localhost:3000/logistics/tenderos/productos-disponibles?tiendaId=bbbbbbbb-bbbb-4bbb-8bbb-bbbbbbbbbbbb&zona=Zona+Norte,200,54.100,
2026-08-31T04:02:28.641852+00:00,GET,http://localhost:3000/logistics/tenderos/productos-disponibles?tiendaId=bbbbbbbb-bbbb-4bbb-8bbb-bbbbbbbbbbbb&zona=Zona+Norte,200,58.483,
2026-08-31T04:02:28.675205+00:00,GET,http://localhost:3000/logistics/tenderos/productos-disponibles?tiendaId=bbbbbbbb-bbbb-4bbb-8bbb-bbbbbbbbbbbb&zona=Zona+Norte,200,50.844,
2026-08-31T04:02:28.708411+00:00,GET,http://localhost:3000/logistics/tenderos/productos-disponibles?tiendaId=bbbbbbbb-bbbb-4bbb-8bbb-bbbbbbbbbbbb&zona=Zona+Norte,200,58.688,
2026-08-31T04:02:28.741880+00:00,GET,http://localhost:3000/logistics/tenderos/productos-disponibles?tiendaId=bbbbbbbb-bbbb-4bbb-8bbb-bbbbbbbbbbbb&zona=Zona+Norte,200,52.744,
2026-08-31T04:02:28.775091+00:00,GET,http://localhost:3000/logistics/tenderos/productos-disponibles?tiendaId=bbbbbbbb-bbbb-4bbb-8bbb-bbbbbbbbbbbb&zona=Zona+Norte,200,55.483,
2026-08-31T04:02:28.808533+00:00,GET,http://localhost:3000/logistics/tenderos/productos-disponibles?tiendaId=bbbbbbbb-bbbb-4bbb-8bbb-bbbbbbbbbbbb&zona=Zona+Norte,200,50.670,
2026-08-31T04:02:28.840912+00:00,GET,http://localhost:3000/logistics/tenderos/productos-disponibles?tiendaId=bbbbbbbb-bbbb-4bbb-8bbb-bbbbbbbbbbbb&zona=Zona+Norte,200,55.076,
2026-08-31T04:02:28.875183+00:00,GET,http://localhost:3000/logistics/tenderos/productos-disponibles?tiendaId=bbbbbbbb-bbbb-4bbb-8bbb-bbbbbbbbbbbb&zona=Zona+Norte,200,51.073,
2026-08-31T04:02:28.908565+00:00,GET,http://localhost:3000/logistics/tenderos/productos-disponibles?tiendaId=bbbbbbbb-bbbb-4bbb-8bbb-bbbbbbbbbbbb&zona=Zona+Norte,200,58.832,
2026-08-31T04:02:28.940956+00:00,GET,http://localhost:3000/logistics/tenderos/productos-disponibles?tiendaId=bbbbbbbb-bbbb-4bbb-8bbb-bbbbbbbbbbbb&zona=Zona+Norte,200,51.301,
2026-08-31T04:02:28.975003+00:00,GET,http://localhost:3000/logistics/tenderos/productos-disponibles?tiendaId=bbbbbbbb-bbbb-4bbb-8bbb-bbbbbbbbbbbb&zona=Zona+Norte,200,55.361,
2026-08-31T04:02:29.007804+00:00,GET,http://localhost:3000/logistics/tenderos/productos-disponibles?tiendaId=bbbbbbbb-bbbb-4bbb-8bbb-bbbbbbbbbbbb&zona=Zona+Norte,200,53.562,
2026-08-31T04:02:29.041858+00:00,GET,http://localhost:3000/logistics/tenderos/productos-disponibles?tiendaId=bbbbbbbb-bbbb-4bbb-8bbb-bbbbbbbbbbbb&zona=Zona+Norte,200,58.309,
2026-08-31T04:02:29.074972+00:00,GET,http://localhost:3000/logistics/tenderos/productos-disponibles?tiendaId=bbbbbbbb-bbbb-4bbb-8bbb-bbbbbbbbbbbb&zona=Zona+Norte,200,49.332,
2026-08-31T04:02:29.107968+00:00,GET,http://localhost:3000/logistics/tenderos/productos-disponibles?tiendaId=bbbbbbbb-bbbb-4bbb-8bbb-bbbbbbbbbbbb&zona=Zona+Norte,200,59.326,
2026-08-31T04:02:29.141851+00:00,GET,http://localhost:3000/logistics/tenderos/productos-disponibles?tiendaId=bbbbbbbb-bbbb-4bbb-8bbb-bbbbbbbbbbbb&zona=Zona+Norte,200,58.070,
2026-08-31T04:02:29.175042+00:00,GET,http://localhost:3000/logistics/tenderos/productos-disponibles?tiendaId=bbbbbbbb-bbbb-4bbb-8bbb-bbbbbbbbbbbb&zona=Zona+Norte,200,60.044,
2026-08-31T04:02:29.208477+00:00,GET,http://localhost:3000/logistics/tenderos/productos-disponibles?tiendaId=bbbbbbbb-bbbb-4bbb-8bbb-bbbbbbbbbbbb&zona=Zona+Norte,200,55.041,
2026-08-31T04:02:29.241558+00:00,GET,http://localhost:3000/logistics/tenderos/productos-disponibles?tiendaId=bbbbbbbb-bbbb-4bbb-8bbb-bbbbbbbbbbbb&zona=Zona+Norte,200,57.571,
2026-08-31T04:02:29.274578+00:00,GET,http://localhost:3000/logistics/tenderos/productos-disponibles?tiendaId=bbbbbbbb-bbbb-4bbb-8bbb-bbbbbbbbbbbb&zona=Zona+Norte,200,53.805,
2026-08-31T04:02:29.308441+00:00,GET,http://localhost:3000/logistics/tenderos/productos-disponibles?tiendaId=bbbbbbbb-bbbb-4bbb-8bbb-bbbbbbbbbbbb&zona=Zona+Norte,200,60.609,
2026-08-31T04:02:29.341670+00:00,GET,http://localhost:3000/logistics/tenderos/productos-disponibles?tiendaId=bbbbbbbb-bbbb-4bbb-8bbb-bbbbbbbbbbbb&zona=Zona+Norte,200,54.748,
2026-08-31T04:02:29.374832+00:00,GET,http://localhost:3000/logistics/tenderos/productos-disponibles?tiendaId=bbbbbbbb-bbbb-4bbb-8bbb-bbbbbbbbbbbb&zona=Zona+Norte,200,61.267,
2026-08-31T04:02:29.408544+00:00,GET,http://localhost:3000/logistics/tenderos/productos-disponibles?tiendaId=bbbbbbbb-bbbb-4bbb-8bbb-bbbbbbbbbbbb&zona=Zona+Norte,200,52.816,
2026-08-31T04:02:29.441474+00:00,GET,http://localhost:3000/logistics/tenderos/productos-disponibles?tiendaId=bbbbbbbb-bbbb-4bbb-8bbb-bbbbbbbbbbbb&zona=Zona+Norte,200,59.983,
2026-08-31T04:02:29.474642+00:00,GET,http://localhost:3000/logistics/tenderos/productos-disponibles?tiendaId=bbbbbbbb-bbbb-4bbb-8bbb-bbbbbbbbbbbb&zona=Zona+Norte,200,57.886,
2026-08-31T04:02:29.507936+00:00,GET,http://localhost:3000/logistics/tenderos/productos-disponibles?tiendaId=bbbbbbbb-bbbb-4bbb-8bbb-bbbbbbbbbbbb&zona=Zona+Norte,200,59.493,
2026-08-31T04:02:29.541854+00:00,GET,http://localhost:3000/logistics/tenderos/productos-disponibles?tiendaId=bbbbbbbb-bbbb-4bbb-8bbb-bbbbbbbbbbbb&zona=Zona+Norte,200,53.735,
2026-08-31T04:02:29.575033+00:00,GET,http://localhost:3000/logistics/tenderos/productos-disponibles?tiendaId=bbbbbbbb-bbbb-4bbb-8bbb-bbbbbbbbbbbb&zona=Zona+Norte,200,57.888,
2026-08-31T04:02:29.607921+00:00,GET,http://localhost:3000/logistics/tenderos/productos-disponibles?tiendaId=bbbbbbbb-bbbb-4bbb-8bbb-bbbbbbbbbbbb&zona=Zona+Norte,200,56.395,
2026-08-31T04:02:29.641261+00:00,GET,http://localhost:3000/logistics/tenderos/productos-disponibles?tiendaId=bbbbbbbb-bbbb-4bbb-8bbb-bbbbbbbbbbbb&zona=Zona+Norte,200,58.968,
2026-08-31T04:02:29.675256+00:00,GET,http://localhost:3000/logistics/tenderos/productos-disponibles?tiendaId=bbbbbbbb-bbbb-4bbb-8bbb-bbbbbbbbbbbb&zona=Zona+Norte,200,56.782,
2026-08-31T04:02:29.708435+00:00,GET,http://localhost:3000/logistics/tenderos/productos-disponibles?tiendaId=bbbbbbbb-bbbb-4bbb-8bbb-bbbbbbbbbbbb&zona=Zona+Norte,200,58.134,
2026-08-31T04:02:29.741272+00:00,GET,http://localhost:3000/logistics/tenderos/productos-disponibles?tiendaId=bbbbbbbb-bbbb-4bbb-8bbb-bbbbbbbbbbbb&zona=Zona+Norte,200,50.112,
2026-08-31T04:02:29.775186+00:00,GET,http://localhost:3000/logistics/tenderos/productos-disponibles?tiendaId=bbbbbbbb-bbbb-4bbb-8bbb-bbbbbbbbbbbb&zona=Zona+Norte,200,56.436,
2026-08-31T04:02:29.808598+00:00,GET,http://localhost:3000/logistics/tenderos/productos-disponibles?tiendaId=bbbbbbbb-bbbb-4bbb-8bbb-bbbbbbbbbbbb&zona=Zona+Norte,200,51.486,
2026-08-31T04:02:29.841900+00:00,GET,http://localhost:3000/logistics/tenderos/productos-disponibles?tiendaId=bbbbbbbb-bbbb-4bbb-8bbb-bbbbbbbbbbbb&zona=Zona+Norte,200,57.579,
2026-08-31T04:02:29.874631+00:00,GET,http://localhost:3000/logistics/tenderos/productos-disponibles?tiendaId=bbbbbbbb-bbbb-4bbb-8bbb-bbbbbbbbbbbb&zona=Zona+Norte,200,58.537,
2026-08-31T04:02:29.908532+00:00,GET,http://localhost:3000/logistics/tenderos/productos-disponibles?tiendaId=bbbbbbbb-bbbb-4bbb-8bbb-bbbbbbbbbbbb&zona=Zona+Norte,200,61.152,
2026-08-31T04:02:29.941801+00:00,GET,http://localhost:3000/logistics/tenderos/productos-disponibles?tiendaId=bbbbbbbb-bbbb-4bbb-8bbb-bbbbbbbbbbbb&zona=Zona+Norte,200,53.496,
2026-08-31T04:02:29.974407+00:00,GET,http://localhost:3000/logistics/tenderos/productos-disponibles?tiendaId=bbbbbbbb-bbbb-4bbb-8bbb-bbbbbbbbbbbb&zona=Zona+Norte,200,58.860,
2026-08-31T04:02:30.008549+00:00,GET,http://localhost:3000/logistics/tenderos/productos-disponibles?tiendaId=bbbbbbbb-bbbb-4bbb-8bbb-bbbbbbbbbbbb&zona=Zona+Norte,200,55.004,
2026-08-31T04:02:30.041832+00:00,GET,http://localhost:3000/logistics/tenderos/productos-disponibles?tiendaId=bbbbbbbb-bbbb-4bbb-8bbb-bbbbbbbbbbbb&zona=Zona+Norte,200,61.810,
2026-08-31T04:02:30.075223+00:00,GET,http://localhost:3000/logistics/tenderos/productos-disponibles?tiendaId=bbbbbbbb-bbbb-4bbb-8bbb-bbbbbbbbbbbb&zona=Zona+Norte,200,57.607,
2026-08-31T04:02:30.108000+00:00,GET,http://localhost:3000/logistics/tenderos/productos-disponibles?tiendaId=bbbbbbbb-bbbb-4bbb-8bbb-bbbbbbbbbbbb&zona=Zona+Norte,200,62.287,
2026-08-31T04:02:30.141137+00:00,GET,http://localhost:3000/logistics/tenderos/productos-disponibles?tiendaId=bbbbbbbb-bbbb-4bbb-8bbb-bbbbbbbbbbbb&zona=Zona+Norte,200,58.106,
2026-08-31T04:02:30.174697+00:00,GET,http://localhost:3000/logistics/tenderos/productos-disponibles?tiendaId=bbbbbbbb-bbbb-4bbb-8bbb-bbbbbbbbbbbb&zona=Zona+Norte,200,63.540,
2026-08-31T04:02:30.207929+00:00,GET,http://localhost:3000/logistics/tenderos/productos-disponibles?tiendaId=bbbbbbbb-bbbb-4bbb-8bbb-bbbbbbbbbbbb&zona=Zona+Norte,200,54.343,
2026-08-31T04:02:30.241186+00:00,GET,http://localhost:3000/logistics/tenderos/productos-disponibles?tiendaId=bbbbbbbb-bbbb-4bbb-8bbb-bbbbbbbbbbbb&zona=Zona+Norte,200,61.083,
2026-08-31T04:02:30.275323+00:00,GET,http://localhost:3000/logistics/tenderos/productos-disponibles?tiendaId=bbbbbbbb-bbbb-4bbb-8bbb-bbbbbbbbbbbb&zona=Zona+Norte,200,56.712,
2026-08-31T04:02:30.308201+00:00,GET,http://localhost:3000/logistics/tenderos/productos-disponibles?tiendaId=bbbbbbbb-bbbb-4bbb-8bbb-bbbbbbbbbbbb&zona=Zona+Norte,200,61.186,
2026-08-31T04:02:30.341882+00:00,GET,http://localhost:3000/logistics/tenderos/productos-disponibles?tiendaId=bbbbbbbb-bbbb-4bbb-8bbb-bbbbbbbbbbbb&zona=Zona+Norte,200,55.102,
2026-08-31T04:02:30.374818+00:00,GET,http://localhost:3000/logistics/tenderos/productos-disponibles?tiendaId=bbbbbbbb-bbbb-4bbb-8bbb-bbbbbbbbbbbb&zona=Zona+Norte,200,60.822,
2026-08-31T04:02:30.408532+00:00,GET,http://localhost:3000/logistics/tenderos/productos-disponibles?tiendaId=bbbbbbbb-bbbb-4bbb-8bbb-bbbbbbbbbbbb&zona=Zona+Norte,200,52.534,
2026-08-31T04:02:30.441127+00:00,GET,http://localhost:3000/logistics/tenderos/productos-disponibles?tiendaId=bbbbbbbb-bbbb-4bbb-8bbb-bbbbbbbbbbbb&zona=Zona+Norte,200,62.426,
2026-08-31T04:02:30.475234+00:00,GET,http://localhost:3000/logistics/tenderos/productos-disponibles?tiendaId=bbbbbbbb-bbbb-4bbb-8bbb-bbbbbbbbbbbb&zona=Zona+Norte,200,54.597,
2026-08-31T04:02:30.507911+00:00,GET,http://localhost:3000/logistics/tenderos/productos-disponibles?tiendaId=bbbbbbbb-bbbb-4bbb-8bbb-bbbbbbbbbbbb&zona=Zona+Norte,200,58.583,
2026-08-31T04:02:30.541891+00:00,GET,http://localhost:3000/logistics/tenderos/productos-disponibles?tiendaId=bbbbbbbb-bbbb-4bbb-8bbb-bbbbbbbbbbbb&zona=Zona+Norte,200,55.092,
2026-08-31T04:02:30.575241+00:00,GET,http://localhost:3000/logistics/tenderos/productos-disponibles?tiendaId=bbbbbbbb-bbbb-4bbb-8bbb-bbbbbbbbbbbb&zona=Zona+Norte,200,59.359,
2026-08-31T04:02:30.607945+00:00,GET,http://localhost:3000/logistics/tenderos/productos-disponibles?tiendaId=bbbbbbbb-bbbb-4bbb-8bbb-bbbbbbbbbbbb&zona=Zona+Norte,200,53.291,
2026-08-31T04:02:30.641704+00:00,GET,http://localhost:3000/logistics/tenderos/productos-disponibles?tiendaId=bbbbbbbb-bbbb-4bbb-8bbb-bbbbbbbbbbbb&zona=Zona+Norte,200,61.847,
2026-08-31T04:02:30.675236+00:00,GET,http://localhost:3000/logistics/tenderos/productos-disponibles?tiendaId=bbbbbbbb-bbbb-4bbb-8bbb-bbbbbbbbbbbb&zona=Zona+Norte,200,54.294,
2026-08-31T04:02:30.707917+00:00,GET,http://localhost:3000/logistics/tenderos/productos-disponibles?tiendaId=bbbbbbbb-bbbb-4bbb-8bbb-bbbbbbbbbbbb&zona=Zona+Norte,200,62.093,
2026-08-31T04:02:30.740992+00:00,GET,http://localhost:3000/logistics/tenderos/productos-disponibles?tiendaId=bbbbbbbb-bbbb-4bbb-8bbb-bbbbbbbbbbbb&zona=Zona+Norte,200,53.820,
2026-08-31T04:02:30.774742+00:00,GET,http://localhost:3000/logistics/tenderos/productos-disponibles?tiendaId=bbbbbbbb-bbbb-4bbb-8bbb-bbbbbbbbbbbb&zona=Zona+Norte,200,62.203,
2026-08-31T04:02:30.808557+00:00,GET,http://localhost:3000/logistics/tenderos/productos-disponibles?tiendaId=bbbbbbbb-bbbb-4bbb-8bbb-bbbbbbbbbbbb&zona=Zona+Norte,200,59.153,
2026-08-31T04:02:30.841362+00:00,GET,http://localhost:3000/logistics/tenderos/productos-disponibles?tiendaId=bbbbbbbb-bbbb-4bbb-8bbb-bbbbbbbbbbbb&zona=Zona+Norte,200,60.080,
2026-08-31T04:02:30.874573+00:00,GET,http://localhost:3000/logistics/tenderos/productos-disponibles?tiendaId=bbbbbbbb-bbbb-4bbb-8bbb-bbbbbbbbbbbb&zona=Zona+Norte,200,51.941,
2026-08-31T04:02:30.908056+00:00,GET,http://localhost:3000/logistics/tenderos/productos-disponibles?tiendaId=bbbbbbbb-bbbb-4bbb-8bbb-bbbbbbbbbbbb&zona=Zona+Norte,200,56.535,
2026-08-31T04:02:30.941250+00:00,GET,http://localhost:3000/logistics/tenderos/productos-disponibles?tiendaId=bbbbbbbb-bbbb-4bbb-8bbb-bbbbbbbbbbbb&zona=Zona+Norte,200,55.240,
2026-08-31T04:02:30.974965+00:00,GET,http://localhost:3000/logistics/tenderos/productos-disponibles?tiendaId=bbbbbbbb-bbbb-4bbb-8bbb-bbbbbbbbbbbb&zona=Zona+Norte,200,62.382,
2026-08-31T04:02:31.008318+00:00,GET,http://localhost:3000/logistics/tenderos/productos-disponibles?tiendaId=bbbbbbbb-bbbb-4bbb-8bbb-bbbbbbbbbbbb&zona=Zona+Norte,200,53.259,
2026-08-31T04:02:31.041226+00:00,GET,http://localhost:3000/logistics/tenderos/productos-disponibles?tiendaId=bbbbbbbb-bbbb-4bbb-8bbb-bbbbbbbbbbbb&zona=Zona+Norte,200,59.725,
2026-08-31T04:02:31.075221+00:00,GET,http://localhost:3000/logistics/tenderos/productos-disponibles?tiendaId=bbbbbbbb-bbbb-4bbb-8bbb-bbbbbbbbbbbb&zona=Zona+Norte,200,57.422,
2026-08-31T04:02:31.108376+00:00,GET,http://localhost:3000/logistics/tenderos/productos-disponibles?tiendaId=bbbbbbbb-bbbb-4bbb-8bbb-bbbbbbbbbbbb&zona=Zona+Norte,200,60.311,
2026-08-31T04:02:31.141249+00:00,GET,http://localhost:3000/logistics/tenderos/productos-disponibles?tiendaId=bbbbbbbb-bbbb-4bbb-8bbb-bbbbbbbbbbbb&zona=Zona+Norte,200,52.783,
2026-08-31T04:02:31.174910+00:00,GET,http://localhost:3000/logistics/tenderos/productos-disponibles?tiendaId=bbbbbbbb-bbbb-4bbb-8bbb-bbbbbbbbbbbb&zona=Zona+Norte,200,58.359,
2026-08-31T04:02:31.207913+00:00,GET,http://localhost:3000/logistics/tenderos/productos-disponibles?tiendaId=bbbbbbbb-bbbb-4bbb-8bbb-bbbbbbbbbbbb&zona=Zona+Norte,200,53.024,
2026-08-31T04:02:31.241501+00:00,GET,http://localhost:3000/logistics/tenderos/productos-disponibles?tiendaId=bbbbbbbb-bbbb-4bbb-8bbb-bbbbbbbbbbbb&zona=Zona+Norte,200,59.976,
2026-08-31T04:02:31.275267+00:00,GET,http://localhost:3000/logistics/tenderos/productos-disponibles?tiendaId=bbbbbbbb-bbbb-4bbb-8bbb-bbbbbbbbbbbb&zona=Zona+Norte,200,57.653,
2026-08-31T04:02:31.308332+00:00,GET,http://localhost:3000/logistics/tenderos/productos-disponibles?tiendaId=bbbbbbbb-bbbb-4bbb-8bbb-bbbbbbbbbbbb&zona=Zona+Norte,200,58.757,
2026-08-31T04:02:31.341885+00:00,GET,http://localhost:3000/logistics/tenderos/productos-disponibles?tiendaId=bbbbbbbb-bbbb-4bbb-8bbb-bbbbbbbbbbbb&zona=Zona+Norte,200,56.347,
2026-08-31T04:02:31.375130+00:00,GET,http://localhost:3000/logistics/tenderos/productos-disponibles?tiendaId=bbbbbbbb-bbbb-4bbb-8bbb-bbbbbbbbbbbb&zona=Zona+Norte,200,61.995,
2026-08-31T04:02:31.408567+00:00,GET,http://localhost:3000/logistics/tenderos/productos-disponibles?tiendaId=bbbbbbbb-bbbb-4bbb-8bbb-bbbbbbbbbbbb&zona=Zona+Norte,200,52.313,
2026-08-31T04:02:31.441216+00:00,GET,http://localhost:3000/logistics/tenderos/productos-disponibles?tiendaId=bbbbbbbb-bbbb-4bbb-8bbb-bbbbbbbbbbbb&zona=Zona+Norte,200,59.672,
2026-08-31T04:02:31.474581+00:00,GET,http://localhost:3000/logistics/tenderos/productos-disponibles?tiendaId=bbbbbbbb-bbbb-4bbb-8bbb-bbbbbbbbbbbb&zona=Zona+Norte,200,53.731,
2026-08-31T04:02:31.508398+00:00,GET,http://localhost:3000/logistics/tenderos/productos-disponibles?tiendaId=bbbbbbbb-bbbb-4bbb-8bbb-bbbbbbbbbbbb&zona=Zona+Norte,200,61.809,
2026-08-31T04:02:31.541256+00:00,GET,http://localhost:3000/logistics/tenderos/productos-disponibles?tiendaId=bbbbbbbb-bbbb-4bbb-8bbb-bbbbbbbbbbbb&zona=Zona+Norte,200,57.421,
2026-08-31T04:02:31.574598+00:00,GET,http://localhost:3000/logistics/tenderos/productos-disponibles?tiendaId=bbbbbbbb-bbbb-4bbb-8bbb-bbbbbbbbbbbb&zona=Zona+Norte,200,60.086,
2026-08-31T04:02:31.608578+00:00,GET,http://localhost:3000/logistics/tenderos/productos-disponibles?tiendaId=bbbbbbbb-bbbb-4bbb-8bbb-bbbbbbbbbbbb&zona=Zona+Norte,200,51.966,
2026-08-31T04:02:31.641110+00:00,GET,http://localhost:3000/logistics/tenderos/productos-disponibles?tiendaId=bbbbbbbb-bbbb-4bbb-8bbb-bbbbbbbbbbbb&zona=Zona+Norte,200,59.256,
2026-08-31T04:02:31.674599+00:00,GET,http://localhost:3000/logistics/tenderos/productos-disponibles?tiendaId=bbbbbbbb-bbbb-4bbb-8bbb-bbbbbbbbbbbb&zona=Zona+Norte,200,52.085,
2026-08-31T04:02:31.707792+00:00,GET,http://localhost:3000/logistics/tenderos/productos-disponibles?tiendaId=bbbbbbbb-bbbb-4bbb-8bbb-bbbbbbbbbbbb&zona=Zona+Norte,200,60.025,
2026-08-31T04:02:31.741928+00:00,GET,http://localhost:3000/logistics/tenderos/productos-disponibles?tiendaId=bbbbbbbb-bbbb-4bbb-8bbb-bbbbbbbbbbbb&zona=Zona+Norte,200,52.793,
2026-08-31T04:02:31.774573+00:00,GET,http://localhost:3000/logistics/tenderos/productos-disponibles?tiendaId=bbbbbbbb-bbbb-4bbb-8bbb-bbbbbbbbbbbb&zona=Zona+Norte,200,58.959,
2026-08-31T04:02:31.808591+00:00,GET,http://localhost:3000/logistics/tenderos/productos-disponibles?tiendaId=bbbbbbbb-bbbb-4bbb-8bbb-bbbbbbbbbbbb&zona=Zona+Norte,200,52.222,
2026-08-31T04:02:31.841850+00:00,GET,http://localhost:3000/logistics/tenderos/productos-disponibles?tiendaId=bbbbbbbb-bbbb-4bbb-8bbb-bbbbbbbbbbbb&zona=Zona+Norte,200,60.128,
2026-08-31T04:02:31.874580+00:00,GET,http://localhost:3000/logistics/tenderos/productos-disponibles?tiendaId=bbbbbbbb-bbbb-4bbb-8bbb-bbbbbbbbbbbb&zona=Zona+Norte,200,53.606,
2026-08-31T04:02:31.907938+00:00,GET,http://localhost:3000/logistics/tenderos/productos-disponibles?tiendaId=bbbbbbbb-bbbb-4bbb-8bbb-bbbbbbbbbbbb&zona=Zona+Norte,200,60.831,
2026-08-31T04:02:31.940985+00:00,GET,http://localhost:3000/logistics/tenderos/productos-disponibles?tiendaId=bbbbbbbb-bbbb-4bbb-8bbb-bbbbbbbbbbbb&zona=Zona+Norte,200,53.344,
2026-08-31T04:02:31.974928+00:00,GET,http://localhost:3000/logistics/tenderos/productos-disponibles?tiendaId=bbbbbbbb-bbbb-4bbb-8bbb-bbbbbbbbbbbb&zona=Zona+Norte,200,58.208,
2026-08-31T04:02:32.008615+00:00,GET,http://localhost:3000/logistics/tenderos/productos-disponibles?tiendaId=bbbbbbbb-bbbb-4bbb-8bbb-bbbbbbbbbbbb&zona=Zona+Norte,200,53.146,
2026-08-31T04:02:32.041245+00:00,GET,http://localhost:3000/logistics/tenderos/productos-disponibles?tiendaId=bbbbbbbb-bbbb-4bbb-8bbb-bbbbbbbbbbbb&zona=Zona+Norte,200,60.165,
2026-08-31T04:02:32.075263+00:00,GET,http://localhost:3000/logistics/tenderos/productos-disponibles?tiendaId=bbbbbbbb-bbbb-4bbb-8bbb-bbbbbbbbbbbb&zona=Zona+Norte,200,53.980,
2026-08-31T04:02:32.107923+00:00,GET,http://localhost:3000/logistics/tenderos/productos-disponibles?tiendaId=bbbbbbbb-bbbb-4bbb-8bbb-bbbbbbbbbbbb&zona=Zona+Norte,200,57.749,
2026-08-31T04:02:32.141925+00:00,GET,http://localhost:3000/logistics/tenderos/productos-disponibles?tiendaId=bbbbbbbb-bbbb-4bbb-8bbb-bbbbbbbbbbbb&zona=Zona+Norte,200,54.324,
2026-08-31T04:02:32.174873+00:00,GET,http://localhost:3000/logistics/tenderos/productos-disponibles?tiendaId=bbbbbbbb-bbbb-4bbb-8bbb-bbbbbbbbbbbb&zona=Zona+Norte,200,59.124,
2026-08-31T04:02:32.208206+00:00,GET,http://localhost:3000/logistics/tenderos/productos-disponibles?tiendaId=bbbbbbbb-bbbb-4bbb-8bbb-bbbbbbbbbbbb&zona=Zona+Norte,200,54.749,
2026-08-31T04:02:32.241455+00:00,GET,http://localhost:3000/logistics/tenderos/productos-disponibles?tiendaId=bbbbbbbb-bbbb-4bbb-8bbb-bbbbbbbbbbbb&zona=Zona+Norte,200,58.913,
2026-08-31T04:02:32.274984+00:00,GET,http://localhost:3000/logistics/tenderos/productos-disponibles?tiendaId=bbbbbbbb-bbbb-4bbb-8bbb-bbbbbbbbbbbb&zona=Zona+Norte,200,51.988,
2026-08-31T04:02:32.308007+00:00,GET,http://localhost:3000/logistics/tenderos/productos-disponibles?tiendaId=bbbbbbbb-bbbb-4bbb-8bbb-bbbbbbbbbbbb&zona=Zona+Norte,200,59.223,
2026-08-31T04:02:32.341984+00:00,GET,http://localhost:3000/logistics/tenderos/productos-disponibles?tiendaId=bbbbbbbb-bbbb-4bbb-8bbb-bbbbbbbbbbbb&zona=Zona+Norte,200,54.537,
2026-08-31T04:02:32.375131+00:00,GET,http://localhost:3000/logistics/tenderos/productos-disponibles?tiendaId=bbbbbbbb-bbbb-4bbb-8bbb-bbbbbbbbbbbb&zona=Zona+Norte,200,63.518,
2026-08-31T04:02:32.408604+00:00,GET,http://localhost:3000/logistics/tenderos/productos-disponibles?tiendaId=bbbbbbbb-bbbb-4bbb-8bbb-bbbbbbbbbbbb&zona=Zona+Norte,200,53.668,
2026-08-31T04:02:32.441199+00:00,GET,http://localhost:3000/logistics/tenderos/productos-disponibles?tiendaId=bbbbbbbb-bbbb-4bbb-8bbb-bbbbbbbbbbbb&zona=Zona+Norte,200,59.978,
2026-08-31T04:02:32.474348+00:00,GET,http://localhost:3000/logistics/tenderos/productos-disponibles?tiendaId=bbbbbbbb-bbbb-4bbb-8bbb-bbbbbbbbbbbb&zona=Zona+Norte,200,54.084,
2026-08-31T04:02:32.507904+00:00,GET,http://localhost:3000/logistics/tenderos/productos-disponibles?tiendaId=bbbbbbbb-bbbb-4bbb-8bbb-bbbbbbbbbbbb&zona=Zona+Norte,200,62.161,
2026-08-31T04:02:32.541987+00:00,GET,http://localhost:3000/logistics/tenderos/productos-disponibles?tiendaId=bbbbbbbb-bbbb-4bbb-8bbb-bbbbbbbbbbbb&zona=Zona+Norte,200,53.757,
2026-08-31T04:02:32.574800+00:00,GET,http://localhost:3000/logistics/tenderos/productos-disponibles?tiendaId=bbbbbbbb-bbbb-4bbb-8bbb-bbbbbbbbbbbb&zona=Zona+Norte,200,57.929,
2026-08-31T04:02:32.608618+00:00,GET,http://localhost:3000/logistics/tenderos/productos-disponibles?tiendaId=bbbbbbbb-bbbb-4bbb-8bbb-bbbbbbbbbbbb&zona=Zona+Norte,200,52.729,
2026-08-31T04:02:32.641972+00:00,GET,http://localhost:3000/logistics/tenderos/productos-disponibles?tiendaId=bbbbbbbb-bbbb-4bbb-8bbb-bbbbbbbbbbbb&zona=Zona+Norte,200,63.092,
2026-08-31T04:02:32.675288+00:00,GET,http://localhost:3000/logistics/tenderos/productos-disponibles?tiendaId=bbbbbbbb-bbbb-4bbb-8bbb-bbbbbbbbbbbb&zona=Zona+Norte,200,57.551,
2026-08-31T04:02:32.707916+00:00,GET,http://localhost:3000/logistics/tenderos/productos-disponibles?tiendaId=bbbbbbbb-bbbb-4bbb-8bbb-bbbbbbbbbbbb&zona=Zona+Norte,200,56.810,
2026-08-31T04:02:32.741960+00:00,GET,http://localhost:3000/logistics/tenderos/productos-disponibles?tiendaId=bbbbbbbb-bbbb-4bbb-8bbb-bbbbbbbbbbbb&zona=Zona+Norte,200,50.537,
2026-08-31T04:02:32.775110+00:00,GET,http://localhost:3000/logistics/tenderos/productos-disponibles?tiendaId=bbbbbbbb-bbbb-4bbb-8bbb-bbbbbbbbbbbb&zona=Zona+Norte,200,56.127,
2026-08-31T04:02:32.808343+00:00,GET,http://localhost:3000/logistics/tenderos/productos-disponibles?tiendaId=bbbbbbbb-bbbb-4bbb-8bbb-bbbbbbbbbbbb&zona=Zona+Norte,200,49.392,
2026-08-31T04:02:32.842029+00:00,GET,http://localhost:3000/logistics/tenderos/productos-disponibles?tiendaId=bbbbbbbb-bbbb-4bbb-8bbb-bbbbbbbbbbbb&zona=Zona+Norte,200,56.244,
2026-08-31T04:02:32.875339+00:00,GET,http://localhost:3000/logistics/tenderos/productos-disponibles?tiendaId=bbbbbbbb-bbbb-4bbb-8bbb-bbbbbbbbbbbb&zona=Zona+Norte,200,52.623,
2026-08-31T04:02:32.908660+00:00,GET,http://localhost:3000/logistics/tenderos/productos-disponibles?tiendaId=bbbbbbbb-bbbb-4bbb-8bbb-bbbbbbbbbbbb&zona=Zona+Norte,200,59.338,
2026-08-31T04:02:32.941399+00:00,GET,http://localhost:3000/logistics/tenderos/productos-disponibles?tiendaId=bbbbbbbb-bbbb-4bbb-8bbb-bbbbbbbbbbbb&zona=Zona+Norte,200,52.922,
2026-08-31T04:02:32.974616+00:00,GET,http://localhost:3000/logistics/tenderos/productos-disponibles?tiendaId=bbbbbbbb-bbbb-4bbb-8bbb-bbbbbbbbbbbb&zona=Zona+Norte,200,58.111,
2026-08-31T04:02:33.007955+00:00,GET,http://localhost:3000/logistics/tenderos/productos-disponibles?tiendaId=bbbbbbbb-bbbb-4bbb-8bbb-bbbbbbbbbbbb&zona=Zona+Norte,200,55.226,
2026-08-31T04:02:33.041719+00:00,GET,http://localhost:3000/logistics/tenderos/productos-disponibles?tiendaId=bbbbbbbb-bbbb-4bbb-8bbb-bbbbbbbbbbbb&zona=Zona+Norte,200,58.115,
2026-08-31T04:02:33.074374+00:00,GET,http://localhost:3000/logistics/tenderos/productos-disponibles?tiendaId=bbbbbbbb-bbbb-4bbb-8bbb-bbbbbbbbbbbb&zona=Zona+Norte,200,52.099,
2026-08-31T04:02:33.108631+00:00,GET,http://localhost:3000/logistics/tenderos/productos-disponibles?tiendaId=bbbbbbbb-bbbb-4bbb-8bbb-bbbbbbbbbbbb&zona=Zona+Norte,200,59.359,
2026-08-31T04:02:33.142030+00:00,GET,http://localhost:3000/logistics/tenderos/productos-disponibles?tiendaId=bbbbbbbb-bbbb-4bbb-8bbb-bbbbbbbbbbbb&zona=Zona+Norte,200,49.580,
2026-08-31T04:02:33.175107+00:00,GET,http://localhost:3000/logistics/tenderos/productos-disponibles?tiendaId=bbbbbbbb-bbbb-4bbb-8bbb-bbbbbbbbbbbb&zona=Zona+Norte,200,56.955,
2026-08-31T04:02:33.208703+00:00,GET,http://localhost:3000/logistics/tenderos/productos-disponibles?tiendaId=bbbbbbbb-bbbb-4bbb-8bbb-bbbbbbbbbbbb&zona=Zona+Norte,200,50.584,
2026-08-31T04:02:33.241266+00:00,GET,http://localhost:3000/logistics/tenderos/productos-disponibles?tiendaId=bbbbbbbb-bbbb-4bbb-8bbb-bbbbbbbbbbbb&zona=Zona+Norte,200,55.077,
2026-08-31T04:02:33.275362+00:00,GET,http://localhost:3000/logistics/tenderos/productos-disponibles?tiendaId=bbbbbbbb-bbbb-4bbb-8bbb-bbbbbbbbbbbb&zona=Zona+Norte,200,51.465,
2026-08-31T04:02:33.308674+00:00,GET,http://localhost:3000/logistics/tenderos/productos-disponibles?tiendaId=bbbbbbbb-bbbb-4bbb-8bbb-bbbbbbbbbbbb&zona=Zona+Norte,200,60.762,
2026-08-31T04:02:33.342086+00:00,GET,http://localhost:3000/logistics/tenderos/productos-disponibles?tiendaId=bbbbbbbb-bbbb-4bbb-8bbb-bbbbbbbbbbbb&zona=Zona+Norte,200,50.524,
2026-08-31T04:02:33.374908+00:00,GET,http://localhost:3000/logistics/tenderos/productos-disponibles?tiendaId=bbbbbbbb-bbbb-4bbb-8bbb-bbbbbbbbbbbb&zona=Zona+Norte,200,57.595,
2026-08-31T04:02:33.408645+00:00,GET,http://localhost:3000/logistics/tenderos/productos-disponibles?tiendaId=bbbbbbbb-bbbb-4bbb-8bbb-bbbbbbbbbbbb&zona=Zona+Norte,200,50.427,
2026-08-31T04:02:33.442023+00:00,GET,http://localhost:3000/logistics/tenderos/productos-disponibles?tiendaId=bbbbbbbb-bbbb-4bbb-8bbb-bbbbbbbbbbbb&zona=Zona+Norte,200,54.589,
2026-08-31T04:02:33.475414+00:00,GET,http://localhost:3000/logistics/tenderos/productos-disponibles?tiendaId=bbbbbbbb-bbbb-4bbb-8bbb-bbbbbbbbbbbb&zona=Zona+Norte,200,51.834,
2026-08-31T04:02:33.508736+00:00,GET,http://localhost:3000/logistics/tenderos/productos-disponibles?tiendaId=bbbbbbbb-bbbb-4bbb-8bbb-bbbbbbbbbbbb&zona=Zona+Norte,200,57.977,
2026-08-31T04:02:33.541250+00:00,GET,http://localhost:3000/logistics/tenderos/productos-disponibles?tiendaId=bbbbbbbb-bbbb-4bbb-8bbb-bbbbbbbbbbbb&zona=Zona+Norte,200,53.483,
2026-08-31T04:02:33.575331+00:00,GET,http://localhost:3000/logistics/tenderos/productos-disponibles?tiendaId=bbbbbbbb-bbbb-4bbb-8bbb-bbbbbbbbbbbb&zona=Zona+Norte,200,60.496,
2026-08-31T04:02:33.608643+00:00,GET,http://localhost:3000/logistics/tenderos/productos-disponibles?tiendaId=bbbbbbbb-bbbb-4bbb-8bbb-bbbbbbbbbbbb&zona=Zona+Norte,200,53.847,
2026-08-31T04:02:33.641717+00:00,GET,http://localhost:3000/logistics/tenderos/productos-disponibles?tiendaId=bbbbbbbb-bbbb-4bbb-8bbb-bbbbbbbbbbbb&zona=Zona+Norte,200,55.770,
2026-08-31T04:02:33.674840+00:00,GET,http://localhost:3000/logistics/tenderos/productos-disponibles?tiendaId=bbbbbbbb-bbbb-4bbb-8bbb-bbbbbbbbbbbb&zona=Zona+Norte,200,50.647,
2026-08-31T04:02:33.708740+00:00,GET,http://localhost:3000/logistics/tenderos/productos-disponibles?tiendaId=bbbbbbbb-bbbb-4bbb-8bbb-bbbbbbbbbbbb&zona=Zona+Norte,200,59.985,
2026-08-31T04:02:33.742097+00:00,GET,http://localhost:3000/logistics/tenderos/productos-disponibles?tiendaId=bbbbbbbb-bbbb-4bbb-8bbb-bbbbbbbbbbbb&zona=Zona+Norte,200,54.724,
2026-08-31T04:02:33.775105+00:00,GET,http://localhost:3000/logistics/tenderos/productos-disponibles?tiendaId=bbbbbbbb-bbbb-4bbb-8bbb-bbbbbbbbbbbb&zona=Zona+Norte,200,58.284,
2026-08-31T04:02:33.808744+00:00,GET,http://localhost:3000/logistics/tenderos/productos-disponibles?tiendaId=bbbbbbbb-bbbb-4bbb-8bbb-bbbbbbbbbbbb&zona=Zona+Norte,200,56.329,
2026-08-31T04:02:33.842037+00:00,GET,http://localhost:3000/logistics/tenderos/productos-disponibles?tiendaId=bbbbbbbb-bbbb-4bbb-8bbb-bbbbbbbbbbbb&zona=Zona+Norte,200,64.156,
2026-08-31T04:02:33.874479+00:00,GET,http://localhost:3000/logistics/tenderos/productos-disponibles?tiendaId=bbbbbbbb-bbbb-4bbb-8bbb-bbbbbbbbbbbb&zona=Zona+Norte,200,62.983,
2026-08-31T04:02:33.907884+00:00,GET,http://localhost:3000/logistics/tenderos/productos-disponibles?tiendaId=bbbbbbbb-bbbb-4bbb-8bbb-bbbbbbbbbbbb&zona=Zona+Norte,200,62.728,
2026-08-31T04:02:33.941512+00:00,GET,http://localhost:3000/logistics/tenderos/productos-disponibles?tiendaId=bbbbbbbb-bbbb-4bbb-8bbb-bbbbbbbbbbbb&zona=Zona+Norte,200,54.560,
2026-08-31T04:02:33.974561+00:00,GET,http://localhost:3000/logistics/tenderos/productos-disponibles?tiendaId=bbbbbbbb-bbbb-4bbb-8bbb-bbbbbbbbbbbb&zona=Zona+Norte,200,62.618,
2026-08-31T04:02:34.008757+00:00,GET,http://localhost:3000/logistics/tenderos/productos-disponibles?tiendaId=bbbbbbbb-bbbb-4bbb-8bbb-bbbbbbbbbbbb&zona=Zona+Norte,200,54.708,
2026-08-31T04:02:34.041241+00:00,GET,http://localhost:3000/logistics/tenderos/productos-disponibles?tiendaId=bbbbbbbb-bbbb-4bbb-8bbb-bbbbbbbbbbbb&zona=Zona+Norte,200,58.408,
2026-08-31T04:02:34.075424+00:00,GET,http://localhost:3000/logistics/tenderos/productos-disponibles?tiendaId=bbbbbbbb-bbbb-4bbb-8bbb-bbbbbbbbbbbb&zona=Zona+Norte,200,56.894,
2026-08-31T04:02:34.107936+00:00,GET,http://localhost:3000/logistics/tenderos/productos-disponibles?tiendaId=bbbbbbbb-bbbb-4bbb-8bbb-bbbbbbbbbbbb&zona=Zona+Norte,200,57.977,
2026-08-31T04:02:34.142074+00:00,GET,http://localhost:3000/logistics/tenderos/productos-disponibles?tiendaId=bbbbbbbb-bbbb-4bbb-8bbb-bbbbbbbbbbbb&zona=Zona+Norte,200,55.205,
2026-08-31T04:02:34.174588+00:00,GET,http://localhost:3000/logistics/tenderos/productos-disponibles?tiendaId=bbbbbbbb-bbbb-4bbb-8bbb-bbbbbbbbbbbb&zona=Zona+Norte,200,62.429,
2026-08-31T04:02:34.208738+00:00,GET,http://localhost:3000/logistics/tenderos/productos-disponibles?tiendaId=bbbbbbbb-bbbb-4bbb-8bbb-bbbbbbbbbbbb&zona=Zona+Norte,200,55.614,
2026-08-31T04:02:34.241244+00:00,GET,http://localhost:3000/logistics/tenderos/productos-disponibles?tiendaId=bbbbbbbb-bbbb-4bbb-8bbb-bbbbbbbbbbbb&zona=Zona+Norte,200,59.368,
2026-08-31T04:02:34.275427+00:00,GET,http://localhost:3000/logistics/tenderos/productos-disponibles?tiendaId=bbbbbbbb-bbbb-4bbb-8bbb-bbbbbbbbbbbb&zona=Zona+Norte,200,54.942,
2026-08-31T04:02:34.307926+00:00,GET,http://localhost:3000/logistics/tenderos/productos-disponibles?tiendaId=bbbbbbbb-bbbb-4bbb-8bbb-bbbbbbbbbbbb&zona=Zona+Norte,200,60.912,
2026-08-31T04:02:34.342107+00:00,GET,http://localhost:3000/logistics/tenderos/productos-disponibles?tiendaId=bbbbbbbb-bbbb-4bbb-8bbb-bbbbbbbbbbbb&zona=Zona+Norte,200,52.872,
2026-08-31T04:02:34.375093+00:00,GET,http://localhost:3000/logistics/tenderos/productos-disponibles?tiendaId=bbbbbbbb-bbbb-4bbb-8bbb-bbbbbbbbbbbb&zona=Zona+Norte,200,60.285,
2026-08-31T04:02:34.408747+00:00,GET,http://localhost:3000/logistics/tenderos/productos-disponibles?tiendaId=bbbbbbbb-bbbb-4bbb-8bbb-bbbbbbbbbbbb&zona=Zona+Norte,200,55.714,
2026-08-31T04:02:34.441128+00:00,GET,http://localhost:3000/logistics/tenderos/productos-disponibles?tiendaId=bbbbbbbb-bbbb-4bbb-8bbb-bbbbbbbbbbbb&zona=Zona+Norte,200,61.639,
2026-08-31T04:02:34.474556+00:00,GET,http://localhost:3000/logistics/tenderos/productos-disponibles?tiendaId=bbbbbbbb-bbbb-4bbb-8bbb-bbbbbbbbbbbb&zona=Zona+Norte,200,52.685,
2026-08-31T04:02:34.507901+00:00,GET,http://localhost:3000/logistics/tenderos/productos-disponibles?tiendaId=bbbbbbbb-bbbb-4bbb-8bbb-bbbbbbbbbbbb&zona=Zona+Norte,200,60.338,
2026-08-31T04:02:34.542023+00:00,GET,http://localhost:3000/logistics/tenderos/productos-disponibles?tiendaId=bbbbbbbb-bbbb-4bbb-8bbb-bbbbbbbbbbbb&zona=Zona+Norte,200,55.427,
2026-08-31T04:02:34.575175+00:00,GET,http://localhost:3000/logistics/tenderos/productos-disponibles?tiendaId=bbbbbbbb-bbbb-4bbb-8bbb-bbbbbbbbbbbb&zona=Zona+Norte,200,60.851,
2026-08-31T04:02:34.608751+00:00,GET,http://localhost:3000/logistics/tenderos/productos-disponibles?tiendaId=bbbbbbbb-bbbb-4bbb-8bbb-bbbbbbbbbbbb&zona=Zona+Norte,200,60.540,
2026-08-31T04:02:34.641697+00:00,GET,http://localhost:3000/logistics/tenderos/productos-disponibles?tiendaId=bbbbbbbb-bbbb-4bbb-8bbb-bbbbbbbbbbbb&zona=Zona+Norte,200,61.875,
2026-08-31T04:02:34.675004+00:00,GET,http://localhost:3000/logistics/tenderos/productos-disponibles?tiendaId=bbbbbbbb-bbbb-4bbb-8bbb-bbbbbbbbbbbb&zona=Zona+Norte,200,53.899,
2026-08-31T04:02:34.707889+00:00,GET,http://localhost:3000/logistics/tenderos/productos-disponibles?tiendaId=bbbbbbbb-bbbb-4bbb-8bbb-bbbbbbbbbbbb&zona=Zona+Norte,200,60.757,
2026-08-31T04:02:34.742087+00:00,GET,http://localhost:3000/logistics/tenderos/productos-disponibles?tiendaId=bbbbbbbb-bbbb-4bbb-8bbb-bbbbbbbbbbbb&zona=Zona+Norte,200,53.605,
2026-08-31T04:02:34.775130+00:00,GET,http://localhost:3000/logistics/tenderos/productos-disponibles?tiendaId=bbbbbbbb-bbbb-4bbb-8bbb-bbbbbbbbbbbb&zona=Zona+Norte,200,58.740,
2026-08-31T04:02:34.807883+00:00,GET,http://localhost:3000/logistics/tenderos/productos-disponibles?tiendaId=bbbbbbbb-bbbb-4bbb-8bbb-bbbbbbbbbbbb&zona=Zona+Norte,200,54.953,
2026-08-31T04:02:34.841922+00:00,GET,http://localhost:3000/logistics/tenderos/productos-disponibles?tiendaId=bbbbbbbb-bbbb-4bbb-8bbb-bbbbbbbbbbbb&zona=Zona+Norte,200,60.210,
2026-08-31T04:02:34.875430+00:00,GET,http://localhost:3000/logistics/tenderos/productos-disponibles?tiendaId=bbbbbbbb-bbbb-4bbb-8bbb-bbbbbbbbbbbb&zona=Zona+Norte,200,56.765,
2026-08-31T04:02:34.908442+00:00,GET,http://localhost:3000/logistics/tenderos/productos-disponibles?tiendaId=bbbbbbbb-bbbb-4bbb-8bbb-bbbbbbbbbbbb&zona=Zona+Norte,200,61.451,
2026-08-31T04:02:34.941234+00:00,GET,http://localhost:3000/logistics/tenderos/productos-disponibles?tiendaId=bbbbbbbb-bbbb-4bbb-8bbb-bbbbbbbbbbbb&zona=Zona+Norte,200,56.481,
2026-08-31T04:02:34.974552+00:00,GET,http://localhost:3000/logistics/tenderos/productos-disponibles?tiendaId=bbbbbbbb-bbbb-4bbb-8bbb-bbbbbbbbbbbb&zona=Zona+Norte,200,65.281,
2026-08-31T04:02:35.008762+00:00,GET,http://localhost:3000/logistics/tenderos/productos-disponibles?tiendaId=bbbbbbbb-bbbb-4bbb-8bbb-bbbbbbbbbbbb&zona=Zona+Norte,200,56.287,
2026-08-31T04:02:35.041208+00:00,GET,http://localhost:3000/logistics/tenderos/productos-disponibles?tiendaId=bbbbbbbb-bbbb-4bbb-8bbb-bbbbbbbbbbbb&zona=Zona+Norte,200,59.718,
2026-08-31T04:02:35.074573+00:00,GET,http://localhost:3000/logistics/tenderos/productos-disponibles?tiendaId=bbbbbbbb-bbbb-4bbb-8bbb-bbbbbbbbbbbb&zona=Zona+Norte,200,53.324,
2026-08-31T04:02:35.107896+00:00,GET,http://localhost:3000/logistics/tenderos/productos-disponibles?tiendaId=bbbbbbbb-bbbb-4bbb-8bbb-bbbbbbbbbbbb&zona=Zona+Norte,200,58.087,
2026-08-31T04:02:35.141229+00:00,GET,http://localhost:3000/logistics/tenderos/productos-disponibles?tiendaId=bbbbbbbb-bbbb-4bbb-8bbb-bbbbbbbbbbbb&zona=Zona+Norte,200,53.723,
2026-08-31T04:02:35.175445+00:00,GET,http://localhost:3000/logistics/tenderos/productos-disponibles?tiendaId=bbbbbbbb-bbbb-4bbb-8bbb-bbbbbbbbbbbb&zona=Zona+Norte,200,62.193,
2026-08-31T04:02:35.208783+00:00,GET,http://localhost:3000/logistics/tenderos/productos-disponibles?tiendaId=bbbbbbbb-bbbb-4bbb-8bbb-bbbbbbbbbbbb&zona=Zona+Norte,200,54.208,
2026-08-31T04:02:35.241513+00:00,GET,http://localhost:3000/logistics/tenderos/productos-disponibles?tiendaId=bbbbbbbb-bbbb-4bbb-8bbb-bbbbbbbbbbbb&zona=Zona+Norte,200,61.806,
2026-08-31T04:02:35.275433+00:00,GET,http://localhost:3000/logistics/tenderos/productos-disponibles?tiendaId=bbbbbbbb-bbbb-4bbb-8bbb-bbbbbbbbbbbb&zona=Zona+Norte,200,53.792,
2026-08-31T04:02:35.308308+00:00,GET,http://localhost:3000/logistics/tenderos/productos-disponibles?tiendaId=bbbbbbbb-bbbb-4bbb-8bbb-bbbbbbbbbbbb&zona=Zona+Norte,200,61.205,
2026-08-31T04:02:35.342101+00:00,GET,http://localhost:3000/logistics/tenderos/productos-disponibles?tiendaId=bbbbbbbb-bbbb-4bbb-8bbb-bbbbbbbbbbbb&zona=Zona+Norte,200,53.761,
2026-08-31T04:02:35.375035+00:00,GET,http://localhost:3000/logistics/tenderos/productos-disponibles?tiendaId=bbbbbbbb-bbbb-4bbb-8bbb-bbbbbbbbbbbb&zona=Zona+Norte,200,59.955,
2026-08-31T04:02:35.408777+00:00,GET,http://localhost:3000/logistics/tenderos/productos-disponibles?tiendaId=bbbbbbbb-bbbb-4bbb-8bbb-bbbbbbbbbbbb&zona=Zona+Norte,200,52.053,
2026-08-31T04:02:35.441852+00:00,GET,http://localhost:3000/logistics/tenderos/productos-disponibles?tiendaId=bbbbbbbb-bbbb-4bbb-8bbb-bbbbbbbbbbbb&zona=Zona+Norte,200,59.184,
2026-08-31T04:02:35.475012+00:00,GET,http://localhost:3000/logistics/tenderos/productos-disponibles?tiendaId=bbbbbbbb-bbbb-4bbb-8bbb-bbbbbbbbbbbb&zona=Zona+Norte,200,55.124,
2026-08-31T04:02:35.508614+00:00,GET,http://localhost:3000/logistics/tenderos/productos-disponibles?tiendaId=bbbbbbbb-bbbb-4bbb-8bbb-bbbbbbbbbbbb&zona=Zona+Norte,200,62.287,
2026-08-31T04:02:35.542028+00:00,GET,http://localhost:3000/logistics/tenderos/productos-disponibles?tiendaId=bbbbbbbb-bbbb-4bbb-8bbb-bbbbbbbbbbbb&zona=Zona+Norte,200,54.339,
2026-08-31T04:02:35.574539+00:00,GET,http://localhost:3000/logistics/tenderos/productos-disponibles?tiendaId=bbbbbbbb-bbbb-4bbb-8bbb-bbbbbbbbbbbb&zona=Zona+Norte,200,61.470,
2026-08-31T04:02:35.608778+00:00,GET,http://localhost:3000/logistics/tenderos/productos-disponibles?tiendaId=bbbbbbbb-bbbb-4bbb-8bbb-bbbbbbbbbbbb&zona=Zona+Norte,200,53.972,
2026-08-31T04:02:35.641729+00:00,GET,http://localhost:3000/logistics/tenderos/productos-disponibles?tiendaId=bbbbbbbb-bbbb-4bbb-8bbb-bbbbbbbbbbbb&zona=Zona+Norte,200,61.732,
2026-08-31T04:02:35.675443+00:00,GET,http://localhost:3000/logistics/tenderos/productos-disponibles?tiendaId=bbbbbbbb-bbbb-4bbb-8bbb-bbbbbbbbbbbb&zona=Zona+Norte,200,53.679,
2026-08-31T04:02:35.707882+00:00,GET,http://localhost:3000/logistics/tenderos/productos-disponibles?tiendaId=bbbbbbbb-bbbb-4bbb-8bbb-bbbbbbbbbbbb&zona=Zona+Norte,200,61.802,
2026-08-31T04:02:35.742026+00:00,GET,http://localhost:3000/logistics/tenderos/productos-disponibles?tiendaId=bbbbbbbb-bbbb-4bbb-8bbb-bbbbbbbbbbbb&zona=Zona+Norte,200,54.127,
2026-08-31T04:02:35.775030+00:00,GET,http://localhost:3000/logistics/tenderos/productos-disponibles?tiendaId=bbbbbbbb-bbbb-4bbb-8bbb-bbbbbbbbbbbb&zona=Zona+Norte,200,61.120,
2026-08-31T04:02:35.808794+00:00,GET,http://localhost:3000/logistics/tenderos/productos-disponibles?tiendaId=bbbbbbbb-bbbb-4bbb-8bbb-bbbbbbbbbbbb&zona=Zona+Norte,200,53.433,
2026-08-31T04:02:35.841402+00:00,GET,http://localhost:3000/logistics/tenderos/productos-disponibles?tiendaId=bbbbbbbb-bbbb-4bbb-8bbb-bbbbbbbbbbbb&zona=Zona+Norte,200,62.213,
2026-08-31T04:02:35.875464+00:00,GET,http://localhost:3000/logistics/tenderos/productos-disponibles?tiendaId=bbbbbbbb-bbbb-4bbb-8bbb-bbbbbbbbbbbb&zona=Zona+Norte,200,55.508,
2026-08-31T04:02:35.907879+00:00,GET,http://localhost:3000/logistics/tenderos/productos-disponibles?tiendaId=bbbbbbbb-bbbb-4bbb-8bbb-bbbbbbbbbbbb&zona=Zona+Norte,200,60.408,
2026-08-31T04:02:35.941862+00:00,GET,http://localhost:3000/logistics/tenderos/productos-disponibles?tiendaId=bbbbbbbb-bbbb-4bbb-8bbb-bbbbbbbbbbbb&zona=Zona+Norte,200,53.373,
2026-08-31T04:02:35.974553+00:00,GET,http://localhost:3000/logistics/tenderos/productos-disponibles?tiendaId=bbbbbbbb-bbbb-4bbb-8bbb-bbbbbbbbbbbb&zona=Zona+Norte,200,60.116,
2026-08-31T04:02:36.007938+00:00,GET,http://localhost:3000/logistics/tenderos/productos-disponibles?tiendaId=bbbbbbbb-bbbb-4bbb-8bbb-bbbbbbbbbbbb&zona=Zona+Norte,200,53.677,
2026-08-31T04:02:36.041228+00:00,GET,http://localhost:3000/logistics/tenderos/productos-disponibles?tiendaId=bbbbbbbb-bbbb-4bbb-8bbb-bbbbbbbbbbbb&zona=Zona+Norte,200,57.369,
2026-08-31T04:02:36.075484+00:00,GET,http://localhost:3000/logistics/tenderos/productos-disponibles?tiendaId=bbbbbbbb-bbbb-4bbb-8bbb-bbbbbbbbbbbb&zona=Zona+Norte,200,53.408,
2026-08-31T04:02:36.107904+00:00,GET,http://localhost:3000/logistics/tenderos/productos-disponibles?tiendaId=bbbbbbbb-bbbb-4bbb-8bbb-bbbbbbbbbbbb&zona=Zona+Norte,200,63.707,
2026-08-31T04:02:36.142132+00:00,GET,http://localhost:3000/logistics/tenderos/productos-disponibles?tiendaId=bbbbbbbb-bbbb-4bbb-8bbb-bbbbbbbbbbbb&zona=Zona+Norte,200,54.636,
2026-08-31T04:02:36.174814+00:00,GET,http://localhost:3000/logistics/tenderos/productos-disponibles?tiendaId=bbbbbbbb-bbbb-4bbb-8bbb-bbbbbbbbbbbb&zona=Zona+Norte,200,62.710,
2026-08-31T04:02:36.208805+00:00,GET,http://localhost:3000/logistics/tenderos/productos-disponibles?tiendaId=bbbbbbbb-bbbb-4bbb-8bbb-bbbbbbbbbbbb&zona=Zona+Norte,200,55.094,
2026-08-31T04:02:36.241560+00:00,GET,http://localhost:3000/logistics/tenderos/productos-disponibles?tiendaId=bbbbbbbb-bbbb-4bbb-8bbb-bbbbbbbbbbbb&zona=Zona+Norte,200,61.597,
2026-08-31T04:02:36.275476+00:00,GET,http://localhost:3000/logistics/tenderos/productos-disponibles?tiendaId=bbbbbbbb-bbbb-4bbb-8bbb-bbbbbbbbbbbb&zona=Zona+Norte,200,55.531,
2026-08-31T04:02:36.307912+00:00,GET,http://localhost:3000/logistics/tenderos/productos-disponibles?tiendaId=bbbbbbbb-bbbb-4bbb-8bbb-bbbbbbbbbbbb&zona=Zona+Norte,200,62.005,
2026-08-31T04:02:36.342135+00:00,GET,http://localhost:3000/logistics/tenderos/productos-disponibles?tiendaId=bbbbbbbb-bbbb-4bbb-8bbb-bbbbbbbbbbbb&zona=Zona+Norte,200,54.900,
2026-08-31T04:02:36.375041+00:00,GET,http://localhost:3000/logistics/tenderos/productos-disponibles?tiendaId=bbbbbbbb-bbbb-4bbb-8bbb-bbbbbbbbbbbb&zona=Zona+Norte,200,62.499,
2026-08-31T04:02:36.408801+00:00,GET,http://localhost:3000/logistics/tenderos/productos-disponibles?tiendaId=bbbbbbbb-bbbb-4bbb-8bbb-bbbbbbbbbbbb&zona=Zona+Norte,200,53.494,
2026-08-31T04:02:36.441625+00:00,GET,http://localhost:3000/logistics/tenderos/productos-disponibles?tiendaId=bbbbbbbb-bbbb-4bbb-8bbb-bbbbbbbbbbbb&zona=Zona+Norte,200,61.442,
2026-08-31T04:02:36.475495+00:00,GET,http://localhost:3000/logistics/tenderos/productos-disponibles?tiendaId=bbbbbbbb-bbbb-4bbb-8bbb-bbbbbbbbbbbb&zona=Zona+Norte,200,57.749,
2026-08-31T04:02:36.508386+00:00,GET,http://localhost:3000/logistics/tenderos/productos-disponibles?tiendaId=bbbbbbbb-bbbb-4bbb-8bbb-bbbbbbbbbbbb&zona=Zona+Norte,200,59.009,
2026-08-31T04:02:36.542126+00:00,GET,http://localhost:3000/logistics/tenderos/productos-disponibles?tiendaId=bbbbbbbb-bbbb-4bbb-8bbb-bbbbbbbbbbbb&zona=Zona+Norte,200,54.217,
2026-08-31T04:02:36.575346+00:00,GET,http://localhost:3000/logistics/tenderos/productos-disponibles?tiendaId=bbbbbbbb-bbbb-4bbb-8bbb-bbbbbbbbbbbb&zona=Zona+Norte,200,61.889,
2026-08-31T04:02:36.608821+00:00,GET,http://localhost:3000/logistics/tenderos/productos-disponibles?tiendaId=bbbbbbbb-bbbb-4bbb-8bbb-bbbbbbbbbbbb&zona=Zona+Norte,200,54.428,
2026-08-31T04:02:36.641609+00:00,GET,http://localhost:3000/logistics/tenderos/productos-disponibles?tiendaId=bbbbbbbb-bbbb-4bbb-8bbb-bbbbbbbbbbbb&zona=Zona+Norte,200,58.214,
2026-08-31T04:02:36.675476+00:00,GET,http://localhost:3000/logistics/tenderos/productos-disponibles?tiendaId=bbbbbbbb-bbbb-4bbb-8bbb-bbbbbbbbbbbb&zona=Zona+Norte,200,58.678,
2026-08-31T04:02:36.708805+00:00,GET,http://localhost:3000/logistics/tenderos/productos-disponibles?tiendaId=bbbbbbbb-bbbb-4bbb-8bbb-bbbbbbbbbbbb&zona=Zona+Norte,200,61.805,
2026-08-31T04:02:36.741219+00:00,GET,http://localhost:3000/logistics/tenderos/productos-disponibles?tiendaId=bbbbbbbb-bbbb-4bbb-8bbb-bbbbbbbbbbbb&zona=Zona+Norte,200,53.982,
2026-08-31T04:02:36.774941+00:00,GET,http://localhost:3000/logistics/tenderos/productos-disponibles?tiendaId=bbbbbbbb-bbbb-4bbb-8bbb-bbbbbbbbbbbb&zona=Zona+Norte,200,56.202,
2026-08-31T04:02:36.808852+00:00,GET,http://localhost:3000/logistics/tenderos/productos-disponibles?tiendaId=bbbbbbbb-bbbb-4bbb-8bbb-bbbbbbbbbbbb&zona=Zona+Norte,200,51.798,
2026-08-31T04:02:36.842218+00:00,GET,http://localhost:3000/logistics/tenderos/productos-disponibles?tiendaId=bbbbbbbb-bbbb-4bbb-8bbb-bbbbbbbbbbbb&zona=Zona+Norte,200,67.060,
2026-08-31T04:02:36.875522+00:00,GET,http://localhost:3000/logistics/tenderos/productos-disponibles?tiendaId=bbbbbbbb-bbbb-4bbb-8bbb-bbbbbbbbbbbb&zona=Zona+Norte,200,57.865,
2026-08-31T04:02:36.908829+00:00,GET,http://localhost:3000/logistics/tenderos/productos-disponibles?tiendaId=bbbbbbbb-bbbb-4bbb-8bbb-bbbbbbbbbbbb&zona=Zona+Norte,200,67.791,
2026-08-31T04:02:36.942130+00:00,GET,http://localhost:3000/logistics/tenderos/productos-disponibles?tiendaId=bbbbbbbb-bbbb-4bbb-8bbb-bbbbbbbbbbbb&zona=Zona+Norte,200,58.485,
2026-08-31T04:02:36.974802+00:00,GET,http://localhost:3000/logistics/tenderos/productos-disponibles?tiendaId=bbbbbbbb-bbbb-4bbb-8bbb-bbbbbbbbbbbb&zona=Zona+Norte,200,58.755,
2026-08-31T04:02:37.008706+00:00,GET,http://localhost:3000/logistics/tenderos/productos-disponibles?tiendaId=bbbbbbbb-bbbb-4bbb-8bbb-bbbbbbbbbbbb&zona=Zona+Norte,200,51.837,
2026-08-31T04:02:37.042036+00:00,GET,http://localhost:3000/logistics/tenderos/productos-disponibles?tiendaId=bbbbbbbb-bbbb-4bbb-8bbb-bbbbbbbbbbbb&zona=Zona+Norte,200,59.793,
2026-08-31T04:02:37.074570+00:00,GET,http://localhost:3000/logistics/tenderos/productos-disponibles?tiendaId=bbbbbbbb-bbbb-4bbb-8bbb-bbbbbbbbbbbb&zona=Zona+Norte,200,50.662,
2026-08-31T04:02:37.108559+00:00,GET,http://localhost:3000/logistics/tenderos/productos-disponibles?tiendaId=bbbbbbbb-bbbb-4bbb-8bbb-bbbbbbbbbbbb&zona=Zona+Norte,200,58.671,
2026-08-31T04:02:37.142191+00:00,GET,http://localhost:3000/logistics/tenderos/productos-disponibles?tiendaId=bbbbbbbb-bbbb-4bbb-8bbb-bbbbbbbbbbbb&zona=Zona+Norte,200,60.248,
2026-08-31T04:02:37.175381+00:00,GET,http://localhost:3000/logistics/tenderos/productos-disponibles?tiendaId=bbbbbbbb-bbbb-4bbb-8bbb-bbbbbbbbbbbb&zona=Zona+Norte,200,62.100,
2026-08-31T04:02:37.208491+00:00,GET,http://localhost:3000/logistics/tenderos/productos-disponibles?tiendaId=bbbbbbbb-bbbb-4bbb-8bbb-bbbbbbbbbbbb&zona=Zona+Norte,200,52.908,
2026-08-31T04:02:37.241214+00:00,GET,http://localhost:3000/logistics/tenderos/productos-disponibles?tiendaId=bbbbbbbb-bbbb-4bbb-8bbb-bbbbbbbbbbbb&zona=Zona+Norte,200,60.454,
2026-08-31T04:02:37.275133+00:00,GET,http://localhost:3000/logistics/tenderos/productos-disponibles?tiendaId=bbbbbbbb-bbbb-4bbb-8bbb-bbbbbbbbbbbb&zona=Zona+Norte,200,52.596,
2026-08-31T04:02:37.308604+00:00,GET,http://localhost:3000/logistics/tenderos/productos-disponibles?tiendaId=bbbbbbbb-bbbb-4bbb-8bbb-bbbbbbbbbbbb&zona=Zona+Norte,200,57.916,
2026-08-31T04:02:37.342074+00:00,GET,http://localhost:3000/logistics/tenderos/productos-disponibles?tiendaId=bbbbbbbb-bbbb-4bbb-8bbb-bbbbbbbbbbbb&zona=Zona+Norte,200,54.537,
2026-08-31T04:02:37.375523+00:00,GET,http://localhost:3000/logistics/tenderos/productos-disponibles?tiendaId=bbbbbbbb-bbbb-4bbb-8bbb-bbbbbbbbbbbb&zona=Zona+Norte,200,57.740,
2026-08-31T04:02:37.408857+00:00,GET,http://localhost:3000/logistics/tenderos/productos-disponibles?tiendaId=bbbbbbbb-bbbb-4bbb-8bbb-bbbbbbbbbbbb&zona=Zona+Norte,200,51.211,
2026-08-31T04:02:37.442217+00:00,GET,http://localhost:3000/logistics/tenderos/productos-disponibles?tiendaId=bbbbbbbb-bbbb-4bbb-8bbb-bbbbbbbbbbbb&zona=Zona+Norte,200,60.445,
2026-08-31T04:02:37.474599+00:00,GET,http://localhost:3000/logistics/tenderos/productos-disponibles?tiendaId=bbbbbbbb-bbbb-4bbb-8bbb-bbbbbbbbbbbb&zona=Zona+Norte,200,51.314,
2026-08-31T04:02:37.508541+00:00,GET,http://localhost:3000/logistics/tenderos/productos-disponibles?tiendaId=bbbbbbbb-bbbb-4bbb-8bbb-bbbbbbbbbbbb&zona=Zona+Norte,200,61.669,
2026-08-31T04:02:37.541233+00:00,GET,http://localhost:3000/logistics/tenderos/productos-disponibles?tiendaId=bbbbbbbb-bbbb-4bbb-8bbb-bbbbbbbbbbbb&zona=Zona+Norte,200,56.423,
2026-08-31T04:02:37.575037+00:00,GET,http://localhost:3000/logistics/tenderos/productos-disponibles?tiendaId=bbbbbbbb-bbbb-4bbb-8bbb-bbbbbbbbbbbb&zona=Zona+Norte,200,62.789,
2026-08-31T04:02:37.608868+00:00,GET,http://localhost:3000/logistics/tenderos/productos-disponibles?tiendaId=bbbbbbbb-bbbb-4bbb-8bbb-bbbbbbbbbbbb&zona=Zona+Norte,200,56.702,
2026-08-31T04:02:37.641607+00:00,GET,http://localhost:3000/logistics/tenderos/productos-disponibles?tiendaId=bbbbbbbb-bbbb-4bbb-8bbb-bbbbbbbbbbbb&zona=Zona+Norte,200,59.755,
2026-08-31T04:02:37.675590+00:00,GET,http://localhost:3000/logistics/tenderos/productos-disponibles?tiendaId=bbbbbbbb-bbbb-4bbb-8bbb-bbbbbbbbbbbb&zona=Zona+Norte,200,52.789,
2026-08-31T04:02:37.708692+00:00,GET,http://localhost:3000/logistics/tenderos/productos-disponibles?tiendaId=bbbbbbbb-bbbb-4bbb-8bbb-bbbbbbbbbbbb&zona=Zona+Norte,200,61.944,
2026-08-31T04:02:37.742251+00:00,GET,http://localhost:3000/logistics/tenderos/productos-disponibles?tiendaId=bbbbbbbb-bbbb-4bbb-8bbb-bbbbbbbbbbbb&zona=Zona+Norte,200,56.381,
2026-08-31T04:02:37.775010+00:00,GET,http://localhost:3000/logistics/tenderos/productos-disponibles?tiendaId=bbbbbbbb-bbbb-4bbb-8bbb-bbbbbbbbbbbb&zona=Zona+Norte,200,63.663,
2026-08-31T04:02:37.808926+00:00,GET,http://localhost:3000/logistics/tenderos/productos-disponibles?tiendaId=bbbbbbbb-bbbb-4bbb-8bbb-bbbbbbbbbbbb&zona=Zona+Norte,200,59.226,
2026-08-31T04:02:37.841526+00:00,GET,http://localhost:3000/logistics/tenderos/productos-disponibles?tiendaId=bbbbbbbb-bbbb-4bbb-8bbb-bbbbbbbbbbbb&zona=Zona+Norte,200,58.893,
2026-08-31T04:02:37.875342+00:00,GET,http://localhost:3000/logistics/tenderos/productos-disponibles?tiendaId=bbbbbbbb-bbbb-4bbb-8bbb-bbbbbbbbbbbb&zona=Zona+Norte,200,53.593,
2026-08-31T04:02:37.908831+00:00,GET,http://localhost:3000/logistics/tenderos/productos-disponibles?tiendaId=bbbbbbbb-bbbb-4bbb-8bbb-bbbbbbbbbbbb&zona=Zona+Norte,200,62.317,
2026-08-31T04:02:37.942256+00:00,GET,http://localhost:3000/logistics/tenderos/productos-disponibles?tiendaId=bbbbbbbb-bbbb-4bbb-8bbb-bbbbbbbbbbbb&zona=Zona+Norte,200,54.430,
2026-08-31T04:02:37.974971+00:00,GET,http://localhost:3000/logistics/tenderos/productos-disponibles?tiendaId=bbbbbbbb-bbbb-4bbb-8bbb-bbbbbbbbbbbb&zona=Zona+Norte,200,62.490,
2026-08-31T04:02:38.008959+00:00,GET,http://localhost:3000/logistics/tenderos/productos-disponibles?tiendaId=bbbbbbbb-bbbb-4bbb-8bbb-bbbbbbbbbbbb&zona=Zona+Norte,200,56.843,
2026-08-31T04:02:38.041673+00:00,GET,http://localhost:3000/logistics/tenderos/productos-disponibles?tiendaId=bbbbbbbb-bbbb-4bbb-8bbb-bbbbbbbbbbbb&zona=Zona+Norte,200,63.346,
2026-08-31T04:02:38.075481+00:00,GET,http://localhost:3000/logistics/tenderos/productos-disponibles?tiendaId=bbbbbbbb-bbbb-4bbb-8bbb-bbbbbbbbbbbb&zona=Zona+Norte,200,58.059,
2026-08-31T04:02:38.108233+00:00,GET,http://localhost:3000/logistics/tenderos/productos-disponibles?tiendaId=bbbbbbbb-bbbb-4bbb-8bbb-bbbbbbbbbbbb&zona=Zona+Norte,200,60.175,
2026-08-31T04:02:38.142056+00:00,GET,http://localhost:3000/logistics/tenderos/productos-disponibles?tiendaId=bbbbbbbb-bbbb-4bbb-8bbb-bbbbbbbbbbbb&zona=Zona+Norte,200,54.984,
2026-08-31T04:02:38.175349+00:00,GET,http://localhost:3000/logistics/tenderos/productos-disponibles?tiendaId=bbbbbbbb-bbbb-4bbb-8bbb-bbbbbbbbbbbb&zona=Zona+Norte,200,62.665,
2026-08-31T04:02:38.208234+00:00,GET,http://localhost:3000/logistics/tenderos/productos-disponibles?tiendaId=bbbbbbbb-bbbb-4bbb-8bbb-bbbbbbbbbbbb&zona=Zona+Norte,200,56.049,
2026-08-31T04:02:38.241657+00:00,GET,http://localhost:3000/logistics/tenderos/productos-disponibles?tiendaId=bbbbbbbb-bbbb-4bbb-8bbb-bbbbbbbbbbbb&zona=Zona+Norte,200,63.091,
2026-08-31T04:02:38.275571+00:00,GET,http://localhost:3000/logistics/tenderos/productos-disponibles?tiendaId=bbbbbbbb-bbbb-4bbb-8bbb-bbbbbbbbbbbb&zona=Zona+Norte,200,56.663,
2026-08-31T04:02:38.308278+00:00,GET,http://localhost:3000/logistics/tenderos/productos-disponibles?tiendaId=bbbbbbbb-bbbb-4bbb-8bbb-bbbbbbbbbbbb&zona=Zona+Norte,200,59.343,
2026-08-31T04:02:38.342297+00:00,GET,http://localhost:3000/logistics/tenderos/productos-disponibles?tiendaId=bbbbbbbb-bbbb-4bbb-8bbb-bbbbbbbbbbbb&zona=Zona+Norte,200,55.996,
2026-08-31T04:02:38.375190+00:00,GET,http://localhost:3000/logistics/tenderos/productos-disponibles?tiendaId=bbbbbbbb-bbbb-4bbb-8bbb-bbbbbbbbbbbb&zona=Zona+Norte,200,63.535,
2026-08-31T04:02:38.408305+00:00,GET,http://localhost:3000/logistics/tenderos/productos-disponibles?tiendaId=bbbbbbbb-bbbb-4bbb-8bbb-bbbbbbbbbbbb&zona=Zona+Norte,200,52.954,
2026-08-31T04:02:38.441556+00:00,GET,http://localhost:3000/logistics/tenderos/productos-disponibles?tiendaId=bbbbbbbb-bbbb-4bbb-8bbb-bbbbbbbbbbbb&zona=Zona+Norte,200,58.978,
2026-08-31T04:02:38.475588+00:00,GET,http://localhost:3000/logistics/tenderos/productos-disponibles?tiendaId=bbbbbbbb-bbbb-4bbb-8bbb-bbbbbbbbbbbb&zona=Zona+Norte,200,53.896,
2026-08-31T04:02:38.508837+00:00,GET,http://localhost:3000/logistics/tenderos/productos-disponibles?tiendaId=bbbbbbbb-bbbb-4bbb-8bbb-bbbbbbbbbbbb&zona=Zona+Norte,200,66.318,
2026-08-31T04:02:38.542297+00:00,GET,http://localhost:3000/logistics/tenderos/productos-disponibles?tiendaId=bbbbbbbb-bbbb-4bbb-8bbb-bbbbbbbbbbbb&zona=Zona+Norte,200,56.366,
2026-08-31T04:02:38.575184+00:00,GET,http://localhost:3000/logistics/tenderos/productos-disponibles?tiendaId=bbbbbbbb-bbbb-4bbb-8bbb-bbbbbbbbbbbb&zona=Zona+Norte,200,62.513,
2026-08-31T04:02:38.608928+00:00,GET,http://localhost:3000/logistics/tenderos/productos-disponibles?tiendaId=bbbbbbbb-bbbb-4bbb-8bbb-bbbbbbbbbbbb&zona=Zona+Norte,200,55.276,
2026-08-31T04:02:38.641811+00:00,GET,http://localhost:3000/logistics/tenderos/productos-disponibles?tiendaId=bbbbbbbb-bbbb-4bbb-8bbb-bbbbbbbbbbbb&zona=Zona+Norte,200,62.054,
2026-08-31T04:02:38.675616+00:00,GET,http://localhost:3000/logistics/tenderos/productos-disponibles?tiendaId=bbbbbbbb-bbbb-4bbb-8bbb-bbbbbbbbbbbb&zona=Zona+Norte,200,55.147,
2026-08-31T04:02:38.708431+00:00,GET,http://localhost:3000/logistics/tenderos/productos-disponibles?tiendaId=bbbbbbbb-bbbb-4bbb-8bbb-bbbbbbbbbbbb&zona=Zona+Norte,200,63.479,
2026-08-31T04:02:38.742301+00:00,GET,http://localhost:3000/logistics/tenderos/productos-disponibles?tiendaId=bbbbbbbb-bbbb-4bbb-8bbb-bbbbbbbbbbbb&zona=Zona+Norte,200,57.495,
2026-08-31T04:02:38.774893+00:00,GET,http://localhost:3000/logistics/tenderos/productos-disponibles?tiendaId=bbbbbbbb-bbbb-4bbb-8bbb-bbbbbbbbbbbb&zona=Zona+Norte,200,64.159,
2026-08-31T04:02:38.808941+00:00,GET,http://localhost:3000/logistics/tenderos/productos-disponibles?tiendaId=bbbbbbbb-bbbb-4bbb-8bbb-bbbbbbbbbbbb&zona=Zona+Norte,200,55.351,
2026-08-31T04:02:38.841511+00:00,GET,http://localhost:3000/logistics/tenderos/productos-disponibles?tiendaId=bbbbbbbb-bbbb-4bbb-8bbb-bbbbbbbbbbbb&zona=Zona+Norte,200,58.998,
2026-08-31T04:02:38.875622+00:00,GET,http://localhost:3000/logistics/tenderos/productos-disponibles?tiendaId=bbbbbbbb-bbbb-4bbb-8bbb-bbbbbbbbbbbb&zona=Zona+Norte,200,55.322,
2026-08-31T04:02:38.908851+00:00,GET,http://localhost:3000/logistics/tenderos/productos-disponibles?tiendaId=bbbbbbbb-bbbb-4bbb-8bbb-bbbbbbbbbbbb&zona=Zona+Norte,200,63.298,
2026-08-31T04:02:38.942299+00:00,GET,http://localhost:3000/logistics/tenderos/productos-disponibles?tiendaId=bbbbbbbb-bbbb-4bbb-8bbb-bbbbbbbbbbbb&zona=Zona+Norte,200,57.019,
2026-08-31T04:02:38.974934+00:00,GET,http://localhost:3000/logistics/tenderos/productos-disponibles?tiendaId=bbbbbbbb-bbbb-4bbb-8bbb-bbbbbbbbbbbb&zona=Zona+Norte,200,62.652,
2026-08-31T04:02:39.008945+00:00,GET,http://localhost:3000/logistics/tenderos/productos-disponibles?tiendaId=bbbbbbbb-bbbb-4bbb-8bbb-bbbbbbbbbbbb&zona=Zona+Norte,200,54.877,
2026-08-31T04:02:39.041736+00:00,GET,http://localhost:3000/logistics/tenderos/productos-disponibles?tiendaId=bbbbbbbb-bbbb-4bbb-8bbb-bbbbbbbbbbbb&zona=Zona+Norte,200,58.601,
2026-08-31T04:02:39.075600+00:00,GET,http://localhost:3000/logistics/tenderos/productos-disponibles?tiendaId=bbbbbbbb-bbbb-4bbb-8bbb-bbbbbbbbbbbb&zona=Zona+Norte,200,55.972,
2026-08-31T04:02:39.108873+00:00,GET,http://localhost:3000/logistics/tenderos/productos-disponibles?tiendaId=bbbbbbbb-bbbb-4bbb-8bbb-bbbbbbbbbbbb&zona=Zona+Norte,200,63.700,
2026-08-31T04:02:39.142328+00:00,GET,http://localhost:3000/logistics/tenderos/productos-disponibles?tiendaId=bbbbbbbb-bbbb-4bbb-8bbb-bbbbbbbbbbbb&zona=Zona+Norte,200,56.926,
2026-08-31T04:02:39.174830+00:00,GET,http://localhost:3000/logistics/tenderos/productos-disponibles?tiendaId=bbbbbbbb-bbbb-4bbb-8bbb-bbbbbbbbbbbb&zona=Zona+Norte,200,62.570,
2026-08-31T04:02:39.208959+00:00,GET,http://localhost:3000/logistics/tenderos/productos-disponibles?tiendaId=bbbbbbbb-bbbb-4bbb-8bbb-bbbbbbbbbbbb&zona=Zona+Norte,200,54.455,
2026-08-31T04:02:39.241731+00:00,GET,http://localhost:3000/logistics/tenderos/productos-disponibles?tiendaId=bbbbbbbb-bbbb-4bbb-8bbb-bbbbbbbbbbbb&zona=Zona+Norte,200,61.793,
2026-08-31T04:02:39.275615+00:00,GET,http://localhost:3000/logistics/tenderos/productos-disponibles?tiendaId=bbbbbbbb-bbbb-4bbb-8bbb-bbbbbbbbbbbb&zona=Zona+Norte,200,54.744,
2026-08-31T04:02:39.308199+00:00,GET,http://localhost:3000/logistics/tenderos/productos-disponibles?tiendaId=bbbbbbbb-bbbb-4bbb-8bbb-bbbbbbbbbbbb&zona=Zona+Norte,200,61.108,
2026-08-31T04:02:39.342292+00:00,GET,http://localhost:3000/logistics/tenderos/productos-disponibles?tiendaId=bbbbbbbb-bbbb-4bbb-8bbb-bbbbbbbbbbbb&zona=Zona+Norte,200,56.167,
2026-08-31T04:02:39.375248+00:00,GET,http://localhost:3000/logistics/tenderos/productos-disponibles?tiendaId=bbbbbbbb-bbbb-4bbb-8bbb-bbbbbbbbbbbb&zona=Zona+Norte,200,63.991,
2026-08-31T04:02:39.408942+00:00,GET,http://localhost:3000/logistics/tenderos/productos-disponibles?tiendaId=bbbbbbbb-bbbb-4bbb-8bbb-bbbbbbbbbbbb&zona=Zona+Norte,200,55.223,
2026-08-31T04:02:39.441505+00:00,GET,http://localhost:3000/logistics/tenderos/productos-disponibles?tiendaId=bbbbbbbb-bbbb-4bbb-8bbb-bbbbbbbbbbbb&zona=Zona+Norte,200,61.768,
2026-08-31T04:02:39.475623+00:00,GET,http://localhost:3000/logistics/tenderos/productos-disponibles?tiendaId=bbbbbbbb-bbbb-4bbb-8bbb-bbbbbbbbbbbb&zona=Zona+Norte,200,54.589,
2026-08-31T04:02:39.508511+00:00,GET,http://localhost:3000/logistics/tenderos/productos-disponibles?tiendaId=bbbbbbbb-bbbb-4bbb-8bbb-bbbbbbbbbbbb&zona=Zona+Norte,200,61.853,
2026-08-31T04:02:39.542283+00:00,GET,http://localhost:3000/logistics/tenderos/productos-disponibles?tiendaId=bbbbbbbb-bbbb-4bbb-8bbb-bbbbbbbbbbbb&zona=Zona+Norte,200,56.096,
2026-08-31T04:02:39.575134+00:00,GET,http://localhost:3000/logistics/tenderos/productos-disponibles?tiendaId=bbbbbbbb-bbbb-4bbb-8bbb-bbbbbbbbbbbb&zona=Zona+Norte,200,62.076,
2026-08-31T04:02:39.608955+00:00,GET,http://localhost:3000/logistics/tenderos/productos-disponibles?tiendaId=bbbbbbbb-bbbb-4bbb-8bbb-bbbbbbbbbbbb&zona=Zona+Norte,200,56.080,
2026-08-31T04:02:39.641794+00:00,GET,http://localhost:3000/logistics/tenderos/productos-disponibles?tiendaId=bbbbbbbb-bbbb-4bbb-8bbb-bbbbbbbbbbbb&zona=Zona+Norte,200,64.664,
2026-08-31T04:02:39.675631+00:00,GET,http://localhost:3000/logistics/tenderos/productos-disponibles?tiendaId=bbbbbbbb-bbbb-4bbb-8bbb-bbbbbbbbbbbb&zona=Zona+Norte,200,55.245,
2026-08-31T04:02:39.708123+00:00,GET,http://localhost:3000/logistics/tenderos/productos-disponibles?tiendaId=bbbbbbbb-bbbb-4bbb-8bbb-bbbbbbbbbbbb&zona=Zona+Norte,200,64.025,
2026-08-31T04:02:39.742301+00:00,GET,http://localhost:3000/logistics/tenderos/productos-disponibles?tiendaId=bbbbbbbb-bbbb-4bbb-8bbb-bbbbbbbbbbbb&zona=Zona+Norte,200,59.435,
2026-08-31T04:02:39.774901+00:00,GET,http://localhost:3000/logistics/tenderos/productos-disponibles?tiendaId=bbbbbbbb-bbbb-4bbb-8bbb-bbbbbbbbbbbb&zona=Zona+Norte,200,70.943,
2026-08-31T04:02:39.808726+00:00,GET,http://localhost:3000/logistics/tenderos/productos-disponibles?tiendaId=bbbbbbbb-bbbb-4bbb-8bbb-bbbbbbbbbbbb&zona=Zona+Norte,200,61.506,
2026-08-31T04:02:39.842283+00:00,GET,http://localhost:3000/logistics/tenderos/productos-disponibles?tiendaId=bbbbbbbb-bbbb-4bbb-8bbb-bbbbbbbbbbbb&zona=Zona+Norte,200,73.270,
2026-08-31T04:02:39.875202+00:00,GET,http://localhost:3000/logistics/tenderos/productos-disponibles?tiendaId=bbbbbbbb-bbbb-4bbb-8bbb-bbbbbbbbbbbb&zona=Zona+Norte,200,64.488,
2026-08-31T04:02:39.908950+00:00,GET,http://localhost:3000/logistics/tenderos/productos-disponibles?tiendaId=bbbbbbbb-bbbb-4bbb-8bbb-bbbbbbbbbbbb&zona=Zona+Norte,200,69.442,
2026-08-31T04:02:39.941446+00:00,GET,http://localhost:3000/logistics/tenderos/productos-disponibles?tiendaId=bbbbbbbb-bbbb-4bbb-8bbb-bbbbbbbbbbbb&zona=Zona+Norte,200,60.334,
2026-08-31T04:02:39.975612+00:00,GET,http://localhost:3000/logistics/tenderos/productos-disponibles?tiendaId=bbbbbbbb-bbbb-4bbb-8bbb-bbbbbbbbbbbb&zona=Zona+Norte,200,66.222,
2026-08-31T04:02:40.008370+00:00,GET,http://localhost:3000/logistics/tenderos/productos-disponibles?tiendaId=bbbbbbbb-bbbb-4bbb-8bbb-bbbbbbbbbbbb&zona=Zona+Norte,200,58.769,
2026-08-31T04:02:40.041855+00:00,GET,http://localhost:3000/logistics/tenderos/productos-disponibles?tiendaId=bbbbbbbb-bbbb-4bbb-8bbb-bbbbbbbbbbbb&zona=Zona+Norte,200,66.900,
2026-08-31T04:02:40.075583+00:00,GET,http://localhost:3000/logistics/tenderos/productos-disponibles?tiendaId=bbbbbbbb-bbbb-4bbb-8bbb-bbbbbbbbbbbb&zona=Zona+Norte,200,56.870,
2026-08-31T04:02:40.108773+00:00,GET,http://localhost:3000/logistics/tenderos/productos-disponibles?tiendaId=bbbbbbbb-bbbb-4bbb-8bbb-bbbbbbbbbbbb&zona=Zona+Norte,200,63.040,
2026-08-31T04:02:40.142314+00:00,GET,http://localhost:3000/logistics/tenderos/productos-disponibles?tiendaId=bbbbbbbb-bbbb-4bbb-8bbb-bbbbbbbbbbbb&zona=Zona+Norte,200,57.854,
2026-08-31T04:02:40.174947+00:00,GET,http://localhost:3000/logistics/tenderos/productos-disponibles?tiendaId=bbbbbbbb-bbbb-4bbb-8bbb-bbbbbbbbbbbb&zona=Zona+Norte,200,60.458,
2026-08-31T04:02:40.208939+00:00,GET,http://localhost:3000/logistics/tenderos/productos-disponibles?tiendaId=bbbbbbbb-bbbb-4bbb-8bbb-bbbbbbbbbbbb&zona=Zona+Norte,200,54.111,
2026-08-31T04:02:40.242076+00:00,GET,http://localhost:3000/logistics/tenderos/productos-disponibles?tiendaId=bbbbbbbb-bbbb-4bbb-8bbb-bbbbbbbbbbbb&zona=Zona+Norte,200,59.510,
2026-08-31T04:02:40.275653+00:00,GET,http://localhost:3000/logistics/tenderos/productos-disponibles?tiendaId=bbbbbbbb-bbbb-4bbb-8bbb-bbbbbbbbbbbb&zona=Zona+Norte,200,56.671,
2026-08-31T04:02:40.308798+00:00,GET,http://localhost:3000/logistics/tenderos/productos-disponibles?tiendaId=bbbbbbbb-bbbb-4bbb-8bbb-bbbbbbbbbbbb&zona=Zona+Norte,200,63.547,
2026-08-31T04:02:40.342323+00:00,GET,http://localhost:3000/logistics/tenderos/productos-disponibles?tiendaId=bbbbbbbb-bbbb-4bbb-8bbb-bbbbbbbbbbbb&zona=Zona+Norte,200,55.195,
2026-08-31T04:02:40.374904+00:00,GET,http://localhost:3000/logistics/tenderos/productos-disponibles?tiendaId=bbbbbbbb-bbbb-4bbb-8bbb-bbbbbbbbbbbb&zona=Zona+Norte,200,58.878,
2026-08-31T04:02:40.408964+00:00,GET,http://localhost:3000/logistics/tenderos/productos-disponibles?tiendaId=bbbbbbbb-bbbb-4bbb-8bbb-bbbbbbbbbbbb&zona=Zona+Norte,200,54.412,
2026-08-31T04:02:40.442263+00:00,GET,http://localhost:3000/logistics/tenderos/productos-disponibles?tiendaId=bbbbbbbb-bbbb-4bbb-8bbb-bbbbbbbbbbbb&zona=Zona+Norte,200,63.433,
2026-08-31T04:02:40.475677+00:00,GET,http://localhost:3000/logistics/tenderos/productos-disponibles?tiendaId=bbbbbbbb-bbbb-4bbb-8bbb-bbbbbbbbbbbb&zona=Zona+Norte,200,54.889,
2026-08-31T04:02:40.508265+00:00,GET,http://localhost:3000/logistics/tenderos/productos-disponibles?tiendaId=bbbbbbbb-bbbb-4bbb-8bbb-bbbbbbbbbbbb&zona=Zona+Norte,200,60.307,
2026-08-31T04:02:40.542072+00:00,GET,http://localhost:3000/logistics/tenderos/productos-disponibles?tiendaId=bbbbbbbb-bbbb-4bbb-8bbb-bbbbbbbbbbbb&zona=Zona+Norte,200,56.219,
2026-08-31T04:02:40.575435+00:00,GET,http://localhost:3000/logistics/tenderos/productos-disponibles?tiendaId=bbbbbbbb-bbbb-4bbb-8bbb-bbbbbbbbbbbb&zona=Zona+Norte,200,63.123,
2026-08-31T04:02:40.608999+00:00,GET,http://localhost:3000/logistics/tenderos/productos-disponibles?tiendaId=bbbbbbbb-bbbb-4bbb-8bbb-bbbbbbbbbbbb&zona=Zona+Norte,200,55.638,
2026-08-31T04:02:40.641752+00:00,GET,http://localhost:3000/logistics/tenderos/productos-disponibles?tiendaId=bbbbbbbb-bbbb-4bbb-8bbb-bbbbbbbbbbbb&zona=Zona+Norte,200,58.967,
2026-08-31T04:02:40.675658+00:00,GET,http://localhost:3000/logistics/tenderos/productos-disponibles?tiendaId=bbbbbbbb-bbbb-4bbb-8bbb-bbbbbbbbbbbb&zona=Zona+Norte,200,54.378,
2026-08-31T04:02:40.708646+00:00,GET,http://localhost:3000/logistics/tenderos/productos-disponibles?tiendaId=bbbbbbbb-bbbb-4bbb-8bbb-bbbbbbbbbbbb&zona=Zona+Norte,200,59.073,
2026-08-31T04:02:40.742095+00:00,GET,http://localhost:3000/logistics/tenderos/productos-disponibles?tiendaId=bbbbbbbb-bbbb-4bbb-8bbb-bbbbbbbbbbbb&zona=Zona+Norte,200,54.522,
2026-08-31T04:02:40.775505+00:00,GET,http://localhost:3000/logistics/tenderos/productos-disponibles?tiendaId=bbbbbbbb-bbbb-4bbb-8bbb-bbbbbbbbbbbb&zona=Zona+Norte,200,60.670,
2026-08-31T04:02:40.808412+00:00,GET,http://localhost:3000/logistics/tenderos/productos-disponibles?tiendaId=bbbbbbbb-bbbb-4bbb-8bbb-bbbbbbbbbbbb&zona=Zona+Norte,200,51.968,
2026-08-31T04:02:40.841948+00:00,GET,http://localhost:3000/logistics/tenderos/productos-disponibles?tiendaId=bbbbbbbb-bbbb-4bbb-8bbb-bbbbbbbbbbbb&zona=Zona+Norte,200,58.294,
2026-08-31T04:02:40.875675+00:00,GET,http://localhost:3000/logistics/tenderos/productos-disponibles?tiendaId=bbbbbbbb-bbbb-4bbb-8bbb-bbbbbbbbbbbb&zona=Zona+Norte,200,50.583,
2026-08-31T04:02:40.908973+00:00,GET,http://localhost:3000/logistics/tenderos/productos-disponibles?tiendaId=bbbbbbbb-bbbb-4bbb-8bbb-bbbbbbbbbbbb&zona=Zona+Norte,200,59.569,
2026-08-31T04:02:40.942395+00:00,GET,http://localhost:3000/logistics/tenderos/productos-disponibles?tiendaId=bbbbbbbb-bbbb-4bbb-8bbb-bbbbbbbbbbbb&zona=Zona+Norte,200,52.879,
2026-08-31T04:02:40.975392+00:00,GET,http://localhost:3000/logistics/tenderos/productos-disponibles?tiendaId=bbbbbbbb-bbbb-4bbb-8bbb-bbbbbbbbbbbb&zona=Zona+Norte,200,58.491,
2026-08-31T04:02:41.009024+00:00,GET,http://localhost:3000/logistics/tenderos/productos-disponibles?tiendaId=bbbbbbbb-bbbb-4bbb-8bbb-bbbbbbbbbbbb&zona=Zona+Norte,200,52.285,
2026-08-31T04:02:41.042293+00:00,GET,http://localhost:3000/logistics/tenderos/productos-disponibles?tiendaId=bbbbbbbb-bbbb-4bbb-8bbb-bbbbbbbbbbbb&zona=Zona+Norte,200,56.351,
2026-08-31T04:02:41.075195+00:00,GET,http://localhost:3000/logistics/tenderos/productos-disponibles?tiendaId=bbbbbbbb-bbbb-4bbb-8bbb-bbbbbbbbbbbb&zona=Zona+Norte,200,52.032,
2026-08-31T04:02:41.108638+00:00,GET,http://localhost:3000/logistics/tenderos/productos-disponibles?tiendaId=bbbbbbbb-bbbb-4bbb-8bbb-bbbbbbbbbbbb&zona=Zona+Norte,200,56.675,
2026-08-31T04:02:41.142073+00:00,GET,http://localhost:3000/logistics/tenderos/productos-disponibles?tiendaId=bbbbbbbb-bbbb-4bbb-8bbb-bbbbbbbbbbbb&zona=Zona+Norte,200,51.597,
2026-08-31T04:02:41.175674+00:00,GET,http://localhost:3000/logistics/tenderos/productos-disponibles?tiendaId=bbbbbbbb-bbbb-4bbb-8bbb-bbbbbbbbbbbb&zona=Zona+Norte,200,60.631,
2026-08-31T04:02:41.209033+00:00,GET,http://localhost:3000/logistics/tenderos/productos-disponibles?tiendaId=bbbbbbbb-bbbb-4bbb-8bbb-bbbbbbbbbbbb&zona=Zona+Norte,200,53.272,
2026-08-31T04:02:41.241956+00:00,GET,http://localhost:3000/logistics/tenderos/productos-disponibles?tiendaId=bbbbbbbb-bbbb-4bbb-8bbb-bbbbbbbbbbbb&zona=Zona+Norte,200,59.274,
2026-08-31T04:02:41.275699+00:00,GET,http://localhost:3000/logistics/tenderos/productos-disponibles?tiendaId=bbbbbbbb-bbbb-4bbb-8bbb-bbbbbbbbbbbb&zona=Zona+Norte,200,51.136,
2026-08-31T04:02:41.308496+00:00,GET,http://localhost:3000/logistics/tenderos/productos-disponibles?tiendaId=bbbbbbbb-bbbb-4bbb-8bbb-bbbbbbbbbbbb&zona=Zona+Norte,200,59.571,
2026-08-31T04:02:41.341757+00:00,GET,http://localhost:3000/logistics/tenderos/productos-disponibles?tiendaId=bbbbbbbb-bbbb-4bbb-8bbb-bbbbbbbbbbbb&zona=Zona+Norte,200,51.609,
2026-08-31T04:02:41.375511+00:00,GET,http://localhost:3000/logistics/tenderos/productos-disponibles?tiendaId=bbbbbbbb-bbbb-4bbb-8bbb-bbbbbbbbbbbb&zona=Zona+Norte,200,58.666,
2026-08-31T04:02:41.408677+00:00,GET,http://localhost:3000/logistics/tenderos/productos-disponibles?tiendaId=bbbbbbbb-bbbb-4bbb-8bbb-bbbbbbbbbbbb&zona=Zona+Norte,200,51.006,
2026-08-31T04:02:41.442256+00:00,GET,http://localhost:3000/logistics/tenderos/productos-disponibles?tiendaId=bbbbbbbb-bbbb-4bbb-8bbb-bbbbbbbbbbbb&zona=Zona+Norte,200,55.550,
2026-08-31T04:02:41.475377+00:00,GET,http://localhost:3000/logistics/tenderos/productos-disponibles?tiendaId=bbbbbbbb-bbbb-4bbb-8bbb-bbbbbbbbbbbb&zona=Zona+Norte,200,50.799,
2026-08-31T04:02:41.509032+00:00,GET,http://localhost:3000/logistics/tenderos/productos-disponibles?tiendaId=bbbbbbbb-bbbb-4bbb-8bbb-bbbbbbbbbbbb&zona=Zona+Norte,200,58.223,
2026-08-31T04:02:41.542391+00:00,GET,http://localhost:3000/logistics/tenderos/productos-disponibles?tiendaId=bbbbbbbb-bbbb-4bbb-8bbb-bbbbbbbbbbbb&zona=Zona+Norte,200,51.141,
2026-08-31T04:02:41.575595+00:00,GET,http://localhost:3000/logistics/tenderos/productos-disponibles?tiendaId=bbbbbbbb-bbbb-4bbb-8bbb-bbbbbbbbbbbb&zona=Zona+Norte,200,58.328,
2026-08-31T04:02:41.608391+00:00,GET,http://localhost:3000/logistics/tenderos/productos-disponibles?tiendaId=bbbbbbbb-bbbb-4bbb-8bbb-bbbbbbbbbbbb&zona=Zona+Norte,200,50.386,
2026-08-31T04:02:41.642381+00:00,GET,http://localhost:3000/logistics/tenderos/productos-disponibles?tiendaId=bbbbbbbb-bbbb-4bbb-8bbb-bbbbbbbbbbbb&zona=Zona+Norte,200,59.011,
2026-08-31T04:02:41.675745+00:00,GET,http://localhost:3000/logistics/tenderos/productos-disponibles?tiendaId=bbbbbbbb-bbbb-4bbb-8bbb-bbbbbbbbbbbb&zona=Zona+Norte,200,50.573,
2026-08-31T04:02:41.708856+00:00,GET,http://localhost:3000/logistics/tenderos/productos-disponibles?tiendaId=bbbbbbbb-bbbb-4bbb-8bbb-bbbbbbbbbbbb&zona=Zona+Norte,200,59.195,
2026-08-31T04:02:41.742434+00:00,GET,http://localhost:3000/logistics/tenderos/productos-disponibles?tiendaId=bbbbbbbb-bbbb-4bbb-8bbb-bbbbbbbbbbbb&zona=Zona+Norte,200,51.353,
2026-08-31T04:02:41.775530+00:00,GET,http://localhost:3000/logistics/tenderos/productos-disponibles?tiendaId=bbbbbbbb-bbbb-4bbb-8bbb-bbbbbbbbbbbb&zona=Zona+Norte,200,59.524,
2026-08-31T04:02:41.808667+00:00,GET,http://localhost:3000/logistics/tenderos/productos-disponibles?tiendaId=bbbbbbbb-bbbb-4bbb-8bbb-bbbbbbbbbbbb&zona=Zona+Norte,200,53.608,
2026-08-31T04:02:41.842143+00:00,GET,http://localhost:3000/logistics/tenderos/productos-disponibles?tiendaId=bbbbbbbb-bbbb-4bbb-8bbb-bbbbbbbbbbbb&zona=Zona+Norte,200,59.048,
2026-08-31T04:02:41.875740+00:00,GET,http://localhost:3000/logistics/tenderos/productos-disponibles?tiendaId=bbbbbbbb-bbbb-4bbb-8bbb-bbbbbbbbbbbb&zona=Zona+Norte,200,53.359,
2026-08-31T04:02:41.908874+00:00,GET,http://localhost:3000/logistics/tenderos/productos-disponibles?tiendaId=bbbbbbbb-bbbb-4bbb-8bbb-bbbbbbbbbbbb&zona=Zona+Norte,200,63.330,
2026-08-31T04:02:41.942369+00:00,GET,http://localhost:3000/logistics/tenderos/productos-disponibles?tiendaId=bbbbbbbb-bbbb-4bbb-8bbb-bbbbbbbbbbbb&zona=Zona+Norte,200,55.448,
2026-08-31T04:02:41.975021+00:00,GET,http://localhost:3000/logistics/tenderos/productos-disponibles?tiendaId=bbbbbbbb-bbbb-4bbb-8bbb-bbbbbbbbbbbb&zona=Zona+Norte,200,61.153,
2026-08-31T04:02:42.009069+00:00,GET,http://localhost:3000/logistics/tenderos/productos-disponibles?tiendaId=bbbbbbbb-bbbb-4bbb-8bbb-bbbbbbbbbbbb&zona=Zona+Norte,200,56.248,
2026-08-31T04:02:42.042011+00:00,GET,http://localhost:3000/logistics/tenderos/productos-disponibles?tiendaId=bbbbbbbb-bbbb-4bbb-8bbb-bbbbbbbbbbbb&zona=Zona+Norte,200,59.683,
2026-08-31T04:02:42.075713+00:00,GET,http://localhost:3000/logistics/tenderos/productos-disponibles?tiendaId=bbbbbbbb-bbbb-4bbb-8bbb-bbbbbbbbbbbb&zona=Zona+Norte,200,56.433,
2026-08-31T04:02:42.108853+00:00,GET,http://localhost:3000/logistics/tenderos/productos-disponibles?tiendaId=bbbbbbbb-bbbb-4bbb-8bbb-bbbbbbbbbbbb&zona=Zona+Norte,200,62.533,
2026-08-31T04:02:42.142397+00:00,GET,http://localhost:3000/logistics/tenderos/productos-disponibles?tiendaId=bbbbbbbb-bbbb-4bbb-8bbb-bbbbbbbbbbbb&zona=Zona+Norte,200,56.306,
2026-08-31T04:02:42.175090+00:00,GET,http://localhost:3000/logistics/tenderos/productos-disponibles?tiendaId=bbbbbbbb-bbbb-4bbb-8bbb-bbbbbbbbbbbb&zona=Zona+Norte,200,60.742,
2026-08-31T04:02:42.209066+00:00,GET,http://localhost:3000/logistics/tenderos/productos-disponibles?tiendaId=bbbbbbbb-bbbb-4bbb-8bbb-bbbbbbbbbbbb&zona=Zona+Norte,200,56.258,
2026-08-31T04:02:42.242068+00:00,GET,http://localhost:3000/logistics/tenderos/productos-disponibles?tiendaId=bbbbbbbb-bbbb-4bbb-8bbb-bbbbbbbbbbbb&zona=Zona+Norte,200,62.395,
2026-08-31T04:02:42.275741+00:00,GET,http://localhost:3000/logistics/tenderos/productos-disponibles?tiendaId=bbbbbbbb-bbbb-4bbb-8bbb-bbbbbbbbbbbb&zona=Zona+Norte,200,55.126,
2026-08-31T04:02:42.308483+00:00,GET,http://localhost:3000/logistics/tenderos/productos-disponibles?tiendaId=bbbbbbbb-bbbb-4bbb-8bbb-bbbbbbbbbbbb&zona=Zona+Norte,200,62.269,
2026-08-31T04:02:42.342079+00:00,GET,http://localhost:3000/logistics/tenderos/productos-disponibles?tiendaId=bbbbbbbb-bbbb-4bbb-8bbb-bbbbbbbbbbbb&zona=Zona+Norte,200,58.615,
2026-08-31T04:02:42.375192+00:00,GET,http://localhost:3000/logistics/tenderos/productos-disponibles?tiendaId=bbbbbbbb-bbbb-4bbb-8bbb-bbbbbbbbbbbb&zona=Zona+Norte,200,64.360,
2026-08-31T04:02:42.409332+00:00,GET,http://localhost:3000/logistics/tenderos/productos-disponibles?tiendaId=bbbbbbbb-bbbb-4bbb-8bbb-bbbbbbbbbbbb&zona=Zona+Norte,200,56.924,
2026-08-31T04:02:42.441617+00:00,GET,http://localhost:3000/logistics/tenderos/productos-disponibles?tiendaId=bbbbbbbb-bbbb-4bbb-8bbb-bbbbbbbbbbbb&zona=Zona+Norte,200,63.078,
2026-08-31T04:02:42.474838+00:00,GET,http://localhost:3000/logistics/tenderos/productos-disponibles?tiendaId=bbbbbbbb-bbbb-4bbb-8bbb-bbbbbbbbbbbb&zona=Zona+Norte,200,55.974,
2026-08-31T04:02:42.508143+00:00,GET,http://localhost:3000/logistics/tenderos/productos-disponibles?tiendaId=bbbbbbbb-bbbb-4bbb-8bbb-bbbbbbbbbbbb&zona=Zona+Norte,200,63.343,
2026-08-31T04:02:42.542378+00:00,GET,http://localhost:3000/logistics/tenderos/productos-disponibles?tiendaId=bbbbbbbb-bbbb-4bbb-8bbb-bbbbbbbbbbbb&zona=Zona+Norte,200,56.951,
2026-08-31T04:02:42.575315+00:00,GET,http://localhost:3000/logistics/tenderos/productos-disponibles?tiendaId=bbbbbbbb-bbbb-4bbb-8bbb-bbbbbbbbbbbb&zona=Zona+Norte,200,59.669,
2026-08-31T04:02:42.609086+00:00,GET,http://localhost:3000/logistics/tenderos/productos-disponibles?tiendaId=bbbbbbbb-bbbb-4bbb-8bbb-bbbbbbbbbbbb&zona=Zona+Norte,200,55.032,
2026-08-31T04:02:42.641579+00:00,GET,http://localhost:3000/logistics/tenderos/productos-disponibles?tiendaId=bbbbbbbb-bbbb-4bbb-8bbb-bbbbbbbbbbbb&zona=Zona+Norte,200,63.835,
2026-08-31T04:02:42.674805+00:00,GET,http://localhost:3000/logistics/tenderos/productos-disponibles?tiendaId=bbbbbbbb-bbbb-4bbb-8bbb-bbbbbbbbbbbb&zona=Zona+Norte,200,58.282,
2026-08-31T04:02:42.708469+00:00,GET,http://localhost:3000/logistics/tenderos/productos-disponibles?tiendaId=bbbbbbbb-bbbb-4bbb-8bbb-bbbbbbbbbbbb&zona=Zona+Norte,200,60.883,
2026-08-31T04:02:42.741794+00:00,GET,http://localhost:3000/logistics/tenderos/productos-disponibles?tiendaId=bbbbbbbb-bbbb-4bbb-8bbb-bbbbbbbbbbbb&zona=Zona+Norte,200,55.065,
2026-08-31T04:02:42.774839+00:00,GET,http://localhost:3000/logistics/tenderos/productos-disponibles?tiendaId=bbbbbbbb-bbbb-4bbb-8bbb-bbbbbbbbbbbb&zona=Zona+Norte,200,60.555,
2026-08-31T04:02:42.808461+00:00,GET,http://localhost:3000/logistics/tenderos/productos-disponibles?tiendaId=bbbbbbbb-bbbb-4bbb-8bbb-bbbbbbbbbbbb&zona=Zona+Norte,200,56.398,
2026-08-31T04:02:42.841854+00:00,GET,http://localhost:3000/logistics/tenderos/productos-disponibles?tiendaId=bbbbbbbb-bbbb-4bbb-8bbb-bbbbbbbbbbbb&zona=Zona+Norte,200,59.853,
2026-08-31T04:02:42.875151+00:00,GET,http://localhost:3000/logistics/tenderos/productos-disponibles?tiendaId=bbbbbbbb-bbbb-4bbb-8bbb-bbbbbbbbbbbb&zona=Zona+Norte,200,55.360,
2026-08-31T04:02:42.908866+00:00,GET,http://localhost:3000/logistics/tenderos/productos-disponibles?tiendaId=bbbbbbbb-bbbb-4bbb-8bbb-bbbbbbbbbbbb&zona=Zona+Norte,200,62.441,
2026-08-31T04:02:42.941467+00:00,GET,http://localhost:3000/logistics/tenderos/productos-disponibles?tiendaId=bbbbbbbb-bbbb-4bbb-8bbb-bbbbbbbbbbbb&zona=Zona+Norte,200,56.131,
2026-08-31T04:02:42.975195+00:00,GET,http://localhost:3000/logistics/tenderos/productos-disponibles?tiendaId=bbbbbbbb-bbbb-4bbb-8bbb-bbbbbbbbbbbb&zona=Zona+Norte,200,64.495,
2026-08-31T04:02:43.009009+00:00,GET,http://localhost:3000/logistics/tenderos/productos-disponibles?tiendaId=bbbbbbbb-bbbb-4bbb-8bbb-bbbbbbbbbbbb&zona=Zona+Norte,200,56.069,
2026-08-31T04:02:43.041584+00:00,GET,http://localhost:3000/logistics/tenderos/productos-disponibles?tiendaId=bbbbbbbb-bbbb-4bbb-8bbb-bbbbbbbbbbbb&zona=Zona+Norte,200,60.688,
2026-08-31T04:02:43.075748+00:00,GET,http://localhost:3000/logistics/tenderos/productos-disponibles?tiendaId=bbbbbbbb-bbbb-4bbb-8bbb-bbbbbbbbbbbb&zona=Zona+Norte,200,55.744,
2026-08-31T04:02:43.108811+00:00,GET,http://localhost:3000/logistics/tenderos/productos-disponibles?tiendaId=bbbbbbbb-bbbb-4bbb-8bbb-bbbbbbbbbbbb&zona=Zona+Norte,200,59.197,
2026-08-31T04:02:43.142492+00:00,GET,http://localhost:3000/logistics/tenderos/productos-disponibles?tiendaId=bbbbbbbb-bbbb-4bbb-8bbb-bbbbbbbbbbbb&zona=Zona+Norte,200,57.869,
2026-08-31T04:02:43.175580+00:00,GET,http://localhost:3000/logistics/tenderos/productos-disponibles?tiendaId=bbbbbbbb-bbbb-4bbb-8bbb-bbbbbbbbbbbb&zona=Zona+Norte,200,62.081,
2026-08-31T04:02:43.208239+00:00,GET,http://localhost:3000/logistics/tenderos/productos-disponibles?tiendaId=bbbbbbbb-bbbb-4bbb-8bbb-bbbbbbbbbbbb&zona=Zona+Norte,200,56.314,
2026-08-31T04:02:43.241531+00:00,GET,http://localhost:3000/logistics/tenderos/productos-disponibles?tiendaId=bbbbbbbb-bbbb-4bbb-8bbb-bbbbbbbbbbbb&zona=Zona+Norte,200,64.622,
2026-08-31T04:02:43.275122+00:00,GET,http://localhost:3000/logistics/tenderos/productos-disponibles?tiendaId=bbbbbbbb-bbbb-4bbb-8bbb-bbbbbbbbbbbb&zona=Zona+Norte,200,55.294,
2026-08-31T04:02:43.308064+00:00,GET,http://localhost:3000/logistics/tenderos/productos-disponibles?tiendaId=bbbbbbbb-bbbb-4bbb-8bbb-bbbbbbbbbbbb&zona=Zona+Norte,200,63.400,
2026-08-31T04:02:43.342467+00:00,GET,http://localhost:3000/logistics/tenderos/productos-disponibles?tiendaId=bbbbbbbb-bbbb-4bbb-8bbb-bbbbbbbbbbbb&zona=Zona+Norte,200,59.930,
2026-08-31T04:02:43.375103+00:00,GET,http://localhost:3000/logistics/tenderos/productos-disponibles?tiendaId=bbbbbbbb-bbbb-4bbb-8bbb-bbbbbbbbbbbb&zona=Zona+Norte,200,61.894,
2026-08-31T04:02:43.408777+00:00,GET,http://localhost:3000/logistics/tenderos/productos-disponibles?tiendaId=bbbbbbbb-bbbb-4bbb-8bbb-bbbbbbbbbbbb&zona=Zona+Norte,200,56.258,
2026-08-31T04:02:43.441836+00:00,GET,http://localhost:3000/logistics/tenderos/productos-disponibles?tiendaId=bbbbbbbb-bbbb-4bbb-8bbb-bbbbbbbbbbbb&zona=Zona+Norte,200,63.617,
2026-08-31T04:02:43.475791+00:00,GET,http://localhost:3000/logistics/tenderos/productos-disponibles?tiendaId=bbbbbbbb-bbbb-4bbb-8bbb-bbbbbbbbbbbb&zona=Zona+Norte,200,55.713,
2026-08-31T04:02:43.508386+00:00,GET,http://localhost:3000/logistics/tenderos/productos-disponibles?tiendaId=bbbbbbbb-bbbb-4bbb-8bbb-bbbbbbbbbbbb&zona=Zona+Norte,200,63.746,
2026-08-31T04:02:43.541793+00:00,GET,http://localhost:3000/logistics/tenderos/productos-disponibles?tiendaId=bbbbbbbb-bbbb-4bbb-8bbb-bbbbbbbbbbbb&zona=Zona+Norte,200,56.010,
2026-08-31T04:02:43.575162+00:00,GET,http://localhost:3000/logistics/tenderos/productos-disponibles?tiendaId=bbbbbbbb-bbbb-4bbb-8bbb-bbbbbbbbbbbb&zona=Zona+Norte,200,59.098,
2026-08-31T04:02:43.608490+00:00,GET,http://localhost:3000/logistics/tenderos/productos-disponibles?tiendaId=bbbbbbbb-bbbb-4bbb-8bbb-bbbbbbbbbbbb&zona=Zona+Norte,200,57.609,
2026-08-31T04:02:43.642047+00:00,GET,http://localhost:3000/logistics/tenderos/productos-disponibles?tiendaId=bbbbbbbb-bbbb-4bbb-8bbb-bbbbbbbbbbbb&zona=Zona+Norte,200,64.807,
2026-08-31T04:02:43.674933+00:00,GET,http://localhost:3000/logistics/tenderos/productos-disponibles?tiendaId=bbbbbbbb-bbbb-4bbb-8bbb-bbbbbbbbbbbb&zona=Zona+Norte,200,56.299,
2026-08-31T04:02:43.708185+00:00,GET,http://localhost:3000/logistics/tenderos/productos-disponibles?tiendaId=bbbbbbbb-bbbb-4bbb-8bbb-bbbbbbbbbbbb&zona=Zona+Norte,200,63.803,
2026-08-31T04:02:43.742346+00:00,GET,http://localhost:3000/logistics/tenderos/productos-disponibles?tiendaId=bbbbbbbb-bbbb-4bbb-8bbb-bbbbbbbbbbbb&zona=Zona+Norte,200,56.228,
2026-08-31T04:02:43.775097+00:00,GET,http://localhost:3000/logistics/tenderos/productos-disponibles?tiendaId=bbbbbbbb-bbbb-4bbb-8bbb-bbbbbbbbbbbb&zona=Zona+Norte,200,60.494,
2026-08-31T04:02:43.809116+00:00,GET,http://localhost:3000/logistics/tenderos/productos-disponibles?tiendaId=bbbbbbbb-bbbb-4bbb-8bbb-bbbbbbbbbbbb&zona=Zona+Norte,200,60.468,
2026-08-31T04:02:43.841513+00:00,GET,http://localhost:3000/logistics/tenderos/productos-disponibles?tiendaId=bbbbbbbb-bbbb-4bbb-8bbb-bbbbbbbbbbbb&zona=Zona+Norte,200,69.359,
2026-08-31T04:02:43.874946+00:00,GET,http://localhost:3000/logistics/tenderos/productos-disponibles?tiendaId=bbbbbbbb-bbbb-4bbb-8bbb-bbbbbbbbbbbb&zona=Zona+Norte,200,60.598,
2026-08-31T04:02:43.908824+00:00,GET,http://localhost:3000/logistics/tenderos/productos-disponibles?tiendaId=bbbbbbbb-bbbb-4bbb-8bbb-bbbbbbbbbbbb&zona=Zona+Norte,200,64.221,
2026-08-31T04:02:43.942070+00:00,GET,http://localhost:3000/logistics/tenderos/productos-disponibles?tiendaId=bbbbbbbb-bbbb-4bbb-8bbb-bbbbbbbbbbbb&zona=Zona+Norte,200,59.756,
2026-08-31T04:02:43.974939+00:00,GET,http://localhost:3000/logistics/tenderos/productos-disponibles?tiendaId=bbbbbbbb-bbbb-4bbb-8bbb-bbbbbbbbbbbb&zona=Zona+Norte,200,63.629,
2026-08-31T04:02:44.008549+00:00,GET,http://localhost:3000/logistics/tenderos/productos-disponibles?tiendaId=bbbbbbbb-bbbb-4bbb-8bbb-bbbbbbbbbbbb&zona=Zona+Norte,200,59.301,
2026-08-31T04:02:44.041766+00:00,GET,http://localhost:3000/logistics/tenderos/productos-disponibles?tiendaId=bbbbbbbb-bbbb-4bbb-8bbb-bbbbbbbbbbbb&zona=Zona+Norte,200,64.141,
2026-08-31T04:02:44.075644+00:00,GET,http://localhost:3000/logistics/tenderos/productos-disponibles?tiendaId=bbbbbbbb-bbbb-4bbb-8bbb-bbbbbbbbbbbb&zona=Zona+Norte,200,55.717,
2026-08-31T04:02:44.108347+00:00,GET,http://localhost:3000/logistics/tenderos/productos-disponibles?tiendaId=bbbbbbbb-bbbb-4bbb-8bbb-bbbbbbbbbbbb&zona=Zona+Norte,200,62.865,
2026-08-31T04:02:44.142460+00:00,GET,http://localhost:3000/logistics/tenderos/productos-disponibles?tiendaId=bbbbbbbb-bbbb-4bbb-8bbb-bbbbbbbbbbbb&zona=Zona+Norte,200,55.038,
2026-08-31T04:02:44.175182+00:00,GET,http://localhost:3000/logistics/tenderos/productos-disponibles?tiendaId=bbbbbbbb-bbbb-4bbb-8bbb-bbbbbbbbbbbb&zona=Zona+Norte,200,59.805,
2026-08-31T04:02:44.209137+00:00,GET,http://localhost:3000/logistics/tenderos/productos-disponibles?tiendaId=bbbbbbbb-bbbb-4bbb-8bbb-bbbbbbbbbbbb&zona=Zona+Norte,200,61.016,
2026-08-31T04:02:44.242240+00:00,GET,http://localhost:3000/logistics/tenderos/productos-disponibles?tiendaId=bbbbbbbb-bbbb-4bbb-8bbb-bbbbbbbbbbbb&zona=Zona+Norte,200,64.912,
2026-08-31T04:02:44.275343+00:00,GET,http://localhost:3000/logistics/tenderos/productos-disponibles?tiendaId=bbbbbbbb-bbbb-4bbb-8bbb-bbbbbbbbbbbb&zona=Zona+Norte,200,55.805,
2026-08-31T04:02:44.308192+00:00,GET,http://localhost:3000/logistics/tenderos/productos-disponibles?tiendaId=bbbbbbbb-bbbb-4bbb-8bbb-bbbbbbbbbbbb&zona=Zona+Norte,200,63.762,
2026-08-31T04:02:44.342555+00:00,GET,http://localhost:3000/logistics/tenderos/productos-disponibles?tiendaId=bbbbbbbb-bbbb-4bbb-8bbb-bbbbbbbbbbbb&zona=Zona+Norte,200,56.497,
2026-08-31T04:02:44.375169+00:00,GET,http://localhost:3000/logistics/tenderos/productos-disponibles?tiendaId=bbbbbbbb-bbbb-4bbb-8bbb-bbbbbbbbbbbb&zona=Zona+Norte,200,62.960,
2026-08-31T04:02:44.408242+00:00,GET,http://localhost:3000/logistics/tenderos/productos-disponibles?tiendaId=bbbbbbbb-bbbb-4bbb-8bbb-bbbbbbbbbbbb&zona=Zona+Norte,200,56.984,
2026-08-31T04:02:44.441447+00:00,GET,http://localhost:3000/logistics/tenderos/productos-disponibles?tiendaId=bbbbbbbb-bbbb-4bbb-8bbb-bbbbbbbbbbbb&zona=Zona+Norte,200,64.149,
2026-08-31T04:02:44.475820+00:00,GET,http://localhost:3000/logistics/tenderos/productos-disponibles?tiendaId=bbbbbbbb-bbbb-4bbb-8bbb-bbbbbbbbbbbb&zona=Zona+Norte,200,57.962,
2026-08-31T04:02:44.508320+00:00,GET,http://localhost:3000/logistics/tenderos/productos-disponibles?tiendaId=bbbbbbbb-bbbb-4bbb-8bbb-bbbbbbbbbbbb&zona=Zona+Norte,200,63.386,
2026-08-31T04:02:44.542773+00:00,GET,http://localhost:3000/logistics/tenderos/productos-disponibles?tiendaId=bbbbbbbb-bbbb-4bbb-8bbb-bbbbbbbbbbbb&zona=Zona+Norte,200,59.036,
2026-08-31T04:02:44.575179+00:00,GET,http://localhost:3000/logistics/tenderos/productos-disponibles?tiendaId=bbbbbbbb-bbbb-4bbb-8bbb-bbbbbbbbbbbb&zona=Zona+Norte,200,62.699,
2026-08-31T04:02:44.608939+00:00,GET,http://localhost:3000/logistics/tenderos/productos-disponibles?tiendaId=bbbbbbbb-bbbb-4bbb-8bbb-bbbbbbbbbbbb&zona=Zona+Norte,200,55.935,
2026-08-31T04:02:44.642074+00:00,GET,http://localhost:3000/logistics/tenderos/productos-disponibles?tiendaId=bbbbbbbb-bbbb-4bbb-8bbb-bbbbbbbbbbbb&zona=Zona+Norte,200,63.159,
2026-08-31T04:02:44.675829+00:00,GET,http://localhost:3000/logistics/tenderos/productos-disponibles?tiendaId=bbbbbbbb-bbbb-4bbb-8bbb-bbbbbbbbbbbb&zona=Zona+Norte,200,57.149,
2026-08-31T04:02:44.708498+00:00,GET,http://localhost:3000/logistics/tenderos/productos-disponibles?tiendaId=bbbbbbbb-bbbb-4bbb-8bbb-bbbbbbbbbbbb&zona=Zona+Norte,200,65.170,
2026-08-31T04:02:44.741818+00:00,GET,http://localhost:3000/logistics/tenderos/productos-disponibles?tiendaId=bbbbbbbb-bbbb-4bbb-8bbb-bbbbbbbbbbbb&zona=Zona+Norte,200,56.783,
2026-08-31T04:02:44.774898+00:00,GET,http://localhost:3000/logistics/tenderos/productos-disponibles?tiendaId=bbbbbbbb-bbbb-4bbb-8bbb-bbbbbbbbbbbb&zona=Zona+Norte,200,56.380,
2026-08-31T04:02:44.808490+00:00,GET,http://localhost:3000/logistics/tenderos/productos-disponibles?tiendaId=bbbbbbbb-bbbb-4bbb-8bbb-bbbbbbbbbbbb&zona=Zona+Norte,200,53.047,
2026-08-31T04:02:44.841810+00:00,GET,http://localhost:3000/logistics/tenderos/productos-disponibles?tiendaId=bbbbbbbb-bbbb-4bbb-8bbb-bbbbbbbbbbbb&zona=Zona+Norte,200,57.780,
2026-08-31T04:02:44.874845+00:00,GET,http://localhost:3000/logistics/tenderos/productos-disponibles?tiendaId=bbbbbbbb-bbbb-4bbb-8bbb-bbbbbbbbbbbb&zona=Zona+Norte,200,53.249,
2026-08-31T04:02:44.908485+00:00,GET,http://localhost:3000/logistics/tenderos/productos-disponibles?tiendaId=bbbbbbbb-bbbb-4bbb-8bbb-bbbbbbbbbbbb&zona=Zona+Norte,200,64.134,
2026-08-31T04:02:44.943241+00:00,GET,http://localhost:3000/logistics/tenderos/productos-disponibles?tiendaId=bbbbbbbb-bbbb-4bbb-8bbb-bbbbbbbbbbbb&zona=Zona+Norte,200,53.822,
2026-08-31T04:02:44.975035+00:00,GET,http://localhost:3000/logistics/tenderos/productos-disponibles?tiendaId=bbbbbbbb-bbbb-4bbb-8bbb-bbbbbbbbbbbb&zona=Zona+Norte,200,60.396,
2026-08-31T04:02:45.009191+00:00,GET,http://localhost:3000/logistics/tenderos/productos-disponibles?tiendaId=bbbbbbbb-bbbb-4bbb-8bbb-bbbbbbbbbbbb&zona=Zona+Norte,200,51.036,
2026-08-31T04:02:45.042089+00:00,GET,http://localhost:3000/logistics/tenderos/productos-disponibles?tiendaId=bbbbbbbb-bbbb-4bbb-8bbb-bbbbbbbbbbbb&zona=Zona+Norte,200,60.079,
2026-08-31T04:02:45.075102+00:00,GET,http://localhost:3000/logistics/tenderos/productos-disponibles?tiendaId=bbbbbbbb-bbbb-4bbb-8bbb-bbbbbbbbbbbb&zona=Zona+Norte,200,52.939,
2026-08-31T04:02:45.108903+00:00,GET,http://localhost:3000/logistics/tenderos/productos-disponibles?tiendaId=bbbbbbbb-bbbb-4bbb-8bbb-bbbbbbbbbbbb&zona=Zona+Norte,200,59.107,
2026-08-31T04:02:45.142553+00:00,GET,http://localhost:3000/logistics/tenderos/productos-disponibles?tiendaId=bbbbbbbb-bbbb-4bbb-8bbb-bbbbbbbbbbbb&zona=Zona+Norte,200,52.832,
2026-08-31T04:02:45.175634+00:00,GET,http://localhost:3000/logistics/tenderos/productos-disponibles?tiendaId=bbbbbbbb-bbbb-4bbb-8bbb-bbbbbbbbbbbb&zona=Zona+Norte,200,58.577,
2026-08-31T04:02:45.209167+00:00,GET,http://localhost:3000/logistics/tenderos/productos-disponibles?tiendaId=bbbbbbbb-bbbb-4bbb-8bbb-bbbbbbbbbbbb&zona=Zona+Norte,200,55.789,
2026-08-31T04:02:45.242104+00:00,GET,http://localhost:3000/logistics/tenderos/productos-disponibles?tiendaId=bbbbbbbb-bbbb-4bbb-8bbb-bbbbbbbbbbbb&zona=Zona+Norte,200,61.636,
2026-08-31T04:02:45.275177+00:00,GET,http://localhost:3000/logistics/tenderos/productos-disponibles?tiendaId=bbbbbbbb-bbbb-4bbb-8bbb-bbbbbbbbbbbb&zona=Zona+Norte,200,54.310,
2026-08-31T04:02:45.308723+00:00,GET,http://localhost:3000/logistics/tenderos/productos-disponibles?tiendaId=bbbbbbbb-bbbb-4bbb-8bbb-bbbbbbbbbbbb&zona=Zona+Norte,200,60.003,
2026-08-31T04:02:45.341820+00:00,GET,http://localhost:3000/logistics/tenderos/productos-disponibles?tiendaId=bbbbbbbb-bbbb-4bbb-8bbb-bbbbbbbbbbbb&zona=Zona+Norte,200,55.092,
2026-08-31T04:02:45.375523+00:00,GET,http://localhost:3000/logistics/tenderos/productos-disponibles?tiendaId=bbbbbbbb-bbbb-4bbb-8bbb-bbbbbbbbbbbb&zona=Zona+Norte,200,57.251,
2026-08-31T04:02:45.409216+00:00,GET,http://localhost:3000/logistics/tenderos/productos-disponibles?tiendaId=bbbbbbbb-bbbb-4bbb-8bbb-bbbbbbbbbbbb&zona=Zona+Norte,200,53.875,
2026-08-31T04:02:45.442628+00:00,GET,http://localhost:3000/logistics/tenderos/productos-disponibles?tiendaId=bbbbbbbb-bbbb-4bbb-8bbb-bbbbbbbbbbbb&zona=Zona+Norte,200,59.146,
2026-08-31T04:02:45.475832+00:00,GET,http://localhost:3000/logistics/tenderos/productos-disponibles?tiendaId=bbbbbbbb-bbbb-4bbb-8bbb-bbbbbbbbbbbb&zona=Zona+Norte,200,52.274,
2026-08-31T04:02:45.508493+00:00,GET,http://localhost:3000/logistics/tenderos/productos-disponibles?tiendaId=bbbbbbbb-bbbb-4bbb-8bbb-bbbbbbbbbbbb&zona=Zona+Norte,200,56.156,
2026-08-31T04:02:45.542595+00:00,GET,http://localhost:3000/logistics/tenderos/productos-disponibles?tiendaId=bbbbbbbb-bbbb-4bbb-8bbb-bbbbbbbbbbbb&zona=Zona+Norte,200,52.224,
2026-08-31T04:02:45.575708+00:00,GET,http://localhost:3000/logistics/tenderos/productos-disponibles?tiendaId=bbbbbbbb-bbbb-4bbb-8bbb-bbbbbbbbbbbb&zona=Zona+Norte,200,57.601,
2026-08-31T04:02:45.608498+00:00,GET,http://localhost:3000/logistics/tenderos/productos-disponibles?tiendaId=bbbbbbbb-bbbb-4bbb-8bbb-bbbbbbbbbbbb&zona=Zona+Norte,200,51.831,
2026-08-31T04:02:45.642117+00:00,GET,http://localhost:3000/logistics/tenderos/productos-disponibles?tiendaId=bbbbbbbb-bbbb-4bbb-8bbb-bbbbbbbbbbbb&zona=Zona+Norte,200,59.301,
2026-08-31T04:02:45.675122+00:00,GET,http://localhost:3000/logistics/tenderos/productos-disponibles?tiendaId=bbbbbbbb-bbbb-4bbb-8bbb-bbbbbbbbbbbb&zona=Zona+Norte,200,51.518,
2026-08-31T04:02:45.709028+00:00,GET,http://localhost:3000/logistics/tenderos/productos-disponibles?tiendaId=bbbbbbbb-bbbb-4bbb-8bbb-bbbbbbbbbbbb&zona=Zona+Norte,200,58.423,
2026-08-31T04:02:45.742770+00:00,GET,http://localhost:3000/logistics/tenderos/productos-disponibles?tiendaId=bbbbbbbb-bbbb-4bbb-8bbb-bbbbbbbbbbbb&zona=Zona+Norte,200,50.621,
2026-08-31T04:02:45.775149+00:00,GET,http://localhost:3000/logistics/tenderos/productos-disponibles?tiendaId=bbbbbbbb-bbbb-4bbb-8bbb-bbbbbbbbbbbb&zona=Zona+Norte,200,57.250,
2026-08-31T04:02:45.809200+00:00,GET,http://localhost:3000/logistics/tenderos/productos-disponibles?tiendaId=bbbbbbbb-bbbb-4bbb-8bbb-bbbbbbbbbbbb&zona=Zona+Norte,200,53.866,
2026-08-31T04:02:45.841784+00:00,GET,http://localhost:3000/logistics/tenderos/productos-disponibles?tiendaId=bbbbbbbb-bbbb-4bbb-8bbb-bbbbbbbbbbbb&zona=Zona+Norte,200,62.384,
2026-08-31T04:02:45.875830+00:00,GET,http://localhost:3000/logistics/tenderos/productos-disponibles?tiendaId=bbbbbbbb-bbbb-4bbb-8bbb-bbbbbbbbbbbb&zona=Zona+Norte,200,55.835,
2026-08-31T04:02:45.908682+00:00,GET,http://localhost:3000/logistics/tenderos/productos-disponibles?tiendaId=bbbbbbbb-bbbb-4bbb-8bbb-bbbbbbbbbbbb&zona=Zona+Norte,200,63.207,
2026-08-31T04:02:45.942619+00:00,GET,http://localhost:3000/logistics/tenderos/productos-disponibles?tiendaId=bbbbbbbb-bbbb-4bbb-8bbb-bbbbbbbbbbbb&zona=Zona+Norte,200,59.344,
2026-08-31T04:02:45.975231+00:00,GET,http://localhost:3000/logistics/tenderos/productos-disponibles?tiendaId=bbbbbbbb-bbbb-4bbb-8bbb-bbbbbbbbbbbb&zona=Zona+Norte,200,65.394,
2026-08-31T04:02:46.008980+00:00,GET,http://localhost:3000/logistics/tenderos/productos-disponibles?tiendaId=bbbbbbbb-bbbb-4bbb-8bbb-bbbbbbbbbbbb&zona=Zona+Norte,200,57.399,
2026-08-31T04:02:46.041552+00:00,GET,http://localhost:3000/logistics/tenderos/productos-disponibles?tiendaId=bbbbbbbb-bbbb-4bbb-8bbb-bbbbbbbbbbbb&zona=Zona+Norte,200,61.998,
2026-08-31T04:02:46.075907+00:00,GET,http://localhost:3000/logistics/tenderos/productos-disponibles?tiendaId=bbbbbbbb-bbbb-4bbb-8bbb-bbbbbbbbbbbb&zona=Zona+Norte,200,57.466,
2026-08-31T04:02:46.108768+00:00,GET,http://localhost:3000/logistics/tenderos/productos-disponibles?tiendaId=bbbbbbbb-bbbb-4bbb-8bbb-bbbbbbbbbbbb&zona=Zona+Norte,200,60.820,
2026-08-31T04:02:46.142161+00:00,GET,http://localhost:3000/logistics/tenderos/productos-disponibles?tiendaId=bbbbbbbb-bbbb-4bbb-8bbb-bbbbbbbbbbbb&zona=Zona+Norte,200,56.103,
2026-08-31T04:02:46.175548+00:00,GET,http://localhost:3000/logistics/tenderos/productos-disponibles?tiendaId=bbbbbbbb-bbbb-4bbb-8bbb-bbbbbbbbbbbb&zona=Zona+Norte,200,63.894,
2026-08-31T04:02:46.209264+00:00,GET,http://localhost:3000/logistics/tenderos/productos-disponibles?tiendaId=bbbbbbbb-bbbb-4bbb-8bbb-bbbbbbbbbbbb&zona=Zona+Norte,200,62.922,
2026-08-31T04:02:46.241857+00:00,GET,http://localhost:3000/logistics/tenderos/productos-disponibles?tiendaId=bbbbbbbb-bbbb-4bbb-8bbb-bbbbbbbbbbbb&zona=Zona+Norte,200,63.941,
2026-08-31T04:02:46.275101+00:00,GET,http://localhost:3000/logistics/tenderos/productos-disponibles?tiendaId=bbbbbbbb-bbbb-4bbb-8bbb-bbbbbbbbbbbb&zona=Zona+Norte,200,55.958,
2026-08-31T04:02:46.308541+00:00,GET,http://localhost:3000/logistics/tenderos/productos-disponibles?tiendaId=bbbbbbbb-bbbb-4bbb-8bbb-bbbbbbbbbbbb&zona=Zona+Norte,200,63.460,
2026-08-31T04:02:46.342636+00:00,GET,http://localhost:3000/logistics/tenderos/productos-disponibles?tiendaId=bbbbbbbb-bbbb-4bbb-8bbb-bbbbbbbbbbbb&zona=Zona+Norte,200,56.041,
2026-08-31T04:02:46.375250+00:00,GET,http://localhost:3000/logistics/tenderos/productos-disponibles?tiendaId=bbbbbbbb-bbbb-4bbb-8bbb-bbbbbbbbbbbb&zona=Zona+Norte,200,63.223,
2026-08-31T04:02:46.408666+00:00,GET,http://localhost:3000/logistics/tenderos/productos-disponibles?tiendaId=bbbbbbbb-bbbb-4bbb-8bbb-bbbbbbbbbbbb&zona=Zona+Norte,200,60.076,
2026-08-31T04:02:46.441955+00:00,GET,http://localhost:3000/logistics/tenderos/productos-disponibles?tiendaId=bbbbbbbb-bbbb-4bbb-8bbb-bbbbbbbbbbbb&zona=Zona+Norte,200,60.189,
2026-08-31T04:02:46.475676+00:00,GET,http://localhost:3000/logistics/tenderos/productos-disponibles?tiendaId=bbbbbbbb-bbbb-4bbb-8bbb-bbbbbbbbbbbb&zona=Zona+Norte,200,55.955,
2026-08-31T04:02:46.508722+00:00,GET,http://localhost:3000/logistics/tenderos/productos-disponibles?tiendaId=bbbbbbbb-bbbb-4bbb-8bbb-bbbbbbbbbbbb&zona=Zona+Norte,200,61.191,
2026-08-31T04:02:46.542099+00:00,GET,http://localhost:3000/logistics/tenderos/productos-disponibles?tiendaId=bbbbbbbb-bbbb-4bbb-8bbb-bbbbbbbbbbbb&zona=Zona+Norte,200,59.038,
2026-08-31T04:02:46.575505+00:00,GET,http://localhost:3000/logistics/tenderos/productos-disponibles?tiendaId=bbbbbbbb-bbbb-4bbb-8bbb-bbbbbbbbbbbb&zona=Zona+Norte,200,60.130,
2026-08-31T04:02:46.609121+00:00,GET,http://localhost:3000/logistics/tenderos/productos-disponibles?tiendaId=bbbbbbbb-bbbb-4bbb-8bbb-bbbbbbbbbbbb&zona=Zona+Norte,200,56.108,
2026-08-31T04:02:46.642196+00:00,GET,http://localhost:3000/logistics/tenderos/productos-disponibles?tiendaId=bbbbbbbb-bbbb-4bbb-8bbb-bbbbbbbbbbbb&zona=Zona+Norte,200,65.728,
2026-08-31T04:02:46.675691+00:00,GET,http://localhost:3000/logistics/tenderos/productos-disponibles?tiendaId=bbbbbbbb-bbbb-4bbb-8bbb-bbbbbbbbbbbb&zona=Zona+Norte,200,59.441,
2026-08-31T04:02:46.708209+00:00,GET,http://localhost:3000/logistics/tenderos/productos-disponibles?tiendaId=bbbbbbbb-bbbb-4bbb-8bbb-bbbbbbbbbbbb&zona=Zona+Norte,200,59.894,
2026-08-31T04:02:46.742094+00:00,GET,http://localhost:3000/logistics/tenderos/productos-disponibles?tiendaId=bbbbbbbb-bbbb-4bbb-8bbb-bbbbbbbbbbbb&zona=Zona+Norte,200,57.092,
2026-08-31T04:02:46.775250+00:00,GET,http://localhost:3000/logistics/tenderos/productos-disponibles?tiendaId=bbbbbbbb-bbbb-4bbb-8bbb-bbbbbbbbbbbb&zona=Zona+Norte,200,60.266,
2026-08-31T04:02:46.809253+00:00,GET,http://localhost:3000/logistics/tenderos/productos-disponibles?tiendaId=bbbbbbbb-bbbb-4bbb-8bbb-bbbbbbbbbbbb&zona=Zona+Norte,200,59.291,
2026-08-31T04:02:46.842073+00:00,GET,http://localhost:3000/logistics/tenderos/productos-disponibles?tiendaId=bbbbbbbb-bbbb-4bbb-8bbb-bbbbbbbbbbbb&zona=Zona+Norte,200,66.147,
2026-08-31T04:02:46.875715+00:00,GET,http://localhost:3000/logistics/tenderos/productos-disponibles?tiendaId=bbbbbbbb-bbbb-4bbb-8bbb-bbbbbbbbbbbb&zona=Zona+Norte,200,59.547,
2026-08-31T04:02:46.908268+00:00,GET,http://localhost:3000/logistics/tenderos/productos-disponibles?tiendaId=bbbbbbbb-bbbb-4bbb-8bbb-bbbbbbbbbbbb&zona=Zona+Norte,200,63.116,
2026-08-31T04:02:46.942453+00:00,GET,http://localhost:3000/logistics/tenderos/productos-disponibles?tiendaId=bbbbbbbb-bbbb-4bbb-8bbb-bbbbbbbbbbbb&zona=Zona+Norte,200,58.190,
2026-08-31T04:02:46.975111+00:00,GET,http://localhost:3000/logistics/tenderos/productos-disponibles?tiendaId=bbbbbbbb-bbbb-4bbb-8bbb-bbbbbbbbbbbb&zona=Zona+Norte,200,65.330,
2026-08-31T04:02:47.009178+00:00,GET,http://localhost:3000/logistics/tenderos/productos-disponibles?tiendaId=bbbbbbbb-bbbb-4bbb-8bbb-bbbbbbbbbbbb&zona=Zona+Norte,200,58.728,
2026-08-31T04:02:47.041657+00:00,GET,http://localhost:3000/logistics/tenderos/productos-disponibles?tiendaId=bbbbbbbb-bbbb-4bbb-8bbb-bbbbbbbbbbbb&zona=Zona+Norte,200,59.766,
2026-08-31T04:02:47.075783+00:00,GET,http://localhost:3000/logistics/tenderos/productos-disponibles?tiendaId=bbbbbbbb-bbbb-4bbb-8bbb-bbbbbbbbbbbb&zona=Zona+Norte,200,56.327,
2026-08-31T04:02:47.108473+00:00,GET,http://localhost:3000/logistics/tenderos/productos-disponibles?tiendaId=bbbbbbbb-bbbb-4bbb-8bbb-bbbbbbbbbbbb&zona=Zona+Norte,200,63.985,
2026-08-31T04:02:47.142655+00:00,GET,http://localhost:3000/logistics/tenderos/productos-disponibles?tiendaId=bbbbbbbb-bbbb-4bbb-8bbb-bbbbbbbbbbbb&zona=Zona+Norte,200,62.144,
2026-08-31T04:02:47.175195+00:00,GET,http://localhost:3000/logistics/tenderos/productos-disponibles?tiendaId=bbbbbbbb-bbbb-4bbb-8bbb-bbbbbbbbbbbb&zona=Zona+Norte,200,63.168,
2026-08-31T04:02:47.208782+00:00,GET,http://localhost:3000/logistics/tenderos/productos-disponibles?tiendaId=bbbbbbbb-bbbb-4bbb-8bbb-bbbbbbbbbbbb&zona=Zona+Norte,200,56.979,
2026-08-31T04:02:47.241997+00:00,GET,http://localhost:3000/logistics/tenderos/productos-disponibles?tiendaId=bbbbbbbb-bbbb-4bbb-8bbb-bbbbbbbbbbbb&zona=Zona+Norte,200,63.479,
2026-08-31T04:02:47.275132+00:00,GET,http://localhost:3000/logistics/tenderos/productos-disponibles?tiendaId=bbbbbbbb-bbbb-4bbb-8bbb-bbbbbbbbbbbb&zona=Zona+Norte,200,56.366,
2026-08-31T04:02:47.308477+00:00,GET,http://localhost:3000/logistics/tenderos/productos-disponibles?tiendaId=bbbbbbbb-bbbb-4bbb-8bbb-bbbbbbbbbbbb&zona=Zona+Norte,200,60.014,
2026-08-31T04:02:47.342124+00:00,GET,http://localhost:3000/logistics/tenderos/productos-disponibles?tiendaId=bbbbbbbb-bbbb-4bbb-8bbb-bbbbbbbbbbbb&zona=Zona+Norte,200,57.379,
2026-08-31T04:02:47.375712+00:00,GET,http://localhost:3000/logistics/tenderos/productos-disponibles?tiendaId=bbbbbbbb-bbbb-4bbb-8bbb-bbbbbbbbbbbb&zona=Zona+Norte,200,64.293,
2026-08-31T04:02:47.409287+00:00,GET,http://localhost:3000/logistics/tenderos/productos-disponibles?tiendaId=bbbbbbbb-bbbb-4bbb-8bbb-bbbbbbbbbbbb&zona=Zona+Norte,200,61.458,
2026-08-31T04:02:47.441911+00:00,GET,http://localhost:3000/logistics/tenderos/productos-disponibles?tiendaId=bbbbbbbb-bbbb-4bbb-8bbb-bbbbbbbbbbbb&zona=Zona+Norte,200,65.408,
2026-08-31T04:02:47.475410+00:00,GET,http://localhost:3000/logistics/tenderos/productos-disponibles?tiendaId=bbbbbbbb-bbbb-4bbb-8bbb-bbbbbbbbbbbb&zona=Zona+Norte,200,56.817,
2026-08-31T04:02:47.508334+00:00,GET,http://localhost:3000/logistics/tenderos/productos-disponibles?tiendaId=bbbbbbbb-bbbb-4bbb-8bbb-bbbbbbbbbbbb&zona=Zona+Norte,200,62.855,
2026-08-31T04:02:47.541821+00:00,GET,http://localhost:3000/logistics/tenderos/productos-disponibles?tiendaId=bbbbbbbb-bbbb-4bbb-8bbb-bbbbbbbbbbbb&zona=Zona+Norte,200,59.164,
2026-08-31T04:02:47.575406+00:00,GET,http://localhost:3000/logistics/tenderos/productos-disponibles?tiendaId=bbbbbbbb-bbbb-4bbb-8bbb-bbbbbbbbbbbb&zona=Zona+Norte,200,66.324,
2026-08-31T04:02:47.609185+00:00,GET,http://localhost:3000/logistics/tenderos/productos-disponibles?tiendaId=bbbbbbbb-bbbb-4bbb-8bbb-bbbbbbbbbbbb&zona=Zona+Norte,200,62.068,
2026-08-31T04:02:47.641756+00:00,GET,http://localhost:3000/logistics/tenderos/productos-disponibles?tiendaId=bbbbbbbb-bbbb-4bbb-8bbb-bbbbbbbbbbbb&zona=Zona+Norte,200,63.141,
2026-08-31T04:02:47.675550+00:00,GET,http://localhost:3000/logistics/tenderos/productos-disponibles?tiendaId=bbbbbbbb-bbbb-4bbb-8bbb-bbbbbbbbbbbb&zona=Zona+Norte,200,54.990,
2026-08-31T04:02:47.708707+00:00,GET,http://localhost:3000/logistics/tenderos/productos-disponibles?tiendaId=bbbbbbbb-bbbb-4bbb-8bbb-bbbbbbbbbbbb&zona=Zona+Norte,200,63.993,
2026-08-31T04:02:47.743064+00:00,GET,http://localhost:3000/logistics/tenderos/productos-disponibles?tiendaId=bbbbbbbb-bbbb-4bbb-8bbb-bbbbbbbbbbbb&zona=Zona+Norte,200,56.586,
2026-08-31T04:02:47.775214+00:00,GET,http://localhost:3000/logistics/tenderos/productos-disponibles?tiendaId=bbbbbbbb-bbbb-4bbb-8bbb-bbbbbbbbbbbb&zona=Zona+Norte,200,63.554,
2026-08-31T04:02:47.808460+00:00,GET,http://localhost:3000/logistics/tenderos/productos-disponibles?tiendaId=bbbbbbbb-bbbb-4bbb-8bbb-bbbbbbbbbbbb&zona=Zona+Norte,200,55.893,
2026-08-31T04:02:47.841791+00:00,GET,http://localhost:3000/logistics/tenderos/productos-disponibles?tiendaId=bbbbbbbb-bbbb-4bbb-8bbb-bbbbbbbbbbbb&zona=Zona+Norte,200,59.869,
2026-08-31T04:02:47.875191+00:00,GET,http://localhost:3000/logistics/tenderos/productos-disponibles?tiendaId=bbbbbbbb-bbbb-4bbb-8bbb-bbbbbbbbbbbb&zona=Zona+Norte,200,61.372,
2026-08-31T04:02:47.908494+00:00,GET,http://localhost:3000/logistics/tenderos/productos-disponibles?tiendaId=bbbbbbbb-bbbb-4bbb-8bbb-bbbbbbbbbbbb&zona=Zona+Norte,200,64.856,
2026-08-31T04:02:47.942709+00:00,GET,http://localhost:3000/logistics/tenderos/productos-disponibles?tiendaId=bbbbbbbb-bbbb-4bbb-8bbb-bbbbbbbbbbbb&zona=Zona+Norte,200,59.874,
2026-08-31T04:02:47.975110+00:00,GET,http://localhost:3000/logistics/tenderos/productos-disponibles?tiendaId=bbbbbbbb-bbbb-4bbb-8bbb-bbbbbbbbbbbb&zona=Zona+Norte,200,61.501,
2026-08-31T04:02:48.008475+00:00,GET,http://localhost:3000/logistics/tenderos/productos-disponibles?tiendaId=bbbbbbbb-bbbb-4bbb-8bbb-bbbbbbbbbbbb&zona=Zona+Norte,200,56.733,
2026-08-31T04:02:48.041739+00:00,GET,http://localhost:3000/logistics/tenderos/productos-disponibles?tiendaId=bbbbbbbb-bbbb-4bbb-8bbb-bbbbbbbbbbbb&zona=Zona+Norte,200,60.491,
2026-08-31T04:02:48.075974+00:00,GET,http://localhost:3000/logistics/tenderos/productos-disponibles?tiendaId=bbbbbbbb-bbbb-4bbb-8bbb-bbbbbbbbbbbb&zona=Zona+Norte,200,56.395,
2026-08-31T04:02:48.108923+00:00,GET,http://localhost:3000/logistics/tenderos/productos-disponibles?tiendaId=bbbbbbbb-bbbb-4bbb-8bbb-bbbbbbbbbbbb&zona=Zona+Norte,200,64.022,
2026-08-31T04:02:48.141783+00:00,GET,http://localhost:3000/logistics/tenderos/productos-disponibles?tiendaId=bbbbbbbb-bbbb-4bbb-8bbb-bbbbbbbbbbbb&zona=Zona+Norte,200,62.617,
2026-08-31T04:02:48.175181+00:00,GET,http://localhost:3000/logistics/tenderos/productos-disponibles?tiendaId=bbbbbbbb-bbbb-4bbb-8bbb-bbbbbbbbbbbb&zona=Zona+Norte,200,59.957,
2026-08-31T04:02:48.208734+00:00,GET,http://localhost:3000/logistics/tenderos/productos-disponibles?tiendaId=bbbbbbbb-bbbb-4bbb-8bbb-bbbbbbbbbbbb&zona=Zona+Norte,200,54.278,
2026-08-31T04:02:48.242440+00:00,GET,http://localhost:3000/logistics/tenderos/productos-disponibles?tiendaId=bbbbbbbb-bbbb-4bbb-8bbb-bbbbbbbbbbbb&zona=Zona+Norte,200,64.663,
2026-08-31T04:02:48.275961+00:00,GET,http://localhost:3000/logistics/tenderos/productos-disponibles?tiendaId=bbbbbbbb-bbbb-4bbb-8bbb-bbbbbbbbbbbb&zona=Zona+Norte,200,58.276,
2026-08-31T04:02:48.308396+00:00,GET,http://localhost:3000/logistics/tenderos/productos-disponibles?tiendaId=bbbbbbbb-bbbb-4bbb-8bbb-bbbbbbbbbbbb&zona=Zona+Norte,200,63.664,
2026-08-31T04:02:48.342137+00:00,GET,http://localhost:3000/logistics/tenderos/productos-disponibles?tiendaId=bbbbbbbb-bbbb-4bbb-8bbb-bbbbbbbbbbbb&zona=Zona+Norte,200,61.549,
2026-08-31T04:02:48.375305+00:00,GET,http://localhost:3000/logistics/tenderos/productos-disponibles?tiendaId=bbbbbbbb-bbbb-4bbb-8bbb-bbbbbbbbbbbb&zona=Zona+Norte,200,64.964,
2026-08-31T04:02:48.408894+00:00,GET,http://localhost:3000/logistics/tenderos/productos-disponibles?tiendaId=bbbbbbbb-bbbb-4bbb-8bbb-bbbbbbbbbbbb&zona=Zona+Norte,200,59.240,
2026-08-31T04:02:48.441788+00:00,GET,http://localhost:3000/logistics/tenderos/productos-disponibles?tiendaId=bbbbbbbb-bbbb-4bbb-8bbb-bbbbbbbbbbbb&zona=Zona+Norte,200,59.818,
2026-08-31T04:02:48.475895+00:00,GET,http://localhost:3000/logistics/tenderos/productos-disponibles?tiendaId=bbbbbbbb-bbbb-4bbb-8bbb-bbbbbbbbbbbb&zona=Zona+Norte,200,64.637,
2026-08-31T04:02:48.509171+00:00,GET,http://localhost:3000/logistics/tenderos/productos-disponibles?tiendaId=bbbbbbbb-bbbb-4bbb-8bbb-bbbbbbbbbbbb&zona=Zona+Norte,200,64.604,
2026-08-31T04:02:48.541734+00:00,GET,http://localhost:3000/logistics/tenderos/productos-disponibles?tiendaId=bbbbbbbb-bbbb-4bbb-8bbb-bbbbbbbbbbbb&zona=Zona+Norte,200,64.930,
2026-08-31T04:02:48.575126+00:00,GET,http://localhost:3000/logistics/tenderos/productos-disponibles?tiendaId=bbbbbbbb-bbbb-4bbb-8bbb-bbbbbbbbbbbb&zona=Zona+Norte,200,63.886,
2026-08-31T04:02:48.608483+00:00,GET,http://localhost:3000/logistics/tenderos/productos-disponibles?tiendaId=bbbbbbbb-bbbb-4bbb-8bbb-bbbbbbbbbbbb&zona=Zona+Norte,200,61.123,
2026-08-31T04:02:48.642101+00:00,GET,http://localhost:3000/logistics/tenderos/productos-disponibles?tiendaId=bbbbbbbb-bbbb-4bbb-8bbb-bbbbbbbbbbbb&zona=Zona+Norte,200,65.145,
2026-08-31T04:02:48.675651+00:00,GET,http://localhost:3000/logistics/tenderos/productos-disponibles?tiendaId=bbbbbbbb-bbbb-4bbb-8bbb-bbbbbbbbbbbb&zona=Zona+Norte,200,63.966,
2026-08-31T04:02:48.708390+00:00,GET,http://localhost:3000/logistics/tenderos/productos-disponibles?tiendaId=bbbbbbbb-bbbb-4bbb-8bbb-bbbbbbbbbbbb&zona=Zona+Norte,200,69.708,
2026-08-31T04:02:48.741860+00:00,GET,http://localhost:3000/logistics/tenderos/productos-disponibles?tiendaId=bbbbbbbb-bbbb-4bbb-8bbb-bbbbbbbbbbbb&zona=Zona+Norte,200,59.926,
2026-08-31T04:02:48.775986+00:00,GET,http://localhost:3000/logistics/tenderos/productos-disponibles?tiendaId=bbbbbbbb-bbbb-4bbb-8bbb-bbbbbbbbbbbb&zona=Zona+Norte,200,66.015,
2026-08-31T04:02:48.809125+00:00,GET,http://localhost:3000/logistics/tenderos/productos-disponibles?tiendaId=bbbbbbbb-bbbb-4bbb-8bbb-bbbbbbbbbbbb&zona=Zona+Norte,200,59.565,
2026-08-31T04:02:48.842024+00:00,GET,http://localhost:3000/logistics/tenderos/productos-disponibles?tiendaId=bbbbbbbb-bbbb-4bbb-8bbb-bbbbbbbbbbbb&zona=Zona+Norte,200,60.280,
2026-08-31T04:02:48.875340+00:00,GET,http://localhost:3000/logistics/tenderos/productos-disponibles?tiendaId=bbbbbbbb-bbbb-4bbb-8bbb-bbbbbbbbbbbb&zona=Zona+Norte,200,59.461,
2026-08-31T04:02:48.909077+00:00,GET,http://localhost:3000/logistics/tenderos/productos-disponibles?tiendaId=bbbbbbbb-bbbb-4bbb-8bbb-bbbbbbbbbbbb&zona=Zona+Norte,200,59.951,
2026-08-31T04:02:48.942129+00:00,GET,http://localhost:3000/logistics/tenderos/productos-disponibles?tiendaId=bbbbbbbb-bbbb-4bbb-8bbb-bbbbbbbbbbbb&zona=Zona+Norte,200,60.922,
2026-08-31T04:02:48.975730+00:00,GET,http://localhost:3000/logistics/tenderos/productos-disponibles?tiendaId=bbbbbbbb-bbbb-4bbb-8bbb-bbbbbbbbbbbb&zona=Zona+Norte,200,56.829,
2026-08-31T04:02:49.008975+00:00,GET,http://localhost:3000/logistics/tenderos/productos-disponibles?tiendaId=bbbbbbbb-bbbb-4bbb-8bbb-bbbbbbbbbbbb&zona=Zona+Norte,200,59.908,
2026-08-31T04:02:49.042691+00:00,GET,http://localhost:3000/logistics/tenderos/productos-disponibles?tiendaId=bbbbbbbb-bbbb-4bbb-8bbb-bbbbbbbbbbbb&zona=Zona+Norte,200,59.202,
2026-08-31T04:02:49.075771+00:00,GET,http://localhost:3000/logistics/tenderos/productos-disponibles?tiendaId=bbbbbbbb-bbbb-4bbb-8bbb-bbbbbbbbbbbb&zona=Zona+Norte,200,56.547,
2026-08-31T04:02:49.109202+00:00,GET,http://localhost:3000/logistics/tenderos/productos-disponibles?tiendaId=bbbbbbbb-bbbb-4bbb-8bbb-bbbbbbbbbbbb&zona=Zona+Norte,200,63.317,
2026-08-31T04:02:49.141938+00:00,GET,http://localhost:3000/logistics/tenderos/productos-disponibles?tiendaId=bbbbbbbb-bbbb-4bbb-8bbb-bbbbbbbbbbbb&zona=Zona+Norte,200,60.684,
2026-08-31T04:02:49.175279+00:00,GET,http://localhost:3000/logistics/tenderos/productos-disponibles?tiendaId=bbbbbbbb-bbbb-4bbb-8bbb-bbbbbbbbbbbb&zona=Zona+Norte,200,58.791,
2026-08-31T04:02:49.209046+00:00,GET,http://localhost:3000/logistics/tenderos/productos-disponibles?tiendaId=bbbbbbbb-bbbb-4bbb-8bbb-bbbbbbbbbbbb&zona=Zona+Norte,200,59.680,
2026-08-31T04:02:49.242110+00:00,GET,http://localhost:3000/logistics/tenderos/productos-disponibles?tiendaId=bbbbbbbb-bbbb-4bbb-8bbb-bbbbbbbbbbbb&zona=Zona+Norte,200,60.437,
2026-08-31T04:02:49.275791+00:00,GET,http://localhost:3000/logistics/tenderos/productos-disponibles?tiendaId=bbbbbbbb-bbbb-4bbb-8bbb-bbbbbbbbbbbb&zona=Zona+Norte,200,58.985,
2026-08-31T04:02:49.309053+00:00,GET,http://localhost:3000/logistics/tenderos/productos-disponibles?tiendaId=bbbbbbbb-bbbb-4bbb-8bbb-bbbbbbbbbbbb&zona=Zona+Norte,200,55.891,
2026-08-31T04:02:49.342550+00:00,GET,http://localhost:3000/logistics/tenderos/productos-disponibles?tiendaId=bbbbbbbb-bbbb-4bbb-8bbb-bbbbbbbbbbbb&zona=Zona+Norte,200,61.270,
2026-08-31T04:02:49.375992+00:00,GET,http://localhost:3000/logistics/tenderos/productos-disponibles?tiendaId=bbbbbbbb-bbbb-4bbb-8bbb-bbbbbbbbbbbb&zona=Zona+Norte,200,58.746,
2026-08-31T04:02:49.408907+00:00,GET,http://localhost:3000/logistics/tenderos/productos-disponibles?tiendaId=bbbbbbbb-bbbb-4bbb-8bbb-bbbbbbbbbbbb&zona=Zona+Norte,200,56.534,
2026-08-31T04:02:49.442515+00:00,GET,http://localhost:3000/logistics/tenderos/productos-disponibles?tiendaId=bbbbbbbb-bbbb-4bbb-8bbb-bbbbbbbbbbbb&zona=Zona+Norte,200,58.657,
2026-08-31T04:02:49.476000+00:00,GET,http://localhost:3000/logistics/tenderos/productos-disponibles?tiendaId=bbbbbbbb-bbbb-4bbb-8bbb-bbbbbbbbbbbb&zona=Zona+Norte,200,59.088,
2026-08-31T04:02:49.509160+00:00,GET,http://localhost:3000/logistics/tenderos/productos-disponibles?tiendaId=bbbbbbbb-bbbb-4bbb-8bbb-bbbbbbbbbbbb&zona=Zona+Norte,200,59.873,
2026-08-31T04:02:49.541978+00:00,GET,http://localhost:3000/logistics/tenderos/productos-disponibles?tiendaId=bbbbbbbb-bbbb-4bbb-8bbb-bbbbbbbbbbbb&zona=Zona+Norte,200,57.825,
2026-08-31T04:02:49.575757+00:00,GET,http://localhost:3000/logistics/tenderos/productos-disponibles?tiendaId=bbbbbbbb-bbbb-4bbb-8bbb-bbbbbbbbbbbb&zona=Zona+Norte,200,62.299,
2026-08-31T04:02:49.609349+00:00,GET,http://localhost:3000/logistics/tenderos/productos-disponibles?tiendaId=bbbbbbbb-bbbb-4bbb-8bbb-bbbbbbbbbbbb&zona=Zona+Norte,200,60.987,
2026-08-31T04:02:49.642203+00:00,GET,http://localhost:3000/logistics/tenderos/productos-disponibles?tiendaId=bbbbbbbb-bbbb-4bbb-8bbb-bbbbbbbbbbbb&zona=Zona+Norte,200,57.686,
2026-08-31T04:02:49.675351+00:00,GET,http://localhost:3000/logistics/tenderos/productos-disponibles?tiendaId=bbbbbbbb-bbbb-4bbb-8bbb-bbbbbbbbbbbb&zona=Zona+Norte,200,56.559,
2026-08-31T04:02:49.709372+00:00,GET,http://localhost:3000/logistics/tenderos/productos-disponibles?tiendaId=bbbbbbbb-bbbb-4bbb-8bbb-bbbbbbbbbbbb&zona=Zona+Norte,200,59.650,
2026-08-31T04:02:49.742709+00:00,GET,http://localhost:3000/logistics/tenderos/productos-disponibles?tiendaId=bbbbbbbb-bbbb-4bbb-8bbb-bbbbbbbbbbbb&zona=Zona+Norte,200,58.913,
2026-08-31T04:02:49.775284+00:00,GET,http://localhost:3000/logistics/tenderos/productos-disponibles?tiendaId=bbbbbbbb-bbbb-4bbb-8bbb-bbbbbbbbbbbb&zona=Zona+Norte,200,60.015,
2026-08-31T04:02:49.808758+00:00,GET,http://localhost:3000/logistics/tenderos/productos-disponibles?tiendaId=bbbbbbbb-bbbb-4bbb-8bbb-bbbbbbbbbbbb&zona=Zona+Norte,200,60.563,
2026-08-31T04:02:49.842205+00:00,GET,http://localhost:3000/logistics/tenderos/productos-disponibles?tiendaId=bbbbbbbb-bbbb-4bbb-8bbb-bbbbbbbbbbbb&zona=Zona+Norte,200,62.078,
2026-08-31T04:02:49.875093+00:00,GET,http://localhost:3000/logistics/tenderos/productos-disponibles?tiendaId=bbbbbbbb-bbbb-4bbb-8bbb-bbbbbbbbbbbb&zona=Zona+Norte,200,62.063,
2026-08-31T04:02:49.908835+00:00,GET,http://localhost:3000/logistics/tenderos/productos-disponibles?tiendaId=bbbbbbbb-bbbb-4bbb-8bbb-bbbbbbbbbbbb&zona=Zona+Norte,200,63.801,
2026-08-31T04:02:49.942088+00:00,GET,http://localhost:3000/logistics/tenderos/productos-disponibles?tiendaId=bbbbbbbb-bbbb-4bbb-8bbb-bbbbbbbbbbbb&zona=Zona+Norte,200,61.068,
2026-08-31T04:02:49.975284+00:00,GET,http://localhost:3000/logistics/tenderos/productos-disponibles?tiendaId=bbbbbbbb-bbbb-4bbb-8bbb-bbbbbbbbbbbb&zona=Zona+Norte,200,63.810,
2026-08-31T04:02:50.008981+00:00,GET,http://localhost:3000/logistics/tenderos/productos-disponibles?tiendaId=bbbbbbbb-bbbb-4bbb-8bbb-bbbbbbbbbbbb&zona=Zona+Norte,200,64.816,
2026-08-31T04:02:50.041968+00:00,GET,http://localhost:3000/logistics/tenderos/productos-disponibles?tiendaId=bbbbbbbb-bbbb-4bbb-8bbb-bbbbbbbbbbbb&zona=Zona+Norte,200,61.762,
2026-08-31T04:02:50.075158+00:00,GET,http://localhost:3000/logistics/tenderos/productos-disponibles?tiendaId=bbbbbbbb-bbbb-4bbb-8bbb-bbbbbbbbbbbb&zona=Zona+Norte,200,60.128,
2026-08-31T04:02:50.108909+00:00,GET,http://localhost:3000/logistics/tenderos/productos-disponibles?tiendaId=bbbbbbbb-bbbb-4bbb-8bbb-bbbbbbbbbbbb&zona=Zona+Norte,200,60.404,
2026-08-31T04:02:50.142497+00:00,GET,http://localhost:3000/logistics/tenderos/productos-disponibles?tiendaId=bbbbbbbb-bbbb-4bbb-8bbb-bbbbbbbbbbbb&zona=Zona+Norte,200,63.894,
2026-08-31T04:02:50.175719+00:00,GET,http://localhost:3000/logistics/tenderos/productos-disponibles?tiendaId=bbbbbbbb-bbbb-4bbb-8bbb-bbbbbbbbbbbb&zona=Zona+Norte,200,64.406,
2026-08-31T04:02:50.208557+00:00,GET,http://localhost:3000/logistics/tenderos/productos-disponibles?tiendaId=bbbbbbbb-bbbb-4bbb-8bbb-bbbbbbbbbbbb&zona=Zona+Norte,200,63.754,
2026-08-31T04:02:50.241839+00:00,GET,http://localhost:3000/logistics/tenderos/productos-disponibles?tiendaId=bbbbbbbb-bbbb-4bbb-8bbb-bbbbbbbbbbbb&zona=Zona+Norte,200,60.171,
2026-08-31T04:02:50.275324+00:00,GET,http://localhost:3000/logistics/tenderos/productos-disponibles?tiendaId=bbbbbbbb-bbbb-4bbb-8bbb-bbbbbbbbbbbb&zona=Zona+Norte,200,62.902,
2026-08-31T04:02:50.309135+00:00,GET,http://localhost:3000/logistics/tenderos/productos-disponibles?tiendaId=bbbbbbbb-bbbb-4bbb-8bbb-bbbbbbbbbbbb&zona=Zona+Norte,200,62.883,
2026-08-31T04:02:50.342117+00:00,GET,http://localhost:3000/logistics/tenderos/productos-disponibles?tiendaId=bbbbbbbb-bbbb-4bbb-8bbb-bbbbbbbbbbbb&zona=Zona+Norte,200,63.170,
2026-08-31T04:02:50.375388+00:00,GET,http://localhost:3000/logistics/tenderos/productos-disponibles?tiendaId=bbbbbbbb-bbbb-4bbb-8bbb-bbbbbbbbbbbb&zona=Zona+Norte,200,64.003,
2026-08-31T04:02:50.408415+00:00,GET,http://localhost:3000/logistics/tenderos/productos-disponibles?tiendaId=bbbbbbbb-bbbb-4bbb-8bbb-bbbbbbbbbbbb&zona=Zona+Norte,200,62.681,
2026-08-31T04:02:50.441954+00:00,GET,http://localhost:3000/logistics/tenderos/productos-disponibles?tiendaId=bbbbbbbb-bbbb-4bbb-8bbb-bbbbbbbbbbbb&zona=Zona+Norte,200,66.380,
2026-08-31T04:02:50.475490+00:00,GET,http://localhost:3000/logistics/tenderos/productos-disponibles?tiendaId=bbbbbbbb-bbbb-4bbb-8bbb-bbbbbbbbbbbb&zona=Zona+Norte,200,64.334,
2026-08-31T04:02:50.508427+00:00,GET,http://localhost:3000/logistics/tenderos/productos-disponibles?tiendaId=bbbbbbbb-bbbb-4bbb-8bbb-bbbbbbbbbbbb&zona=Zona+Norte,200,63.226,
2026-08-31T04:02:50.541897+00:00,GET,http://localhost:3000/logistics/tenderos/productos-disponibles?tiendaId=bbbbbbbb-bbbb-4bbb-8bbb-bbbbbbbbbbbb&zona=Zona+Norte,200,60.418,
2026-08-31T04:02:50.575422+00:00,GET,http://localhost:3000/logistics/tenderos/productos-disponibles?tiendaId=bbbbbbbb-bbbb-4bbb-8bbb-bbbbbbbbbbbb&zona=Zona+Norte,200,62.815,
2026-08-31T04:02:50.609106+00:00,GET,http://localhost:3000/logistics/tenderos/productos-disponibles?tiendaId=bbbbbbbb-bbbb-4bbb-8bbb-bbbbbbbbbbbb&zona=Zona+Norte,200,60.156,
2026-08-31T04:02:50.642203+00:00,GET,http://localhost:3000/logistics/tenderos/productos-disponibles?tiendaId=bbbbbbbb-bbbb-4bbb-8bbb-bbbbbbbbbbbb&zona=Zona+Norte,200,59.012,
2026-08-31T04:02:50.675797+00:00,GET,http://localhost:3000/logistics/tenderos/productos-disponibles?tiendaId=bbbbbbbb-bbbb-4bbb-8bbb-bbbbbbbbbbbb&zona=Zona+Norte,200,63.325,
2026-08-31T04:02:50.709264+00:00,GET,http://localhost:3000/logistics/tenderos/productos-disponibles?tiendaId=bbbbbbbb-bbbb-4bbb-8bbb-bbbbbbbbbbbb&zona=Zona+Norte,200,60.045,
2026-08-31T04:02:50.741992+00:00,GET,http://localhost:3000/logistics/tenderos/productos-disponibles?tiendaId=bbbbbbbb-bbbb-4bbb-8bbb-bbbbbbbbbbbb&zona=Zona+Norte,200,64.465,
2026-08-31T04:02:50.775739+00:00,GET,http://localhost:3000/logistics/tenderos/productos-disponibles?tiendaId=bbbbbbbb-bbbb-4bbb-8bbb-bbbbbbbbbbbb&zona=Zona+Norte,200,63.739,
2026-08-31T04:02:50.808579+00:00,GET,http://localhost:3000/logistics/tenderos/productos-disponibles?tiendaId=bbbbbbbb-bbbb-4bbb-8bbb-bbbbbbbbbbbb&zona=Zona+Norte,200,64.366,
2026-08-31T04:02:50.841936+00:00,GET,http://localhost:3000/logistics/tenderos/productos-disponibles?tiendaId=bbbbbbbb-bbbb-4bbb-8bbb-bbbbbbbbbbbb&zona=Zona+Norte,200,62.267,
2026-08-31T04:02:50.875273+00:00,GET,http://localhost:3000/logistics/tenderos/productos-disponibles?tiendaId=bbbbbbbb-bbbb-4bbb-8bbb-bbbbbbbbbbbb&zona=Zona+Norte,200,63.538,
2026-08-31T04:02:50.908794+00:00,GET,http://localhost:3000/logistics/tenderos/productos-disponibles?tiendaId=bbbbbbbb-bbbb-4bbb-8bbb-bbbbbbbbbbbb&zona=Zona+Norte,200,63.785,
2026-08-31T04:02:50.942077+00:00,GET,http://localhost:3000/logistics/tenderos/productos-disponibles?tiendaId=bbbbbbbb-bbbb-4bbb-8bbb-bbbbbbbbbbbb&zona=Zona+Norte,200,64.337,
2026-08-31T04:02:50.975320+00:00,GET,http://localhost:3000/logistics/tenderos/productos-disponibles?tiendaId=bbbbbbbb-bbbb-4bbb-8bbb-bbbbbbbbbbbb&zona=Zona+Norte,200,60.628,
2026-08-31T04:02:51.008587+00:00,GET,http://localhost:3000/logistics/tenderos/productos-disponibles?tiendaId=bbbbbbbb-bbbb-4bbb-8bbb-bbbbbbbbbbbb&zona=Zona+Norte,200,60.230,
2026-08-31T04:02:51.042401+00:00,GET,http://localhost:3000/logistics/tenderos/productos-disponibles?tiendaId=bbbbbbbb-bbbb-4bbb-8bbb-bbbbbbbbbbbb&zona=Zona+Norte,200,64.419,
2026-08-31T04:02:51.075799+00:00,GET,http://localhost:3000/logistics/tenderos/productos-disponibles?tiendaId=bbbbbbbb-bbbb-4bbb-8bbb-bbbbbbbbbbbb&zona=Zona+Norte,200,62.965,
2026-08-31T04:02:51.108528+00:00,GET,http://localhost:3000/logistics/tenderos/productos-disponibles?tiendaId=bbbbbbbb-bbbb-4bbb-8bbb-bbbbbbbbbbbb&zona=Zona+Norte,200,63.443,
2026-08-31T04:02:51.142066+00:00,GET,http://localhost:3000/logistics/tenderos/productos-disponibles?tiendaId=bbbbbbbb-bbbb-4bbb-8bbb-bbbbbbbbbbbb&zona=Zona+Norte,200,63.491,
2026-08-31T04:02:51.175410+00:00,GET,http://localhost:3000/logistics/tenderos/productos-disponibles?tiendaId=bbbbbbbb-bbbb-4bbb-8bbb-bbbbbbbbbbbb&zona=Zona+Norte,200,59.372,
2026-08-31T04:02:51.208430+00:00,GET,http://localhost:3000/logistics/tenderos/productos-disponibles?tiendaId=bbbbbbbb-bbbb-4bbb-8bbb-bbbbbbbbbbbb&zona=Zona+Norte,200,62.311,
2026-08-31T04:02:51.242595+00:00,GET,http://localhost:3000/logistics/tenderos/productos-disponibles?tiendaId=bbbbbbbb-bbbb-4bbb-8bbb-bbbbbbbbbbbb&zona=Zona+Norte,200,63.093,
2026-08-31T04:02:51.275560+00:00,GET,http://localhost:3000/logistics/tenderos/productos-disponibles?tiendaId=bbbbbbbb-bbbb-4bbb-8bbb-bbbbbbbbbbbb&zona=Zona+Norte,200,64.324,
2026-08-31T04:02:51.308690+00:00,GET,http://localhost:3000/logistics/tenderos/productos-disponibles?tiendaId=bbbbbbbb-bbbb-4bbb-8bbb-bbbbbbbbbbbb&zona=Zona+Norte,200,64.530,
2026-08-31T04:02:51.341914+00:00,GET,http://localhost:3000/logistics/tenderos/productos-disponibles?tiendaId=bbbbbbbb-bbbb-4bbb-8bbb-bbbbbbbbbbbb&zona=Zona+Norte,200,63.786,
2026-08-31T04:02:51.375238+00:00,GET,http://localhost:3000/logistics/tenderos/productos-disponibles?tiendaId=bbbbbbbb-bbbb-4bbb-8bbb-bbbbbbbbbbbb&zona=Zona+Norte,200,64.097,
2026-08-31T04:02:51.408693+00:00,GET,http://localhost:3000/logistics/tenderos/productos-disponibles?tiendaId=bbbbbbbb-bbbb-4bbb-8bbb-bbbbbbbbbbbb&zona=Zona+Norte,200,60.842,
2026-08-31T04:02:51.441989+00:00,GET,http://localhost:3000/logistics/tenderos/productos-disponibles?tiendaId=bbbbbbbb-bbbb-4bbb-8bbb-bbbbbbbbbbbb&zona=Zona+Norte,200,63.832,
2026-08-31T04:02:51.475722+00:00,GET,http://localhost:3000/logistics/tenderos/productos-disponibles?tiendaId=bbbbbbbb-bbbb-4bbb-8bbb-bbbbbbbbbbbb&zona=Zona+Norte,200,62.427,
2026-08-31T04:02:51.508687+00:00,GET,http://localhost:3000/logistics/tenderos/productos-disponibles?tiendaId=bbbbbbbb-bbbb-4bbb-8bbb-bbbbbbbbbbbb&zona=Zona+Norte,200,64.198,
2026-08-31T04:02:51.542156+00:00,GET,http://localhost:3000/logistics/tenderos/productos-disponibles?tiendaId=bbbbbbbb-bbbb-4bbb-8bbb-bbbbbbbbbbbb&zona=Zona+Norte,200,60.890,
2026-08-31T04:02:51.575297+00:00,GET,http://localhost:3000/logistics/tenderos/productos-disponibles?tiendaId=bbbbbbbb-bbbb-4bbb-8bbb-bbbbbbbbbbbb&zona=Zona+Norte,200,65.520,
2026-08-31T04:02:51.609051+00:00,GET,http://localhost:3000/logistics/tenderos/productos-disponibles?tiendaId=bbbbbbbb-bbbb-4bbb-8bbb-bbbbbbbbbbbb&zona=Zona+Norte,200,61.029,
2026-08-31T04:02:51.641810+00:00,GET,http://localhost:3000/logistics/tenderos/productos-disponibles?tiendaId=bbbbbbbb-bbbb-4bbb-8bbb-bbbbbbbbbbbb&zona=Zona+Norte,200,60.685,
2026-08-31T04:02:51.675695+00:00,GET,http://localhost:3000/logistics/tenderos/productos-disponibles?tiendaId=bbbbbbbb-bbbb-4bbb-8bbb-bbbbbbbbbbbb&zona=Zona+Norte,200,64.249,
2026-08-31T04:02:51.709163+00:00,GET,http://localhost:3000/logistics/tenderos/productos-disponibles?tiendaId=bbbbbbbb-bbbb-4bbb-8bbb-bbbbbbbbbbbb&zona=Zona+Norte,200,60.889,
2026-08-31T04:02:51.741926+00:00,GET,http://localhost:3000/logistics/tenderos/productos-disponibles?tiendaId=bbbbbbbb-bbbb-4bbb-8bbb-bbbbbbbbbbbb&zona=Zona+Norte,200,64.425,
2026-08-31T04:02:51.775378+00:00,GET,http://localhost:3000/logistics/tenderos/productos-disponibles?tiendaId=bbbbbbbb-bbbb-4bbb-8bbb-bbbbbbbbbbbb&zona=Zona+Norte,200,64.079,
2026-08-31T04:02:51.808656+00:00,GET,http://localhost:3000/logistics/tenderos/productos-disponibles?tiendaId=bbbbbbbb-bbbb-4bbb-8bbb-bbbbbbbbbbbb&zona=Zona+Norte,200,64.595,
2026-08-31T04:02:51.841986+00:00,GET,http://localhost:3000/logistics/tenderos/productos-disponibles?tiendaId=bbbbbbbb-bbbb-4bbb-8bbb-bbbbbbbbbbbb&zona=Zona+Norte,200,64.020,
2026-08-31T04:02:51.875292+00:00,GET,http://localhost:3000/logistics/tenderos/productos-disponibles?tiendaId=bbbbbbbb-bbbb-4bbb-8bbb-bbbbbbbbbbbb&zona=Zona+Norte,200,60.974,
2026-08-31T04:02:51.908500+00:00,GET,http://localhost:3000/logistics/tenderos/productos-disponibles?tiendaId=bbbbbbbb-bbbb-4bbb-8bbb-bbbbbbbbbbbb&zona=Zona+Norte,200,64.387,
2026-08-31T04:02:51.942423+00:00,GET,http://localhost:3000/logistics/tenderos/productos-disponibles?tiendaId=bbbbbbbb-bbbb-4bbb-8bbb-bbbbbbbbbbbb&zona=Zona+Norte,200,63.050,
2026-08-31T04:02:51.975327+00:00,GET,http://localhost:3000/logistics/tenderos/productos-disponibles?tiendaId=bbbbbbbb-bbbb-4bbb-8bbb-bbbbbbbbbbbb&zona=Zona+Norte,200,65.143,
2026-08-31T04:02:52.008535+00:00,GET,http://localhost:3000/logistics/tenderos/productos-disponibles?tiendaId=bbbbbbbb-bbbb-4bbb-8bbb-bbbbbbbbbbbb&zona=Zona+Norte,200,64.141,
2026-08-31T04:02:52.041864+00:00,GET,http://localhost:3000/logistics/tenderos/productos-disponibles?tiendaId=bbbbbbbb-bbbb-4bbb-8bbb-bbbbbbbbbbbb&zona=Zona+Norte,200,64.232,
2026-08-31T04:02:52.075342+00:00,GET,http://localhost:3000/logistics/tenderos/productos-disponibles?tiendaId=bbbbbbbb-bbbb-4bbb-8bbb-bbbbbbbbbbbb&zona=Zona+Norte,200,60.610,
2026-08-31T04:02:52.108665+00:00,GET,http://localhost:3000/logistics/tenderos/productos-disponibles?tiendaId=bbbbbbbb-bbbb-4bbb-8bbb-bbbbbbbbbbbb&zona=Zona+Norte,200,60.683,
2026-08-31T04:02:52.142474+00:00,GET,http://localhost:3000/logistics/tenderos/productos-disponibles?tiendaId=bbbbbbbb-bbbb-4bbb-8bbb-bbbbbbbbbbbb&zona=Zona+Norte,200,63.589,
2026-08-31T04:02:52.175773+00:00,GET,http://localhost:3000/logistics/tenderos/productos-disponibles?tiendaId=bbbbbbbb-bbbb-4bbb-8bbb-bbbbbbbbbbbb&zona=Zona+Norte,200,60.018,
2026-08-31T04:02:52.208663+00:00,GET,http://localhost:3000/logistics/tenderos/productos-disponibles?tiendaId=bbbbbbbb-bbbb-4bbb-8bbb-bbbbbbbbbbbb&zona=Zona+Norte,200,60.316,
2026-08-31T04:02:52.241816+00:00,GET,http://localhost:3000/logistics/tenderos/productos-disponibles?tiendaId=bbbbbbbb-bbbb-4bbb-8bbb-bbbbbbbbbbbb&zona=Zona+Norte,200,63.875,
2026-08-31T04:02:52.275837+00:00,GET,http://localhost:3000/logistics/tenderos/productos-disponibles?tiendaId=bbbbbbbb-bbbb-4bbb-8bbb-bbbbbbbbbbbb&zona=Zona+Norte,200,60.704,
2026-08-31T04:02:52.308564+00:00,GET,http://localhost:3000/logistics/tenderos/productos-disponibles?tiendaId=bbbbbbbb-bbbb-4bbb-8bbb-bbbbbbbbbbbb&zona=Zona+Norte,200,60.932,
2026-08-31T04:02:52.342116+00:00,GET,http://localhost:3000/logistics/tenderos/productos-disponibles?tiendaId=bbbbbbbb-bbbb-4bbb-8bbb-bbbbbbbbbbbb&zona=Zona+Norte,200,65.055,
2026-08-31T04:02:52.375799+00:00,GET,http://localhost:3000/logistics/tenderos/productos-disponibles?tiendaId=bbbbbbbb-bbbb-4bbb-8bbb-bbbbbbbbbbbb&zona=Zona+Norte,200,63.001,
2026-08-31T04:02:52.408540+00:00,GET,http://localhost:3000/logistics/tenderos/productos-disponibles?tiendaId=bbbbbbbb-bbbb-4bbb-8bbb-bbbbbbbbbbbb&zona=Zona+Norte,200,64.262,
2026-08-31T04:02:52.442092+00:00,GET,http://localhost:3000/logistics/tenderos/productos-disponibles?tiendaId=bbbbbbbb-bbbb-4bbb-8bbb-bbbbbbbbbbbb&zona=Zona+Norte,200,63.688,
2026-08-31T04:02:52.475369+00:00,GET,http://localhost:3000/logistics/tenderos/productos-disponibles?tiendaId=bbbbbbbb-bbbb-4bbb-8bbb-bbbbbbbbbbbb&zona=Zona+Norte,200,62.329,
2026-08-31T04:02:52.508741+00:00,GET,http://localhost:3000/logistics/tenderos/productos-disponibles?tiendaId=bbbbbbbb-bbbb-4bbb-8bbb-bbbbbbbbbbbb&zona=Zona+Norte,200,61.536,
2026-08-31T04:02:52.541775+00:00,GET,http://localhost:3000/logistics/tenderos/productos-disponibles?tiendaId=bbbbbbbb-bbbb-4bbb-8bbb-bbbbbbbbbbbb&zona=Zona+Norte,200,64.267,
2026-08-31T04:02:52.575686+00:00,GET,http://localhost:3000/logistics/tenderos/productos-disponibles?tiendaId=bbbbbbbb-bbbb-4bbb-8bbb-bbbbbbbbbbbb&zona=Zona+Norte,200,63.517,
2026-08-31T04:02:52.608715+00:00,GET,http://localhost:3000/logistics/tenderos/productos-disponibles?tiendaId=bbbbbbbb-bbbb-4bbb-8bbb-bbbbbbbbbbbb&zona=Zona+Norte,200,60.244,
2026-08-31T04:02:52.642198+00:00,GET,http://localhost:3000/logistics/tenderos/productos-disponibles?tiendaId=bbbbbbbb-bbbb-4bbb-8bbb-bbbbbbbbbbbb&zona=Zona+Norte,200,64.515,
2026-08-31T04:02:52.675846+00:00,GET,http://localhost:3000/logistics/tenderos/productos-disponibles?tiendaId=bbbbbbbb-bbbb-4bbb-8bbb-bbbbbbbbbbbb&zona=Zona+Norte,200,61.684,
2026-08-31T04:02:52.708600+00:00,GET,http://localhost:3000/logistics/tenderos/productos-disponibles?tiendaId=bbbbbbbb-bbbb-4bbb-8bbb-bbbbbbbbbbbb&zona=Zona+Norte,200,64.260,
2026-08-31T04:02:52.742093+00:00,GET,http://localhost:3000/logistics/tenderos/productos-disponibles?tiendaId=bbbbbbbb-bbbb-4bbb-8bbb-bbbbbbbbbbbb&zona=Zona+Norte,200,63.951,
2026-08-31T04:02:52.775392+00:00,GET,http://localhost:3000/logistics/tenderos/productos-disponibles?tiendaId=bbbbbbbb-bbbb-4bbb-8bbb-bbbbbbbbbbbb&zona=Zona+Norte,200,61.585,
2026-08-31T04:02:52.808697+00:00,GET,http://localhost:3000/logistics/tenderos/productos-disponibles?tiendaId=bbbbbbbb-bbbb-4bbb-8bbb-bbbbbbbbbbbb&zona=Zona+Norte,200,60.994,
2026-08-31T04:02:52.842178+00:00,GET,http://localhost:3000/logistics/tenderos/productos-disponibles?tiendaId=bbbbbbbb-bbbb-4bbb-8bbb-bbbbbbbbbbbb&zona=Zona+Norte,200,60.127,
2026-08-31T04:02:52.875772+00:00,GET,http://localhost:3000/logistics/tenderos/productos-disponibles?tiendaId=bbbbbbbb-bbbb-4bbb-8bbb-bbbbbbbbbbbb&zona=Zona+Norte,200,62.204,
2026-08-31T04:02:52.909256+00:00,GET,http://localhost:3000/logistics/tenderos/productos-disponibles?tiendaId=bbbbbbbb-bbbb-4bbb-8bbb-bbbbbbbbbbbb&zona=Zona+Norte,200,57.350,
2026-08-31T04:02:52.942223+00:00,GET,http://localhost:3000/logistics/tenderos/productos-disponibles?tiendaId=bbbbbbbb-bbbb-4bbb-8bbb-bbbbbbbbbbbb&zona=Zona+Norte,200,60.706,
2026-08-31T04:02:52.976121+00:00,GET,http://localhost:3000/logistics/tenderos/productos-disponibles?tiendaId=bbbbbbbb-bbbb-4bbb-8bbb-bbbbbbbbbbbb&zona=Zona+Norte,200,61.430,
2026-08-31T04:02:53.009115+00:00,GET,http://localhost:3000/logistics/tenderos/productos-disponibles?tiendaId=bbbbbbbb-bbbb-4bbb-8bbb-bbbbbbbbbbbb&zona=Zona+Norte,200,61.946,
2026-08-31T04:02:53.042280+00:00,GET,http://localhost:3000/logistics/tenderos/productos-disponibles?tiendaId=bbbbbbbb-bbbb-4bbb-8bbb-bbbbbbbbbbbb&zona=Zona+Norte,200,58.077,
2026-08-31T04:02:53.075585+00:00,GET,http://localhost:3000/logistics/tenderos/productos-disponibles?tiendaId=bbbbbbbb-bbbb-4bbb-8bbb-bbbbbbbbbbbb&zona=Zona+Norte,200,55.928,
2026-08-31T04:02:53.109437+00:00,GET,http://localhost:3000/logistics/tenderos/productos-disponibles?tiendaId=bbbbbbbb-bbbb-4bbb-8bbb-bbbbbbbbbbbb&zona=Zona+Norte,200,59.310,
2026-08-31T04:02:53.142790+00:00,GET,http://localhost:3000/logistics/tenderos/productos-disponibles?tiendaId=bbbbbbbb-bbbb-4bbb-8bbb-bbbbbbbbbbbb&zona=Zona+Norte,200,61.071,
2026-08-31T04:02:53.175899+00:00,GET,http://localhost:3000/logistics/tenderos/productos-disponibles?tiendaId=bbbbbbbb-bbbb-4bbb-8bbb-bbbbbbbbbbbb&zona=Zona+Norte,200,60.576,
2026-08-31T04:02:53.209015+00:00,GET,http://localhost:3000/logistics/tenderos/productos-disponibles?tiendaId=bbbbbbbb-bbbb-4bbb-8bbb-bbbbbbbbbbbb&zona=Zona+Norte,200,57.530,
2026-08-31T04:02:53.242110+00:00,GET,http://localhost:3000/logistics/tenderos/productos-disponibles?tiendaId=bbbbbbbb-bbbb-4bbb-8bbb-bbbbbbbbbbbb&zona=Zona+Norte,200,59.742,
2026-08-31T04:02:53.276120+00:00,GET,http://localhost:3000/logistics/tenderos/productos-disponibles?tiendaId=bbbbbbbb-bbbb-4bbb-8bbb-bbbbbbbbbbbb&zona=Zona+Norte,200,60.607,
2026-08-31T04:02:53.309265+00:00,GET,http://localhost:3000/logistics/tenderos/productos-disponibles?tiendaId=bbbbbbbb-bbbb-4bbb-8bbb-bbbbbbbbbbbb&zona=Zona+Norte,200,59.356,
2026-08-31T04:02:53.342141+00:00,GET,http://localhost:3000/logistics/tenderos/productos-disponibles?tiendaId=bbbbbbbb-bbbb-4bbb-8bbb-bbbbbbbbbbbb&zona=Zona+Norte,200,61.080,
2026-08-31T04:02:53.375943+00:00,GET,http://localhost:3000/logistics/tenderos/productos-disponibles?tiendaId=bbbbbbbb-bbbb-4bbb-8bbb-bbbbbbbbbbbb&zona=Zona+Norte,200,55.461,
2026-08-31T04:02:53.409126+00:00,GET,http://localhost:3000/logistics/tenderos/productos-disponibles?tiendaId=bbbbbbbb-bbbb-4bbb-8bbb-bbbbbbbbbbbb&zona=Zona+Norte,200,61.374,
2026-08-31T04:02:53.442799+00:00,GET,http://localhost:3000/logistics/tenderos/productos-disponibles?tiendaId=bbbbbbbb-bbbb-4bbb-8bbb-bbbbbbbbbbbb&zona=Zona+Norte,200,59.788,
2026-08-31T04:02:53.475679+00:00,GET,http://localhost:3000/logistics/tenderos/productos-disponibles?tiendaId=bbbbbbbb-bbbb-4bbb-8bbb-bbbbbbbbbbbb&zona=Zona+Norte,200,58.355,
2026-08-31T04:02:53.509167+00:00,GET,http://localhost:3000/logistics/tenderos/productos-disponibles?tiendaId=bbbbbbbb-bbbb-4bbb-8bbb-bbbbbbbbbbbb&zona=Zona+Norte,200,59.796,
2026-08-31T04:02:53.542788+00:00,GET,http://localhost:3000/logistics/tenderos/productos-disponibles?tiendaId=bbbbbbbb-bbbb-4bbb-8bbb-bbbbbbbbbbbb&zona=Zona+Norte,200,62.203,
2026-08-31T04:02:53.575889+00:00,GET,http://localhost:3000/logistics/tenderos/productos-disponibles?tiendaId=bbbbbbbb-bbbb-4bbb-8bbb-bbbbbbbbbbbb&zona=Zona+Norte,200,59.427,
2026-08-31T04:02:53.608904+00:00,GET,http://localhost:3000/logistics/tenderos/productos-disponibles?tiendaId=bbbbbbbb-bbbb-4bbb-8bbb-bbbbbbbbbbbb&zona=Zona+Norte,200,56.598,
2026-08-31T04:02:53.642692+00:00,GET,http://localhost:3000/logistics/tenderos/productos-disponibles?tiendaId=bbbbbbbb-bbbb-4bbb-8bbb-bbbbbbbbbbbb&zona=Zona+Norte,200,56.208,
2026-08-31T04:02:53.676145+00:00,GET,http://localhost:3000/logistics/tenderos/productos-disponibles?tiendaId=bbbbbbbb-bbbb-4bbb-8bbb-bbbbbbbbbbbb&zona=Zona+Norte,200,56.702,
2026-08-31T04:02:53.709462+00:00,GET,http://localhost:3000/logistics/tenderos/productos-disponibles?tiendaId=bbbbbbbb-bbbb-4bbb-8bbb-bbbbbbbbbbbb&zona=Zona+Norte,200,61.200,
2026-08-31T04:02:53.742813+00:00,GET,http://localhost:3000/logistics/tenderos/productos-disponibles?tiendaId=bbbbbbbb-bbbb-4bbb-8bbb-bbbbbbbbbbbb&zona=Zona+Norte,200,64.154,
2026-08-31T04:02:53.775700+00:00,GET,http://localhost:3000/logistics/tenderos/productos-disponibles?tiendaId=bbbbbbbb-bbbb-4bbb-8bbb-bbbbbbbbbbbb&zona=Zona+Norte,200,55.708,
2026-08-31T04:02:53.808616+00:00,GET,http://localhost:3000/logistics/tenderos/productos-disponibles?tiendaId=bbbbbbbb-bbbb-4bbb-8bbb-bbbbbbbbbbbb&zona=Zona+Norte,200,60.918,
2026-08-31T04:02:53.842083+00:00,GET,http://localhost:3000/logistics/tenderos/productos-disponibles?tiendaId=bbbbbbbb-bbbb-4bbb-8bbb-bbbbbbbbbbbb&zona=Zona+Norte,200,62.653,
2026-08-31T04:02:53.875147+00:00,GET,http://localhost:3000/logistics/tenderos/productos-disponibles?tiendaId=bbbbbbbb-bbbb-4bbb-8bbb-bbbbbbbbbbbb&zona=Zona+Norte,200,64.977,
2026-08-31T04:02:53.908901+00:00,GET,http://localhost:3000/logistics/tenderos/productos-disponibles?tiendaId=bbbbbbbb-bbbb-4bbb-8bbb-bbbbbbbbbbbb&zona=Zona+Norte,200,64.523,
2026-08-31T04:02:53.941994+00:00,GET,http://localhost:3000/logistics/tenderos/productos-disponibles?tiendaId=bbbbbbbb-bbbb-4bbb-8bbb-bbbbbbbbbbbb&zona=Zona+Norte,200,60.144,
2026-08-31T04:02:53.975363+00:00,GET,http://localhost:3000/logistics/tenderos/productos-disponibles?tiendaId=bbbbbbbb-bbbb-4bbb-8bbb-bbbbbbbbbbbb&zona=Zona+Norte,200,64.475,
2026-08-31T04:02:54.009252+00:00,GET,http://localhost:3000/logistics/tenderos/productos-disponibles?tiendaId=bbbbbbbb-bbbb-4bbb-8bbb-bbbbbbbbbbbb&zona=Zona+Norte,200,64.060,
2026-08-31T04:02:54.042024+00:00,GET,http://localhost:3000/logistics/tenderos/productos-disponibles?tiendaId=bbbbbbbb-bbbb-4bbb-8bbb-bbbbbbbbbbbb&zona=Zona+Norte,200,59.003,
2026-08-31T04:02:54.075368+00:00,GET,http://localhost:3000/logistics/tenderos/productos-disponibles?tiendaId=bbbbbbbb-bbbb-4bbb-8bbb-bbbbbbbbbbbb&zona=Zona+Norte,200,62.823,
2026-08-31T04:02:54.108910+00:00,GET,http://localhost:3000/logistics/tenderos/productos-disponibles?tiendaId=bbbbbbbb-bbbb-4bbb-8bbb-bbbbbbbbbbbb&zona=Zona+Norte,200,60.770,
2026-08-31T04:02:54.142271+00:00,GET,http://localhost:3000/logistics/tenderos/productos-disponibles?tiendaId=bbbbbbbb-bbbb-4bbb-8bbb-bbbbbbbbbbbb&zona=Zona+Norte,200,65.354,
2026-08-31T04:02:54.175806+00:00,GET,http://localhost:3000/logistics/tenderos/productos-disponibles?tiendaId=bbbbbbbb-bbbb-4bbb-8bbb-bbbbbbbbbbbb&zona=Zona+Norte,200,60.193,
2026-08-31T04:02:54.208531+00:00,GET,http://localhost:3000/logistics/tenderos/productos-disponibles?tiendaId=bbbbbbbb-bbbb-4bbb-8bbb-bbbbbbbbbbbb&zona=Zona+Norte,200,63.545,
2026-08-31T04:02:54.242169+00:00,GET,http://localhost:3000/logistics/tenderos/productos-disponibles?tiendaId=bbbbbbbb-bbbb-4bbb-8bbb-bbbbbbbbbbbb&zona=Zona+Norte,200,64.795,
2026-08-31T04:02:54.275527+00:00,GET,http://localhost:3000/logistics/tenderos/productos-disponibles?tiendaId=bbbbbbbb-bbbb-4bbb-8bbb-bbbbbbbbbbbb&zona=Zona+Norte,200,64.541,
2026-08-31T04:02:54.308625+00:00,GET,http://localhost:3000/logistics/tenderos/productos-disponibles?tiendaId=bbbbbbbb-bbbb-4bbb-8bbb-bbbbbbbbbbbb&zona=Zona+Norte,200,64.222,
2026-08-31T04:02:54.341992+00:00,GET,http://localhost:3000/logistics/tenderos/productos-disponibles?tiendaId=bbbbbbbb-bbbb-4bbb-8bbb-bbbbbbbbbbbb&zona=Zona+Norte,200,64.181,
2026-08-31T04:02:54.375388+00:00,GET,http://localhost:3000/logistics/tenderos/productos-disponibles?tiendaId=bbbbbbbb-bbbb-4bbb-8bbb-bbbbbbbbbbbb&zona=Zona+Norte,200,62.017,
2026-08-31T04:02:54.408767+00:00,GET,http://localhost:3000/logistics/tenderos/productos-disponibles?tiendaId=bbbbbbbb-bbbb-4bbb-8bbb-bbbbbbbbbbbb&zona=Zona+Norte,200,68.587,
2026-08-31T04:02:54.442345+00:00,GET,http://localhost:3000/logistics/tenderos/productos-disponibles?tiendaId=bbbbbbbb-bbbb-4bbb-8bbb-bbbbbbbbbbbb&zona=Zona+Norte,200,70.871,
2026-08-31T04:02:54.476023+00:00,GET,http://localhost:3000/logistics/tenderos/productos-disponibles?tiendaId=bbbbbbbb-bbbb-4bbb-8bbb-bbbbbbbbbbbb&zona=Zona+Norte,200,72.011,
2026-08-31T04:02:54.509474+00:00,GET,http://localhost:3000/logistics/tenderos/productos-disponibles?tiendaId=bbbbbbbb-bbbb-4bbb-8bbb-bbbbbbbbbbbb&zona=Zona+Norte,200,73.943,
2026-08-31T04:02:54.542812+00:00,GET,http://localhost:3000/logistics/tenderos/productos-disponibles?tiendaId=bbbbbbbb-bbbb-4bbb-8bbb-bbbbbbbbbbbb&zona=Zona+Norte,200,68.593,
2026-08-31T04:02:54.576147+00:00,GET,http://localhost:3000/logistics/tenderos/productos-disponibles?tiendaId=bbbbbbbb-bbbb-4bbb-8bbb-bbbbbbbbbbbb&zona=Zona+Norte,200,70.299,
2026-08-31T04:02:54.609217+00:00,GET,http://localhost:3000/logistics/tenderos/productos-disponibles?tiendaId=bbbbbbbb-bbbb-4bbb-8bbb-bbbbbbbbbbbb&zona=Zona+Norte,200,69.611,
2026-08-31T04:02:54.642788+00:00,GET,http://localhost:3000/logistics/tenderos/productos-disponibles?tiendaId=bbbbbbbb-bbbb-4bbb-8bbb-bbbbbbbbbbbb&zona=Zona+Norte,200,63.332,
2026-08-31T04:02:54.675320+00:00,GET,http://localhost:3000/logistics/tenderos/productos-disponibles?tiendaId=bbbbbbbb-bbbb-4bbb-8bbb-bbbbbbbbbbbb&zona=Zona+Norte,200,65.086,
2026-08-31T04:02:54.708787+00:00,GET,http://localhost:3000/logistics/tenderos/productos-disponibles?tiendaId=bbbbbbbb-bbbb-4bbb-8bbb-bbbbbbbbbbbb&zona=Zona+Norte,200,65.791,
2026-08-31T04:02:54.741999+00:00,GET,http://localhost:3000/logistics/tenderos/productos-disponibles?tiendaId=bbbbbbbb-bbbb-4bbb-8bbb-bbbbbbbbbbbb&zona=Zona+Norte,200,65.479,
2026-08-31T04:02:54.775165+00:00,GET,http://localhost:3000/logistics/tenderos/productos-disponibles?tiendaId=bbbbbbbb-bbbb-4bbb-8bbb-bbbbbbbbbbbb&zona=Zona+Norte,200,65.178,
2026-08-31T04:02:54.808604+00:00,GET,http://localhost:3000/logistics/tenderos/productos-disponibles?tiendaId=bbbbbbbb-bbbb-4bbb-8bbb-bbbbbbbbbbbb&zona=Zona+Norte,200,62.428,
2026-08-31T04:02:54.842007+00:00,GET,http://localhost:3000/logistics/tenderos/productos-disponibles?tiendaId=bbbbbbbb-bbbb-4bbb-8bbb-bbbbbbbbbbbb&zona=Zona+Norte,200,64.208,
2026-08-31T04:02:54.875642+00:00,GET,http://localhost:3000/logistics/tenderos/productos-disponibles?tiendaId=bbbbbbbb-bbbb-4bbb-8bbb-bbbbbbbbbbbb&zona=Zona+Norte,200,68.076,
2026-08-31T04:02:54.908753+00:00,GET,http://localhost:3000/logistics/tenderos/productos-disponibles?tiendaId=bbbbbbbb-bbbb-4bbb-8bbb-bbbbbbbbbbbb&zona=Zona+Norte,200,69.234,
2026-08-31T04:02:54.942826+00:00,GET,http://localhost:3000/logistics/tenderos/productos-disponibles?tiendaId=bbbbbbbb-bbbb-4bbb-8bbb-bbbbbbbbbbbb&zona=Zona+Norte,200,66.488,
2026-08-31T04:02:54.975721+00:00,GET,http://localhost:3000/logistics/tenderos/productos-disponibles?tiendaId=bbbbbbbb-bbbb-4bbb-8bbb-bbbbbbbbbbbb&zona=Zona+Norte,200,65.181,
2026-08-31T04:02:55.009337+00:00,GET,http://localhost:3000/logistics/tenderos/productos-disponibles?tiendaId=bbbbbbbb-bbbb-4bbb-8bbb-bbbbbbbbbbbb&zona=Zona+Norte,200,62.352,
2026-08-31T04:02:55.041928+00:00,GET,http://localhost:3000/logistics/tenderos/productos-disponibles?tiendaId=bbbbbbbb-bbbb-4bbb-8bbb-bbbbbbbbbbbb&zona=Zona+Norte,200,66.598,
2026-08-31T04:02:55.075605+00:00,GET,http://localhost:3000/logistics/tenderos/productos-disponibles?tiendaId=bbbbbbbb-bbbb-4bbb-8bbb-bbbbbbbbbbbb&zona=Zona+Norte,200,65.132,
2026-08-31T04:02:55.108570+00:00,GET,http://localhost:3000/logistics/tenderos/productos-disponibles?tiendaId=bbbbbbbb-bbbb-4bbb-8bbb-bbbbbbbbbbbb&zona=Zona+Norte,200,67.810,
2026-08-31T04:02:55.141930+00:00,GET,http://localhost:3000/logistics/tenderos/productos-disponibles?tiendaId=bbbbbbbb-bbbb-4bbb-8bbb-bbbbbbbbbbbb&zona=Zona+Norte,200,65.471,
2026-08-31T04:02:55.176150+00:00,GET,http://localhost:3000/logistics/tenderos/productos-disponibles?tiendaId=bbbbbbbb-bbbb-4bbb-8bbb-bbbbbbbbbbbb&zona=Zona+Norte,200,59.456,
2026-08-31T04:02:55.208624+00:00,GET,http://localhost:3000/logistics/tenderos/productos-disponibles?tiendaId=bbbbbbbb-bbbb-4bbb-8bbb-bbbbbbbbbbbb&zona=Zona+Norte,200,67.232,
2026-08-31T04:02:55.242606+00:00,GET,http://localhost:3000/logistics/tenderos/productos-disponibles?tiendaId=bbbbbbbb-bbbb-4bbb-8bbb-bbbbbbbbbbbb&zona=Zona+Norte,200,58.486,
2026-08-31T04:02:55.275315+00:00,GET,http://localhost:3000/logistics/tenderos/productos-disponibles?tiendaId=bbbbbbbb-bbbb-4bbb-8bbb-bbbbbbbbbbbb&zona=Zona+Norte,200,59.832,
2026-08-31T04:02:55.308879+00:00,GET,http://localhost:3000/logistics/tenderos/productos-disponibles?tiendaId=bbbbbbbb-bbbb-4bbb-8bbb-bbbbbbbbbbbb&zona=Zona+Norte,200,62.169,
2026-08-31T04:02:55.342664+00:00,GET,http://localhost:3000/logistics/tenderos/productos-disponibles?tiendaId=bbbbbbbb-bbbb-4bbb-8bbb-bbbbbbbbbbbb&zona=Zona+Norte,200,61.826,
2026-08-31T04:02:55.375666+00:00,GET,http://localhost:3000/logistics/tenderos/productos-disponibles?tiendaId=bbbbbbbb-bbbb-4bbb-8bbb-bbbbbbbbbbbb&zona=Zona+Norte,200,62.595,
2026-08-31T04:02:55.408980+00:00,GET,http://localhost:3000/logistics/tenderos/productos-disponibles?tiendaId=bbbbbbbb-bbbb-4bbb-8bbb-bbbbbbbbbbbb&zona=Zona+Norte,200,58.974,
2026-08-31T04:02:55.442257+00:00,GET,http://localhost:3000/logistics/tenderos/productos-disponibles?tiendaId=bbbbbbbb-bbbb-4bbb-8bbb-bbbbbbbbbbbb&zona=Zona+Norte,200,63.052,
2026-08-31T04:02:55.475257+00:00,GET,http://localhost:3000/logistics/tenderos/productos-disponibles?tiendaId=bbbbbbbb-bbbb-4bbb-8bbb-bbbbbbbbbbbb&zona=Zona+Norte,200,62.894,
2026-08-31T04:02:55.508698+00:00,GET,http://localhost:3000/logistics/tenderos/productos-disponibles?tiendaId=bbbbbbbb-bbbb-4bbb-8bbb-bbbbbbbbbbbb&zona=Zona+Norte,200,59.139,
2026-08-31T04:02:55.542271+00:00,GET,http://localhost:3000/logistics/tenderos/productos-disponibles?tiendaId=bbbbbbbb-bbbb-4bbb-8bbb-bbbbbbbbbbbb&zona=Zona+Norte,200,58.722,
2026-08-31T04:02:55.576079+00:00,GET,http://localhost:3000/logistics/tenderos/productos-disponibles?tiendaId=bbbbbbbb-bbbb-4bbb-8bbb-bbbbbbbbbbbb&zona=Zona+Norte,200,61.103,
2026-08-31T04:02:55.609426+00:00,GET,http://localhost:3000/logistics/tenderos/productos-disponibles?tiendaId=bbbbbbbb-bbbb-4bbb-8bbb-bbbbbbbbbbbb&zona=Zona+Norte,200,61.434,
2026-08-31T04:02:55.642460+00:00,GET,http://localhost:3000/logistics/tenderos/productos-disponibles?tiendaId=bbbbbbbb-bbbb-4bbb-8bbb-bbbbbbbbbbbb&zona=Zona+Norte,200,58.588,
2026-08-31T04:02:55.675689+00:00,GET,http://localhost:3000/logistics/tenderos/productos-disponibles?tiendaId=bbbbbbbb-bbbb-4bbb-8bbb-bbbbbbbbbbbb&zona=Zona+Norte,200,61.504,
2026-08-31T04:02:55.708706+00:00,GET,http://localhost:3000/logistics/tenderos/productos-disponibles?tiendaId=bbbbbbbb-bbbb-4bbb-8bbb-bbbbbbbbbbbb&zona=Zona+Norte,200,58.650,
2026-08-31T04:02:55.742107+00:00,GET,http://localhost:3000/logistics/tenderos/productos-disponibles?tiendaId=bbbbbbbb-bbbb-4bbb-8bbb-bbbbbbbbbbbb&zona=Zona+Norte,200,61.096,
2026-08-31T04:02:55.775354+00:00,GET,http://localhost:3000/logistics/tenderos/productos-disponibles?tiendaId=bbbbbbbb-bbbb-4bbb-8bbb-bbbbbbbbbbbb&zona=Zona+Norte,200,61.928,
2026-08-31T04:02:55.809143+00:00,GET,http://localhost:3000/logistics/tenderos/productos-disponibles?tiendaId=bbbbbbbb-bbbb-4bbb-8bbb-bbbbbbbbbbbb&zona=Zona+Norte,200,60.883,
2026-08-31T04:02:55.842119+00:00,GET,http://localhost:3000/logistics/tenderos/productos-disponibles?tiendaId=bbbbbbbb-bbbb-4bbb-8bbb-bbbbbbbbbbbb&zona=Zona+Norte,200,62.025,
2026-08-31T04:02:55.875823+00:00,GET,http://localhost:3000/logistics/tenderos/productos-disponibles?tiendaId=bbbbbbbb-bbbb-4bbb-8bbb-bbbbbbbbbbbb&zona=Zona+Norte,200,62.985,
2026-08-31T04:02:55.908604+00:00,GET,http://localhost:3000/logistics/tenderos/productos-disponibles?tiendaId=bbbbbbbb-bbbb-4bbb-8bbb-bbbbbbbbbbbb&zona=Zona+Norte,200,62.541,
2026-08-31T04:02:55.942197+00:00,GET,http://localhost:3000/logistics/tenderos/productos-disponibles?tiendaId=bbbbbbbb-bbbb-4bbb-8bbb-bbbbbbbbbbbb&zona=Zona+Norte,200,62.560,
2026-08-31T04:02:55.975659+00:00,GET,http://localhost:3000/logistics/tenderos/productos-disponibles?tiendaId=bbbbbbbb-bbbb-4bbb-8bbb-bbbbbbbbbbbb&zona=Zona+Norte,200,62.085,
2026-08-31T04:02:56.008956+00:00,GET,http://localhost:3000/logistics/tenderos/productos-disponibles?tiendaId=bbbbbbbb-bbbb-4bbb-8bbb-bbbbbbbbbbbb&zona=Zona+Norte,200,61.667,
2026-08-31T04:02:56.042429+00:00,GET,http://localhost:3000/logistics/tenderos/productos-disponibles?tiendaId=bbbbbbbb-bbbb-4bbb-8bbb-bbbbbbbbbbbb&zona=Zona+Norte,200,63.437,
2026-08-31T04:02:56.075306+00:00,GET,http://localhost:3000/logistics/tenderos/productos-disponibles?tiendaId=bbbbbbbb-bbbb-4bbb-8bbb-bbbbbbbbbbbb&zona=Zona+Norte,200,59.210,
2026-08-31T04:02:56.108811+00:00,GET,http://localhost:3000/logistics/tenderos/productos-disponibles?tiendaId=bbbbbbbb-bbbb-4bbb-8bbb-bbbbbbbbbbbb&zona=Zona+Norte,200,62.231,
2026-08-31T04:02:56.142776+00:00,GET,http://localhost:3000/logistics/tenderos/productos-disponibles?tiendaId=bbbbbbbb-bbbb-4bbb-8bbb-bbbbbbbbbbbb&zona=Zona+Norte,200,61.540,
2026-08-31T04:02:56.175682+00:00,GET,http://localhost:3000/logistics/tenderos/productos-disponibles?tiendaId=bbbbbbbb-bbbb-4bbb-8bbb-bbbbbbbbbbbb&zona=Zona+Norte,200,62.280,
2026-08-31T04:02:56.209007+00:00,GET,http://localhost:3000/logistics/tenderos/productos-disponibles?tiendaId=bbbbbbbb-bbbb-4bbb-8bbb-bbbbbbbbbbbb&zona=Zona+Norte,200,59.963,
2026-08-31T04:02:56.242105+00:00,GET,http://localhost:3000/logistics/tenderos/productos-disponibles?tiendaId=bbbbbbbb-bbbb-4bbb-8bbb-bbbbbbbbbbbb&zona=Zona+Norte,200,62.760,
2026-08-31T04:02:56.275946+00:00,GET,http://localhost:3000/logistics/tenderos/productos-disponibles?tiendaId=bbbbbbbb-bbbb-4bbb-8bbb-bbbbbbbbbbbb&zona=Zona+Norte,200,62.800,
2026-08-31T04:02:56.308952+00:00,GET,http://localhost:3000/logistics/tenderos/productos-disponibles?tiendaId=bbbbbbbb-bbbb-4bbb-8bbb-bbbbbbbbbbbb&zona=Zona+Norte,200,61.766,
2026-08-31T04:02:56.341966+00:00,GET,http://localhost:3000/logistics/tenderos/productos-disponibles?tiendaId=bbbbbbbb-bbbb-4bbb-8bbb-bbbbbbbbbbbb&zona=Zona+Norte,200,61.918,
2026-08-31T04:02:56.375745+00:00,GET,http://localhost:3000/logistics/tenderos/productos-disponibles?tiendaId=bbbbbbbb-bbbb-4bbb-8bbb-bbbbbbbbbbbb&zona=Zona+Norte,200,61.760,
2026-08-31T04:02:56.409070+00:00,GET,http://localhost:3000/logistics/tenderos/productos-disponibles?tiendaId=bbbbbbbb-bbbb-4bbb-8bbb-bbbbbbbbbbbb&zona=Zona+Norte,200,61.698,
2026-08-31T04:02:56.442388+00:00,GET,http://localhost:3000/logistics/tenderos/productos-disponibles?tiendaId=bbbbbbbb-bbbb-4bbb-8bbb-bbbbbbbbbbbb&zona=Zona+Norte,200,58.697,
2026-08-31T04:02:56.475717+00:00,GET,http://localhost:3000/logistics/tenderos/productos-disponibles?tiendaId=bbbbbbbb-bbbb-4bbb-8bbb-bbbbbbbbbbbb&zona=Zona+Norte,200,61.602,
2026-08-31T04:02:56.509463+00:00,GET,http://localhost:3000/logistics/tenderos/productos-disponibles?tiendaId=bbbbbbbb-bbbb-4bbb-8bbb-bbbbbbbbbbbb&zona=Zona+Norte,200,62.305,
2026-08-31T04:02:56.542113+00:00,GET,http://localhost:3000/logistics/tenderos/productos-disponibles?tiendaId=bbbbbbbb-bbbb-4bbb-8bbb-bbbbbbbbbbbb&zona=Zona+Norte,200,61.961,
2026-08-31T04:02:56.575603+00:00,GET,http://localhost:3000/logistics/tenderos/productos-disponibles?tiendaId=bbbbbbbb-bbbb-4bbb-8bbb-bbbbbbbbbbbb&zona=Zona+Norte,200,58.197,
2026-08-31T04:02:56.609090+00:00,GET,http://localhost:3000/logistics/tenderos/productos-disponibles?tiendaId=bbbbbbbb-bbbb-4bbb-8bbb-bbbbbbbbbbbb&zona=Zona+Norte,200,63.473,
2026-08-31T04:02:56.642179+00:00,GET,http://localhost:3000/logistics/tenderos/productos-disponibles?tiendaId=bbbbbbbb-bbbb-4bbb-8bbb-bbbbbbbbbbbb&zona=Zona+Norte,200,63.929,
2026-08-31T04:02:56.675498+00:00,GET,http://localhost:3000/logistics/tenderos/productos-disponibles?tiendaId=bbbbbbbb-bbbb-4bbb-8bbb-bbbbbbbbbbbb&zona=Zona+Norte,200,61.921,
2026-08-31T04:02:56.708804+00:00,GET,http://localhost:3000/logistics/tenderos/productos-disponibles?tiendaId=bbbbbbbb-bbbb-4bbb-8bbb-bbbbbbbbbbbb&zona=Zona+Norte,200,61.589,
2026-08-31T04:02:56.742401+00:00,GET,http://localhost:3000/logistics/tenderos/productos-disponibles?tiendaId=bbbbbbbb-bbbb-4bbb-8bbb-bbbbbbbbbbbb&zona=Zona+Norte,200,61.951,
2026-08-31T04:02:56.775780+00:00,GET,http://localhost:3000/logistics/tenderos/productos-disponibles?tiendaId=bbbbbbbb-bbbb-4bbb-8bbb-bbbbbbbbbbbb&zona=Zona+Norte,200,58.172,
2026-08-31T04:02:56.809046+00:00,GET,http://localhost:3000/logistics/tenderos/productos-disponibles?tiendaId=bbbbbbbb-bbbb-4bbb-8bbb-bbbbbbbbbbbb&zona=Zona+Norte,200,60.197,
2026-08-31T04:02:56.842400+00:00,GET,http://localhost:3000/logistics/tenderos/productos-disponibles?tiendaId=bbbbbbbb-bbbb-4bbb-8bbb-bbbbbbbbbbbb&zona=Zona+Norte,200,55.018,
2026-08-31T04:02:56.875616+00:00,GET,http://localhost:3000/logistics/tenderos/productos-disponibles?tiendaId=bbbbbbbb-bbbb-4bbb-8bbb-bbbbbbbbbbbb&zona=Zona+Norte,200,58.515,
2026-08-31T04:02:56.909444+00:00,GET,http://localhost:3000/logistics/tenderos/productos-disponibles?tiendaId=bbbbbbbb-bbbb-4bbb-8bbb-bbbbbbbbbbbb&zona=Zona+Norte,200,58.733,
2026-08-31T04:02:56.941974+00:00,GET,http://localhost:3000/logistics/tenderos/productos-disponibles?tiendaId=bbbbbbbb-bbbb-4bbb-8bbb-bbbbbbbbbbbb&zona=Zona+Norte,200,60.417,
2026-08-31T04:02:56.975328+00:00,GET,http://localhost:3000/logistics/tenderos/productos-disponibles?tiendaId=bbbbbbbb-bbbb-4bbb-8bbb-bbbbbbbbbbbb&zona=Zona+Norte,200,60.037,
2026-08-31T04:02:57.009319+00:00,GET,http://localhost:3000/logistics/tenderos/productos-disponibles?tiendaId=bbbbbbbb-bbbb-4bbb-8bbb-bbbbbbbbbbbb&zona=Zona+Norte,200,61.364,
2026-08-31T04:02:57.042149+00:00,GET,http://localhost:3000/logistics/tenderos/productos-disponibles?tiendaId=bbbbbbbb-bbbb-4bbb-8bbb-bbbbbbbbbbbb&zona=Zona+Norte,200,60.100,
2026-08-31T04:02:57.075468+00:00,GET,http://localhost:3000/logistics/tenderos/productos-disponibles?tiendaId=bbbbbbbb-bbbb-4bbb-8bbb-bbbbbbbbbbbb&zona=Zona+Norte,200,60.098,
2026-08-31T04:02:57.109327+00:00,GET,http://localhost:3000/logistics/tenderos/productos-disponibles?tiendaId=bbbbbbbb-bbbb-4bbb-8bbb-bbbbbbbbbbbb&zona=Zona+Norte,200,60.369,
2026-08-31T04:02:57.142323+00:00,GET,http://localhost:3000/logistics/tenderos/productos-disponibles?tiendaId=bbbbbbbb-bbbb-4bbb-8bbb-bbbbbbbbbbbb&zona=Zona+Norte,200,59.937,
2026-08-31T04:02:57.175908+00:00,GET,http://localhost:3000/logistics/tenderos/productos-disponibles?tiendaId=bbbbbbbb-bbbb-4bbb-8bbb-bbbbbbbbbbbb&zona=Zona+Norte,200,61.303,
2026-08-31T04:02:57.209358+00:00,GET,http://localhost:3000/logistics/tenderos/productos-disponibles?tiendaId=bbbbbbbb-bbbb-4bbb-8bbb-bbbbbbbbbbbb&zona=Zona+Norte,200,60.279,
2026-08-31T04:02:57.242481+00:00,GET,http://localhost:3000/logistics/tenderos/productos-disponibles?tiendaId=bbbbbbbb-bbbb-4bbb-8bbb-bbbbbbbbbbbb&zona=Zona+Norte,200,62.342,
2026-08-31T04:02:57.275933+00:00,GET,http://localhost:3000/logistics/tenderos/productos-disponibles?tiendaId=bbbbbbbb-bbbb-4bbb-8bbb-bbbbbbbbbbbb&zona=Zona+Norte,200,59.278,
2026-08-31T04:02:57.309003+00:00,GET,http://localhost:3000/logistics/tenderos/productos-disponibles?tiendaId=bbbbbbbb-bbbb-4bbb-8bbb-bbbbbbbbbbbb&zona=Zona+Norte,200,59.234,
2026-08-31T04:02:57.342397+00:00,GET,http://localhost:3000/logistics/tenderos/productos-disponibles?tiendaId=bbbbbbbb-bbbb-4bbb-8bbb-bbbbbbbbbbbb&zona=Zona+Norte,200,60.373,
2026-08-31T04:02:57.376089+00:00,GET,http://localhost:3000/logistics/tenderos/productos-disponibles?tiendaId=bbbbbbbb-bbbb-4bbb-8bbb-bbbbbbbbbbbb&zona=Zona+Norte,200,55.159,
2026-08-31T04:02:57.409281+00:00,GET,http://localhost:3000/logistics/tenderos/productos-disponibles?tiendaId=bbbbbbbb-bbbb-4bbb-8bbb-bbbbbbbbbbbb&zona=Zona+Norte,200,60.688,
2026-08-31T04:02:57.442166+00:00,GET,http://localhost:3000/logistics/tenderos/productos-disponibles?tiendaId=bbbbbbbb-bbbb-4bbb-8bbb-bbbbbbbbbbbb&zona=Zona+Norte,200,58.233,
2026-08-31T04:02:57.475866+00:00,GET,http://localhost:3000/logistics/tenderos/productos-disponibles?tiendaId=bbbbbbbb-bbbb-4bbb-8bbb-bbbbbbbbbbbb&zona=Zona+Norte,200,62.529,
2026-08-31T04:02:57.509597+00:00,GET,http://localhost:3000/logistics/tenderos/productos-disponibles?tiendaId=bbbbbbbb-bbbb-4bbb-8bbb-bbbbbbbbbbbb&zona=Zona+Norte,200,59.556,
2026-08-31T04:02:57.542321+00:00,GET,http://localhost:3000/logistics/tenderos/productos-disponibles?tiendaId=bbbbbbbb-bbbb-4bbb-8bbb-bbbbbbbbbbbb&zona=Zona+Norte,200,61.056,
2026-08-31T04:02:57.576001+00:00,GET,http://localhost:3000/logistics/tenderos/productos-disponibles?tiendaId=bbbbbbbb-bbbb-4bbb-8bbb-bbbbbbbbbbbb&zona=Zona+Norte,200,63.042,
2026-08-31T04:02:57.608916+00:00,GET,http://localhost:3000/logistics/tenderos/productos-disponibles?tiendaId=bbbbbbbb-bbbb-4bbb-8bbb-bbbbbbbbbbbb&zona=Zona+Norte,200,62.951,
2026-08-31T04:02:57.642344+00:00,GET,http://localhost:3000/logistics/tenderos/productos-disponibles?tiendaId=bbbbbbbb-bbbb-4bbb-8bbb-bbbbbbbbbbbb&zona=Zona+Norte,200,62.534,
2026-08-31T04:02:57.675644+00:00,GET,http://localhost:3000/logistics/tenderos/productos-disponibles?tiendaId=bbbbbbbb-bbbb-4bbb-8bbb-bbbbbbbbbbbb&zona=Zona+Norte,200,60.461,
2026-08-31T04:02:57.709003+00:00,GET,http://localhost:3000/logistics/tenderos/productos-disponibles?tiendaId=bbbbbbbb-bbbb-4bbb-8bbb-bbbbbbbbbbbb&zona=Zona+Norte,200,58.926,
2026-08-31T04:02:57.742639+00:00,GET,http://localhost:3000/logistics/tenderos/productos-disponibles?tiendaId=bbbbbbbb-bbbb-4bbb-8bbb-bbbbbbbbbbbb&zona=Zona+Norte,200,60.392,
2026-08-31T04:02:57.775530+00:00,GET,http://localhost:3000/logistics/tenderos/productos-disponibles?tiendaId=bbbbbbbb-bbbb-4bbb-8bbb-bbbbbbbbbbbb&zona=Zona+Norte,200,62.916,
2026-08-31T04:02:57.809248+00:00,GET,http://localhost:3000/logistics/tenderos/productos-disponibles?tiendaId=bbbbbbbb-bbbb-4bbb-8bbb-bbbbbbbbbbbb&zona=Zona+Norte,200,60.636,
2026-08-31T04:02:57.842154+00:00,GET,http://localhost:3000/logistics/tenderos/productos-disponibles?tiendaId=bbbbbbbb-bbbb-4bbb-8bbb-bbbbbbbbbbbb&zona=Zona+Norte,200,62.800,
2026-08-31T04:02:57.875926+00:00,GET,http://localhost:3000/logistics/tenderos/productos-disponibles?tiendaId=bbbbbbbb-bbbb-4bbb-8bbb-bbbbbbbbbbbb&zona=Zona+Norte,200,57.992,
2026-08-31T04:02:57.909005+00:00,GET,http://localhost:3000/logistics/tenderos/productos-disponibles?tiendaId=bbbbbbbb-bbbb-4bbb-8bbb-bbbbbbbbbbbb&zona=Zona+Norte,200,59.127,
2026-08-31T04:02:57.942945+00:00,GET,http://localhost:3000/logistics/tenderos/productos-disponibles?tiendaId=bbbbbbbb-bbbb-4bbb-8bbb-bbbbbbbbbbbb&zona=Zona+Norte,200,60.172,
2026-08-31T04:02:57.975353+00:00,GET,http://localhost:3000/logistics/tenderos/productos-disponibles?tiendaId=bbbbbbbb-bbbb-4bbb-8bbb-bbbbbbbbbbbb&zona=Zona+Norte,200,59.483,
2026-08-31T04:02:58.009287+00:00,GET,http://localhost:3000/logistics/tenderos/productos-disponibles?tiendaId=bbbbbbbb-bbbb-4bbb-8bbb-bbbbbbbbbbbb&zona=Zona+Norte,200,64.294,
2026-08-31T04:02:58.042128+00:00,GET,http://localhost:3000/logistics/tenderos/productos-disponibles?tiendaId=bbbbbbbb-bbbb-4bbb-8bbb-bbbbbbbbbbbb&zona=Zona+Norte,200,63.129,
2026-08-31T04:02:58.075444+00:00,GET,http://localhost:3000/logistics/tenderos/productos-disponibles?tiendaId=bbbbbbbb-bbbb-4bbb-8bbb-bbbbbbbbbbbb&zona=Zona+Norte,200,61.427,
2026-08-31T04:02:58.108972+00:00,GET,http://localhost:3000/logistics/tenderos/productos-disponibles?tiendaId=bbbbbbbb-bbbb-4bbb-8bbb-bbbbbbbbbbbb&zona=Zona+Norte,200,64.258,
2026-08-31T04:02:58.142542+00:00,GET,http://localhost:3000/logistics/tenderos/productos-disponibles?tiendaId=bbbbbbbb-bbbb-4bbb-8bbb-bbbbbbbbbbbb&zona=Zona+Norte,200,63.415,
2026-08-31T04:02:58.175497+00:00,GET,http://localhost:3000/logistics/tenderos/productos-disponibles?tiendaId=bbbbbbbb-bbbb-4bbb-8bbb-bbbbbbbbbbbb&zona=Zona+Norte,200,62.810,
2026-08-31T04:02:58.208902+00:00,GET,http://localhost:3000/logistics/tenderos/productos-disponibles?tiendaId=bbbbbbbb-bbbb-4bbb-8bbb-bbbbbbbbbbbb&zona=Zona+Norte,200,63.522,
2026-08-31T04:02:58.242365+00:00,GET,http://localhost:3000/logistics/tenderos/productos-disponibles?tiendaId=bbbbbbbb-bbbb-4bbb-8bbb-bbbbbbbbbbbb&zona=Zona+Norte,200,59.456,
2026-08-31T04:02:58.275569+00:00,GET,http://localhost:3000/logistics/tenderos/productos-disponibles?tiendaId=bbbbbbbb-bbbb-4bbb-8bbb-bbbbbbbbbbbb&zona=Zona+Norte,200,59.270,
2026-08-31T04:02:58.309418+00:00,GET,http://localhost:3000/logistics/tenderos/productos-disponibles?tiendaId=bbbbbbbb-bbbb-4bbb-8bbb-bbbbbbbbbbbb&zona=Zona+Norte,200,64.964,
2026-08-31T04:02:58.342541+00:00,GET,http://localhost:3000/logistics/tenderos/productos-disponibles?tiendaId=bbbbbbbb-bbbb-4bbb-8bbb-bbbbbbbbbbbb&zona=Zona+Norte,200,64.620,
2026-08-31T04:02:58.375316+00:00,GET,http://localhost:3000/logistics/tenderos/productos-disponibles?tiendaId=bbbbbbbb-bbbb-4bbb-8bbb-bbbbbbbbbbbb&zona=Zona+Norte,200,58.716,
2026-08-31T04:02:58.408731+00:00,GET,http://localhost:3000/logistics/tenderos/productos-disponibles?tiendaId=bbbbbbbb-bbbb-4bbb-8bbb-bbbbbbbbbbbb&zona=Zona+Norte,200,62.369,
2026-08-31T04:02:58.442136+00:00,GET,http://localhost:3000/logistics/tenderos/productos-disponibles?tiendaId=bbbbbbbb-bbbb-4bbb-8bbb-bbbbbbbbbbbb&zona=Zona+Norte,200,62.648,
2026-08-31T04:02:58.475680+00:00,GET,http://localhost:3000/logistics/tenderos/productos-disponibles?tiendaId=bbbbbbbb-bbbb-4bbb-8bbb-bbbbbbbbbbbb&zona=Zona+Norte,200,59.138,
2026-08-31T04:02:58.509056+00:00,GET,http://localhost:3000/logistics/tenderos/productos-disponibles?tiendaId=bbbbbbbb-bbbb-4bbb-8bbb-bbbbbbbbbbbb&zona=Zona+Norte,200,62.143,
2026-08-31T04:02:58.542406+00:00,GET,http://localhost:3000/logistics/tenderos/productos-disponibles?tiendaId=bbbbbbbb-bbbb-4bbb-8bbb-bbbbbbbbbbbb&zona=Zona+Norte,200,60.947,
2026-08-31T04:02:58.575751+00:00,GET,http://localhost:3000/logistics/tenderos/productos-disponibles?tiendaId=bbbbbbbb-bbbb-4bbb-8bbb-bbbbbbbbbbbb&zona=Zona+Norte,200,60.933,
2026-08-31T04:02:58.609220+00:00,GET,http://localhost:3000/logistics/tenderos/productos-disponibles?tiendaId=bbbbbbbb-bbbb-4bbb-8bbb-bbbbbbbbbbbb&zona=Zona+Norte,200,61.412,
2026-08-31T04:02:58.642578+00:00,GET,http://localhost:3000/logistics/tenderos/productos-disponibles?tiendaId=bbbbbbbb-bbbb-4bbb-8bbb-bbbbbbbbbbbb&zona=Zona+Norte,200,62.258,
2026-08-31T04:02:58.675482+00:00,GET,http://localhost:3000/logistics/tenderos/productos-disponibles?tiendaId=bbbbbbbb-bbbb-4bbb-8bbb-bbbbbbbbbbbb&zona=Zona+Norte,200,62.483,
2026-08-31T04:02:58.709071+00:00,GET,http://localhost:3000/logistics/tenderos/productos-disponibles?tiendaId=bbbbbbbb-bbbb-4bbb-8bbb-bbbbbbbbbbbb&zona=Zona+Norte,200,62.338,
2026-08-31T04:02:58.742448+00:00,GET,http://localhost:3000/logistics/tenderos/productos-disponibles?tiendaId=bbbbbbbb-bbbb-4bbb-8bbb-bbbbbbbbbbbb&zona=Zona+Norte,200,62.751,
2026-08-31T04:02:58.775732+00:00,GET,http://localhost:3000/logistics/tenderos/productos-disponibles?tiendaId=bbbbbbbb-bbbb-4bbb-8bbb-bbbbbbbbbbbb&zona=Zona+Norte,200,62.575,
2026-08-31T04:02:58.808996+00:00,GET,http://localhost:3000/logistics/tenderos/productos-disponibles?tiendaId=bbbbbbbb-bbbb-4bbb-8bbb-bbbbbbbbbbbb&zona=Zona+Norte,200,62.210,
2026-08-31T04:02:58.842132+00:00,GET,http://localhost:3000/logistics/tenderos/productos-disponibles?tiendaId=bbbbbbbb-bbbb-4bbb-8bbb-bbbbbbbbbbbb&zona=Zona+Norte,200,58.851,
2026-08-31T04:02:58.875520+00:00,GET,http://localhost:3000/logistics/tenderos/productos-disponibles?tiendaId=bbbbbbbb-bbbb-4bbb-8bbb-bbbbbbbbbbbb&zona=Zona+Norte,200,62.074,
2026-08-31T04:02:58.909548+00:00,GET,http://localhost:3000/logistics/tenderos/productos-disponibles?tiendaId=bbbbbbbb-bbbb-4bbb-8bbb-bbbbbbbbbbbb&zona=Zona+Norte,200,58.963,
2026-08-31T04:02:58.942122+00:00,GET,http://localhost:3000/logistics/tenderos/productos-disponibles?tiendaId=bbbbbbbb-bbbb-4bbb-8bbb-bbbbbbbbbbbb&zona=Zona+Norte,200,63.313,
2026-08-31T04:02:58.976137+00:00,GET,http://localhost:3000/logistics/tenderos/productos-disponibles?tiendaId=bbbbbbbb-bbbb-4bbb-8bbb-bbbbbbbbbbbb&zona=Zona+Norte,200,62.265,
2026-08-31T04:02:59.008983+00:00,GET,http://localhost:3000/logistics/tenderos/productos-disponibles?tiendaId=bbbbbbbb-bbbb-4bbb-8bbb-bbbbbbbbbbbb&zona=Zona+Norte,200,62.109,
2026-08-31T04:02:59.042370+00:00,GET,http://localhost:3000/logistics/tenderos/productos-disponibles?tiendaId=bbbbbbbb-bbbb-4bbb-8bbb-bbbbbbbbbbbb&zona=Zona+Norte,200,62.252,
2026-08-31T04:02:59.075387+00:00,GET,http://localhost:3000/logistics/tenderos/productos-disponibles?tiendaId=bbbbbbbb-bbbb-4bbb-8bbb-bbbbbbbbbbbb&zona=Zona+Norte,200,59.159,
2026-08-31T04:02:59.108890+00:00,GET,http://localhost:3000/logistics/tenderos/productos-disponibles?tiendaId=bbbbbbbb-bbbb-4bbb-8bbb-bbbbbbbbbbbb&zona=Zona+Norte,200,58.212,
2026-08-31T04:02:59.142873+00:00,GET,http://localhost:3000/logistics/tenderos/productos-disponibles?tiendaId=bbbbbbbb-bbbb-4bbb-8bbb-bbbbbbbbbbbb&zona=Zona+Norte,200,62.256,
2026-08-31T04:02:59.176284+00:00,GET,http://localhost:3000/logistics/tenderos/productos-disponibles?tiendaId=bbbbbbbb-bbbb-4bbb-8bbb-bbbbbbbbbbbb&zona=Zona+Norte,200,62.732,
2026-08-31T04:02:59.209018+00:00,GET,http://localhost:3000/logistics/tenderos/productos-disponibles?tiendaId=bbbbbbbb-bbbb-4bbb-8bbb-bbbbbbbbbbbb&zona=Zona+Norte,200,59.698,
2026-08-31T04:02:59.242289+00:00,GET,http://localhost:3000/logistics/tenderos/productos-disponibles?tiendaId=bbbbbbbb-bbbb-4bbb-8bbb-bbbbbbbbbbbb&zona=Zona+Norte,200,59.553,
2026-08-31T04:02:59.276093+00:00,GET,http://localhost:3000/logistics/tenderos/productos-disponibles?tiendaId=bbbbbbbb-bbbb-4bbb-8bbb-bbbbbbbbbbbb&zona=Zona+Norte,200,59.222,
2026-08-31T04:02:59.309461+00:00,GET,http://localhost:3000/logistics/tenderos/productos-disponibles?tiendaId=bbbbbbbb-bbbb-4bbb-8bbb-bbbbbbbbbbbb&zona=Zona+Norte,200,61.999,
2026-08-31T04:02:59.342768+00:00,GET,http://localhost:3000/logistics/tenderos/productos-disponibles?tiendaId=bbbbbbbb-bbbb-4bbb-8bbb-bbbbbbbbbbbb&zona=Zona+Norte,200,59.200,
2026-08-31T04:02:59.375744+00:00,GET,http://localhost:3000/logistics/tenderos/productos-disponibles?tiendaId=bbbbbbbb-bbbb-4bbb-8bbb-bbbbbbbbbbbb&zona=Zona+Norte,200,62.139,
2026-08-31T04:02:59.409452+00:00,GET,http://localhost:3000/logistics/tenderos/productos-disponibles?tiendaId=bbbbbbbb-bbbb-4bbb-8bbb-bbbbbbbbbbbb&zona=Zona+Norte,200,59.383,
2026-08-31T04:02:59.442112+00:00,GET,http://localhost:3000/logistics/tenderos/productos-disponibles?tiendaId=bbbbbbbb-bbbb-4bbb-8bbb-bbbbbbbbbbbb&zona=Zona+Norte,200,63.290,
2026-08-31T04:02:59.476145+00:00,GET,http://localhost:3000/logistics/tenderos/productos-disponibles?tiendaId=bbbbbbbb-bbbb-4bbb-8bbb-bbbbbbbbbbbb&zona=Zona+Norte,200,59.893,
2026-08-31T04:02:59.509066+00:00,GET,http://localhost:3000/logistics/tenderos/productos-disponibles?tiendaId=bbbbbbbb-bbbb-4bbb-8bbb-bbbbbbbbbbbb&zona=Zona+Norte,200,61.930,
2026-08-31T04:02:59.542742+00:00,GET,http://localhost:3000/logistics/tenderos/productos-disponibles?tiendaId=bbbbbbbb-bbbb-4bbb-8bbb-bbbbbbbbbbbb&zona=Zona+Norte,200,63.032,
2026-08-31T04:02:59.575878+00:00,GET,http://localhost:3000/logistics/tenderos/productos-disponibles?tiendaId=bbbbbbbb-bbbb-4bbb-8bbb-bbbbbbbbbbbb&zona=Zona+Norte,200,62.175,
2026-08-31T04:02:59.608959+00:00,GET,http://localhost:3000/logistics/tenderos/productos-disponibles?tiendaId=bbbbbbbb-bbbb-4bbb-8bbb-bbbbbbbbbbbb&zona=Zona+Norte,200,59.110,
2026-08-31T04:02:59.642183+00:00,GET,http://localhost:3000/logistics/tenderos/productos-disponibles?tiendaId=bbbbbbbb-bbbb-4bbb-8bbb-bbbbbbbbbbbb&zona=Zona+Norte,200,61.872,
2026-08-31T04:02:59.676253+00:00,GET,http://localhost:3000/logistics/tenderos/productos-disponibles?tiendaId=bbbbbbbb-bbbb-4bbb-8bbb-bbbbbbbbbbbb&zona=Zona+Norte,200,58.925,
2026-08-31T04:02:59.709240+00:00,GET,http://localhost:3000/logistics/tenderos/productos-disponibles?tiendaId=bbbbbbbb-bbbb-4bbb-8bbb-bbbbbbbbbbbb&zona=Zona+Norte,200,62.276,
2026-08-31T04:02:59.742134+00:00,GET,http://localhost:3000/logistics/tenderos/productos-disponibles?tiendaId=bbbbbbbb-bbbb-4bbb-8bbb-bbbbbbbbbbbb&zona=Zona+Norte,200,60.000,
2026-08-31T04:02:59.775831+00:00,GET,http://localhost:3000/logistics/tenderos/productos-disponibles?tiendaId=bbbbbbbb-bbbb-4bbb-8bbb-bbbbbbbbbbbb&zona=Zona+Norte,200,57.789,
2026-08-31T04:02:59.809497+00:00,GET,http://localhost:3000/logistics/tenderos/productos-disponibles?tiendaId=bbbbbbbb-bbbb-4bbb-8bbb-bbbbbbbbbbbb&zona=Zona+Norte,200,63.075,
2026-08-31T04:02:59.842138+00:00,GET,http://localhost:3000/logistics/tenderos/productos-disponibles?tiendaId=bbbbbbbb-bbbb-4bbb-8bbb-bbbbbbbbbbbb&zona=Zona+Norte,200,61.947,
2026-08-31T04:02:59.875682+00:00,GET,http://localhost:3000/logistics/tenderos/productos-disponibles?tiendaId=bbbbbbbb-bbbb-4bbb-8bbb-bbbbbbbbbbbb&zona=Zona+Norte,200,62.392,
2026-08-31T04:02:59.909257+00:00,GET,http://localhost:3000/logistics/tenderos/productos-disponibles?tiendaId=bbbbbbbb-bbbb-4bbb-8bbb-bbbbbbbbbbbb&zona=Zona+Norte,200,62.869,
2026-08-31T04:02:59.942535+00:00,GET,http://localhost:3000/logistics/tenderos/productos-disponibles?tiendaId=bbbbbbbb-bbbb-4bbb-8bbb-bbbbbbbbbbbb&zona=Zona+Norte,200,62.194,
2026-08-31T04:02:59.975698+00:00,GET,http://localhost:3000/logistics/tenderos/productos-disponibles?tiendaId=bbbbbbbb-bbbb-4bbb-8bbb-bbbbbbbbbbbb&zona=Zona+Norte,200,62.094,
2026-08-31T04:03:00.009011+00:00,GET,http://localhost:3000/logistics/tenderos/productos-disponibles?tiendaId=bbbbbbbb-bbbb-4bbb-8bbb-bbbbbbbbbbbb&zona=Zona+Norte,200,58.812,
2026-08-31T04:03:00.042574+00:00,GET,http://localhost:3000/logistics/tenderos/productos-disponibles?tiendaId=bbbbbbbb-bbbb-4bbb-8bbb-bbbbbbbbbbbb&zona=Zona+Norte,200,62.310,
2026-08-31T04:03:00.076296+00:00,GET,http://localhost:3000/logistics/tenderos/productos-disponibles?tiendaId=bbbbbbbb-bbbb-4bbb-8bbb-bbbbbbbbbbbb&zona=Zona+Norte,200,62.795,
2026-08-31T04:03:00.109166+00:00,GET,http://localhost:3000/logistics/tenderos/productos-disponibles?tiendaId=bbbbbbbb-bbbb-4bbb-8bbb-bbbbbbbbbbbb&zona=Zona+Norte,200,59.757,
2026-08-31T04:03:00.142402+00:00,GET,http://localhost:3000/logistics/tenderos/productos-disponibles?tiendaId=bbbbbbbb-bbbb-4bbb-8bbb-bbbbbbbbbbbb&zona=Zona+Norte,200,63.013,
2026-08-31T04:03:00.176150+00:00,GET,http://localhost:3000/logistics/tenderos/productos-disponibles?tiendaId=bbbbbbbb-bbbb-4bbb-8bbb-bbbbbbbbbbbb&zona=Zona+Norte,200,59.220,
2026-08-31T04:03:00.209092+00:00,GET,http://localhost:3000/logistics/tenderos/productos-disponibles?tiendaId=bbbbbbbb-bbbb-4bbb-8bbb-bbbbbbbbbbbb&zona=Zona+Norte,200,59.709,
2026-08-31T04:03:00.242138+00:00,GET,http://localhost:3000/logistics/tenderos/productos-disponibles?tiendaId=bbbbbbbb-bbbb-4bbb-8bbb-bbbbbbbbbbbb&zona=Zona+Norte,200,59.906,
2026-08-31T04:03:00.276194+00:00,GET,http://localhost:3000/logistics/tenderos/productos-disponibles?tiendaId=bbbbbbbb-bbbb-4bbb-8bbb-bbbbbbbbbbbb&zona=Zona+Norte,200,59.137,
2026-08-31T04:03:00.309553+00:00,GET,http://localhost:3000/logistics/tenderos/productos-disponibles?tiendaId=bbbbbbbb-bbbb-4bbb-8bbb-bbbbbbbbbbbb&zona=Zona+Norte,200,58.470,
2026-08-31T04:03:00.342874+00:00,GET,http://localhost:3000/logistics/tenderos/productos-disponibles?tiendaId=bbbbbbbb-bbbb-4bbb-8bbb-bbbbbbbbbbbb&zona=Zona+Norte,200,59.124,
2026-08-31T04:03:00.375955+00:00,GET,http://localhost:3000/logistics/tenderos/productos-disponibles?tiendaId=bbbbbbbb-bbbb-4bbb-8bbb-bbbbbbbbbbbb&zona=Zona+Norte,200,63.368,
2026-08-31T04:03:00.409538+00:00,GET,http://localhost:3000/logistics/tenderos/productos-disponibles?tiendaId=bbbbbbbb-bbbb-4bbb-8bbb-bbbbbbbbbbbb&zona=Zona+Norte,200,62.427,
2026-08-31T04:03:00.442388+00:00,GET,http://localhost:3000/logistics/tenderos/productos-disponibles?tiendaId=bbbbbbbb-bbbb-4bbb-8bbb-bbbbbbbbbbbb&zona=Zona+Norte,200,62.760,
2026-08-31T04:03:00.475797+00:00,GET,http://localhost:3000/logistics/tenderos/productos-disponibles?tiendaId=bbbbbbbb-bbbb-4bbb-8bbb-bbbbbbbbbbbb&zona=Zona+Norte,200,62.680,
2026-08-31T04:03:00.509138+00:00,GET,http://localhost:3000/logistics/tenderos/productos-disponibles?tiendaId=bbbbbbbb-bbbb-4bbb-8bbb-bbbbbbbbbbbb&zona=Zona+Norte,200,62.796,
2026-08-31T04:03:00.542490+00:00,GET,http://localhost:3000/logistics/tenderos/productos-disponibles?tiendaId=bbbbbbbb-bbbb-4bbb-8bbb-bbbbbbbbbbbb&zona=Zona+Norte,200,64.485,
2026-08-31T04:03:00.575806+00:00,GET,http://localhost:3000/logistics/tenderos/productos-disponibles?tiendaId=bbbbbbbb-bbbb-4bbb-8bbb-bbbbbbbbbbbb&zona=Zona+Norte,200,61.785,
2026-08-31T04:03:00.608919+00:00,GET,http://localhost:3000/logistics/tenderos/productos-disponibles?tiendaId=bbbbbbbb-bbbb-4bbb-8bbb-bbbbbbbbbbbb&zona=Zona+Norte,200,61.674,
2026-08-31T04:03:00.642666+00:00,GET,http://localhost:3000/logistics/tenderos/productos-disponibles?tiendaId=bbbbbbbb-bbbb-4bbb-8bbb-bbbbbbbbbbbb&zona=Zona+Norte,200,66.193,
2026-08-31T04:03:00.675986+00:00,GET,http://localhost:3000/logistics/tenderos/productos-disponibles?tiendaId=bbbbbbbb-bbbb-4bbb-8bbb-bbbbbbbbbbbb&zona=Zona+Norte,200,62.504,
2026-08-31T04:03:00.708886+00:00,GET,http://localhost:3000/logistics/tenderos/productos-disponibles?tiendaId=bbbbbbbb-bbbb-4bbb-8bbb-bbbbbbbbbbbb&zona=Zona+Norte,200,58.129,
2026-08-31T04:03:00.742105+00:00,GET,http://localhost:3000/logistics/tenderos/productos-disponibles?tiendaId=bbbbbbbb-bbbb-4bbb-8bbb-bbbbbbbbbbbb&zona=Zona+Norte,200,65.398,
2026-08-31T04:03:00.776385+00:00,GET,http://localhost:3000/logistics/tenderos/productos-disponibles?tiendaId=bbbbbbbb-bbbb-4bbb-8bbb-bbbbbbbbbbbb&zona=Zona+Norte,200,56.973,
2026-08-31T04:03:00.808869+00:00,GET,http://localhost:3000/logistics/tenderos/productos-disponibles?tiendaId=bbbbbbbb-bbbb-4bbb-8bbb-bbbbbbbbbbbb&zona=Zona+Norte,200,59.519,
2026-08-31T04:03:00.843141+00:00,GET,http://localhost:3000/logistics/tenderos/productos-disponibles?tiendaId=bbbbbbbb-bbbb-4bbb-8bbb-bbbbbbbbbbbb&zona=Zona+Norte,200,60.623,
2026-08-31T04:03:00.876271+00:00,GET,http://localhost:3000/logistics/tenderos/productos-disponibles?tiendaId=bbbbbbbb-bbbb-4bbb-8bbb-bbbbbbbbbbbb&zona=Zona+Norte,200,58.861,
2026-08-31T04:03:00.908792+00:00,GET,http://localhost:3000/logistics/tenderos/productos-disponibles?tiendaId=bbbbbbbb-bbbb-4bbb-8bbb-bbbbbbbbbbbb&zona=Zona+Norte,200,62.386,
2026-08-31T04:03:00.943001+00:00,GET,http://localhost:3000/logistics/tenderos/productos-disponibles?tiendaId=bbbbbbbb-bbbb-4bbb-8bbb-bbbbbbbbbbbb&zona=Zona+Norte,200,57.789,
2026-08-31T04:03:00.975911+00:00,GET,http://localhost:3000/logistics/tenderos/productos-disponibles?tiendaId=bbbbbbbb-bbbb-4bbb-8bbb-bbbbbbbbbbbb&zona=Zona+Norte,200,60.852,
2026-08-31T04:03:01.009725+00:00,GET,http://localhost:3000/logistics/tenderos/productos-disponibles?tiendaId=bbbbbbbb-bbbb-4bbb-8bbb-bbbbbbbbbbbb&zona=Zona+Norte,200,60.969,
2026-08-31T04:03:01.042760+00:00,GET,http://localhost:3000/logistics/tenderos/productos-disponibles?tiendaId=bbbbbbbb-bbbb-4bbb-8bbb-bbbbbbbbbbbb&zona=Zona+Norte,200,55.504,
2026-08-31T04:03:01.075996+00:00,GET,http://localhost:3000/logistics/tenderos/productos-disponibles?tiendaId=bbbbbbbb-bbbb-4bbb-8bbb-bbbbbbbbbbbb&zona=Zona+Norte,200,61.960,
2026-08-31T04:03:01.109745+00:00,GET,http://localhost:3000/logistics/tenderos/productos-disponibles?tiendaId=bbbbbbbb-bbbb-4bbb-8bbb-bbbbbbbbbbbb&zona=Zona+Norte,200,59.985,
2026-08-31T04:03:01.142175+00:00,GET,http://localhost:3000/logistics/tenderos/productos-disponibles?tiendaId=bbbbbbbb-bbbb-4bbb-8bbb-bbbbbbbbbbbb&zona=Zona+Norte,200,60.511,
2026-08-31T04:03:01.176110+00:00,GET,http://localhost:3000/logistics/tenderos/productos-disponibles?tiendaId=bbbbbbbb-bbbb-4bbb-8bbb-bbbbbbbbbbbb&zona=Zona+Norte,200,59.409,
2026-08-31T04:03:01.209517+00:00,GET,http://localhost:3000/logistics/tenderos/productos-disponibles?tiendaId=bbbbbbbb-bbbb-4bbb-8bbb-bbbbbbbbbbbb&zona=Zona+Norte,200,61.542,
2026-08-31T04:03:01.243011+00:00,GET,http://localhost:3000/logistics/tenderos/productos-disponibles?tiendaId=bbbbbbbb-bbbb-4bbb-8bbb-bbbbbbbbbbbb&zona=Zona+Norte,200,62.462,
2026-08-31T04:03:01.275939+00:00,GET,http://localhost:3000/logistics/tenderos/productos-disponibles?tiendaId=bbbbbbbb-bbbb-4bbb-8bbb-bbbbbbbbbbbb&zona=Zona+Norte,200,58.989,
2026-08-31T04:03:01.309130+00:00,GET,http://localhost:3000/logistics/tenderos/productos-disponibles?tiendaId=bbbbbbbb-bbbb-4bbb-8bbb-bbbbbbbbbbbb&zona=Zona+Norte,200,61.398,
2026-08-31T04:03:01.342998+00:00,GET,http://localhost:3000/logistics/tenderos/productos-disponibles?tiendaId=bbbbbbbb-bbbb-4bbb-8bbb-bbbbbbbbbbbb&zona=Zona+Norte,200,61.486,
2026-08-31T04:03:01.376028+00:00,GET,http://localhost:3000/logistics/tenderos/productos-disponibles?tiendaId=bbbbbbbb-bbbb-4bbb-8bbb-bbbbbbbbbbbb&zona=Zona+Norte,200,62.120,
2026-08-31T04:03:01.409267+00:00,GET,http://localhost:3000/logistics/tenderos/productos-disponibles?tiendaId=bbbbbbbb-bbbb-4bbb-8bbb-bbbbbbbbbbbb&zona=Zona+Norte,200,59.257,
2026-08-31T04:03:01.442571+00:00,GET,http://localhost:3000/logistics/tenderos/productos-disponibles?tiendaId=bbbbbbbb-bbbb-4bbb-8bbb-bbbbbbbbbbbb&zona=Zona+Norte,200,64.183,
2026-08-31T04:03:01.475570+00:00,GET,http://localhost:3000/logistics/tenderos/productos-disponibles?tiendaId=bbbbbbbb-bbbb-4bbb-8bbb-bbbbbbbbbbbb&zona=Zona+Norte,200,63.321,
2026-08-31T04:03:01.509021+00:00,GET,http://localhost:3000/logistics/tenderos/productos-disponibles?tiendaId=bbbbbbbb-bbbb-4bbb-8bbb-bbbbbbbbbbbb&zona=Zona+Norte,200,64.505,
2026-08-31T04:03:01.542482+00:00,GET,http://localhost:3000/logistics/tenderos/productos-disponibles?tiendaId=bbbbbbbb-bbbb-4bbb-8bbb-bbbbbbbbbbbb&zona=Zona+Norte,200,60.822,
2026-08-31T04:03:01.575681+00:00,GET,http://localhost:3000/logistics/tenderos/productos-disponibles?tiendaId=bbbbbbbb-bbbb-4bbb-8bbb-bbbbbbbbbbbb&zona=Zona+Norte,200,64.482,
2026-08-31T04:03:01.608807+00:00,GET,http://localhost:3000/logistics/tenderos/productos-disponibles?tiendaId=bbbbbbbb-bbbb-4bbb-8bbb-bbbbbbbbbbbb&zona=Zona+Norte,200,61.701,
2026-08-31T04:03:01.642452+00:00,GET,http://localhost:3000/logistics/tenderos/productos-disponibles?tiendaId=bbbbbbbb-bbbb-4bbb-8bbb-bbbbbbbbbbbb&zona=Zona+Norte,200,64.832,
2026-08-31T04:03:01.676034+00:00,GET,http://localhost:3000/logistics/tenderos/productos-disponibles?tiendaId=bbbbbbbb-bbbb-4bbb-8bbb-bbbbbbbbbbbb&zona=Zona+Norte,200,61.882,
2026-08-31T04:03:01.708940+00:00,GET,http://localhost:3000/logistics/tenderos/productos-disponibles?tiendaId=bbbbbbbb-bbbb-4bbb-8bbb-bbbbbbbbbbbb&zona=Zona+Norte,200,59.901,
2026-08-31T04:03:01.742604+00:00,GET,http://localhost:3000/logistics/tenderos/productos-disponibles?tiendaId=bbbbbbbb-bbbb-4bbb-8bbb-bbbbbbbbbbbb&zona=Zona+Norte,200,63.895,
2026-08-31T04:03:01.776240+00:00,GET,http://localhost:3000/logistics/tenderos/productos-disponibles?tiendaId=bbbbbbbb-bbbb-4bbb-8bbb-bbbbbbbbbbbb&zona=Zona+Norte,200,64.259,
2026-08-31T04:03:01.809014+00:00,GET,http://localhost:3000/logistics/tenderos/productos-disponibles?tiendaId=bbbbbbbb-bbbb-4bbb-8bbb-bbbbbbbbbbbb&zona=Zona+Norte,200,60.895,
2026-08-31T04:03:01.842249+00:00,GET,http://localhost:3000/logistics/tenderos/productos-disponibles?tiendaId=bbbbbbbb-bbbb-4bbb-8bbb-bbbbbbbbbbbb&zona=Zona+Norte,200,64.820,
2026-08-31T04:03:01.876118+00:00,GET,http://localhost:3000/logistics/tenderos/productos-disponibles?tiendaId=bbbbbbbb-bbbb-4bbb-8bbb-bbbbbbbbbbbb&zona=Zona+Norte,200,57.348,
2026-08-31T04:03:01.908979+00:00,GET,http://localhost:3000/logistics/tenderos/productos-disponibles?tiendaId=bbbbbbbb-bbbb-4bbb-8bbb-bbbbbbbbbbbb&zona=Zona+Norte,200,59.968,
2026-08-31T04:03:01.943178+00:00,GET,http://localhost:3000/logistics/tenderos/productos-disponibles?tiendaId=bbbbbbbb-bbbb-4bbb-8bbb-bbbbbbbbbbbb&zona=Zona+Norte,200,61.399,
2026-08-31T04:03:01.976229+00:00,GET,http://localhost:3000/logistics/tenderos/productos-disponibles?tiendaId=bbbbbbbb-bbbb-4bbb-8bbb-bbbbbbbbbbbb&zona=Zona+Norte,200,60.133,
2026-08-31T04:03:02.009278+00:00,GET,http://localhost:3000/logistics/tenderos/productos-disponibles?tiendaId=bbbbbbbb-bbbb-4bbb-8bbb-bbbbbbbbbbbb&zona=Zona+Norte,200,63.689,
2026-08-31T04:03:02.042802+00:00,GET,http://localhost:3000/logistics/tenderos/productos-disponibles?tiendaId=bbbbbbbb-bbbb-4bbb-8bbb-bbbbbbbbbbbb&zona=Zona+Norte,200,59.747,
2026-08-31T04:03:02.075725+00:00,GET,http://localhost:3000/logistics/tenderos/productos-disponibles?tiendaId=bbbbbbbb-bbbb-4bbb-8bbb-bbbbbbbbbbbb&zona=Zona+Norte,200,60.470,
2026-08-31T04:03:02.109301+00:00,GET,http://localhost:3000/logistics/tenderos/productos-disponibles?tiendaId=bbbbbbbb-bbbb-4bbb-8bbb-bbbbbbbbbbbb&zona=Zona+Norte,200,64.754,
2026-08-31T04:03:02.142168+00:00,GET,http://localhost:3000/logistics/tenderos/productos-disponibles?tiendaId=bbbbbbbb-bbbb-4bbb-8bbb-bbbbbbbbbbbb&zona=Zona+Norte,200,61.195,
2026-08-31T04:03:02.175588+00:00,GET,http://localhost:3000/logistics/tenderos/productos-disponibles?tiendaId=bbbbbbbb-bbbb-4bbb-8bbb-bbbbbbbbbbbb&zona=Zona+Norte,200,61.511,
2026-08-31T04:03:02.209220+00:00,GET,http://localhost:3000/logistics/tenderos/productos-disponibles?tiendaId=bbbbbbbb-bbbb-4bbb-8bbb-bbbbbbbbbbbb&zona=Zona+Norte,200,60.671,
2026-08-31T04:03:02.242700+00:00,GET,http://localhost:3000/logistics/tenderos/productos-disponibles?tiendaId=bbbbbbbb-bbbb-4bbb-8bbb-bbbbbbbbbbbb&zona=Zona+Norte,200,64.703,
2026-08-31T04:03:02.276150+00:00,GET,http://localhost:3000/logistics/tenderos/productos-disponibles?tiendaId=bbbbbbbb-bbbb-4bbb-8bbb-bbbbbbbbbbbb&zona=Zona+Norte,200,63.177,
2026-08-31T04:03:02.308903+00:00,GET,http://localhost:3000/logistics/tenderos/productos-disponibles?tiendaId=bbbbbbbb-bbbb-4bbb-8bbb-bbbbbbbbbbbb&zona=Zona+Norte,200,58.270,
2026-08-31T04:03:02.342421+00:00,GET,http://localhost:3000/logistics/tenderos/productos-disponibles?tiendaId=bbbbbbbb-bbbb-4bbb-8bbb-bbbbbbbbbbbb&zona=Zona+Norte,200,67.830,
2026-08-31T04:03:02.376226+00:00,GET,http://localhost:3000/logistics/tenderos/productos-disponibles?tiendaId=bbbbbbbb-bbbb-4bbb-8bbb-bbbbbbbbbbbb&zona=Zona+Norte,200,65.340,
2026-08-31T04:03:02.408916+00:00,GET,http://localhost:3000/logistics/tenderos/productos-disponibles?tiendaId=bbbbbbbb-bbbb-4bbb-8bbb-bbbbbbbbbbbb&zona=Zona+Norte,200,64.984,
2026-08-31T04:03:02.442115+00:00,GET,http://localhost:3000/logistics/tenderos/productos-disponibles?tiendaId=bbbbbbbb-bbbb-4bbb-8bbb-bbbbbbbbbbbb&zona=Zona+Norte,200,64.842,
2026-08-31T04:03:02.475615+00:00,GET,http://localhost:3000/logistics/tenderos/productos-disponibles?tiendaId=bbbbbbbb-bbbb-4bbb-8bbb-bbbbbbbbbbbb&zona=Zona+Norte,200,62.328,
2026-08-31T04:03:02.508975+00:00,GET,http://localhost:3000/logistics/tenderos/productos-disponibles?tiendaId=bbbbbbbb-bbbb-4bbb-8bbb-bbbbbbbbbbbb&zona=Zona+Norte,200,64.386,
2026-08-31T04:03:02.542157+00:00,GET,http://localhost:3000/logistics/tenderos/productos-disponibles?tiendaId=bbbbbbbb-bbbb-4bbb-8bbb-bbbbbbbbbbbb&zona=Zona+Norte,200,63.689,
2026-08-31T04:03:02.575673+00:00,GET,http://localhost:3000/logistics/tenderos/productos-disponibles?tiendaId=bbbbbbbb-bbbb-4bbb-8bbb-bbbbbbbbbbbb&zona=Zona+Norte,200,63.049,
2026-08-31T04:03:02.609119+00:00,GET,http://localhost:3000/logistics/tenderos/productos-disponibles?tiendaId=bbbbbbbb-bbbb-4bbb-8bbb-bbbbbbbbbbbb&zona=Zona+Norte,200,61.662,
2026-08-31T04:03:02.642470+00:00,GET,http://localhost:3000/logistics/tenderos/productos-disponibles?tiendaId=bbbbbbbb-bbbb-4bbb-8bbb-bbbbbbbbbbbb&zona=Zona+Norte,200,65.318,
2026-08-31T04:03:02.675909+00:00,GET,http://localhost:3000/logistics/tenderos/productos-disponibles?tiendaId=bbbbbbbb-bbbb-4bbb-8bbb-bbbbbbbbbbbb&zona=Zona+Norte,200,65.765,
2026-08-31T04:03:02.708877+00:00,GET,http://localhost:3000/logistics/tenderos/productos-disponibles?tiendaId=bbbbbbbb-bbbb-4bbb-8bbb-bbbbbbbbbbbb&zona=Zona+Norte,200,62.355,
2026-08-31T04:03:02.742118+00:00,GET,http://localhost:3000/logistics/tenderos/productos-disponibles?tiendaId=bbbbbbbb-bbbb-4bbb-8bbb-bbbbbbbbbbbb&zona=Zona+Norte,200,65.187,
2026-08-31T04:03:02.776010+00:00,GET,http://localhost:3000/logistics/tenderos/productos-disponibles?tiendaId=bbbbbbbb-bbbb-4bbb-8bbb-bbbbbbbbbbbb&zona=Zona+Norte,200,64.135,
2026-08-31T04:03:02.808961+00:00,GET,http://localhost:3000/logistics/tenderos/productos-disponibles?tiendaId=bbbbbbbb-bbbb-4bbb-8bbb-bbbbbbbbbbbb&zona=Zona+Norte,200,61.259,
2026-08-31T04:03:02.842170+00:00,GET,http://localhost:3000/logistics/tenderos/productos-disponibles?tiendaId=bbbbbbbb-bbbb-4bbb-8bbb-bbbbbbbbbbbb&zona=Zona+Norte,200,61.683,
2026-08-31T04:03:02.876095+00:00,GET,http://localhost:3000/logistics/tenderos/productos-disponibles?tiendaId=bbbbbbbb-bbbb-4bbb-8bbb-bbbbbbbbbbbb&zona=Zona+Norte,200,66.049,
2026-08-31T04:03:02.909389+00:00,GET,http://localhost:3000/logistics/tenderos/productos-disponibles?tiendaId=bbbbbbbb-bbbb-4bbb-8bbb-bbbbbbbbbbbb&zona=Zona+Norte,200,62.306,
2026-08-31T04:03:02.942213+00:00,GET,http://localhost:3000/logistics/tenderos/productos-disponibles?tiendaId=bbbbbbbb-bbbb-4bbb-8bbb-bbbbbbbbbbbb&zona=Zona+Norte,200,63.183,
2026-08-31T04:03:02.975924+00:00,GET,http://localhost:3000/logistics/tenderos/productos-disponibles?tiendaId=bbbbbbbb-bbbb-4bbb-8bbb-bbbbbbbbbbbb&zona=Zona+Norte,200,65.094,
2026-08-31T04:03:03.008820+00:00,GET,http://localhost:3000/logistics/tenderos/productos-disponibles?tiendaId=bbbbbbbb-bbbb-4bbb-8bbb-bbbbbbbbbbbb&zona=Zona+Norte,200,62.774,
2026-08-31T04:03:03.042260+00:00,GET,http://localhost:3000/logistics/tenderos/productos-disponibles?tiendaId=bbbbbbbb-bbbb-4bbb-8bbb-bbbbbbbbbbbb&zona=Zona+Norte,200,64.058,
2026-08-31T04:03:03.075909+00:00,GET,http://localhost:3000/logistics/tenderos/productos-disponibles?tiendaId=bbbbbbbb-bbbb-4bbb-8bbb-bbbbbbbbbbbb&zona=Zona+Norte,200,63.719,
2026-08-31T04:03:03.109065+00:00,GET,http://localhost:3000/logistics/tenderos/productos-disponibles?tiendaId=bbbbbbbb-bbbb-4bbb-8bbb-bbbbbbbbbbbb&zona=Zona+Norte,200,59.871,
2026-08-31T04:03:03.142314+00:00,GET,http://localhost:3000/logistics/tenderos/productos-disponibles?tiendaId=bbbbbbbb-bbbb-4bbb-8bbb-bbbbbbbbbbbb&zona=Zona+Norte,200,64.324,
2026-08-31T04:03:03.176247+00:00,GET,http://localhost:3000/logistics/tenderos/productos-disponibles?tiendaId=bbbbbbbb-bbbb-4bbb-8bbb-bbbbbbbbbbbb&zona=Zona+Norte,200,64.079,
2026-08-31T04:03:03.209087+00:00,GET,http://localhost:3000/logistics/tenderos/productos-disponibles?tiendaId=bbbbbbbb-bbbb-4bbb-8bbb-bbbbbbbbbbbb&zona=Zona+Norte,200,64.436,
2026-08-31T04:03:03.242119+00:00,GET,http://localhost:3000/logistics/tenderos/productos-disponibles?tiendaId=bbbbbbbb-bbbb-4bbb-8bbb-bbbbbbbbbbbb&zona=Zona+Norte,200,64.740,
2026-08-31T04:03:03.275675+00:00,GET,http://localhost:3000/logistics/tenderos/productos-disponibles?tiendaId=bbbbbbbb-bbbb-4bbb-8bbb-bbbbbbbbbbbb&zona=Zona+Norte,200,63.099,
2026-08-31T04:03:03.309034+00:00,GET,http://localhost:3000/logistics/tenderos/productos-disponibles?tiendaId=bbbbbbbb-bbbb-4bbb-8bbb-bbbbbbbbbbbb&zona=Zona+Norte,200,58.745,
2026-08-31T04:03:03.342589+00:00,GET,http://localhost:3000/logistics/tenderos/productos-disponibles?tiendaId=bbbbbbbb-bbbb-4bbb-8bbb-bbbbbbbbbbbb&zona=Zona+Norte,200,65.261,
2026-08-31T04:03:03.376418+00:00,GET,http://localhost:3000/logistics/tenderos/productos-disponibles?tiendaId=bbbbbbbb-bbbb-4bbb-8bbb-bbbbbbbbbbbb&zona=Zona+Norte,200,65.344,
2026-08-31T04:03:03.408938+00:00,GET,http://localhost:3000/logistics/tenderos/productos-disponibles?tiendaId=bbbbbbbb-bbbb-4bbb-8bbb-bbbbbbbbbbbb&zona=Zona+Norte,200,66.934,
2026-08-31T04:03:03.442141+00:00,GET,http://localhost:3000/logistics/tenderos/productos-disponibles?tiendaId=bbbbbbbb-bbbb-4bbb-8bbb-bbbbbbbbbbbb&zona=Zona+Norte,200,66.271,
2026-08-31T04:03:03.475902+00:00,GET,http://localhost:3000/logistics/tenderos/productos-disponibles?tiendaId=bbbbbbbb-bbbb-4bbb-8bbb-bbbbbbbbbbbb&zona=Zona+Norte,200,65.533,
2026-08-31T04:03:03.508815+00:00,GET,http://localhost:3000/logistics/tenderos/productos-disponibles?tiendaId=bbbbbbbb-bbbb-4bbb-8bbb-bbbbbbbbbbbb&zona=Zona+Norte,200,69.069,
2026-08-31T04:03:03.542232+00:00,GET,http://localhost:3000/logistics/tenderos/productos-disponibles?tiendaId=bbbbbbbb-bbbb-4bbb-8bbb-bbbbbbbbbbbb&zona=Zona+Norte,200,71.468,
2026-08-31T04:03:03.576040+00:00,GET,http://localhost:3000/logistics/tenderos/productos-disponibles?tiendaId=bbbbbbbb-bbbb-4bbb-8bbb-bbbbbbbbbbbb&zona=Zona+Norte,200,70.539,
2026-08-31T04:03:03.609120+00:00,GET,http://localhost:3000/logistics/tenderos/productos-disponibles?tiendaId=bbbbbbbb-bbbb-4bbb-8bbb-bbbbbbbbbbbb&zona=Zona+Norte,200,64.476,
2026-08-31T04:03:03.643176+00:00,GET,http://localhost:3000/logistics/tenderos/productos-disponibles?tiendaId=bbbbbbbb-bbbb-4bbb-8bbb-bbbbbbbbbbbb&zona=Zona+Norte,200,62.777,
2026-08-31T04:03:03.675699+00:00,GET,http://localhost:3000/logistics/tenderos/productos-disponibles?tiendaId=bbbbbbbb-bbbb-4bbb-8bbb-bbbbbbbbbbbb&zona=Zona+Norte,200,62.541,
2026-08-31T04:03:03.709147+00:00,GET,http://localhost:3000/logistics/tenderos/productos-disponibles?tiendaId=bbbbbbbb-bbbb-4bbb-8bbb-bbbbbbbbbbbb&zona=Zona+Norte,200,61.864,
2026-08-31T04:03:03.742621+00:00,GET,http://localhost:3000/logistics/tenderos/productos-disponibles?tiendaId=bbbbbbbb-bbbb-4bbb-8bbb-bbbbbbbbbbbb&zona=Zona+Norte,200,61.576,
2026-08-31T04:03:03.776032+00:00,GET,http://localhost:3000/logistics/tenderos/productos-disponibles?tiendaId=bbbbbbbb-bbbb-4bbb-8bbb-bbbbbbbbbbbb&zona=Zona+Norte,200,58.046,
2026-08-31T04:03:03.809371+00:00,GET,http://localhost:3000/logistics/tenderos/productos-disponibles?tiendaId=bbbbbbbb-bbbb-4bbb-8bbb-bbbbbbbbbbbb&zona=Zona+Norte,200,62.105,
2026-08-31T04:03:03.843193+00:00,GET,http://localhost:3000/logistics/tenderos/productos-disponibles?tiendaId=bbbbbbbb-bbbb-4bbb-8bbb-bbbbbbbbbbbb&zona=Zona+Norte,200,61.409,
2026-08-31T04:03:03.875575+00:00,GET,http://localhost:3000/logistics/tenderos/productos-disponibles?tiendaId=bbbbbbbb-bbbb-4bbb-8bbb-bbbbbbbbbbbb&zona=Zona+Norte,200,61.034,
2026-08-31T04:03:03.909330+00:00,GET,http://localhost:3000/logistics/tenderos/productos-disponibles?tiendaId=bbbbbbbb-bbbb-4bbb-8bbb-bbbbbbbbbbbb&zona=Zona+Norte,200,57.412,
2026-08-31T04:03:03.942869+00:00,GET,http://localhost:3000/logistics/tenderos/productos-disponibles?tiendaId=bbbbbbbb-bbbb-4bbb-8bbb-bbbbbbbbbbbb&zona=Zona+Norte,200,60.652,
2026-08-31T04:03:03.975624+00:00,GET,http://localhost:3000/logistics/tenderos/productos-disponibles?tiendaId=bbbbbbbb-bbbb-4bbb-8bbb-bbbbbbbbbbbb&zona=Zona+Norte,200,61.808,
2026-08-31T04:03:04.009443+00:00,GET,http://localhost:3000/logistics/tenderos/productos-disponibles?tiendaId=bbbbbbbb-bbbb-4bbb-8bbb-bbbbbbbbbbbb&zona=Zona+Norte,200,56.726,
2026-08-31T04:03:04.042796+00:00,GET,http://localhost:3000/logistics/tenderos/productos-disponibles?tiendaId=bbbbbbbb-bbbb-4bbb-8bbb-bbbbbbbbbbbb&zona=Zona+Norte,200,61.117,
2026-08-31T04:03:04.076106+00:00,GET,http://localhost:3000/logistics/tenderos/productos-disponibles?tiendaId=bbbbbbbb-bbbb-4bbb-8bbb-bbbbbbbbbbbb&zona=Zona+Norte,200,59.649,
2026-08-31T04:03:04.109039+00:00,GET,http://localhost:3000/logistics/tenderos/productos-disponibles?tiendaId=bbbbbbbb-bbbb-4bbb-8bbb-bbbbbbbbbbbb&zona=Zona+Norte,200,60.192,
2026-08-31T04:03:04.142984+00:00,GET,http://localhost:3000/logistics/tenderos/productos-disponibles?tiendaId=bbbbbbbb-bbbb-4bbb-8bbb-bbbbbbbbbbbb&zona=Zona+Norte,200,60.244,
2026-08-31T04:03:04.176282+00:00,GET,http://localhost:3000/logistics/tenderos/productos-disponibles?tiendaId=bbbbbbbb-bbbb-4bbb-8bbb-bbbbbbbbbbbb&zona=Zona+Norte,200,56.906,
2026-08-31T04:03:04.209556+00:00,GET,http://localhost:3000/logistics/tenderos/productos-disponibles?tiendaId=bbbbbbbb-bbbb-4bbb-8bbb-bbbbbbbbbbbb&zona=Zona+Norte,200,58.813,
2026-08-31T04:03:04.243216+00:00,GET,http://localhost:3000/logistics/tenderos/productos-disponibles?tiendaId=bbbbbbbb-bbbb-4bbb-8bbb-bbbbbbbbbbbb&zona=Zona+Norte,200,63.087,
2026-08-31T04:03:04.276380+00:00,GET,http://localhost:3000/logistics/tenderos/productos-disponibles?tiendaId=bbbbbbbb-bbbb-4bbb-8bbb-bbbbbbbbbbbb&zona=Zona+Norte,200,61.108,
2026-08-31T04:03:04.309130+00:00,GET,http://localhost:3000/logistics/tenderos/productos-disponibles?tiendaId=bbbbbbbb-bbbb-4bbb-8bbb-bbbbbbbbbbbb&zona=Zona+Norte,200,64.937,
2026-08-31T04:03:04.342733+00:00,GET,http://localhost:3000/logistics/tenderos/productos-disponibles?tiendaId=bbbbbbbb-bbbb-4bbb-8bbb-bbbbbbbbbbbb&zona=Zona+Norte,200,65.623,
2026-08-31T04:03:04.375647+00:00,GET,http://localhost:3000/logistics/tenderos/productos-disponibles?tiendaId=bbbbbbbb-bbbb-4bbb-8bbb-bbbbbbbbbbbb&zona=Zona+Norte,200,60.797,
2026-08-31T04:03:04.408843+00:00,GET,http://localhost:3000/logistics/tenderos/productos-disponibles?tiendaId=bbbbbbbb-bbbb-4bbb-8bbb-bbbbbbbbbbbb&zona=Zona+Norte,200,64.245,
2026-08-31T04:03:04.442903+00:00,GET,http://localhost:3000/logistics/tenderos/productos-disponibles?tiendaId=bbbbbbbb-bbbb-4bbb-8bbb-bbbbbbbbbbbb&zona=Zona+Norte,200,65.542,
2026-08-31T04:03:04.475805+00:00,GET,http://localhost:3000/logistics/tenderos/productos-disponibles?tiendaId=bbbbbbbb-bbbb-4bbb-8bbb-bbbbbbbbbbbb&zona=Zona+Norte,200,64.002,
2026-08-31T04:03:04.508840+00:00,GET,http://localhost:3000/logistics/tenderos/productos-disponibles?tiendaId=bbbbbbbb-bbbb-4bbb-8bbb-bbbbbbbbbbbb&zona=Zona+Norte,200,64.127,
2026-08-31T04:03:04.542488+00:00,GET,http://localhost:3000/logistics/tenderos/productos-disponibles?tiendaId=bbbbbbbb-bbbb-4bbb-8bbb-bbbbbbbbbbbb&zona=Zona+Norte,200,64.526,
2026-08-31T04:03:04.575841+00:00,GET,http://localhost:3000/logistics/tenderos/productos-disponibles?tiendaId=bbbbbbbb-bbbb-4bbb-8bbb-bbbbbbbbbbbb&zona=Zona+Norte,200,63.880,
2026-08-31T04:03:04.609061+00:00,GET,http://localhost:3000/logistics/tenderos/productos-disponibles?tiendaId=bbbbbbbb-bbbb-4bbb-8bbb-bbbbbbbbbbbb&zona=Zona+Norte,200,63.647,
2026-08-31T04:03:04.642520+00:00,GET,http://localhost:3000/logistics/tenderos/productos-disponibles?tiendaId=bbbbbbbb-bbbb-4bbb-8bbb-bbbbbbbbbbbb&zona=Zona+Norte,200,63.056,
2026-08-31T04:03:04.675877+00:00,GET,http://localhost:3000/logistics/tenderos/productos-disponibles?tiendaId=bbbbbbbb-bbbb-4bbb-8bbb-bbbbbbbbbbbb&zona=Zona+Norte,200,63.453,
2026-08-31T04:03:04.709230+00:00,GET,http://localhost:3000/logistics/tenderos/productos-disponibles?tiendaId=bbbbbbbb-bbbb-4bbb-8bbb-bbbbbbbbbbbb&zona=Zona+Norte,200,63.626,
2026-08-31T04:03:04.742548+00:00,GET,http://localhost:3000/logistics/tenderos/productos-disponibles?tiendaId=bbbbbbbb-bbbb-4bbb-8bbb-bbbbbbbbbbbb&zona=Zona+Norte,200,65.219,
2026-08-31T04:03:04.775853+00:00,GET,http://localhost:3000/logistics/tenderos/productos-disponibles?tiendaId=bbbbbbbb-bbbb-4bbb-8bbb-bbbbbbbbbbbb&zona=Zona+Norte,200,62.407,
2026-08-31T04:03:04.808996+00:00,GET,http://localhost:3000/logistics/tenderos/productos-disponibles?tiendaId=bbbbbbbb-bbbb-4bbb-8bbb-bbbbbbbbbbbb&zona=Zona+Norte,200,60.738,
2026-08-31T04:03:04.842700+00:00,GET,http://localhost:3000/logistics/tenderos/productos-disponibles?tiendaId=bbbbbbbb-bbbb-4bbb-8bbb-bbbbbbbbbbbb&zona=Zona+Norte,200,61.296,
2026-08-31T04:03:04.876240+00:00,GET,http://localhost:3000/logistics/tenderos/productos-disponibles?tiendaId=bbbbbbbb-bbbb-4bbb-8bbb-bbbbbbbbbbbb&zona=Zona+Norte,200,60.811,
2026-08-31T04:03:04.908964+00:00,GET,http://localhost:3000/logistics/tenderos/productos-disponibles?tiendaId=bbbbbbbb-bbbb-4bbb-8bbb-bbbbbbbbbbbb&zona=Zona+Norte,200,63.049,
2026-08-31T04:03:04.942860+00:00,GET,http://localhost:3000/logistics/tenderos/productos-disponibles?tiendaId=bbbbbbbb-bbbb-4bbb-8bbb-bbbbbbbbbbbb&zona=Zona+Norte,200,60.225,
2026-08-31T04:03:04.975963+00:00,GET,http://localhost:3000/logistics/tenderos/productos-disponibles?tiendaId=bbbbbbbb-bbbb-4bbb-8bbb-bbbbbbbbbbbb&zona=Zona+Norte,200,64.981,
2026-08-31T04:03:05.009614+00:00,GET,http://localhost:3000/logistics/tenderos/productos-disponibles?tiendaId=bbbbbbbb-bbbb-4bbb-8bbb-bbbbbbbbbbbb&zona=Zona+Norte,200,62.468,
2026-08-31T04:03:05.042380+00:00,GET,http://localhost:3000/logistics/tenderos/productos-disponibles?tiendaId=bbbbbbbb-bbbb-4bbb-8bbb-bbbbbbbbbbbb&zona=Zona+Norte,200,61.409,
2026-08-31T04:03:05.075966+00:00,GET,http://localhost:3000/logistics/tenderos/productos-disponibles?tiendaId=bbbbbbbb-bbbb-4bbb-8bbb-bbbbbbbbbbbb&zona=Zona+Norte,200,64.171,
2026-08-31T04:03:05.109485+00:00,GET,http://localhost:3000/logistics/tenderos/productos-disponibles?tiendaId=bbbbbbbb-bbbb-4bbb-8bbb-bbbbbbbbbbbb&zona=Zona+Norte,200,62.864,
2026-08-31T04:03:05.142486+00:00,GET,http://localhost:3000/logistics/tenderos/productos-disponibles?tiendaId=bbbbbbbb-bbbb-4bbb-8bbb-bbbbbbbbbbbb&zona=Zona+Norte,200,63.254,
2026-08-31T04:03:05.175905+00:00,GET,http://localhost:3000/logistics/tenderos/productos-disponibles?tiendaId=bbbbbbbb-bbbb-4bbb-8bbb-bbbbbbbbbbbb&zona=Zona+Norte,200,64.070,
2026-08-31T04:03:05.209245+00:00,GET,http://localhost:3000/logistics/tenderos/productos-disponibles?tiendaId=bbbbbbbb-bbbb-4bbb-8bbb-bbbbbbbbbbbb&zona=Zona+Norte,200,62.044,
2026-08-31T04:03:05.242465+00:00,GET,http://localhost:3000/logistics/tenderos/productos-disponibles?tiendaId=bbbbbbbb-bbbb-4bbb-8bbb-bbbbbbbbbbbb&zona=Zona+Norte,200,65.393,
2026-08-31T04:03:05.276039+00:00,GET,http://localhost:3000/logistics/tenderos/productos-disponibles?tiendaId=bbbbbbbb-bbbb-4bbb-8bbb-bbbbbbbbbbbb&zona=Zona+Norte,200,64.788,
2026-08-31T04:03:05.308958+00:00,GET,http://localhost:3000/logistics/tenderos/productos-disponibles?tiendaId=bbbbbbbb-bbbb-4bbb-8bbb-bbbbbbbbbbbb&zona=Zona+Norte,200,63.740,
2026-08-31T04:03:05.342395+00:00,GET,http://localhost:3000/logistics/tenderos/productos-disponibles?tiendaId=bbbbbbbb-bbbb-4bbb-8bbb-bbbbbbbbbbbb&zona=Zona+Norte,200,60.336,
2026-08-31T04:03:05.375873+00:00,GET,http://localhost:3000/logistics/tenderos/productos-disponibles?tiendaId=bbbbbbbb-bbbb-4bbb-8bbb-bbbbbbbbbbbb&zona=Zona+Norte,200,64.207,
2026-08-31T04:03:05.409660+00:00,GET,http://localhost:3000/logistics/tenderos/productos-disponibles?tiendaId=bbbbbbbb-bbbb-4bbb-8bbb-bbbbbbbbbbbb&zona=Zona+Norte,200,64.194,
2026-08-31T04:03:05.442457+00:00,GET,http://localhost:3000/logistics/tenderos/productos-disponibles?tiendaId=bbbbbbbb-bbbb-4bbb-8bbb-bbbbbbbbbbbb&zona=Zona+Norte,200,65.961,
2026-08-31T04:03:05.475741+00:00,GET,http://localhost:3000/logistics/tenderos/productos-disponibles?tiendaId=bbbbbbbb-bbbb-4bbb-8bbb-bbbbbbbbbbbb&zona=Zona+Norte,200,62.802,
2026-08-31T04:03:05.508908+00:00,GET,http://localhost:3000/logistics/tenderos/productos-disponibles?tiendaId=bbbbbbbb-bbbb-4bbb-8bbb-bbbbbbbbbbbb&zona=Zona+Norte,200,62.077,
2026-08-31T04:03:05.542695+00:00,GET,http://localhost:3000/logistics/tenderos/productos-disponibles?tiendaId=bbbbbbbb-bbbb-4bbb-8bbb-bbbbbbbbbbbb&zona=Zona+Norte,200,65.069,
2026-08-31T04:03:05.576113+00:00,GET,http://localhost:3000/logistics/tenderos/productos-disponibles?tiendaId=bbbbbbbb-bbbb-4bbb-8bbb-bbbbbbbbbbbb&zona=Zona+Norte,200,62.114,
2026-08-31T04:03:05.608991+00:00,GET,http://localhost:3000/logistics/tenderos/productos-disponibles?tiendaId=bbbbbbbb-bbbb-4bbb-8bbb-bbbbbbbbbbbb&zona=Zona+Norte,200,60.816,
2026-08-31T04:03:05.642770+00:00,GET,http://localhost:3000/logistics/tenderos/productos-disponibles?tiendaId=bbbbbbbb-bbbb-4bbb-8bbb-bbbbbbbbbbbb&zona=Zona+Norte,200,64.596,
2026-08-31T04:03:05.676261+00:00,GET,http://localhost:3000/logistics/tenderos/productos-disponibles?tiendaId=bbbbbbbb-bbbb-4bbb-8bbb-bbbbbbbbbbbb&zona=Zona+Norte,200,70.763,
2026-08-31T04:03:05.709036+00:00,GET,http://localhost:3000/logistics/tenderos/productos-disponibles?tiendaId=bbbbbbbb-bbbb-4bbb-8bbb-bbbbbbbbbbbb&zona=Zona+Norte,200,67.678,
2026-08-31T04:03:05.743210+00:00,GET,http://localhost:3000/logistics/tenderos/productos-disponibles?tiendaId=bbbbbbbb-bbbb-4bbb-8bbb-bbbbbbbbbbbb&zona=Zona+Norte,200,67.945,
2026-08-31T04:03:05.776530+00:00,GET,http://localhost:3000/logistics/tenderos/productos-disponibles?tiendaId=bbbbbbbb-bbbb-4bbb-8bbb-bbbbbbbbbbbb&zona=Zona+Norte,200,67.783,
2026-08-31T04:03:05.809878+00:00,GET,http://localhost:3000/logistics/tenderos/productos-disponibles?tiendaId=bbbbbbbb-bbbb-4bbb-8bbb-bbbbbbbbbbbb&zona=Zona+Norte,200,67.196,
2026-08-31T04:03:05.842542+00:00,GET,http://localhost:3000/logistics/tenderos/productos-disponibles?tiendaId=bbbbbbbb-bbbb-4bbb-8bbb-bbbbbbbbbbbb&zona=Zona+Norte,200,64.674,
2026-08-31T04:03:05.875928+00:00,GET,http://localhost:3000/logistics/tenderos/productos-disponibles?tiendaId=bbbbbbbb-bbbb-4bbb-8bbb-bbbbbbbbbbbb&zona=Zona+Norte,200,59.815,
2026-08-31T04:03:05.909064+00:00,GET,http://localhost:3000/logistics/tenderos/productos-disponibles?tiendaId=bbbbbbbb-bbbb-4bbb-8bbb-bbbbbbbbbbbb&zona=Zona+Norte,200,57.264,
2026-08-31T04:03:05.943018+00:00,GET,http://localhost:3000/logistics/tenderos/productos-disponibles?tiendaId=bbbbbbbb-bbbb-4bbb-8bbb-bbbbbbbbbbbb&zona=Zona+Norte,200,62.129,
2026-08-31T04:03:05.976577+00:00,GET,http://localhost:3000/logistics/tenderos/productos-disponibles?tiendaId=bbbbbbbb-bbbb-4bbb-8bbb-bbbbbbbbbbbb&zona=Zona+Norte,200,58.570,
2026-08-31T04:03:06.009325+00:00,GET,http://localhost:3000/logistics/tenderos/productos-disponibles?tiendaId=bbbbbbbb-bbbb-4bbb-8bbb-bbbbbbbbbbbb&zona=Zona+Norte,200,60.507,
2026-08-31T04:03:06.043114+00:00,GET,http://localhost:3000/logistics/tenderos/productos-disponibles?tiendaId=bbbbbbbb-bbbb-4bbb-8bbb-bbbbbbbbbbbb&zona=Zona+Norte,200,62.767,
2026-08-31T04:03:06.076275+00:00,GET,http://localhost:3000/logistics/tenderos/productos-disponibles?tiendaId=bbbbbbbb-bbbb-4bbb-8bbb-bbbbbbbbbbbb&zona=Zona+Norte,200,59.485,
2026-08-31T04:03:06.109248+00:00,GET,http://localhost:3000/logistics/tenderos/productos-disponibles?tiendaId=bbbbbbbb-bbbb-4bbb-8bbb-bbbbbbbbbbbb&zona=Zona+Norte,200,57.505,
2026-08-31T04:03:06.143050+00:00,GET,http://localhost:3000/logistics/tenderos/productos-disponibles?tiendaId=bbbbbbbb-bbbb-4bbb-8bbb-bbbbbbbbbbbb&zona=Zona+Norte,200,60.735,
2026-08-31T04:03:06.176044+00:00,GET,http://localhost:3000/logistics/tenderos/productos-disponibles?tiendaId=bbbbbbbb-bbbb-4bbb-8bbb-bbbbbbbbbbbb&zona=Zona+Norte,200,59.318,
2026-08-31T04:03:06.209534+00:00,GET,http://localhost:3000/logistics/tenderos/productos-disponibles?tiendaId=bbbbbbbb-bbbb-4bbb-8bbb-bbbbbbbbbbbb&zona=Zona+Norte,200,64.858,
2026-08-31T04:03:06.243135+00:00,GET,http://localhost:3000/logistics/tenderos/productos-disponibles?tiendaId=bbbbbbbb-bbbb-4bbb-8bbb-bbbbbbbbbbbb&zona=Zona+Norte,200,64.951,
2026-08-31T04:03:06.275671+00:00,GET,http://localhost:3000/logistics/tenderos/productos-disponibles?tiendaId=bbbbbbbb-bbbb-4bbb-8bbb-bbbbbbbbbbbb&zona=Zona+Norte,200,64.702,
2026-08-31T04:03:06.308958+00:00,GET,http://localhost:3000/logistics/tenderos/productos-disponibles?tiendaId=bbbbbbbb-bbbb-4bbb-8bbb-bbbbbbbbbbbb&zona=Zona+Norte,200,63.497,
2026-08-31T04:03:06.342442+00:00,GET,http://localhost:3000/logistics/tenderos/productos-disponibles?tiendaId=bbbbbbbb-bbbb-4bbb-8bbb-bbbbbbbbbbbb&zona=Zona+Norte,200,65.533,
2026-08-31T04:03:06.375962+00:00,GET,http://localhost:3000/logistics/tenderos/productos-disponibles?tiendaId=bbbbbbbb-bbbb-4bbb-8bbb-bbbbbbbbbbbb&zona=Zona+Norte,200,65.329,
2026-08-31T04:03:06.408984+00:00,GET,http://localhost:3000/logistics/tenderos/productos-disponibles?tiendaId=bbbbbbbb-bbbb-4bbb-8bbb-bbbbbbbbbbbb&zona=Zona+Norte,200,61.977,
2026-08-31T04:03:06.442322+00:00,GET,http://localhost:3000/logistics/tenderos/productos-disponibles?tiendaId=bbbbbbbb-bbbb-4bbb-8bbb-bbbbbbbbbbbb&zona=Zona+Norte,200,65.804,
2026-08-31T04:03:06.476144+00:00,GET,http://localhost:3000/logistics/tenderos/productos-disponibles?tiendaId=bbbbbbbb-bbbb-4bbb-8bbb-bbbbbbbbbbbb&zona=Zona+Norte,200,65.049,
2026-08-31T04:03:06.508939+00:00,GET,http://localhost:3000/logistics/tenderos/productos-disponibles?tiendaId=bbbbbbbb-bbbb-4bbb-8bbb-bbbbbbbbbbbb&zona=Zona+Norte,200,61.813,
2026-08-31T04:03:06.542312+00:00,GET,http://localhost:3000/logistics/tenderos/productos-disponibles?tiendaId=bbbbbbbb-bbbb-4bbb-8bbb-bbbbbbbbbbbb&zona=Zona+Norte,200,64.518,
2026-08-31T04:03:06.576164+00:00,GET,http://localhost:3000/logistics/tenderos/productos-disponibles?tiendaId=bbbbbbbb-bbbb-4bbb-8bbb-bbbbbbbbbbbb&zona=Zona+Norte,200,60.573,
2026-08-31T04:03:06.609158+00:00,GET,http://localhost:3000/logistics/tenderos/productos-disponibles?tiendaId=bbbbbbbb-bbbb-4bbb-8bbb-bbbbbbbbbbbb&zona=Zona+Norte,200,64.409,
2026-08-31T04:03:06.643058+00:00,GET,http://localhost:3000/logistics/tenderos/productos-disponibles?tiendaId=bbbbbbbb-bbbb-4bbb-8bbb-bbbbbbbbbbbb&zona=Zona+Norte,200,63.937,
2026-08-31T04:03:06.675852+00:00,GET,http://localhost:3000/logistics/tenderos/productos-disponibles?tiendaId=bbbbbbbb-bbbb-4bbb-8bbb-bbbbbbbbbbbb&zona=Zona+Norte,200,64.481,
2026-08-31T04:03:06.709159+00:00,GET,http://localhost:3000/logistics/tenderos/productos-disponibles?tiendaId=bbbbbbbb-bbbb-4bbb-8bbb-bbbbbbbbbbbb&zona=Zona+Norte,200,64.261,
2026-08-31T04:03:06.742560+00:00,GET,http://localhost:3000/logistics/tenderos/productos-disponibles?tiendaId=bbbbbbbb-bbbb-4bbb-8bbb-bbbbbbbbbbbb&zona=Zona+Norte,200,66.045,
2026-08-31T04:03:06.775857+00:00,GET,http://localhost:3000/logistics/tenderos/productos-disponibles?tiendaId=bbbbbbbb-bbbb-4bbb-8bbb-bbbbbbbbbbbb&zona=Zona+Norte,200,64.730,
2026-08-31T04:03:06.808916+00:00,GET,http://localhost:3000/logistics/tenderos/productos-disponibles?tiendaId=bbbbbbbb-bbbb-4bbb-8bbb-bbbbbbbbbbbb&zona=Zona+Norte,200,63.283,
2026-08-31T04:03:06.842427+00:00,GET,http://localhost:3000/logistics/tenderos/productos-disponibles?tiendaId=bbbbbbbb-bbbb-4bbb-8bbb-bbbbbbbbbbbb&zona=Zona+Norte,200,64.372,
2026-08-31T04:03:06.876015+00:00,GET,http://localhost:3000/logistics/tenderos/productos-disponibles?tiendaId=bbbbbbbb-bbbb-4bbb-8bbb-bbbbbbbbbbbb&zona=Zona+Norte,200,60.664,
2026-08-31T04:03:06.909163+00:00,GET,http://localhost:3000/logistics/tenderos/productos-disponibles?tiendaId=bbbbbbbb-bbbb-4bbb-8bbb-bbbbbbbbbbbb&zona=Zona+Norte,200,63.796,
2026-08-31T04:03:06.942944+00:00,GET,http://localhost:3000/logistics/tenderos/productos-disponibles?tiendaId=bbbbbbbb-bbbb-4bbb-8bbb-bbbbbbbbbbbb&zona=Zona+Norte,200,62.377,
2026-08-31T04:03:06.975761+00:00,GET,http://localhost:3000/logistics/tenderos/productos-disponibles?tiendaId=bbbbbbbb-bbbb-4bbb-8bbb-bbbbbbbbbbbb&zona=Zona+Norte,200,63.271,
2026-08-31T04:03:07.008972+00:00,GET,http://localhost:3000/logistics/tenderos/productos-disponibles?tiendaId=bbbbbbbb-bbbb-4bbb-8bbb-bbbbbbbbbbbb&zona=Zona+Norte,200,58.701,
2026-08-31T04:03:07.042653+00:00,GET,http://localhost:3000/logistics/tenderos/productos-disponibles?tiendaId=bbbbbbbb-bbbb-4bbb-8bbb-bbbbbbbbbbbb&zona=Zona+Norte,200,57.971,
2026-08-31T04:03:07.076564+00:00,GET,http://localhost:3000/logistics/tenderos/productos-disponibles?tiendaId=bbbbbbbb-bbbb-4bbb-8bbb-bbbbbbbbbbbb&zona=Zona+Norte,200,61.944,
2026-08-31T04:03:07.109497+00:00,GET,http://localhost:3000/logistics/tenderos/productos-disponibles?tiendaId=bbbbbbbb-bbbb-4bbb-8bbb-bbbbbbbbbbbb&zona=Zona+Norte,200,61.728,
2026-08-31T04:03:07.142304+00:00,GET,http://localhost:3000/logistics/tenderos/productos-disponibles?tiendaId=bbbbbbbb-bbbb-4bbb-8bbb-bbbbbbbbbbbb&zona=Zona+Norte,200,62.905,
2026-08-31T04:03:07.176113+00:00,GET,http://localhost:3000/logistics/tenderos/productos-disponibles?tiendaId=bbbbbbbb-bbbb-4bbb-8bbb-bbbbbbbbbbbb&zona=Zona+Norte,200,58.187,
2026-08-31T04:03:07.209392+00:00,GET,http://localhost:3000/logistics/tenderos/productos-disponibles?tiendaId=bbbbbbbb-bbbb-4bbb-8bbb-bbbbbbbbbbbb&zona=Zona+Norte,200,58.162,
2026-08-31T04:03:07.243275+00:00,GET,http://localhost:3000/logistics/tenderos/productos-disponibles?tiendaId=bbbbbbbb-bbbb-4bbb-8bbb-bbbbbbbbbbbb&zona=Zona+Norte,200,58.812,
2026-08-31T04:03:07.276598+00:00,GET,http://localhost:3000/logistics/tenderos/productos-disponibles?tiendaId=bbbbbbbb-bbbb-4bbb-8bbb-bbbbbbbbbbbb&zona=Zona+Norte,200,61.106,
2026-08-31T04:03:07.309773+00:00,GET,http://localhost:3000/logistics/tenderos/productos-disponibles?tiendaId=bbbbbbbb-bbbb-4bbb-8bbb-bbbbbbbbbbbb&zona=Zona+Norte,200,59.883,
2026-08-31T04:03:07.342820+00:00,GET,http://localhost:3000/logistics/tenderos/productos-disponibles?tiendaId=bbbbbbbb-bbbb-4bbb-8bbb-bbbbbbbbbbbb&zona=Zona+Norte,200,58.634,
2026-08-31T04:03:07.376332+00:00,GET,http://localhost:3000/logistics/tenderos/productos-disponibles?tiendaId=bbbbbbbb-bbbb-4bbb-8bbb-bbbbbbbbbbbb&zona=Zona+Norte,200,61.079,
2026-08-31T04:03:07.409862+00:00,GET,http://localhost:3000/logistics/tenderos/productos-disponibles?tiendaId=bbbbbbbb-bbbb-4bbb-8bbb-bbbbbbbbbbbb&zona=Zona+Norte,200,60.572,
2026-08-31T04:03:07.442856+00:00,GET,http://localhost:3000/logistics/tenderos/productos-disponibles?tiendaId=bbbbbbbb-bbbb-4bbb-8bbb-bbbbbbbbbbbb&zona=Zona+Norte,200,61.709,
2026-08-31T04:03:07.476239+00:00,GET,http://localhost:3000/logistics/tenderos/productos-disponibles?tiendaId=bbbbbbbb-bbbb-4bbb-8bbb-bbbbbbbbbbbb&zona=Zona+Norte,200,60.939,
2026-08-31T04:03:07.509484+00:00,GET,http://localhost:3000/logistics/tenderos/productos-disponibles?tiendaId=bbbbbbbb-bbbb-4bbb-8bbb-bbbbbbbbbbbb&zona=Zona+Norte,200,63.190,
2026-08-31T04:03:07.542960+00:00,GET,http://localhost:3000/logistics/tenderos/productos-disponibles?tiendaId=bbbbbbbb-bbbb-4bbb-8bbb-bbbbbbbbbbbb&zona=Zona+Norte,200,63.621,
2026-08-31T04:03:07.575988+00:00,GET,http://localhost:3000/logistics/tenderos/productos-disponibles?tiendaId=bbbbbbbb-bbbb-4bbb-8bbb-bbbbbbbbbbbb&zona=Zona+Norte,200,64.105,
2026-08-31T04:03:07.608989+00:00,GET,http://localhost:3000/logistics/tenderos/productos-disponibles?tiendaId=bbbbbbbb-bbbb-4bbb-8bbb-bbbbbbbbbbbb&zona=Zona+Norte,200,61.919,
2026-08-31T04:03:07.642672+00:00,GET,http://localhost:3000/logistics/tenderos/productos-disponibles?tiendaId=bbbbbbbb-bbbb-4bbb-8bbb-bbbbbbbbbbbb&zona=Zona+Norte,200,63.059,
2026-08-31T04:03:07.676183+00:00,GET,http://localhost:3000/logistics/tenderos/productos-disponibles?tiendaId=bbbbbbbb-bbbb-4bbb-8bbb-bbbbbbbbbbbb&zona=Zona+Norte,200,65.675,
2026-08-31T04:03:07.709086+00:00,GET,http://localhost:3000/logistics/tenderos/productos-disponibles?tiendaId=bbbbbbbb-bbbb-4bbb-8bbb-bbbbbbbbbbbb&zona=Zona+Norte,200,64.518,
2026-08-31T04:03:07.742268+00:00,GET,http://localhost:3000/logistics/tenderos/productos-disponibles?tiendaId=bbbbbbbb-bbbb-4bbb-8bbb-bbbbbbbbbbbb&zona=Zona+Norte,200,65.415,
2026-08-31T04:03:07.775857+00:00,GET,http://localhost:3000/logistics/tenderos/productos-disponibles?tiendaId=bbbbbbbb-bbbb-4bbb-8bbb-bbbbbbbbbbbb&zona=Zona+Norte,200,65.182,
2026-08-31T04:03:07.809122+00:00,GET,http://localhost:3000/logistics/tenderos/productos-disponibles?tiendaId=bbbbbbbb-bbbb-4bbb-8bbb-bbbbbbbbbbbb&zona=Zona+Norte,200,62.084,
2026-08-31T04:03:07.842423+00:00,GET,http://localhost:3000/logistics/tenderos/productos-disponibles?tiendaId=bbbbbbbb-bbbb-4bbb-8bbb-bbbbbbbbbbbb&zona=Zona+Norte,200,64.351,
2026-08-31T04:03:07.876154+00:00,GET,http://localhost:3000/logistics/tenderos/productos-disponibles?tiendaId=bbbbbbbb-bbbb-4bbb-8bbb-bbbbbbbbbbbb&zona=Zona+Norte,200,61.230,
2026-08-31T04:03:07.909220+00:00,GET,http://localhost:3000/logistics/tenderos/productos-disponibles?tiendaId=bbbbbbbb-bbbb-4bbb-8bbb-bbbbbbbbbbbb&zona=Zona+Norte,200,64.540,
2026-08-31T04:03:07.942908+00:00,GET,http://localhost:3000/logistics/tenderos/productos-disponibles?tiendaId=bbbbbbbb-bbbb-4bbb-8bbb-bbbbbbbbbbbb&zona=Zona+Norte,200,63.457,
2026-08-31T04:03:07.975860+00:00,GET,http://localhost:3000/logistics/tenderos/productos-disponibles?tiendaId=bbbbbbbb-bbbb-4bbb-8bbb-bbbbbbbbbbbb&zona=Zona+Norte,200,64.064,
2026-08-31T04:03:08.009284+00:00,GET,http://localhost:3000/logistics/tenderos/productos-disponibles?tiendaId=bbbbbbbb-bbbb-4bbb-8bbb-bbbbbbbbbbbb&zona=Zona+Norte,200,64.340,
2026-08-31T04:03:08.042691+00:00,GET,http://localhost:3000/logistics/tenderos/productos-disponibles?tiendaId=bbbbbbbb-bbbb-4bbb-8bbb-bbbbbbbbbbbb&zona=Zona+Norte,200,64.920,
2026-08-31T04:03:08.075825+00:00,GET,http://localhost:3000/logistics/tenderos/productos-disponibles?tiendaId=bbbbbbbb-bbbb-4bbb-8bbb-bbbbbbbbbbbb&zona=Zona+Norte,200,62.256,
2026-08-31T04:03:08.109130+00:00,GET,http://localhost:3000/logistics/tenderos/productos-disponibles?tiendaId=bbbbbbbb-bbbb-4bbb-8bbb-bbbbbbbbbbbb&zona=Zona+Norte,200,65.322,
2026-08-31T04:03:08.142816+00:00,GET,http://localhost:3000/logistics/tenderos/productos-disponibles?tiendaId=bbbbbbbb-bbbb-4bbb-8bbb-bbbbbbbbbbbb&zona=Zona+Norte,200,64.976,
2026-08-31T04:03:08.175708+00:00,GET,http://localhost:3000/logistics/tenderos/productos-disponibles?tiendaId=bbbbbbbb-bbbb-4bbb-8bbb-bbbbbbbbbbbb&zona=Zona+Norte,200,64.957,
2026-08-31T04:03:08.209041+00:00,GET,http://localhost:3000/logistics/tenderos/productos-disponibles?tiendaId=bbbbbbbb-bbbb-4bbb-8bbb-bbbbbbbbbbbb&zona=Zona+Norte,200,60.793,
2026-08-31T04:03:08.242469+00:00,GET,http://localhost:3000/logistics/tenderos/productos-disponibles?tiendaId=bbbbbbbb-bbbb-4bbb-8bbb-bbbbbbbbbbbb&zona=Zona+Norte,200,60.592,
2026-08-31T04:03:08.276229+00:00,GET,http://localhost:3000/logistics/tenderos/productos-disponibles?tiendaId=bbbbbbbb-bbbb-4bbb-8bbb-bbbbbbbbbbbb&zona=Zona+Norte,200,61.081,
2026-08-31T04:03:08.309680+00:00,GET,http://localhost:3000/logistics/tenderos/productos-disponibles?tiendaId=bbbbbbbb-bbbb-4bbb-8bbb-bbbbbbbbbbbb&zona=Zona+Norte,200,63.486,
2026-08-31T04:03:08.342944+00:00,GET,http://localhost:3000/logistics/tenderos/productos-disponibles?tiendaId=bbbbbbbb-bbbb-4bbb-8bbb-bbbbbbbbbbbb&zona=Zona+Norte,200,65.495,
2026-08-31T04:03:08.375893+00:00,GET,http://localhost:3000/logistics/tenderos/productos-disponibles?tiendaId=bbbbbbbb-bbbb-4bbb-8bbb-bbbbbbbbbbbb&zona=Zona+Norte,200,65.646,
2026-08-31T04:03:08.408975+00:00,GET,http://localhost:3000/logistics/tenderos/productos-disponibles?tiendaId=bbbbbbbb-bbbb-4bbb-8bbb-bbbbbbbbbbbb&zona=Zona+Norte,200,61.134,
2026-08-31T04:03:08.442357+00:00,GET,http://localhost:3000/logistics/tenderos/productos-disponibles?tiendaId=bbbbbbbb-bbbb-4bbb-8bbb-bbbbbbbbbbbb&zona=Zona+Norte,200,61.934,
2026-08-31T04:03:08.476318+00:00,GET,http://localhost:3000/logistics/tenderos/productos-disponibles?tiendaId=bbbbbbbb-bbbb-4bbb-8bbb-bbbbbbbbbbbb&zona=Zona+Norte,200,61.897,
2026-08-31T04:03:08.509552+00:00,GET,http://localhost:3000/logistics/tenderos/productos-disponibles?tiendaId=bbbbbbbb-bbbb-4bbb-8bbb-bbbbbbbbbbbb&zona=Zona+Norte,200,63.656,
2026-08-31T04:03:08.542797+00:00,GET,http://localhost:3000/logistics/tenderos/productos-disponibles?tiendaId=bbbbbbbb-bbbb-4bbb-8bbb-bbbbbbbbbbbb&zona=Zona+Norte,200,62.415,
2026-08-31T04:03:08.575906+00:00,GET,http://localhost:3000/logistics/tenderos/productos-disponibles?tiendaId=bbbbbbbb-bbbb-4bbb-8bbb-bbbbbbbbbbbb&zona=Zona+Norte,200,65.119,
2026-08-31T04:03:08.609423+00:00,GET,http://localhost:3000/logistics/tenderos/productos-disponibles?tiendaId=bbbbbbbb-bbbb-4bbb-8bbb-bbbbbbbbbbbb&zona=Zona+Norte,200,65.163,
2026-08-31T04:03:08.642519+00:00,GET,http://localhost:3000/logistics/tenderos/productos-disponibles?tiendaId=bbbbbbbb-bbbb-4bbb-8bbb-bbbbbbbbbbbb&zona=Zona+Norte,200,64.491,
2026-08-31T04:03:08.675775+00:00,GET,http://localhost:3000/logistics/tenderos/productos-disponibles?tiendaId=bbbbbbbb-bbbb-4bbb-8bbb-bbbbbbbbbbbb&zona=Zona+Norte,200,64.071,
2026-08-31T04:03:08.709202+00:00,GET,http://localhost:3000/logistics/tenderos/productos-disponibles?tiendaId=bbbbbbbb-bbbb-4bbb-8bbb-bbbbbbbbbbbb&zona=Zona+Norte,200,63.943,
2026-08-31T04:03:08.742589+00:00,GET,http://localhost:3000/logistics/tenderos/productos-disponibles?tiendaId=bbbbbbbb-bbbb-4bbb-8bbb-bbbbbbbbbbbb&zona=Zona+Norte,200,63.071,
2026-08-31T04:03:08.775910+00:00,GET,http://localhost:3000/logistics/tenderos/productos-disponibles?tiendaId=bbbbbbbb-bbbb-4bbb-8bbb-bbbbbbbbbbbb&zona=Zona+Norte,200,58.518,
2026-08-31T04:03:08.809368+00:00,GET,http://localhost:3000/logistics/tenderos/productos-disponibles?tiendaId=bbbbbbbb-bbbb-4bbb-8bbb-bbbbbbbbbbbb&zona=Zona+Norte,200,59.784,
2026-08-31T04:03:08.843320+00:00,GET,http://localhost:3000/logistics/tenderos/productos-disponibles?tiendaId=bbbbbbbb-bbbb-4bbb-8bbb-bbbbbbbbbbbb&zona=Zona+Norte,200,61.453,
2026-08-31T04:03:08.875814+00:00,GET,http://localhost:3000/logistics/tenderos/productos-disponibles?tiendaId=bbbbbbbb-bbbb-4bbb-8bbb-bbbbbbbbbbbb&zona=Zona+Norte,200,62.280,
2026-08-31T04:03:08.909494+00:00,GET,http://localhost:3000/logistics/tenderos/productos-disponibles?tiendaId=bbbbbbbb-bbbb-4bbb-8bbb-bbbbbbbbbbbb&zona=Zona+Norte,200,59.840,
2026-08-31T04:03:08.942820+00:00,GET,http://localhost:3000/logistics/tenderos/productos-disponibles?tiendaId=bbbbbbbb-bbbb-4bbb-8bbb-bbbbbbbbbbbb&zona=Zona+Norte,200,60.370,
2026-08-31T04:03:08.975819+00:00,GET,http://localhost:3000/logistics/tenderos/productos-disponibles?tiendaId=bbbbbbbb-bbbb-4bbb-8bbb-bbbbbbbbbbbb&zona=Zona+Norte,200,61.819,
2026-08-31T04:03:09.009687+00:00,GET,http://localhost:3000/logistics/tenderos/productos-disponibles?tiendaId=bbbbbbbb-bbbb-4bbb-8bbb-bbbbbbbbbbbb&zona=Zona+Norte,200,57.219,
2026-08-31T04:03:09.042883+00:00,GET,http://localhost:3000/logistics/tenderos/productos-disponibles?tiendaId=bbbbbbbb-bbbb-4bbb-8bbb-bbbbbbbbbbbb&zona=Zona+Norte,200,58.998,
2026-08-31T04:03:09.076667+00:00,GET,http://localhost:3000/logistics/tenderos/productos-disponibles?tiendaId=bbbbbbbb-bbbb-4bbb-8bbb-bbbbbbbbbbbb&zona=Zona+Norte,200,62.182,
2026-08-31T04:03:09.109873+00:00,GET,http://localhost:3000/logistics/tenderos/productos-disponibles?tiendaId=bbbbbbbb-bbbb-4bbb-8bbb-bbbbbbbbbbbb&zona=Zona+Norte,200,65.712,
2026-08-31T04:03:09.142738+00:00,GET,http://localhost:3000/logistics/tenderos/productos-disponibles?tiendaId=bbbbbbbb-bbbb-4bbb-8bbb-bbbbbbbbbbbb&zona=Zona+Norte,200,66.925,
2026-08-31T04:03:09.175671+00:00,GET,http://localhost:3000/logistics/tenderos/productos-disponibles?tiendaId=bbbbbbbb-bbbb-4bbb-8bbb-bbbbbbbbbbbb&zona=Zona+Norte,200,61.139,
2026-08-31T04:03:09.209694+00:00,GET,http://localhost:3000/logistics/tenderos/productos-disponibles?tiendaId=bbbbbbbb-bbbb-4bbb-8bbb-bbbbbbbbbbbb&zona=Zona+Norte,200,66.845,
2026-08-31T04:03:09.243031+00:00,GET,http://localhost:3000/logistics/tenderos/productos-disponibles?tiendaId=bbbbbbbb-bbbb-4bbb-8bbb-bbbbbbbbbbbb&zona=Zona+Norte,200,64.268,
2026-08-31T04:03:09.276571+00:00,GET,http://localhost:3000/logistics/tenderos/productos-disponibles?tiendaId=bbbbbbbb-bbbb-4bbb-8bbb-bbbbbbbbbbbb&zona=Zona+Norte,200,68.134,
2026-08-31T04:03:09.309204+00:00,GET,http://localhost:3000/logistics/tenderos/productos-disponibles?tiendaId=bbbbbbbb-bbbb-4bbb-8bbb-bbbbbbbbbbbb&zona=Zona+Norte,200,66.402,
2026-08-31T04:03:09.343068+00:00,GET,http://localhost:3000/logistics/tenderos/productos-disponibles?tiendaId=bbbbbbbb-bbbb-4bbb-8bbb-bbbbbbbbbbbb&zona=Zona+Norte,200,61.124,
2026-08-31T04:03:09.375677+00:00,GET,http://localhost:3000/logistics/tenderos/productos-disponibles?tiendaId=bbbbbbbb-bbbb-4bbb-8bbb-bbbbbbbbbbbb&zona=Zona+Norte,200,65.174,
2026-08-31T04:03:09.409625+00:00,GET,http://localhost:3000/logistics/tenderos/productos-disponibles?tiendaId=bbbbbbbb-bbbb-4bbb-8bbb-bbbbbbbbbbbb&zona=Zona+Norte,200,63.712,
2026-08-31T04:03:09.442561+00:00,GET,http://localhost:3000/logistics/tenderos/productos-disponibles?tiendaId=bbbbbbbb-bbbb-4bbb-8bbb-bbbbbbbbbbbb&zona=Zona+Norte,200,63.661,
2026-08-31T04:03:09.475800+00:00,GET,http://localhost:3000/logistics/tenderos/productos-disponibles?tiendaId=bbbbbbbb-bbbb-4bbb-8bbb-bbbbbbbbbbbb&zona=Zona+Norte,200,65.020,
2026-08-31T04:03:09.509361+00:00,GET,http://localhost:3000/logistics/tenderos/productos-disponibles?tiendaId=bbbbbbbb-bbbb-4bbb-8bbb-bbbbbbbbbbbb&zona=Zona+Norte,200,64.194,
2026-08-31T04:03:09.542520+00:00,GET,http://localhost:3000/logistics/tenderos/productos-disponibles?tiendaId=bbbbbbbb-bbbb-4bbb-8bbb-bbbbbbbbbbbb&zona=Zona+Norte,200,62.726,
2026-08-31T04:03:09.575910+00:00,GET,http://localhost:3000/logistics/tenderos/productos-disponibles?tiendaId=bbbbbbbb-bbbb-4bbb-8bbb-bbbbbbbbbbbb&zona=Zona+Norte,200,59.206,
2026-08-31T04:03:09.609465+00:00,GET,http://localhost:3000/logistics/tenderos/productos-disponibles?tiendaId=bbbbbbbb-bbbb-4bbb-8bbb-bbbbbbbbbbbb&zona=Zona+Norte,200,61.025,
2026-08-31T04:03:09.643296+00:00,GET,http://localhost:3000/logistics/tenderos/productos-disponibles?tiendaId=bbbbbbbb-bbbb-4bbb-8bbb-bbbbbbbbbbbb&zona=Zona+Norte,200,63.608,
2026-08-31T04:03:09.676333+00:00,GET,http://localhost:3000/logistics/tenderos/productos-disponibles?tiendaId=bbbbbbbb-bbbb-4bbb-8bbb-bbbbbbbbbbbb&zona=Zona+Norte,200,61.452,
2026-08-31T04:03:09.709235+00:00,GET,http://localhost:3000/logistics/tenderos/productos-disponibles?tiendaId=bbbbbbbb-bbbb-4bbb-8bbb-bbbbbbbbbbbb&zona=Zona+Norte,200,64.562,
2026-08-31T04:03:09.742528+00:00,GET,http://localhost:3000/logistics/tenderos/productos-disponibles?tiendaId=bbbbbbbb-bbbb-4bbb-8bbb-bbbbbbbbbbbb&zona=Zona+Norte,200,64.742,
2026-08-31T04:03:09.775907+00:00,GET,http://localhost:3000/logistics/tenderos/productos-disponibles?tiendaId=bbbbbbbb-bbbb-4bbb-8bbb-bbbbbbbbbbbb&zona=Zona+Norte,200,61.330,
2026-08-31T04:03:09.809219+00:00,GET,http://localhost:3000/logistics/tenderos/productos-disponibles?tiendaId=bbbbbbbb-bbbb-4bbb-8bbb-bbbbbbbbbbbb&zona=Zona+Norte,200,64.369,
2026-08-31T04:03:09.843022+00:00,GET,http://localhost:3000/logistics/tenderos/productos-disponibles?tiendaId=bbbbbbbb-bbbb-4bbb-8bbb-bbbbbbbbbbbb&zona=Zona+Norte,200,64.605,
2026-08-31T04:03:09.875891+00:00,GET,http://localhost:3000/logistics/tenderos/productos-disponibles?tiendaId=bbbbbbbb-bbbb-4bbb-8bbb-bbbbbbbbbbbb&zona=Zona+Norte,200,58.051,
2026-08-31T04:03:09.909174+00:00,GET,http://localhost:3000/logistics/tenderos/productos-disponibles?tiendaId=bbbbbbbb-bbbb-4bbb-8bbb-bbbbbbbbbbbb&zona=Zona+Norte,200,61.729,
2026-08-31T04:03:09.942482+00:00,GET,http://localhost:3000/logistics/tenderos/productos-disponibles?tiendaId=bbbbbbbb-bbbb-4bbb-8bbb-bbbbbbbbbbbb&zona=Zona+Norte,200,62.508,
2026-08-31T04:03:09.976285+00:00,GET,http://localhost:3000/logistics/tenderos/productos-disponibles?tiendaId=bbbbbbbb-bbbb-4bbb-8bbb-bbbbbbbbbbbb&zona=Zona+Norte,200,59.072,
2026-08-31T04:03:10.009519+00:00,GET,http://localhost:3000/logistics/tenderos/productos-disponibles?tiendaId=bbbbbbbb-bbbb-4bbb-8bbb-bbbbbbbbbbbb&zona=Zona+Norte,200,61.275,
2026-08-31T04:03:10.043237+00:00,GET,http://localhost:3000/logistics/tenderos/productos-disponibles?tiendaId=bbbbbbbb-bbbb-4bbb-8bbb-bbbbbbbbbbbb&zona=Zona+Norte,200,59.242,
2026-08-31T04:03:10.076293+00:00,GET,http://localhost:3000/logistics/tenderos/productos-disponibles?tiendaId=bbbbbbbb-bbbb-4bbb-8bbb-bbbbbbbbbbbb&zona=Zona+Norte,200,63.596,
2026-08-31T04:03:10.109887+00:00,GET,http://localhost:3000/logistics/tenderos/productos-disponibles?tiendaId=bbbbbbbb-bbbb-4bbb-8bbb-bbbbbbbbbbbb&zona=Zona+Norte,200,64.701,
2026-08-31T04:03:10.142685+00:00,GET,http://localhost:3000/logistics/tenderos/productos-disponibles?tiendaId=bbbbbbbb-bbbb-4bbb-8bbb-bbbbbbbbbbbb&zona=Zona+Norte,200,64.034,
2026-08-31T04:03:10.175794+00:00,GET,http://localhost:3000/logistics/tenderos/productos-disponibles?tiendaId=bbbbbbbb-bbbb-4bbb-8bbb-bbbbbbbbbbbb&zona=Zona+Norte,200,64.287,
2026-08-31T04:03:10.209347+00:00,GET,http://localhost:3000/logistics/tenderos/productos-disponibles?tiendaId=bbbbbbbb-bbbb-4bbb-8bbb-bbbbbbbbbbbb&zona=Zona+Norte,200,63.851,
2026-08-31T04:03:10.242758+00:00,GET,http://localhost:3000/logistics/tenderos/productos-disponibles?tiendaId=bbbbbbbb-bbbb-4bbb-8bbb-bbbbbbbbbbbb&zona=Zona+Norte,200,63.407,
2026-08-31T04:03:10.275999+00:00,GET,http://localhost:3000/logistics/tenderos/productos-disponibles?tiendaId=bbbbbbbb-bbbb-4bbb-8bbb-bbbbbbbbbbbb&zona=Zona+Norte,200,63.296,
2026-08-31T04:03:10.309351+00:00,GET,http://localhost:3000/logistics/tenderos/productos-disponibles?tiendaId=bbbbbbbb-bbbb-4bbb-8bbb-bbbbbbbbbbbb&zona=Zona+Norte,200,64.297,
2026-08-31T04:03:10.342486+00:00,GET,http://localhost:3000/logistics/tenderos/productos-disponibles?tiendaId=bbbbbbbb-bbbb-4bbb-8bbb-bbbbbbbbbbbb&zona=Zona+Norte,200,63.972,
2026-08-31T04:03:10.375917+00:00,GET,http://localhost:3000/logistics/tenderos/productos-disponibles?tiendaId=bbbbbbbb-bbbb-4bbb-8bbb-bbbbbbbbbbbb&zona=Zona+Norte,200,63.643,
2026-08-31T04:03:10.409364+00:00,GET,http://localhost:3000/logistics/tenderos/productos-disponibles?tiendaId=bbbbbbbb-bbbb-4bbb-8bbb-bbbbbbbbbbbb&zona=Zona+Norte,200,64.447,
2026-08-31T04:03:10.442600+00:00,GET,http://localhost:3000/logistics/tenderos/productos-disponibles?tiendaId=bbbbbbbb-bbbb-4bbb-8bbb-bbbbbbbbbbbb&zona=Zona+Norte,200,64.145,
2026-08-31T04:03:10.475915+00:00,GET,http://localhost:3000/logistics/tenderos/productos-disponibles?tiendaId=bbbbbbbb-bbbb-4bbb-8bbb-bbbbbbbbbbbb&zona=Zona+Norte,200,59.724,
2026-08-31T04:03:10.509334+00:00,GET,http://localhost:3000/logistics/tenderos/productos-disponibles?tiendaId=bbbbbbbb-bbbb-4bbb-8bbb-bbbbbbbbbbbb&zona=Zona+Norte,200,63.609,
2026-08-31T04:03:10.543234+00:00,GET,http://localhost:3000/logistics/tenderos/productos-disponibles?tiendaId=bbbbbbbb-bbbb-4bbb-8bbb-bbbbbbbbbbbb&zona=Zona+Norte,200,65.300,
2026-08-31T04:03:10.576036+00:00,GET,http://localhost:3000/logistics/tenderos/productos-disponibles?tiendaId=bbbbbbbb-bbbb-4bbb-8bbb-bbbbbbbbbbbb&zona=Zona+Norte,200,60.775,
2026-08-31T04:03:10.609087+00:00,GET,http://localhost:3000/logistics/tenderos/productos-disponibles?tiendaId=bbbbbbbb-bbbb-4bbb-8bbb-bbbbbbbbbbbb&zona=Zona+Norte,200,61.259,
2026-08-31T04:03:10.643173+00:00,GET,http://localhost:3000/logistics/tenderos/productos-disponibles?tiendaId=bbbbbbbb-bbbb-4bbb-8bbb-bbbbbbbbbbbb&zona=Zona+Norte,200,64.713,
2026-08-31T04:03:10.676379+00:00,GET,http://localhost:3000/logistics/tenderos/productos-disponibles?tiendaId=bbbbbbbb-bbbb-4bbb-8bbb-bbbbbbbbbbbb&zona=Zona+Norte,200,64.320,
2026-08-31T04:03:10.709141+00:00,GET,http://localhost:3000/logistics/tenderos/productos-disponibles?tiendaId=bbbbbbbb-bbbb-4bbb-8bbb-bbbbbbbbbbbb&zona=Zona+Norte,200,63.339,
2026-08-31T04:03:10.742625+00:00,GET,http://localhost:3000/logistics/tenderos/productos-disponibles?tiendaId=bbbbbbbb-bbbb-4bbb-8bbb-bbbbbbbbbbbb&zona=Zona+Norte,200,65.251,
2026-08-31T04:03:10.776101+00:00,GET,http://localhost:3000/logistics/tenderos/productos-disponibles?tiendaId=bbbbbbbb-bbbb-4bbb-8bbb-bbbbbbbbbbbb&zona=Zona+Norte,200,64.203,
2026-08-31T04:03:10.809158+00:00,GET,http://localhost:3000/logistics/tenderos/productos-disponibles?tiendaId=bbbbbbbb-bbbb-4bbb-8bbb-bbbbbbbbbbbb&zona=Zona+Norte,200,62.966,
2026-08-31T04:03:10.842623+00:00,GET,http://localhost:3000/logistics/tenderos/productos-disponibles?tiendaId=bbbbbbbb-bbbb-4bbb-8bbb-bbbbbbbbbbbb&zona=Zona+Norte,200,65.189,
2026-08-31T04:03:10.876147+00:00,GET,http://localhost:3000/logistics/tenderos/productos-disponibles?tiendaId=bbbbbbbb-bbbb-4bbb-8bbb-bbbbbbbbbbbb&zona=Zona+Norte,200,64.457,
2026-08-31T04:03:10.909165+00:00,GET,http://localhost:3000/logistics/tenderos/productos-disponibles?tiendaId=bbbbbbbb-bbbb-4bbb-8bbb-bbbbbbbbbbbb&zona=Zona+Norte,200,64.349,
2026-08-31T04:03:10.942633+00:00,GET,http://localhost:3000/logistics/tenderos/productos-disponibles?tiendaId=bbbbbbbb-bbbb-4bbb-8bbb-bbbbbbbbbbbb&zona=Zona+Norte,200,61.952,
2026-08-31T04:03:10.975990+00:00,GET,http://localhost:3000/logistics/tenderos/productos-disponibles?tiendaId=bbbbbbbb-bbbb-4bbb-8bbb-bbbbbbbbbbbb&zona=Zona+Norte,200,65.210,
2026-08-31T04:03:11.009639+00:00,GET,http://localhost:3000/logistics/tenderos/productos-disponibles?tiendaId=bbbbbbbb-bbbb-4bbb-8bbb-bbbbbbbbbbbb&zona=Zona+Norte,200,65.376,
2026-08-31T04:03:11.042527+00:00,GET,http://localhost:3000/logistics/tenderos/productos-disponibles?tiendaId=bbbbbbbb-bbbb-4bbb-8bbb-bbbbbbbbbbbb&zona=Zona+Norte,200,65.979,
2026-08-31T04:03:11.075764+00:00,GET,http://localhost:3000/logistics/tenderos/productos-disponibles?tiendaId=bbbbbbbb-bbbb-4bbb-8bbb-bbbbbbbbbbbb&zona=Zona+Norte,200,65.296,
2026-08-31T04:03:11.109124+00:00,GET,http://localhost:3000/logistics/tenderos/productos-disponibles?tiendaId=bbbbbbbb-bbbb-4bbb-8bbb-bbbbbbbbbbbb&zona=Zona+Norte,200,60.317,
2026-08-31T04:03:11.142586+00:00,GET,http://localhost:3000/logistics/tenderos/productos-disponibles?tiendaId=bbbbbbbb-bbbb-4bbb-8bbb-bbbbbbbbbbbb&zona=Zona+Norte,200,62.460,
2026-08-31T04:03:11.176528+00:00,GET,http://localhost:3000/logistics/tenderos/productos-disponibles?tiendaId=bbbbbbbb-bbbb-4bbb-8bbb-bbbbbbbbbbbb&zona=Zona+Norte,200,64.849,
2026-08-31T04:03:11.209373+00:00,GET,http://localhost:3000/logistics/tenderos/productos-disponibles?tiendaId=bbbbbbbb-bbbb-4bbb-8bbb-bbbbbbbbbbbb&zona=Zona+Norte,200,64.549,
2026-08-31T04:03:11.242508+00:00,GET,http://localhost:3000/logistics/tenderos/productos-disponibles?tiendaId=bbbbbbbb-bbbb-4bbb-8bbb-bbbbbbbbbbbb&zona=Zona+Norte,200,64.701,
2026-08-31T04:03:11.275942+00:00,GET,http://localhost:3000/logistics/tenderos/productos-disponibles?tiendaId=bbbbbbbb-bbbb-4bbb-8bbb-bbbbbbbbbbbb&zona=Zona+Norte,200,61.644,
2026-08-31T04:03:11.309339+00:00,GET,http://localhost:3000/logistics/tenderos/productos-disponibles?tiendaId=bbbbbbbb-bbbb-4bbb-8bbb-bbbbbbbbbbbb&zona=Zona+Norte,200,62.336,
2026-08-31T04:03:11.343046+00:00,GET,http://localhost:3000/logistics/tenderos/productos-disponibles?tiendaId=bbbbbbbb-bbbb-4bbb-8bbb-bbbbbbbbbbbb&zona=Zona+Norte,200,68.491,
2026-08-31T04:03:11.376223+00:00,GET,http://localhost:3000/logistics/tenderos/productos-disponibles?tiendaId=bbbbbbbb-bbbb-4bbb-8bbb-bbbbbbbbbbbb&zona=Zona+Norte,200,64.026,
2026-08-31T04:03:11.410064+00:00,GET,http://localhost:3000/logistics/tenderos/productos-disponibles?tiendaId=bbbbbbbb-bbbb-4bbb-8bbb-bbbbbbbbbbbb&zona=Zona+Norte,200,61.634,
2026-08-31T04:03:11.442644+00:00,GET,http://localhost:3000/logistics/tenderos/productos-disponibles?tiendaId=bbbbbbbb-bbbb-4bbb-8bbb-bbbbbbbbbbbb&zona=Zona+Norte,200,65.223,
2026-08-31T04:03:11.476233+00:00,GET,http://localhost:3000/logistics/tenderos/productos-disponibles?tiendaId=bbbbbbbb-bbbb-4bbb-8bbb-bbbbbbbbbbbb&zona=Zona+Norte,200,64.316,
2026-08-31T04:03:11.509216+00:00,GET,http://localhost:3000/logistics/tenderos/productos-disponibles?tiendaId=bbbbbbbb-bbbb-4bbb-8bbb-bbbbbbbbbbbb&zona=Zona+Norte,200,63.614,
2026-08-31T04:03:11.542675+00:00,GET,http://localhost:3000/logistics/tenderos/productos-disponibles?tiendaId=bbbbbbbb-bbbb-4bbb-8bbb-bbbbbbbbbbbb&zona=Zona+Norte,200,61.181,
2026-08-31T04:03:11.576107+00:00,GET,http://localhost:3000/logistics/tenderos/productos-disponibles?tiendaId=bbbbbbbb-bbbb-4bbb-8bbb-bbbbbbbbbbbb&zona=Zona+Norte,200,65.480,
2026-08-31T04:03:11.609723+00:00,GET,http://localhost:3000/logistics/tenderos/productos-disponibles?tiendaId=bbbbbbbb-bbbb-4bbb-8bbb-bbbbbbbbbbbb&zona=Zona+Norte,200,62.493,
2026-08-31T04:03:11.642520+00:00,GET,http://localhost:3000/logistics/tenderos/productos-disponibles?tiendaId=bbbbbbbb-bbbb-4bbb-8bbb-bbbbbbbbbbbb&zona=Zona+Norte,200,61.675,
2026-08-31T04:03:11.676172+00:00,GET,http://localhost:3000/logistics/tenderos/productos-disponibles?tiendaId=bbbbbbbb-bbbb-4bbb-8bbb-bbbbbbbbbbbb&zona=Zona+Norte,200,65.475,
2026-08-31T04:03:11.709690+00:00,GET,http://localhost:3000/logistics/tenderos/productos-disponibles?tiendaId=bbbbbbbb-bbbb-4bbb-8bbb-bbbbbbbbbbbb&zona=Zona+Norte,200,60.342,
2026-08-31T04:03:11.742534+00:00,GET,http://localhost:3000/logistics/tenderos/productos-disponibles?tiendaId=bbbbbbbb-bbbb-4bbb-8bbb-bbbbbbbbbbbb&zona=Zona+Norte,200,64.702,
2026-08-31T04:03:11.776454+00:00,GET,http://localhost:3000/logistics/tenderos/productos-disponibles?tiendaId=bbbbbbbb-bbbb-4bbb-8bbb-bbbbbbbbbbbb&zona=Zona+Norte,200,69.417,
2026-08-31T04:03:11.809288+00:00,GET,http://localhost:3000/logistics/tenderos/productos-disponibles?tiendaId=bbbbbbbb-bbbb-4bbb-8bbb-bbbbbbbbbbbb&zona=Zona+Norte,200,63.133,
2026-08-31T04:03:11.843419+00:00,GET,http://localhost:3000/logistics/tenderos/productos-disponibles?tiendaId=bbbbbbbb-bbbb-4bbb-8bbb-bbbbbbbbbbbb&zona=Zona+Norte,200,64.828,
2026-08-31T04:03:11.876149+00:00,GET,http://localhost:3000/logistics/tenderos/productos-disponibles?tiendaId=bbbbbbbb-bbbb-4bbb-8bbb-bbbbbbbbbbbb&zona=Zona+Norte,200,65.880,
2026-08-31T04:03:11.909162+00:00,GET,http://localhost:3000/logistics/tenderos/productos-disponibles?tiendaId=bbbbbbbb-bbbb-4bbb-8bbb-bbbbbbbbbbbb&zona=Zona+Norte,200,61.677,
2026-08-31T04:03:11.942423+00:00,GET,http://localhost:3000/logistics/tenderos/productos-disponibles?tiendaId=bbbbbbbb-bbbb-4bbb-8bbb-bbbbbbbbbbbb&zona=Zona+Norte,200,62.005,
2026-08-31T04:03:11.976229+00:00,GET,http://localhost:3000/logistics/tenderos/productos-disponibles?tiendaId=bbbbbbbb-bbbb-4bbb-8bbb-bbbbbbbbbbbb&zona=Zona+Norte,200,65.042,
2026-08-31T04:03:12.009647+00:00,GET,http://localhost:3000/logistics/tenderos/productos-disponibles?tiendaId=bbbbbbbb-bbbb-4bbb-8bbb-bbbbbbbbbbbb&zona=Zona+Norte,200,61.826,
2026-08-31T04:03:12.042544+00:00,GET,http://localhost:3000/logistics/tenderos/productos-disponibles?tiendaId=bbbbbbbb-bbbb-4bbb-8bbb-bbbbbbbbbbbb&zona=Zona+Norte,200,62.160,
2026-08-31T04:03:12.076299+00:00,GET,http://localhost:3000/logistics/tenderos/productos-disponibles?tiendaId=bbbbbbbb-bbbb-4bbb-8bbb-bbbbbbbbbbbb&zona=Zona+Norte,200,64.355,
2026-08-31T04:03:12.109620+00:00,GET,http://localhost:3000/logistics/tenderos/productos-disponibles?tiendaId=bbbbbbbb-bbbb-4bbb-8bbb-bbbbbbbbbbbb&zona=Zona+Norte,200,60.181,
2026-08-31T04:03:12.142660+00:00,GET,http://localhost:3000/logistics/tenderos/productos-disponibles?tiendaId=bbbbbbbb-bbbb-4bbb-8bbb-bbbbbbbbbbbb&zona=Zona+Norte,200,62.734,
2026-08-31T04:03:12.175970+00:00,GET,http://localhost:3000/logistics/tenderos/productos-disponibles?tiendaId=bbbbbbbb-bbbb-4bbb-8bbb-bbbbbbbbbbbb&zona=Zona+Norte,200,64.039,
2026-08-31T04:03:12.209560+00:00,GET,http://localhost:3000/logistics/tenderos/productos-disponibles?tiendaId=bbbbbbbb-bbbb-4bbb-8bbb-bbbbbbbbbbbb&zona=Zona+Norte,200,60.227,
2026-08-31T04:03:12.242734+00:00,GET,http://localhost:3000/logistics/tenderos/productos-disponibles?tiendaId=bbbbbbbb-bbbb-4bbb-8bbb-bbbbbbbbbbbb&zona=Zona+Norte,200,61.302,
2026-08-31T04:03:12.276511+00:00,GET,http://localhost:3000/logistics/tenderos/productos-disponibles?tiendaId=bbbbbbbb-bbbb-4bbb-8bbb-bbbbbbbbbbbb&zona=Zona+Norte,200,65.795,
2026-08-31T04:03:12.309715+00:00,GET,http://localhost:3000/logistics/tenderos/productos-disponibles?tiendaId=bbbbbbbb-bbbb-4bbb-8bbb-bbbbbbbbbbbb&zona=Zona+Norte,200,60.310,
2026-08-31T04:03:12.342393+00:00,GET,http://localhost:3000/logistics/tenderos/productos-disponibles?tiendaId=bbbbbbbb-bbbb-4bbb-8bbb-bbbbbbbbbbbb&zona=Zona+Norte,200,65.029,
2026-08-31T04:03:12.376481+00:00,GET,http://localhost:3000/logistics/tenderos/productos-disponibles?tiendaId=bbbbbbbb-bbbb-4bbb-8bbb-bbbbbbbbbbbb&zona=Zona+Norte,200,66.178,
2026-08-31T04:03:12.409291+00:00,GET,http://localhost:3000/logistics/tenderos/productos-disponibles?tiendaId=bbbbbbbb-bbbb-4bbb-8bbb-bbbbbbbbbbbb&zona=Zona+Norte,200,60.629,
2026-08-31T04:03:12.442692+00:00,GET,http://localhost:3000/logistics/tenderos/productos-disponibles?tiendaId=bbbbbbbb-bbbb-4bbb-8bbb-bbbbbbbbbbbb&zona=Zona+Norte,200,62.980,
2026-08-31T04:03:12.476499+00:00,GET,http://localhost:3000/logistics/tenderos/productos-disponibles?tiendaId=bbbbbbbb-bbbb-4bbb-8bbb-bbbbbbbbbbbb&zona=Zona+Norte,200,64.463,
2026-08-31T04:03:12.509549+00:00,GET,http://localhost:3000/logistics/tenderos/productos-disponibles?tiendaId=bbbbbbbb-bbbb-4bbb-8bbb-bbbbbbbbbbbb&zona=Zona+Norte,200,64.324,
2026-08-31T04:03:12.542648+00:00,GET,http://localhost:3000/logistics/tenderos/productos-disponibles?tiendaId=bbbbbbbb-bbbb-4bbb-8bbb-bbbbbbbbbbbb&zona=Zona+Norte,200,65.113,
2026-08-31T04:03:12.575991+00:00,GET,http://localhost:3000/logistics/tenderos/productos-disponibles?tiendaId=bbbbbbbb-bbbb-4bbb-8bbb-bbbbbbbbbbbb&zona=Zona+Norte,200,65.192,
2026-08-31T04:03:12.609249+00:00,GET,http://localhost:3000/logistics/tenderos/productos-disponibles?tiendaId=bbbbbbbb-bbbb-4bbb-8bbb-bbbbbbbbbbbb&zona=Zona+Norte,200,61.881,
2026-08-31T04:03:12.642795+00:00,GET,http://localhost:3000/logistics/tenderos/productos-disponibles?tiendaId=bbbbbbbb-bbbb-4bbb-8bbb-bbbbbbbbbbbb&zona=Zona+Norte,200,60.787,
2026-08-31T04:03:12.676353+00:00,GET,http://localhost:3000/logistics/tenderos/productos-disponibles?tiendaId=bbbbbbbb-bbbb-4bbb-8bbb-bbbbbbbbbbbb&zona=Zona+Norte,200,61.537,
2026-08-31T04:03:12.709800+00:00,GET,http://localhost:3000/logistics/tenderos/productos-disponibles?tiendaId=bbbbbbbb-bbbb-4bbb-8bbb-bbbbbbbbbbbb&zona=Zona+Norte,200,60.398,
2026-08-31T04:03:12.743011+00:00,GET,http://localhost:3000/logistics/tenderos/productos-disponibles?tiendaId=bbbbbbbb-bbbb-4bbb-8bbb-bbbbbbbbbbbb&zona=Zona+Norte,200,61.584,
2026-08-31T04:03:12.776472+00:00,GET,http://localhost:3000/logistics/tenderos/productos-disponibles?tiendaId=bbbbbbbb-bbbb-4bbb-8bbb-bbbbbbbbbbbb&zona=Zona+Norte,200,59.405,
2026-08-31T04:03:12.809374+00:00,GET,http://localhost:3000/logistics/tenderos/productos-disponibles?tiendaId=bbbbbbbb-bbbb-4bbb-8bbb-bbbbbbbbbbbb&zona=Zona+Norte,200,60.202,
2026-08-31T04:03:12.843379+00:00,GET,http://localhost:3000/logistics/tenderos/productos-disponibles?tiendaId=bbbbbbbb-bbbb-4bbb-8bbb-bbbbbbbbbbbb&zona=Zona+Norte,200,57.035,
2026-08-31T04:03:12.876610+00:00,GET,http://localhost:3000/logistics/tenderos/productos-disponibles?tiendaId=bbbbbbbb-bbbb-4bbb-8bbb-bbbbbbbbbbbb&zona=Zona+Norte,200,60.164,
2026-08-31T04:03:12.910181+00:00,GET,http://localhost:3000/logistics/tenderos/productos-disponibles?tiendaId=bbbbbbbb-bbbb-4bbb-8bbb-bbbbbbbbbbbb&zona=Zona+Norte,200,55.711,
2026-08-31T04:03:12.942995+00:00,GET,http://localhost:3000/logistics/tenderos/productos-disponibles?tiendaId=bbbbbbbb-bbbb-4bbb-8bbb-bbbbbbbbbbbb&zona=Zona+Norte,200,61.845,
2026-08-31T04:03:12.976850+00:00,GET,http://localhost:3000/logistics/tenderos/productos-disponibles?tiendaId=bbbbbbbb-bbbb-4bbb-8bbb-bbbbbbbbbbbb&zona=Zona+Norte,200,61.375,
2026-08-31T04:03:13.009707+00:00,GET,http://localhost:3000/logistics/tenderos/productos-disponibles?tiendaId=bbbbbbbb-bbbb-4bbb-8bbb-bbbbbbbbbbbb&zona=Zona+Norte,200,60.650,
2026-08-31T04:03:13.043034+00:00,GET,http://localhost:3000/logistics/tenderos/productos-disponibles?tiendaId=bbbbbbbb-bbbb-4bbb-8bbb-bbbbbbbbbbbb&zona=Zona+Norte,200,61.303,
2026-08-31T04:03:13.076537+00:00,GET,http://localhost:3000/logistics/tenderos/productos-disponibles?tiendaId=bbbbbbbb-bbbb-4bbb-8bbb-bbbbbbbbbbbb&zona=Zona+Norte,200,61.287,
2026-08-31T04:03:13.109776+00:00,GET,http://localhost:3000/logistics/tenderos/productos-disponibles?tiendaId=bbbbbbbb-bbbb-4bbb-8bbb-bbbbbbbbbbbb&zona=Zona+Norte,200,56.713,
2026-08-31T04:03:13.142799+00:00,GET,http://localhost:3000/logistics/tenderos/productos-disponibles?tiendaId=bbbbbbbb-bbbb-4bbb-8bbb-bbbbbbbbbbbb&zona=Zona+Norte,200,61.214,
2026-08-31T04:03:13.176837+00:00,GET,http://localhost:3000/logistics/tenderos/productos-disponibles?tiendaId=bbbbbbbb-bbbb-4bbb-8bbb-bbbbbbbbbbbb&zona=Zona+Norte,200,58.957,
2026-08-31T04:03:13.209809+00:00,GET,http://localhost:3000/logistics/tenderos/productos-disponibles?tiendaId=bbbbbbbb-bbbb-4bbb-8bbb-bbbbbbbbbbbb&zona=Zona+Norte,200,58.629,
2026-08-31T04:03:13.243398+00:00,GET,http://localhost:3000/logistics/tenderos/productos-disponibles?tiendaId=bbbbbbbb-bbbb-4bbb-8bbb-bbbbbbbbbbbb&zona=Zona+Norte,200,60.525,
2026-08-31T04:03:13.276793+00:00,GET,http://localhost:3000/logistics/tenderos/productos-disponibles?tiendaId=bbbbbbbb-bbbb-4bbb-8bbb-bbbbbbbbbbbb&zona=Zona+Norte,200,60.576,
2026-08-31T04:03:13.309861+00:00,GET,http://localhost:3000/logistics/tenderos/productos-disponibles?tiendaId=bbbbbbbb-bbbb-4bbb-8bbb-bbbbbbbbbbbb&zona=Zona+Norte,200,59.221,
2026-08-31T04:03:13.343171+00:00,GET,http://localhost:3000/logistics/tenderos/productos-disponibles?tiendaId=bbbbbbbb-bbbb-4bbb-8bbb-bbbbbbbbbbbb&zona=Zona+Norte,200,61.119,
2026-08-31T04:03:13.375882+00:00,GET,http://localhost:3000/logistics/tenderos/productos-disponibles?tiendaId=bbbbbbbb-bbbb-4bbb-8bbb-bbbbbbbbbbbb&zona=Zona+Norte,200,60.481,
2026-08-31T04:03:13.409784+00:00,GET,http://localhost:3000/logistics/tenderos/productos-disponibles?tiendaId=bbbbbbbb-bbbb-4bbb-8bbb-bbbbbbbbbbbb&zona=Zona+Norte,200,59.910,
2026-08-31T04:03:13.443308+00:00,GET,http://localhost:3000/logistics/tenderos/productos-disponibles?tiendaId=bbbbbbbb-bbbb-4bbb-8bbb-bbbbbbbbbbbb&zona=Zona+Norte,200,62.904,
2026-08-31T04:03:13.475988+00:00,GET,http://localhost:3000/logistics/tenderos/productos-disponibles?tiendaId=bbbbbbbb-bbbb-4bbb-8bbb-bbbbbbbbbbbb&zona=Zona+Norte,200,58.881,
2026-08-31T04:03:13.509526+00:00,GET,http://localhost:3000/logistics/tenderos/productos-disponibles?tiendaId=bbbbbbbb-bbbb-4bbb-8bbb-bbbbbbbbbbbb&zona=Zona+Norte,200,57.041,
2026-08-31T04:03:13.543379+00:00,GET,http://localhost:3000/logistics/tenderos/productos-disponibles?tiendaId=bbbbbbbb-bbbb-4bbb-8bbb-bbbbbbbbbbbb&zona=Zona+Norte,200,56.831,
2026-08-31T04:03:13.576096+00:00,GET,http://localhost:3000/logistics/tenderos/productos-disponibles?tiendaId=bbbbbbbb-bbbb-4bbb-8bbb-bbbbbbbbbbbb&zona=Zona+Norte,200,61.981,
2026-08-31T04:03:13.609730+00:00,GET,http://localhost:3000/logistics/tenderos/productos-disponibles?tiendaId=bbbbbbbb-bbbb-4bbb-8bbb-bbbbbbbbbbbb&zona=Zona+Norte,200,62.630,
2026-08-31T04:03:13.643214+00:00,GET,http://localhost:3000/logistics/tenderos/productos-disponibles?tiendaId=bbbbbbbb-bbbb-4bbb-8bbb-bbbbbbbbbbbb&zona=Zona+Norte,200,63.726,
2026-08-31T04:03:13.676197+00:00,GET,http://localhost:3000/logistics/tenderos/productos-disponibles?tiendaId=bbbbbbbb-bbbb-4bbb-8bbb-bbbbbbbbbbbb&zona=Zona+Norte,200,64.299,
2026-08-31T04:03:13.709366+00:00,GET,http://localhost:3000/logistics/tenderos/productos-disponibles?tiendaId=bbbbbbbb-bbbb-4bbb-8bbb-bbbbbbbbbbbb&zona=Zona+Norte,200,65.806,
2026-08-31T04:03:13.742786+00:00,GET,http://localhost:3000/logistics/tenderos/productos-disponibles?tiendaId=bbbbbbbb-bbbb-4bbb-8bbb-bbbbbbbbbbbb&zona=Zona+Norte,200,64.833,
2026-08-31T04:03:13.775909+00:00,GET,http://localhost:3000/logistics/tenderos/productos-disponibles?tiendaId=bbbbbbbb-bbbb-4bbb-8bbb-bbbbbbbbbbbb&zona=Zona+Norte,200,61.773,
2026-08-31T04:03:13.809364+00:00,GET,http://localhost:3000/logistics/tenderos/productos-disponibles?tiendaId=bbbbbbbb-bbbb-4bbb-8bbb-bbbbbbbbbbbb&zona=Zona+Norte,200,65.281,
2026-08-31T04:03:13.843155+00:00,GET,http://localhost:3000/logistics/tenderos/productos-disponibles?tiendaId=bbbbbbbb-bbbb-4bbb-8bbb-bbbbbbbbbbbb&zona=Zona+Norte,200,63.239,
2026-08-31T04:03:13.875932+00:00,GET,http://localhost:3000/logistics/tenderos/productos-disponibles?tiendaId=bbbbbbbb-bbbb-4bbb-8bbb-bbbbbbbbbbbb&zona=Zona+Norte,200,63.344,
2026-08-31T04:03:13.909575+00:00,GET,http://localhost:3000/logistics/tenderos/productos-disponibles?tiendaId=bbbbbbbb-bbbb-4bbb-8bbb-bbbbbbbbbbbb&zona=Zona+Norte,200,62.590,
2026-08-31T04:03:13.942951+00:00,GET,http://localhost:3000/logistics/tenderos/productos-disponibles?tiendaId=bbbbbbbb-bbbb-4bbb-8bbb-bbbbbbbbbbbb&zona=Zona+Norte,200,62.016,
2026-08-31T04:03:13.976255+00:00,GET,http://localhost:3000/logistics/tenderos/productos-disponibles?tiendaId=bbbbbbbb-bbbb-4bbb-8bbb-bbbbbbbbbbbb&zona=Zona+Norte,200,61.370,
2026-08-31T04:03:14.009558+00:00,GET,http://localhost:3000/logistics/tenderos/productos-disponibles?tiendaId=bbbbbbbb-bbbb-4bbb-8bbb-bbbbbbbbbbbb&zona=Zona+Norte,200,64.750,
2026-08-31T04:03:14.043195+00:00,GET,http://localhost:3000/logistics/tenderos/productos-disponibles?tiendaId=bbbbbbbb-bbbb-4bbb-8bbb-bbbbbbbbbbbb&zona=Zona+Norte,200,60.400,
2026-08-31T04:03:14.076056+00:00,GET,http://localhost:3000/logistics/tenderos/productos-disponibles?tiendaId=bbbbbbbb-bbbb-4bbb-8bbb-bbbbbbbbbbbb&zona=Zona+Norte,200,64.702,
2026-08-31T04:03:14.109893+00:00,GET,http://localhost:3000/logistics/tenderos/productos-disponibles?tiendaId=bbbbbbbb-bbbb-4bbb-8bbb-bbbbbbbbbbbb&zona=Zona+Norte,200,65.459,
2026-08-31T04:03:14.142811+00:00,GET,http://localhost:3000/logistics/tenderos/productos-disponibles?tiendaId=bbbbbbbb-bbbb-4bbb-8bbb-bbbbbbbbbbbb&zona=Zona+Norte,200,64.379,
2026-08-31T04:03:14.175921+00:00,GET,http://localhost:3000/logistics/tenderos/productos-disponibles?tiendaId=bbbbbbbb-bbbb-4bbb-8bbb-bbbbbbbbbbbb&zona=Zona+Norte,200,62.847,
2026-08-31T04:03:14.209441+00:00,GET,http://localhost:3000/logistics/tenderos/productos-disponibles?tiendaId=bbbbbbbb-bbbb-4bbb-8bbb-bbbbbbbbbbbb&zona=Zona+Norte,200,64.428,
2026-08-31T04:03:14.242958+00:00,GET,http://localhost:3000/logistics/tenderos/productos-disponibles?tiendaId=bbbbbbbb-bbbb-4bbb-8bbb-bbbbbbbbbbbb&zona=Zona+Norte,200,62.622,
2026-08-31T04:03:14.276136+00:00,GET,http://localhost:3000/logistics/tenderos/productos-disponibles?tiendaId=bbbbbbbb-bbbb-4bbb-8bbb-bbbbbbbbbbbb&zona=Zona+Norte,200,61.165,
2026-08-31T04:03:14.309643+00:00,GET,http://localhost:3000/logistics/tenderos/productos-disponibles?tiendaId=bbbbbbbb-bbbb-4bbb-8bbb-bbbbbbbbbbbb&zona=Zona+Norte,200,64.426,
2026-08-31T04:03:14.343253+00:00,GET,http://localhost:3000/logistics/tenderos/productos-disponibles?tiendaId=bbbbbbbb-bbbb-4bbb-8bbb-bbbbbbbbbbbb&zona=Zona+Norte,200,61.064,
2026-08-31T04:03:14.376086+00:00,GET,http://localhost:3000/logistics/tenderos/productos-disponibles?tiendaId=bbbbbbbb-bbbb-4bbb-8bbb-bbbbbbbbbbbb&zona=Zona+Norte,200,64.637,
2026-08-31T04:03:14.409811+00:00,GET,http://localhost:3000/logistics/tenderos/productos-disponibles?tiendaId=bbbbbbbb-bbbb-4bbb-8bbb-bbbbbbbbbbbb&zona=Zona+Norte,200,65.664,
2026-08-31T04:03:14.442771+00:00,GET,http://localhost:3000/logistics/tenderos/productos-disponibles?tiendaId=bbbbbbbb-bbbb-4bbb-8bbb-bbbbbbbbbbbb&zona=Zona+Norte,200,63.525,
2026-08-31T04:03:14.475872+00:00,GET,http://localhost:3000/logistics/tenderos/productos-disponibles?tiendaId=bbbbbbbb-bbbb-4bbb-8bbb-bbbbbbbbbbbb&zona=Zona+Norte,200,60.169,
2026-08-31T04:03:14.509592+00:00,GET,http://localhost:3000/logistics/tenderos/productos-disponibles?tiendaId=bbbbbbbb-bbbb-4bbb-8bbb-bbbbbbbbbbbb&zona=Zona+Norte,200,64.381,
2026-08-31T04:03:14.543386+00:00,GET,http://localhost:3000/logistics/tenderos/productos-disponibles?tiendaId=bbbbbbbb-bbbb-4bbb-8bbb-bbbbbbbbbbbb&zona=Zona+Norte,200,64.399,
2026-08-31T04:03:14.576137+00:00,GET,http://localhost:3000/logistics/tenderos/productos-disponibles?tiendaId=bbbbbbbb-bbbb-4bbb-8bbb-bbbbbbbbbbbb&zona=Zona+Norte,200,62.235,
2026-08-31T04:03:14.609339+00:00,GET,http://localhost:3000/logistics/tenderos/productos-disponibles?tiendaId=bbbbbbbb-bbbb-4bbb-8bbb-bbbbbbbbbbbb&zona=Zona+Norte,200,60.651,
2026-08-31T04:03:14.642894+00:00,GET,http://localhost:3000/logistics/tenderos/productos-disponibles?tiendaId=bbbbbbbb-bbbb-4bbb-8bbb-bbbbbbbbbbbb&zona=Zona+Norte,200,61.177,
2026-08-31T04:03:14.676163+00:00,GET,http://localhost:3000/logistics/tenderos/productos-disponibles?tiendaId=bbbbbbbb-bbbb-4bbb-8bbb-bbbbbbbbbbbb&zona=Zona+Norte,200,61.377,
2026-08-31T04:03:14.709879+00:00,GET,http://localhost:3000/logistics/tenderos/productos-disponibles?tiendaId=bbbbbbbb-bbbb-4bbb-8bbb-bbbbbbbbbbbb&zona=Zona+Norte,200,61.170,
2026-08-31T04:03:14.743179+00:00,GET,http://localhost:3000/logistics/tenderos/productos-disponibles?tiendaId=bbbbbbbb-bbbb-4bbb-8bbb-bbbbbbbbbbbb&zona=Zona+Norte,200,62.863,
2026-08-31T04:03:14.776387+00:00,GET,http://localhost:3000/logistics/tenderos/productos-disponibles?tiendaId=bbbbbbbb-bbbb-4bbb-8bbb-bbbbbbbbbbbb&zona=Zona+Norte,200,65.236,
2026-08-31T04:03:14.809600+00:00,GET,http://localhost:3000/logistics/tenderos/productos-disponibles?tiendaId=bbbbbbbb-bbbb-4bbb-8bbb-bbbbbbbbbbbb&zona=Zona+Norte,200,63.401,
2026-08-31T04:03:14.842650+00:00,GET,http://localhost:3000/logistics/tenderos/productos-disponibles?tiendaId=bbbbbbbb-bbbb-4bbb-8bbb-bbbbbbbbbbbb&zona=Zona+Norte,200,66.962,
2026-08-31T04:03:14.876232+00:00,GET,http://localhost:3000/logistics/tenderos/productos-disponibles?tiendaId=bbbbbbbb-bbbb-4bbb-8bbb-bbbbbbbbbbbb&zona=Zona+Norte,200,66.474,
2026-08-31T04:03:14.909642+00:00,GET,http://localhost:3000/logistics/tenderos/productos-disponibles?tiendaId=bbbbbbbb-bbbb-4bbb-8bbb-bbbbbbbbbbbb&zona=Zona+Norte,200,69.142,
2026-08-31T04:03:14.942735+00:00,GET,http://localhost:3000/logistics/tenderos/productos-disponibles?tiendaId=bbbbbbbb-bbbb-4bbb-8bbb-bbbbbbbbbbbb&zona=Zona+Norte,200,62.635,
2026-08-31T04:03:14.976887+00:00,GET,http://localhost:3000/logistics/tenderos/productos-disponibles?tiendaId=bbbbbbbb-bbbb-4bbb-8bbb-bbbbbbbbbbbb&zona=Zona+Norte,200,59.394,
2026-08-31T04:03:15.009690+00:00,GET,http://localhost:3000/logistics/tenderos/productos-disponibles?tiendaId=bbbbbbbb-bbbb-4bbb-8bbb-bbbbbbbbbbbb&zona=Zona+Norte,200,59.225,
2026-08-31T04:03:15.043328+00:00,GET,http://localhost:3000/logistics/tenderos/productos-disponibles?tiendaId=bbbbbbbb-bbbb-4bbb-8bbb-bbbbbbbbbbbb&zona=Zona+Norte,200,62.189,
2026-08-31T04:03:15.076210+00:00,GET,http://localhost:3000/logistics/tenderos/productos-disponibles?tiendaId=bbbbbbbb-bbbb-4bbb-8bbb-bbbbbbbbbbbb&zona=Zona+Norte,200,62.477,
2026-08-31T04:03:15.109661+00:00,GET,http://localhost:3000/logistics/tenderos/productos-disponibles?tiendaId=bbbbbbbb-bbbb-4bbb-8bbb-bbbbbbbbbbbb&zona=Zona+Norte,200,63.077,
2026-08-31T04:03:15.143029+00:00,GET,http://localhost:3000/logistics/tenderos/productos-disponibles?tiendaId=bbbbbbbb-bbbb-4bbb-8bbb-bbbbbbbbbbbb&zona=Zona+Norte,200,61.597,
2026-08-31T04:03:15.175972+00:00,GET,http://localhost:3000/logistics/tenderos/productos-disponibles?tiendaId=bbbbbbbb-bbbb-4bbb-8bbb-bbbbbbbbbbbb&zona=Zona+Norte,200,61.515,
2026-08-31T04:03:15.209785+00:00,GET,http://localhost:3000/logistics/tenderos/productos-disponibles?tiendaId=bbbbbbbb-bbbb-4bbb-8bbb-bbbbbbbbbbbb&zona=Zona+Norte,200,61.559,
2026-08-31T04:03:15.243186+00:00,GET,http://localhost:3000/logistics/tenderos/productos-disponibles?tiendaId=bbbbbbbb-bbbb-4bbb-8bbb-bbbbbbbbbbbb&zona=Zona+Norte,200,61.811,
2026-08-31T04:03:15.276446+00:00,GET,http://localhost:3000/logistics/tenderos/productos-disponibles?tiendaId=bbbbbbbb-bbbb-4bbb-8bbb-bbbbbbbbbbbb&zona=Zona+Norte,200,61.054,
2026-08-31T04:03:15.309400+00:00,GET,http://localhost:3000/logistics/tenderos/productos-disponibles?tiendaId=bbbbbbbb-bbbb-4bbb-8bbb-bbbbbbbbbbbb&zona=Zona+Norte,200,63.323,
2026-08-31T04:03:15.343183+00:00,GET,http://localhost:3000/logistics/tenderos/productos-disponibles?tiendaId=bbbbbbbb-bbbb-4bbb-8bbb-bbbbbbbbbbbb&zona=Zona+Norte,200,63.728,
2026-08-31T04:03:15.376281+00:00,GET,http://localhost:3000/logistics/tenderos/productos-disponibles?tiendaId=bbbbbbbb-bbbb-4bbb-8bbb-bbbbbbbbbbbb&zona=Zona+Norte,200,60.283,
2026-08-31T04:03:15.409489+00:00,GET,http://localhost:3000/logistics/tenderos/productos-disponibles?tiendaId=bbbbbbbb-bbbb-4bbb-8bbb-bbbbbbbbbbbb&zona=Zona+Norte,200,62.503,
2026-08-31T04:03:15.443319+00:00,GET,http://localhost:3000/logistics/tenderos/productos-disponibles?tiendaId=bbbbbbbb-bbbb-4bbb-8bbb-bbbbbbbbbbbb&zona=Zona+Norte,200,62.931,
2026-08-31T04:03:15.476256+00:00,GET,http://localhost:3000/logistics/tenderos/productos-disponibles?tiendaId=bbbbbbbb-bbbb-4bbb-8bbb-bbbbbbbbbbbb&zona=Zona+Norte,200,61.996,
2026-08-31T04:03:15.509610+00:00,GET,http://localhost:3000/logistics/tenderos/productos-disponibles?tiendaId=bbbbbbbb-bbbb-4bbb-8bbb-bbbbbbbbbbbb&zona=Zona+Norte,200,62.271,
2026-08-31T04:03:15.543129+00:00,GET,http://localhost:3000/logistics/tenderos/productos-disponibles?tiendaId=bbbbbbbb-bbbb-4bbb-8bbb-bbbbbbbbbbbb&zona=Zona+Norte,200,62.693,
2026-08-31T04:03:15.576008+00:00,GET,http://localhost:3000/logistics/tenderos/productos-disponibles?tiendaId=bbbbbbbb-bbbb-4bbb-8bbb-bbbbbbbbbbbb&zona=Zona+Norte,200,60.133,
2026-08-31T04:03:15.609642+00:00,GET,http://localhost:3000/logistics/tenderos/productos-disponibles?tiendaId=bbbbbbbb-bbbb-4bbb-8bbb-bbbbbbbbbbbb&zona=Zona+Norte,200,62.477,
2026-08-31T04:03:15.643427+00:00,GET,http://localhost:3000/logistics/tenderos/productos-disponibles?tiendaId=bbbbbbbb-bbbb-4bbb-8bbb-bbbbbbbbbbbb&zona=Zona+Norte,200,62.599,
2026-08-31T04:03:15.675966+00:00,GET,http://localhost:3000/logistics/tenderos/productos-disponibles?tiendaId=bbbbbbbb-bbbb-4bbb-8bbb-bbbbbbbbbbbb&zona=Zona+Norte,200,59.561,
2026-08-31T04:03:15.709611+00:00,GET,http://localhost:3000/logistics/tenderos/productos-disponibles?tiendaId=bbbbbbbb-bbbb-4bbb-8bbb-bbbbbbbbbbbb&zona=Zona+Norte,200,59.580,
2026-08-31T04:03:15.743438+00:00,GET,http://localhost:3000/logistics/tenderos/productos-disponibles?tiendaId=bbbbbbbb-bbbb-4bbb-8bbb-bbbbbbbbbbbb&zona=Zona+Norte,200,61.668,
2026-08-31T04:03:15.776743+00:00,GET,http://localhost:3000/logistics/tenderos/productos-disponibles?tiendaId=bbbbbbbb-bbbb-4bbb-8bbb-bbbbbbbbbbbb&zona=Zona+Norte,200,62.757,
2026-08-31T04:03:15.809742+00:00,GET,http://localhost:3000/logistics/tenderos/productos-disponibles?tiendaId=bbbbbbbb-bbbb-4bbb-8bbb-bbbbbbbbbbbb&zona=Zona+Norte,200,59.524,
2026-08-31T04:03:15.842953+00:00,GET,http://localhost:3000/logistics/tenderos/productos-disponibles?tiendaId=bbbbbbbb-bbbb-4bbb-8bbb-bbbbbbbbbbbb&zona=Zona+Norte,200,61.979,
2026-08-31T04:03:15.875932+00:00,GET,http://localhost:3000/logistics/tenderos/productos-disponibles?tiendaId=bbbbbbbb-bbbb-4bbb-8bbb-bbbbbbbbbbbb&zona=Zona+Norte,200,59.287,
2026-08-31T04:03:15.909758+00:00,GET,http://localhost:3000/logistics/tenderos/productos-disponibles?tiendaId=bbbbbbbb-bbbb-4bbb-8bbb-bbbbbbbbbbbb&zona=Zona+Norte,200,62.499,
2026-08-31T04:03:15.943337+00:00,GET,http://localhost:3000/logistics/tenderos/productos-disponibles?tiendaId=bbbbbbbb-bbbb-4bbb-8bbb-bbbbbbbbbbbb&zona=Zona+Norte,200,62.261,
2026-08-31T04:03:15.975955+00:00,GET,http://localhost:3000/logistics/tenderos/productos-disponibles?tiendaId=bbbbbbbb-bbbb-4bbb-8bbb-bbbbbbbbbbbb&zona=Zona+Norte,200,61.299,
2026-08-31T04:03:16.009683+00:00,GET,http://localhost:3000/logistics/tenderos/productos-disponibles?tiendaId=bbbbbbbb-bbbb-4bbb-8bbb-bbbbbbbbbbbb&zona=Zona+Norte,200,60.387,
2026-08-31T04:03:16.043263+00:00,GET,http://localhost:3000/logistics/tenderos/productos-disponibles?tiendaId=bbbbbbbb-bbbb-4bbb-8bbb-bbbbbbbbbbbb&zona=Zona+Norte,200,60.385,
2026-08-31T04:03:16.076635+00:00,GET,http://localhost:3000/logistics/tenderos/productos-disponibles?tiendaId=bbbbbbbb-bbbb-4bbb-8bbb-bbbbbbbbbbbb&zona=Zona+Norte,200,62.158,
2026-08-31T04:03:16.109913+00:00,GET,http://localhost:3000/logistics/tenderos/productos-disponibles?tiendaId=bbbbbbbb-bbbb-4bbb-8bbb-bbbbbbbbbbbb&zona=Zona+Norte,200,63.034,
2026-08-31T04:03:16.143045+00:00,GET,http://localhost:3000/logistics/tenderos/productos-disponibles?tiendaId=bbbbbbbb-bbbb-4bbb-8bbb-bbbbbbbbbbbb&zona=Zona+Norte,200,62.086,
2026-08-31T04:03:16.176286+00:00,GET,http://localhost:3000/logistics/tenderos/productos-disponibles?tiendaId=bbbbbbbb-bbbb-4bbb-8bbb-bbbbbbbbbbbb&zona=Zona+Norte,200,61.778,
2026-08-31T04:03:16.209751+00:00,GET,http://localhost:3000/logistics/tenderos/productos-disponibles?tiendaId=bbbbbbbb-bbbb-4bbb-8bbb-bbbbbbbbbbbb&zona=Zona+Norte,200,62.146,
2026-08-31T04:03:16.243138+00:00,GET,http://localhost:3000/logistics/tenderos/productos-disponibles?tiendaId=bbbbbbbb-bbbb-4bbb-8bbb-bbbbbbbbbbbb&zona=Zona+Norte,200,63.134,
2026-08-31T04:03:16.276411+00:00,GET,http://localhost:3000/logistics/tenderos/productos-disponibles?tiendaId=bbbbbbbb-bbbb-4bbb-8bbb-bbbbbbbbbbbb&zona=Zona+Norte,200,59.732,
2026-08-31T04:03:16.309612+00:00,GET,http://localhost:3000/logistics/tenderos/productos-disponibles?tiendaId=bbbbbbbb-bbbb-4bbb-8bbb-bbbbbbbbbbbb&zona=Zona+Norte,200,61.959,
2026-08-31T04:03:16.343386+00:00,GET,http://localhost:3000/logistics/tenderos/productos-disponibles?tiendaId=bbbbbbbb-bbbb-4bbb-8bbb-bbbbbbbbbbbb&zona=Zona+Norte,200,62.388,
2026-08-31T04:03:16.376442+00:00,GET,http://localhost:3000/logistics/tenderos/productos-disponibles?tiendaId=bbbbbbbb-bbbb-4bbb-8bbb-bbbbbbbbbbbb&zona=Zona+Norte,200,58.953,
2026-08-31T04:03:16.409507+00:00,GET,http://localhost:3000/logistics/tenderos/productos-disponibles?tiendaId=bbbbbbbb-bbbb-4bbb-8bbb-bbbbbbbbbbbb&zona=Zona+Norte,200,60.080,
2026-08-31T04:03:16.443493+00:00,GET,http://localhost:3000/logistics/tenderos/productos-disponibles?tiendaId=bbbbbbbb-bbbb-4bbb-8bbb-bbbbbbbbbbbb&zona=Zona+Norte,200,60.039,
2026-08-31T04:03:16.476706+00:00,GET,http://localhost:3000/logistics/tenderos/productos-disponibles?tiendaId=bbbbbbbb-bbbb-4bbb-8bbb-bbbbbbbbbbbb&zona=Zona+Norte,200,62.405,
2026-08-31T04:03:16.510029+00:00,GET,http://localhost:3000/logistics/tenderos/productos-disponibles?tiendaId=bbbbbbbb-bbbb-4bbb-8bbb-bbbbbbbbbbbb&zona=Zona+Norte,200,59.283,
2026-08-31T04:03:16.543017+00:00,GET,http://localhost:3000/logistics/tenderos/productos-disponibles?tiendaId=bbbbbbbb-bbbb-4bbb-8bbb-bbbbbbbbbbbb&zona=Zona+Norte,200,62.471,
2026-08-31T04:03:16.576746+00:00,GET,http://localhost:3000/logistics/tenderos/productos-disponibles?tiendaId=bbbbbbbb-bbbb-4bbb-8bbb-bbbbbbbbbbbb&zona=Zona+Norte,200,60.082,
2026-08-31T04:03:16.609723+00:00,GET,http://localhost:3000/logistics/tenderos/productos-disponibles?tiendaId=bbbbbbbb-bbbb-4bbb-8bbb-bbbbbbbbbbbb&zona=Zona+Norte,200,62.602,
2026-08-31T04:03:16.643380+00:00,GET,http://localhost:3000/logistics/tenderos/productos-disponibles?tiendaId=bbbbbbbb-bbbb-4bbb-8bbb-bbbbbbbbbbbb&zona=Zona+Norte,200,62.474,
2026-08-31T04:03:16.676378+00:00,GET,http://localhost:3000/logistics/tenderos/productos-disponibles?tiendaId=bbbbbbbb-bbbb-4bbb-8bbb-bbbbbbbbbbbb&zona=Zona+Norte,200,61.513,
2026-08-31T04:03:16.709685+00:00,GET,http://localhost:3000/logistics/tenderos/productos-disponibles?tiendaId=bbbbbbbb-bbbb-4bbb-8bbb-bbbbbbbbbbbb&zona=Zona+Norte,200,61.800,
2026-08-31T04:03:16.743192+00:00,GET,http://localhost:3000/logistics/tenderos/productos-disponibles?tiendaId=bbbbbbbb-bbbb-4bbb-8bbb-bbbbbbbbbbbb&zona=Zona+Norte,200,61.587,
2026-08-31T04:03:16.776470+00:00,GET,http://localhost:3000/logistics/tenderos/productos-disponibles?tiendaId=bbbbbbbb-bbbb-4bbb-8bbb-bbbbbbbbbbbb&zona=Zona+Norte,200,61.176,
2026-08-31T04:03:16.809294+00:00,GET,http://localhost:3000/logistics/tenderos/productos-disponibles?tiendaId=bbbbbbbb-bbbb-4bbb-8bbb-bbbbbbbbbbbb&zona=Zona+Norte,200,60.195,
2026-08-31T04:03:16.843247+00:00,GET,http://localhost:3000/logistics/tenderos/productos-disponibles?tiendaId=bbbbbbbb-bbbb-4bbb-8bbb-bbbbbbbbbbbb&zona=Zona+Norte,200,56.502,
2026-08-31T04:03:16.876746+00:00,GET,http://localhost:3000/logistics/tenderos/productos-disponibles?tiendaId=bbbbbbbb-bbbb-4bbb-8bbb-bbbbbbbbbbbb&zona=Zona+Norte,200,61.070,
2026-08-31T04:03:16.910335+00:00,GET,http://localhost:3000/logistics/tenderos/productos-disponibles?tiendaId=bbbbbbbb-bbbb-4bbb-8bbb-bbbbbbbbbbbb&zona=Zona+Norte,200,60.412,
2026-08-31T04:03:16.943248+00:00,GET,http://localhost:3000/logistics/tenderos/productos-disponibles?tiendaId=bbbbbbbb-bbbb-4bbb-8bbb-bbbbbbbbbbbb&zona=Zona+Norte,200,60.663,
2026-08-31T04:03:16.976602+00:00,GET,http://localhost:3000/logistics/tenderos/productos-disponibles?tiendaId=bbbbbbbb-bbbb-4bbb-8bbb-bbbbbbbbbbbb&zona=Zona+Norte,200,59.566,
2026-08-31T04:03:17.009933+00:00,GET,http://localhost:3000/logistics/tenderos/productos-disponibles?tiendaId=bbbbbbbb-bbbb-4bbb-8bbb-bbbbbbbbbbbb&zona=Zona+Norte,200,59.960,
2026-08-31T04:03:17.043422+00:00,GET,http://localhost:3000/logistics/tenderos/productos-disponibles?tiendaId=bbbbbbbb-bbbb-4bbb-8bbb-bbbbbbbbbbbb&zona=Zona+Norte,200,57.197,
2026-08-31T04:03:17.076708+00:00,GET,http://localhost:3000/logistics/tenderos/productos-disponibles?tiendaId=bbbbbbbb-bbbb-4bbb-8bbb-bbbbbbbbbbbb&zona=Zona+Norte,200,60.120,
2026-08-31T04:03:17.110341+00:00,GET,http://localhost:3000/logistics/tenderos/productos-disponibles?tiendaId=bbbbbbbb-bbbb-4bbb-8bbb-bbbbbbbbbbbb&zona=Zona+Norte,200,58.436,
2026-08-31T04:03:17.143354+00:00,GET,http://localhost:3000/logistics/tenderos/productos-disponibles?tiendaId=bbbbbbbb-bbbb-4bbb-8bbb-bbbbbbbbbbbb&zona=Zona+Norte,200,60.819,
2026-08-31T04:03:17.176195+00:00,GET,http://localhost:3000/logistics/tenderos/productos-disponibles?tiendaId=bbbbbbbb-bbbb-4bbb-8bbb-bbbbbbbbbbbb&zona=Zona+Norte,200,56.277,
2026-08-31T04:03:17.209909+00:00,GET,http://localhost:3000/logistics/tenderos/productos-disponibles?tiendaId=bbbbbbbb-bbbb-4bbb-8bbb-bbbbbbbbbbbb&zona=Zona+Norte,200,59.953,
2026-08-31T04:03:17.242867+00:00,GET,http://localhost:3000/logistics/tenderos/productos-disponibles?tiendaId=bbbbbbbb-bbbb-4bbb-8bbb-bbbbbbbbbbbb&zona=Zona+Norte,200,59.814,
2026-08-31T04:03:17.276722+00:00,GET,http://localhost:3000/logistics/tenderos/productos-disponibles?tiendaId=bbbbbbbb-bbbb-4bbb-8bbb-bbbbbbbbbbbb&zona=Zona+Norte,200,58.741,
2026-08-31T04:03:17.309690+00:00,GET,http://localhost:3000/logistics/tenderos/productos-disponibles?tiendaId=bbbbbbbb-bbbb-4bbb-8bbb-bbbbbbbbbbbb&zona=Zona+Norte,200,62.492,
2026-08-31T04:03:17.343542+00:00,GET,http://localhost:3000/logistics/tenderos/productos-disponibles?tiendaId=bbbbbbbb-bbbb-4bbb-8bbb-bbbbbbbbbbbb&zona=Zona+Norte,200,60.736,
2026-08-31T04:03:17.376475+00:00,GET,http://localhost:3000/logistics/tenderos/productos-disponibles?tiendaId=bbbbbbbb-bbbb-4bbb-8bbb-bbbbbbbbbbbb&zona=Zona+Norte,200,58.638,
2026-08-31T04:03:17.409964+00:00,GET,http://localhost:3000/logistics/tenderos/productos-disponibles?tiendaId=bbbbbbbb-bbbb-4bbb-8bbb-bbbbbbbbbbbb&zona=Zona+Norte,200,59.825,
2026-08-31T04:03:17.443656+00:00,GET,http://localhost:3000/logistics/tenderos/productos-disponibles?tiendaId=bbbbbbbb-bbbb-4bbb-8bbb-bbbbbbbbbbbb&zona=Zona+Norte,200,59.057,
2026-08-31T04:03:17.476805+00:00,GET,http://localhost:3000/logistics/tenderos/productos-disponibles?tiendaId=bbbbbbbb-bbbb-4bbb-8bbb-bbbbbbbbbbbb&zona=Zona+Norte,200,60.701,
2026-08-31T04:03:17.510174+00:00,GET,http://localhost:3000/logistics/tenderos/productos-disponibles?tiendaId=bbbbbbbb-bbbb-4bbb-8bbb-bbbbbbbbbbbb&zona=Zona+Norte,200,59.676,
2026-08-31T04:03:17.543358+00:00,GET,http://localhost:3000/logistics/tenderos/productos-disponibles?tiendaId=bbbbbbbb-bbbb-4bbb-8bbb-bbbbbbbbbbbb&zona=Zona+Norte,200,60.961,
2026-08-31T04:03:17.576817+00:00,GET,http://localhost:3000/logistics/tenderos/productos-disponibles?tiendaId=bbbbbbbb-bbbb-4bbb-8bbb-bbbbbbbbbbbb&zona=Zona+Norte,200,64.846,
2026-08-31T04:03:17.609978+00:00,GET,http://localhost:3000/logistics/tenderos/productos-disponibles?tiendaId=bbbbbbbb-bbbb-4bbb-8bbb-bbbbbbbbbbbb&zona=Zona+Norte,200,65.087,
2026-08-31T04:03:17.642890+00:00,GET,http://localhost:3000/logistics/tenderos/productos-disponibles?tiendaId=bbbbbbbb-bbbb-4bbb-8bbb-bbbbbbbbbbbb&zona=Zona+Norte,200,63.550,
2026-08-31T04:03:17.676114+00:00,GET,http://localhost:3000/logistics/tenderos/productos-disponibles?tiendaId=bbbbbbbb-bbbb-4bbb-8bbb-bbbbbbbbbbbb&zona=Zona+Norte,200,65.482,
2026-08-31T04:03:17.709701+00:00,GET,http://localhost:3000/logistics/tenderos/productos-disponibles?tiendaId=bbbbbbbb-bbbb-4bbb-8bbb-bbbbbbbbbbbb&zona=Zona+Norte,200,60.679,
2026-08-31T04:03:17.742791+00:00,GET,http://localhost:3000/logistics/tenderos/productos-disponibles?tiendaId=bbbbbbbb-bbbb-4bbb-8bbb-bbbbbbbbbbbb&zona=Zona+Norte,200,63.274,
2026-08-31T04:03:17.776712+00:00,GET,http://localhost:3000/logistics/tenderos/productos-disponibles?tiendaId=bbbbbbbb-bbbb-4bbb-8bbb-bbbbbbbbbbbb&zona=Zona+Norte,200,60.553,
2026-08-31T04:03:17.809758+00:00,GET,http://localhost:3000/logistics/tenderos/productos-disponibles?tiendaId=bbbbbbbb-bbbb-4bbb-8bbb-bbbbbbbbbbbb&zona=Zona+Norte,200,67.223,
2026-08-31T04:03:17.843291+00:00,GET,http://localhost:3000/logistics/tenderos/productos-disponibles?tiendaId=bbbbbbbb-bbbb-4bbb-8bbb-bbbbbbbbbbbb&zona=Zona+Norte,200,59.754,
2026-08-31T04:03:17.877007+00:00,GET,http://localhost:3000/logistics/tenderos/productos-disponibles?tiendaId=bbbbbbbb-bbbb-4bbb-8bbb-bbbbbbbbbbbb&zona=Zona+Norte,200,62.534,
2026-08-31T04:03:17.910172+00:00,GET,http://localhost:3000/logistics/tenderos/productos-disponibles?tiendaId=bbbbbbbb-bbbb-4bbb-8bbb-bbbbbbbbbbbb&zona=Zona+Norte,200,60.696,
2026-08-31T04:03:17.943117+00:00,GET,http://localhost:3000/logistics/tenderos/productos-disponibles?tiendaId=bbbbbbbb-bbbb-4bbb-8bbb-bbbbbbbbbbbb&zona=Zona+Norte,200,63.174,
2026-08-31T04:03:17.976252+00:00,GET,http://localhost:3000/logistics/tenderos/productos-disponibles?tiendaId=bbbbbbbb-bbbb-4bbb-8bbb-bbbbbbbbbbbb&zona=Zona+Norte,200,62.526,
2026-08-31T04:03:18.009759+00:00,GET,http://localhost:3000/logistics/tenderos/productos-disponibles?tiendaId=bbbbbbbb-bbbb-4bbb-8bbb-bbbbbbbbbbbb&zona=Zona+Norte,200,63.800,
2026-08-31T04:03:18.043178+00:00,GET,http://localhost:3000/logistics/tenderos/productos-disponibles?tiendaId=bbbbbbbb-bbbb-4bbb-8bbb-bbbbbbbbbbbb&zona=Zona+Norte,200,64.371,
2026-08-31T04:03:18.076359+00:00,GET,http://localhost:3000/logistics/tenderos/productos-disponibles?tiendaId=bbbbbbbb-bbbb-4bbb-8bbb-bbbbbbbbbbbb&zona=Zona+Norte,200,64.482,
2026-08-31T04:03:18.109385+00:00,GET,http://localhost:3000/logistics/tenderos/productos-disponibles?tiendaId=bbbbbbbb-bbbb-4bbb-8bbb-bbbbbbbbbbbb&zona=Zona+Norte,200,63.908,
2026-08-31T04:03:18.142961+00:00,GET,http://localhost:3000/logistics/tenderos/productos-disponibles?tiendaId=bbbbbbbb-bbbb-4bbb-8bbb-bbbbbbbbbbbb&zona=Zona+Norte,200,65.658,
2026-08-31T04:03:18.176385+00:00,GET,http://localhost:3000/logistics/tenderos/productos-disponibles?tiendaId=bbbbbbbb-bbbb-4bbb-8bbb-bbbbbbbbbbbb&zona=Zona+Norte,200,65.634,
2026-08-31T04:03:18.209432+00:00,GET,http://localhost:3000/logistics/tenderos/productos-disponibles?tiendaId=bbbbbbbb-bbbb-4bbb-8bbb-bbbbbbbbbbbb&zona=Zona+Norte,200,64.319,
2026-08-31T04:03:18.242783+00:00,GET,http://localhost:3000/logistics/tenderos/productos-disponibles?tiendaId=bbbbbbbb-bbbb-4bbb-8bbb-bbbbbbbbbbbb&zona=Zona+Norte,200,65.149,
2026-08-31T04:03:18.276301+00:00,GET,http://localhost:3000/logistics/tenderos/productos-disponibles?tiendaId=bbbbbbbb-bbbb-4bbb-8bbb-bbbbbbbbbbbb&zona=Zona+Norte,200,65.039,
2026-08-31T04:03:18.309524+00:00,GET,http://localhost:3000/logistics/tenderos/productos-disponibles?tiendaId=bbbbbbbb-bbbb-4bbb-8bbb-bbbbbbbbbbbb&zona=Zona+Norte,200,66.154,
2026-08-31T04:03:18.342850+00:00,GET,http://localhost:3000/logistics/tenderos/productos-disponibles?tiendaId=bbbbbbbb-bbbb-4bbb-8bbb-bbbbbbbbbbbb&zona=Zona+Norte,200,64.396,
2026-08-31T04:03:18.376051+00:00,GET,http://localhost:3000/logistics/tenderos/productos-disponibles?tiendaId=bbbbbbbb-bbbb-4bbb-8bbb-bbbbbbbbbbbb&zona=Zona+Norte,200,65.622,
2026-08-31T04:03:18.409622+00:00,GET,http://localhost:3000/logistics/tenderos/productos-disponibles?tiendaId=bbbbbbbb-bbbb-4bbb-8bbb-bbbbbbbbbbbb&zona=Zona+Norte,200,65.019,
2026-08-31T04:03:18.442841+00:00,GET,http://localhost:3000/logistics/tenderos/productos-disponibles?tiendaId=bbbbbbbb-bbbb-4bbb-8bbb-bbbbbbbbbbbb&zona=Zona+Norte,200,64.791,
2026-08-31T04:03:18.476190+00:00,GET,http://localhost:3000/logistics/tenderos/productos-disponibles?tiendaId=bbbbbbbb-bbbb-4bbb-8bbb-bbbbbbbbbbbb&zona=Zona+Norte,200,66.505,
2026-08-31T04:03:18.509555+00:00,GET,http://localhost:3000/logistics/tenderos/productos-disponibles?tiendaId=bbbbbbbb-bbbb-4bbb-8bbb-bbbbbbbbbbbb&zona=Zona+Norte,200,64.814,
2026-08-31T04:03:18.542805+00:00,GET,http://localhost:3000/logistics/tenderos/productos-disponibles?tiendaId=bbbbbbbb-bbbb-4bbb-8bbb-bbbbbbbbbbbb&zona=Zona+Norte,200,60.588,
2026-08-31T04:03:18.576211+00:00,GET,http://localhost:3000/logistics/tenderos/productos-disponibles?tiendaId=bbbbbbbb-bbbb-4bbb-8bbb-bbbbbbbbbbbb&zona=Zona+Norte,200,64.637,
2026-08-31T04:03:18.610171+00:00,GET,http://localhost:3000/logistics/tenderos/productos-disponibles?tiendaId=bbbbbbbb-bbbb-4bbb-8bbb-bbbbbbbbbbbb&zona=Zona+Norte,200,65.901,
2026-08-31T04:03:18.643085+00:00,GET,http://localhost:3000/logistics/tenderos/productos-disponibles?tiendaId=bbbbbbbb-bbbb-4bbb-8bbb-bbbbbbbbbbbb&zona=Zona+Norte,200,65.840,
2026-08-31T04:03:18.676153+00:00,GET,http://localhost:3000/logistics/tenderos/productos-disponibles?tiendaId=bbbbbbbb-bbbb-4bbb-8bbb-bbbbbbbbbbbb&zona=Zona+Norte,200,67.404,
2026-08-31T04:03:18.709392+00:00,GET,http://localhost:3000/logistics/tenderos/productos-disponibles?tiendaId=bbbbbbbb-bbbb-4bbb-8bbb-bbbbbbbbbbbb&zona=Zona+Norte,200,64.458,
2026-08-31T04:03:18.743583+00:00,GET,http://localhost:3000/logistics/tenderos/productos-disponibles?tiendaId=bbbbbbbb-bbbb-4bbb-8bbb-bbbbbbbbbbbb&zona=Zona+Norte,200,64.412,
2026-08-31T04:03:18.776309+00:00,GET,http://localhost:3000/logistics/tenderos/productos-disponibles?tiendaId=bbbbbbbb-bbbb-4bbb-8bbb-bbbbbbbbbbbb&zona=Zona+Norte,200,63.977,
2026-08-31T04:03:18.809511+00:00,GET,http://localhost:3000/logistics/tenderos/productos-disponibles?tiendaId=bbbbbbbb-bbbb-4bbb-8bbb-bbbbbbbbbbbb&zona=Zona+Norte,200,64.152,
2026-08-31T04:03:18.843080+00:00,GET,http://localhost:3000/logistics/tenderos/productos-disponibles?tiendaId=bbbbbbbb-bbbb-4bbb-8bbb-bbbbbbbbbbbb&zona=Zona+Norte,200,62.727,
2026-08-31T04:03:18.876182+00:00,GET,http://localhost:3000/logistics/tenderos/productos-disponibles?tiendaId=bbbbbbbb-bbbb-4bbb-8bbb-bbbbbbbbbbbb&zona=Zona+Norte,200,61.117,
2026-08-31T04:03:18.909898+00:00,GET,http://localhost:3000/logistics/tenderos/productos-disponibles?tiendaId=bbbbbbbb-bbbb-4bbb-8bbb-bbbbbbbbbbbb&zona=Zona+Norte,200,64.837,
2026-08-31T04:03:18.943431+00:00,GET,http://localhost:3000/logistics/tenderos/productos-disponibles?tiendaId=bbbbbbbb-bbbb-4bbb-8bbb-bbbbbbbbbbbb&zona=Zona+Norte,200,65.115,
2026-08-31T04:03:18.976194+00:00,GET,http://localhost:3000/logistics/tenderos/productos-disponibles?tiendaId=bbbbbbbb-bbbb-4bbb-8bbb-bbbbbbbbbbbb&zona=Zona+Norte,200,65.200,
2026-08-31T04:03:19.009463+00:00,GET,http://localhost:3000/logistics/tenderos/productos-disponibles?tiendaId=bbbbbbbb-bbbb-4bbb-8bbb-bbbbbbbbbbbb&zona=Zona+Norte,200,64.533,
2026-08-31T04:03:19.042871+00:00,GET,http://localhost:3000/logistics/tenderos/productos-disponibles?tiendaId=bbbbbbbb-bbbb-4bbb-8bbb-bbbbbbbbbbbb&zona=Zona+Norte,200,63.758,
2026-08-31T04:03:19.076313+00:00,GET,http://localhost:3000/logistics/tenderos/productos-disponibles?tiendaId=bbbbbbbb-bbbb-4bbb-8bbb-bbbbbbbbbbbb&zona=Zona+Norte,200,65.535,
2026-08-31T04:03:19.109706+00:00,GET,http://localhost:3000/logistics/tenderos/productos-disponibles?tiendaId=bbbbbbbb-bbbb-4bbb-8bbb-bbbbbbbbbbbb&zona=Zona+Norte,200,63.104,
2026-08-31T04:03:19.142844+00:00,GET,http://localhost:3000/logistics/tenderos/productos-disponibles?tiendaId=bbbbbbbb-bbbb-4bbb-8bbb-bbbbbbbbbbbb&zona=Zona+Norte,200,66.974,
2026-08-31T04:03:19.176446+00:00,GET,http://localhost:3000/logistics/tenderos/productos-disponibles?tiendaId=bbbbbbbb-bbbb-4bbb-8bbb-bbbbbbbbbbbb&zona=Zona+Norte,200,63.749,
2026-08-31T04:03:19.209900+00:00,GET,http://localhost:3000/logistics/tenderos/productos-disponibles?tiendaId=bbbbbbbb-bbbb-4bbb-8bbb-bbbbbbbbbbbb&zona=Zona+Norte,200,61.626,
2026-08-31T04:03:19.243100+00:00,GET,http://localhost:3000/logistics/tenderos/productos-disponibles?tiendaId=bbbbbbbb-bbbb-4bbb-8bbb-bbbbbbbbbbbb&zona=Zona+Norte,200,61.404,
2026-08-31T04:03:19.276473+00:00,GET,http://localhost:3000/logistics/tenderos/productos-disponibles?tiendaId=bbbbbbbb-bbbb-4bbb-8bbb-bbbbbbbbbbbb&zona=Zona+Norte,200,64.891,
2026-08-31T04:03:19.309765+00:00,GET,http://localhost:3000/logistics/tenderos/productos-disponibles?tiendaId=bbbbbbbb-bbbb-4bbb-8bbb-bbbbbbbbbbbb&zona=Zona+Norte,200,64.561,
2026-08-31T04:03:19.342892+00:00,GET,http://localhost:3000/logistics/tenderos/productos-disponibles?tiendaId=bbbbbbbb-bbbb-4bbb-8bbb-bbbbbbbbbbbb&zona=Zona+Norte,200,61.705,
2026-08-31T04:03:19.376284+00:00,GET,http://localhost:3000/logistics/tenderos/productos-disponibles?tiendaId=bbbbbbbb-bbbb-4bbb-8bbb-bbbbbbbbbbbb&zona=Zona+Norte,200,65.463,
2026-08-31T04:03:19.410063+00:00,GET,http://localhost:3000/logistics/tenderos/productos-disponibles?tiendaId=bbbbbbbb-bbbb-4bbb-8bbb-bbbbbbbbbbbb&zona=Zona+Norte,200,65.718,
2026-08-31T04:03:19.442832+00:00,GET,http://localhost:3000/logistics/tenderos/productos-disponibles?tiendaId=bbbbbbbb-bbbb-4bbb-8bbb-bbbbbbbbbbbb&zona=Zona+Norte,200,61.266,
2026-08-31T04:03:19.476057+00:00,GET,http://localhost:3000/logistics/tenderos/productos-disponibles?tiendaId=bbbbbbbb-bbbb-4bbb-8bbb-bbbbbbbbbbbb&zona=Zona+Norte,200,60.542,
2026-08-31T04:03:19.510107+00:00,GET,http://localhost:3000/logistics/tenderos/productos-disponibles?tiendaId=bbbbbbbb-bbbb-4bbb-8bbb-bbbbbbbbbbbb&zona=Zona+Norte,200,63.749,
2026-08-31T04:03:19.543533+00:00,GET,http://localhost:3000/logistics/tenderos/productos-disponibles?tiendaId=bbbbbbbb-bbbb-4bbb-8bbb-bbbbbbbbbbbb&zona=Zona+Norte,200,64.813,
2026-08-31T04:03:19.576352+00:00,GET,http://localhost:3000/logistics/tenderos/productos-disponibles?tiendaId=bbbbbbbb-bbbb-4bbb-8bbb-bbbbbbbbbbbb&zona=Zona+Norte,200,64.448,
2026-08-31T04:03:19.609508+00:00,GET,http://localhost:3000/logistics/tenderos/productos-disponibles?tiendaId=bbbbbbbb-bbbb-4bbb-8bbb-bbbbbbbbbbbb&zona=Zona+Norte,200,62.765,
2026-08-31T04:03:19.643103+00:00,GET,http://localhost:3000/logistics/tenderos/productos-disponibles?tiendaId=bbbbbbbb-bbbb-4bbb-8bbb-bbbbbbbbbbbb&zona=Zona+Norte,200,62.542,
2026-08-31T04:03:19.676550+00:00,GET,http://localhost:3000/logistics/tenderos/productos-disponibles?tiendaId=bbbbbbbb-bbbb-4bbb-8bbb-bbbbbbbbbbbb&zona=Zona+Norte,200,63.981,
2026-08-31T04:03:19.709875+00:00,GET,http://localhost:3000/logistics/tenderos/productos-disponibles?tiendaId=bbbbbbbb-bbbb-4bbb-8bbb-bbbbbbbbbbbb&zona=Zona+Norte,200,64.721,
2026-08-31T04:03:19.743015+00:00,GET,http://localhost:3000/logistics/tenderos/productos-disponibles?tiendaId=bbbbbbbb-bbbb-4bbb-8bbb-bbbbbbbbbbbb&zona=Zona+Norte,200,63.900,
2026-08-31T04:03:19.776231+00:00,GET,http://localhost:3000/logistics/tenderos/productos-disponibles?tiendaId=bbbbbbbb-bbbb-4bbb-8bbb-bbbbbbbbbbbb&zona=Zona+Norte,200,61.988,
2026-08-31T04:03:19.809698+00:00,GET,http://localhost:3000/logistics/tenderos/productos-disponibles?tiendaId=bbbbbbbb-bbbb-4bbb-8bbb-bbbbbbbbbbbb&zona=Zona+Norte,200,62.797,
2026-08-31T04:03:19.843321+00:00,GET,http://localhost:3000/logistics/tenderos/productos-disponibles?tiendaId=bbbbbbbb-bbbb-4bbb-8bbb-bbbbbbbbbbbb&zona=Zona+Norte,200,61.443,
2026-08-31T04:03:19.876523+00:00,GET,http://localhost:3000/logistics/tenderos/productos-disponibles?tiendaId=bbbbbbbb-bbbb-4bbb-8bbb-bbbbbbbbbbbb&zona=Zona+Norte,200,61.825,
2026-08-31T04:03:19.909978+00:00,GET,http://localhost:3000/logistics/tenderos/productos-disponibles?tiendaId=bbbbbbbb-bbbb-4bbb-8bbb-bbbbbbbbbbbb&zona=Zona+Norte,200,62.010,
2026-08-31T04:03:19.942994+00:00,GET,http://localhost:3000/logistics/tenderos/productos-disponibles?tiendaId=bbbbbbbb-bbbb-4bbb-8bbb-bbbbbbbbbbbb&zona=Zona+Norte,200,60.089,
2026-08-31T04:03:19.976595+00:00,GET,http://localhost:3000/logistics/tenderos/productos-disponibles?tiendaId=bbbbbbbb-bbbb-4bbb-8bbb-bbbbbbbbbbbb&zona=Zona+Norte,200,63.488,
2026-08-31T04:03:20.010230+00:00,GET,http://localhost:3000/logistics/tenderos/productos-disponibles?tiendaId=bbbbbbbb-bbbb-4bbb-8bbb-bbbbbbbbbbbb&zona=Zona+Norte,200,62.559,
2026-08-31T04:03:20.043102+00:00,GET,http://localhost:3000/logistics/tenderos/productos-disponibles?tiendaId=bbbbbbbb-bbbb-4bbb-8bbb-bbbbbbbbbbbb&zona=Zona+Norte,200,61.360,
2026-08-31T04:03:20.076479+00:00,GET,http://localhost:3000/logistics/tenderos/productos-disponibles?tiendaId=bbbbbbbb-bbbb-4bbb-8bbb-bbbbbbbbbbbb&zona=Zona+Norte,200,61.882,
2026-08-31T04:03:20.110030+00:00,GET,http://localhost:3000/logistics/tenderos/productos-disponibles?tiendaId=bbbbbbbb-bbbb-4bbb-8bbb-bbbbbbbbbbbb&zona=Zona+Norte,200,62.058,
2026-08-31T04:03:20.143294+00:00,GET,http://localhost:3000/logistics/tenderos/productos-disponibles?tiendaId=bbbbbbbb-bbbb-4bbb-8bbb-bbbbbbbbbbbb&zona=Zona+Norte,200,63.421,
2026-08-31T04:03:20.176572+00:00,GET,http://localhost:3000/logistics/tenderos/productos-disponibles?tiendaId=bbbbbbbb-bbbb-4bbb-8bbb-bbbbbbbbbbbb&zona=Zona+Norte,200,62.544,
2026-08-31T04:03:20.209741+00:00,GET,http://localhost:3000/logistics/tenderos/productos-disponibles?tiendaId=bbbbbbbb-bbbb-4bbb-8bbb-bbbbbbbbbbbb&zona=Zona+Norte,200,59.687,
2026-08-31T04:03:20.243202+00:00,GET,http://localhost:3000/logistics/tenderos/productos-disponibles?tiendaId=bbbbbbbb-bbbb-4bbb-8bbb-bbbbbbbbbbbb&zona=Zona+Norte,200,63.717,
2026-08-31T04:03:20.276901+00:00,GET,http://localhost:3000/logistics/tenderos/productos-disponibles?tiendaId=bbbbbbbb-bbbb-4bbb-8bbb-bbbbbbbbbbbb&zona=Zona+Norte,200,60.494,
2026-08-31T04:03:20.309740+00:00,GET,http://localhost:3000/logistics/tenderos/productos-disponibles?tiendaId=bbbbbbbb-bbbb-4bbb-8bbb-bbbbbbbbbbbb&zona=Zona+Norte,200,59.353,
2026-08-31T04:03:20.343450+00:00,GET,http://localhost:3000/logistics/tenderos/productos-disponibles?tiendaId=bbbbbbbb-bbbb-4bbb-8bbb-bbbbbbbbbbbb&zona=Zona+Norte,200,60.287,
2026-08-31T04:03:20.376961+00:00,GET,http://localhost:3000/logistics/tenderos/productos-disponibles?tiendaId=bbbbbbbb-bbbb-4bbb-8bbb-bbbbbbbbbbbb&zona=Zona+Norte,200,62.193,
2026-08-31T04:03:20.409470+00:00,GET,http://localhost:3000/logistics/tenderos/productos-disponibles?tiendaId=bbbbbbbb-bbbb-4bbb-8bbb-bbbbbbbbbbbb&zona=Zona+Norte,200,59.462,
2026-08-31T04:03:20.443233+00:00,GET,http://localhost:3000/logistics/tenderos/productos-disponibles?tiendaId=bbbbbbbb-bbbb-4bbb-8bbb-bbbbbbbbbbbb&zona=Zona+Norte,200,61.643,
2026-08-31T04:03:20.476983+00:00,GET,http://localhost:3000/logistics/tenderos/productos-disponibles?tiendaId=bbbbbbbb-bbbb-4bbb-8bbb-bbbbbbbbbbbb&zona=Zona+Norte,200,60.430,
2026-08-31T04:03:20.509986+00:00,GET,http://localhost:3000/logistics/tenderos/productos-disponibles?tiendaId=bbbbbbbb-bbbb-4bbb-8bbb-bbbbbbbbbbbb&zona=Zona+Norte,200,58.994,
2026-08-31T04:03:20.543430+00:00,GET,http://localhost:3000/logistics/tenderos/productos-disponibles?tiendaId=bbbbbbbb-bbbb-4bbb-8bbb-bbbbbbbbbbbb&zona=Zona+Norte,200,62.467,
2026-08-31T04:03:20.577001+00:00,GET,http://localhost:3000/logistics/tenderos/productos-disponibles?tiendaId=bbbbbbbb-bbbb-4bbb-8bbb-bbbbbbbbbbbb&zona=Zona+Norte,200,58.826,
2026-08-31T04:03:20.609874+00:00,GET,http://localhost:3000/logistics/tenderos/productos-disponibles?tiendaId=bbbbbbbb-bbbb-4bbb-8bbb-bbbbbbbbbbbb&zona=Zona+Norte,200,59.752,
2026-08-31T04:03:20.643698+00:00,GET,http://localhost:3000/logistics/tenderos/productos-disponibles?tiendaId=bbbbbbbb-bbbb-4bbb-8bbb-bbbbbbbbbbbb&zona=Zona+Norte,200,61.753,
2026-08-31T04:03:20.676192+00:00,GET,http://localhost:3000/logistics/tenderos/productos-disponibles?tiendaId=bbbbbbbb-bbbb-4bbb-8bbb-bbbbbbbbbbbb&zona=Zona+Norte,200,62.387,
2026-08-31T04:03:20.709914+00:00,GET,http://localhost:3000/logistics/tenderos/productos-disponibles?tiendaId=bbbbbbbb-bbbb-4bbb-8bbb-bbbbbbbbbbbb&zona=Zona+Norte,200,62.381,
2026-08-31T04:03:20.743333+00:00,GET,http://localhost:3000/logistics/tenderos/productos-disponibles?tiendaId=bbbbbbbb-bbbb-4bbb-8bbb-bbbbbbbbbbbb&zona=Zona+Norte,200,63.270,
2026-08-31T04:03:20.776562+00:00,GET,http://localhost:3000/logistics/tenderos/productos-disponibles?tiendaId=bbbbbbbb-bbbb-4bbb-8bbb-bbbbbbbbbbbb&zona=Zona+Norte,200,61.688,
2026-08-31T04:03:20.809781+00:00,GET,http://localhost:3000/logistics/tenderos/productos-disponibles?tiendaId=bbbbbbbb-bbbb-4bbb-8bbb-bbbbbbbbbbbb&zona=Zona+Norte,200,57.915,
2026-08-31T04:03:20.843402+00:00,GET,http://localhost:3000/logistics/tenderos/productos-disponibles?tiendaId=bbbbbbbb-bbbb-4bbb-8bbb-bbbbbbbbbbbb&zona=Zona+Norte,200,58.526,
2026-08-31T04:03:20.877191+00:00,GET,http://localhost:3000/logistics/tenderos/productos-disponibles?tiendaId=bbbbbbbb-bbbb-4bbb-8bbb-bbbbbbbbbbbb&zona=Zona+Norte,200,61.217,
2026-08-31T04:03:20.910400+00:00,GET,http://localhost:3000/logistics/tenderos/productos-disponibles?tiendaId=bbbbbbbb-bbbb-4bbb-8bbb-bbbbbbbbbbbb&zona=Zona+Norte,200,58.321,
2026-08-31T04:03:20.943329+00:00,GET,http://localhost:3000/logistics/tenderos/productos-disponibles?tiendaId=bbbbbbbb-bbbb-4bbb-8bbb-bbbbbbbbbbbb&zona=Zona+Norte,200,61.428,
2026-08-31T04:03:20.977072+00:00,GET,http://localhost:3000/logistics/tenderos/productos-disponibles?tiendaId=bbbbbbbb-bbbb-4bbb-8bbb-bbbbbbbbbbbb&zona=Zona+Norte,200,57.681,
2026-08-31T04:03:21.009961+00:00,GET,http://localhost:3000/logistics/tenderos/productos-disponibles?tiendaId=bbbbbbbb-bbbb-4bbb-8bbb-bbbbbbbbbbbb&zona=Zona+Norte,200,60.504,
2026-08-31T04:03:21.043855+00:00,GET,http://localhost:3000/logistics/tenderos/productos-disponibles?tiendaId=bbbbbbbb-bbbb-4bbb-8bbb-bbbbbbbbbbbb&zona=Zona+Norte,200,57.157,
2026-08-31T04:03:21.076813+00:00,GET,http://localhost:3000/logistics/tenderos/productos-disponibles?tiendaId=bbbbbbbb-bbbb-4bbb-8bbb-bbbbbbbbbbbb&zona=Zona+Norte,200,59.702,
2026-08-31T04:03:21.110477+00:00,GET,http://localhost:3000/logistics/tenderos/productos-disponibles?tiendaId=bbbbbbbb-bbbb-4bbb-8bbb-bbbbbbbbbbbb&zona=Zona+Norte,200,59.224,
2026-08-31T04:03:21.143618+00:00,GET,http://localhost:3000/logistics/tenderos/productos-disponibles?tiendaId=bbbbbbbb-bbbb-4bbb-8bbb-bbbbbbbbbbbb&zona=Zona+Norte,200,56.894,
2026-08-31T04:03:21.176932+00:00,GET,http://localhost:3000/logistics/tenderos/productos-disponibles?tiendaId=bbbbbbbb-bbbb-4bbb-8bbb-bbbbbbbbbbbb&zona=Zona+Norte,200,60.004,
2026-08-31T04:03:21.210483+00:00,GET,http://localhost:3000/logistics/tenderos/productos-disponibles?tiendaId=bbbbbbbb-bbbb-4bbb-8bbb-bbbbbbbbbbbb&zona=Zona+Norte,200,58.443,
2026-08-31T04:03:21.243528+00:00,GET,http://localhost:3000/logistics/tenderos/productos-disponibles?tiendaId=bbbbbbbb-bbbb-4bbb-8bbb-bbbbbbbbbbbb&zona=Zona+Norte,200,59.964,
2026-08-31T04:03:21.277027+00:00,GET,http://localhost:3000/logistics/tenderos/productos-disponibles?tiendaId=bbbbbbbb-bbbb-4bbb-8bbb-bbbbbbbbbbbb&zona=Zona+Norte,200,59.807,
2026-08-31T04:03:21.309652+00:00,GET,http://localhost:3000/logistics/tenderos/productos-disponibles?tiendaId=bbbbbbbb-bbbb-4bbb-8bbb-bbbbbbbbbbbb&zona=Zona+Norte,200,58.864,
2026-08-31T04:03:21.343569+00:00,GET,http://localhost:3000/logistics/tenderos/productos-disponibles?tiendaId=bbbbbbbb-bbbb-4bbb-8bbb-bbbbbbbbbbbb&zona=Zona+Norte,200,62.261,
2026-08-31T04:03:21.377075+00:00,GET,http://localhost:3000/logistics/tenderos/productos-disponibles?tiendaId=bbbbbbbb-bbbb-4bbb-8bbb-bbbbbbbbbbbb&zona=Zona+Norte,200,58.909,
2026-08-31T04:03:21.409900+00:00,GET,http://localhost:3000/logistics/tenderos/productos-disponibles?tiendaId=bbbbbbbb-bbbb-4bbb-8bbb-bbbbbbbbbbbb&zona=Zona+Norte,200,61.442,
2026-08-31T04:03:21.443646+00:00,GET,http://localhost:3000/logistics/tenderos/productos-disponibles?tiendaId=bbbbbbbb-bbbb-4bbb-8bbb-bbbbbbbbbbbb&zona=Zona+Norte,200,56.043,
2026-08-31T04:03:21.476744+00:00,GET,http://localhost:3000/logistics/tenderos/productos-disponibles?tiendaId=bbbbbbbb-bbbb-4bbb-8bbb-bbbbbbbbbbbb&zona=Zona+Norte,200,62.510,
2026-08-31T04:03:21.510029+00:00,GET,http://localhost:3000/logistics/tenderos/productos-disponibles?tiendaId=bbbbbbbb-bbbb-4bbb-8bbb-bbbbbbbbbbbb&zona=Zona+Norte,200,60.023,
2026-08-31T04:03:21.543228+00:00,GET,http://localhost:3000/logistics/tenderos/productos-disponibles?tiendaId=bbbbbbbb-bbbb-4bbb-8bbb-bbbbbbbbbbbb&zona=Zona+Norte,200,61.859,
2026-08-31T04:03:21.576871+00:00,GET,http://localhost:3000/logistics/tenderos/productos-disponibles?tiendaId=bbbbbbbb-bbbb-4bbb-8bbb-bbbbbbbbbbbb&zona=Zona+Norte,200,61.035,
2026-08-31T04:03:21.609975+00:00,GET,http://localhost:3000/logistics/tenderos/productos-disponibles?tiendaId=bbbbbbbb-bbbb-4bbb-8bbb-bbbbbbbbbbbb&zona=Zona+Norte,200,57.582,
2026-08-31T04:03:21.643409+00:00,GET,http://localhost:3000/logistics/tenderos/productos-disponibles?tiendaId=bbbbbbbb-bbbb-4bbb-8bbb-bbbbbbbbbbbb&zona=Zona+Norte,200,61.049,
2026-08-31T04:03:21.677129+00:00,GET,http://localhost:3000/logistics/tenderos/productos-disponibles?tiendaId=bbbbbbbb-bbbb-4bbb-8bbb-bbbbbbbbbbbb&zona=Zona+Norte,200,60.473,
2026-08-31T04:03:21.709837+00:00,GET,http://localhost:3000/logistics/tenderos/productos-disponibles?tiendaId=bbbbbbbb-bbbb-4bbb-8bbb-bbbbbbbbbbbb&zona=Zona+Norte,200,60.805,
2026-08-31T04:03:21.743457+00:00,GET,http://localhost:3000/logistics/tenderos/productos-disponibles?tiendaId=bbbbbbbb-bbbb-4bbb-8bbb-bbbbbbbbbbbb&zona=Zona+Norte,200,64.883,
2026-08-31T04:03:21.776832+00:00,GET,http://localhost:3000/logistics/tenderos/productos-disponibles?tiendaId=bbbbbbbb-bbbb-4bbb-8bbb-bbbbbbbbbbbb&zona=Zona+Norte,200,65.252,
2026-08-31T04:03:21.809558+00:00,GET,http://localhost:3000/logistics/tenderos/productos-disponibles?tiendaId=bbbbbbbb-bbbb-4bbb-8bbb-bbbbbbbbbbbb&zona=Zona+Norte,200,61.657,
2026-08-31T04:03:21.842944+00:00,GET,http://localhost:3000/logistics/tenderos/productos-disponibles?tiendaId=bbbbbbbb-bbbb-4bbb-8bbb-bbbbbbbbbbbb&zona=Zona+Norte,200,62.987,
2026-08-31T04:03:21.876752+00:00,GET,http://localhost:3000/logistics/tenderos/productos-disponibles?tiendaId=bbbbbbbb-bbbb-4bbb-8bbb-bbbbbbbbbbbb&zona=Zona+Norte,200,58.530,
2026-08-31T04:03:21.909591+00:00,GET,http://localhost:3000/logistics/tenderos/productos-disponibles?tiendaId=bbbbbbbb-bbbb-4bbb-8bbb-bbbbbbbbbbbb&zona=Zona+Norte,200,55.447,
2026-08-31T04:03:21.943730+00:00,GET,http://localhost:3000/logistics/tenderos/productos-disponibles?tiendaId=bbbbbbbb-bbbb-4bbb-8bbb-bbbbbbbbbbbb&zona=Zona+Norte,200,60.710,
2026-08-31T04:03:21.977181+00:00,GET,http://localhost:3000/logistics/tenderos/productos-disponibles?tiendaId=bbbbbbbb-bbbb-4bbb-8bbb-bbbbbbbbbbbb&zona=Zona+Norte,200,63.308,
2026-08-31T04:03:22.010228+00:00,GET,http://localhost:3000/logistics/tenderos/productos-disponibles?tiendaId=bbbbbbbb-bbbb-4bbb-8bbb-bbbbbbbbbbbb&zona=Zona+Norte,200,63.711,
2026-08-31T04:03:22.042982+00:00,GET,http://localhost:3000/logistics/tenderos/productos-disponibles?tiendaId=bbbbbbbb-bbbb-4bbb-8bbb-bbbbbbbbbbbb&zona=Zona+Norte,200,68.202,
2026-08-31T04:03:22.076401+00:00,GET,http://localhost:3000/logistics/tenderos/productos-disponibles?tiendaId=bbbbbbbb-bbbb-4bbb-8bbb-bbbbbbbbbbbb&zona=Zona+Norte,200,60.700,
2026-08-31T04:03:22.110122+00:00,GET,http://localhost:3000/logistics/tenderos/productos-disponibles?tiendaId=bbbbbbbb-bbbb-4bbb-8bbb-bbbbbbbbbbbb&zona=Zona+Norte,200,59.196,
2026-08-31T04:03:22.143529+00:00,GET,http://localhost:3000/logistics/tenderos/productos-disponibles?tiendaId=bbbbbbbb-bbbb-4bbb-8bbb-bbbbbbbbbbbb&zona=Zona+Norte,200,60.814,
2026-08-31T04:03:22.177012+00:00,GET,http://localhost:3000/logistics/tenderos/productos-disponibles?tiendaId=bbbbbbbb-bbbb-4bbb-8bbb-bbbbbbbbbbbb&zona=Zona+Norte,200,63.986,
2026-08-31T04:03:22.210127+00:00,GET,http://localhost:3000/logistics/tenderos/productos-disponibles?tiendaId=bbbbbbbb-bbbb-4bbb-8bbb-bbbbbbbbbbbb&zona=Zona+Norte,200,64.356,
2026-08-31T04:03:22.243042+00:00,GET,http://localhost:3000/logistics/tenderos/productos-disponibles?tiendaId=bbbbbbbb-bbbb-4bbb-8bbb-bbbbbbbbbbbb&zona=Zona+Norte,200,62.823,
2026-08-31T04:03:22.276352+00:00,GET,http://localhost:3000/logistics/tenderos/productos-disponibles?tiendaId=bbbbbbbb-bbbb-4bbb-8bbb-bbbbbbbbbbbb&zona=Zona+Norte,200,63.806,
2026-08-31T04:03:22.309909+00:00,GET,http://localhost:3000/logistics/tenderos/productos-disponibles?tiendaId=bbbbbbbb-bbbb-4bbb-8bbb-bbbbbbbbbbbb&zona=Zona+Norte,200,64.723,
2026-08-31T04:03:22.343160+00:00,GET,http://localhost:3000/logistics/tenderos/productos-disponibles?tiendaId=bbbbbbbb-bbbb-4bbb-8bbb-bbbbbbbbbbbb&zona=Zona+Norte,200,61.432,
2026-08-31T04:03:22.376340+00:00,GET,http://localhost:3000/logistics/tenderos/productos-disponibles?tiendaId=bbbbbbbb-bbbb-4bbb-8bbb-bbbbbbbbbbbb&zona=Zona+Norte,200,60.329,
2026-08-31T04:03:22.410119+00:00,GET,http://localhost:3000/logistics/tenderos/productos-disponibles?tiendaId=bbbbbbbb-bbbb-4bbb-8bbb-bbbbbbbbbbbb&zona=Zona+Norte,200,59.914,
2026-08-31T04:03:22.443598+00:00,GET,http://localhost:3000/logistics/tenderos/productos-disponibles?tiendaId=bbbbbbbb-bbbb-4bbb-8bbb-bbbbbbbbbbbb&zona=Zona+Norte,200,64.655,
2026-08-31T04:03:22.476352+00:00,GET,http://localhost:3000/logistics/tenderos/productos-disponibles?tiendaId=bbbbbbbb-bbbb-4bbb-8bbb-bbbbbbbbbbbb&zona=Zona+Norte,200,63.651,
2026-08-31T04:03:22.509629+00:00,GET,http://localhost:3000/logistics/tenderos/productos-disponibles?tiendaId=bbbbbbbb-bbbb-4bbb-8bbb-bbbbbbbbbbbb&zona=Zona+Norte,200,63.248,
2026-08-31T04:03:22.543064+00:00,GET,http://localhost:3000/logistics/tenderos/productos-disponibles?tiendaId=bbbbbbbb-bbbb-4bbb-8bbb-bbbbbbbbbbbb&zona=Zona+Norte,200,59.250,
2026-08-31T04:03:22.576375+00:00,GET,http://localhost:3000/logistics/tenderos/productos-disponibles?tiendaId=bbbbbbbb-bbbb-4bbb-8bbb-bbbbbbbbbbbb&zona=Zona+Norte,200,57.263,
2026-08-31T04:03:22.610405+00:00,GET,http://localhost:3000/logistics/tenderos/productos-disponibles?tiendaId=bbbbbbbb-bbbb-4bbb-8bbb-bbbbbbbbbbbb&zona=Zona+Norte,200,59.720,
2026-08-31T04:03:22.643791+00:00,GET,http://localhost:3000/logistics/tenderos/productos-disponibles?tiendaId=bbbbbbbb-bbbb-4bbb-8bbb-bbbbbbbbbbbb&zona=Zona+Norte,200,64.596,
2026-08-31T04:03:22.676608+00:00,GET,http://localhost:3000/logistics/tenderos/productos-disponibles?tiendaId=bbbbbbbb-bbbb-4bbb-8bbb-bbbbbbbbbbbb&zona=Zona+Norte,200,59.931,
2026-08-31T04:03:22.709597+00:00,GET,http://localhost:3000/logistics/tenderos/productos-disponibles?tiendaId=bbbbbbbb-bbbb-4bbb-8bbb-bbbbbbbbbbbb&zona=Zona+Norte,200,62.743,
2026-08-31T04:03:22.743618+00:00,GET,http://localhost:3000/logistics/tenderos/productos-disponibles?tiendaId=bbbbbbbb-bbbb-4bbb-8bbb-bbbbbbbbbbbb&zona=Zona+Norte,200,60.182,
2026-08-31T04:03:22.776621+00:00,GET,http://localhost:3000/logistics/tenderos/productos-disponibles?tiendaId=bbbbbbbb-bbbb-4bbb-8bbb-bbbbbbbbbbbb&zona=Zona+Norte,200,65.194,
2026-08-31T04:03:22.810194+00:00,GET,http://localhost:3000/logistics/tenderos/productos-disponibles?tiendaId=bbbbbbbb-bbbb-4bbb-8bbb-bbbbbbbbbbbb&zona=Zona+Norte,200,63.674,
2026-08-31T04:03:22.842933+00:00,GET,http://localhost:3000/logistics/tenderos/productos-disponibles?tiendaId=bbbbbbbb-bbbb-4bbb-8bbb-bbbbbbbbbbbb&zona=Zona+Norte,200,59.916,
2026-08-31T04:03:22.876465+00:00,GET,http://localhost:3000/logistics/tenderos/productos-disponibles?tiendaId=bbbbbbbb-bbbb-4bbb-8bbb-bbbbbbbbbbbb&zona=Zona+Norte,200,63.039,
2026-08-31T04:03:22.909856+00:00,GET,http://localhost:3000/logistics/tenderos/productos-disponibles?tiendaId=bbbbbbbb-bbbb-4bbb-8bbb-bbbbbbbbbbbb&zona=Zona+Norte,200,63.291,
2026-08-31T04:03:22.943249+00:00,GET,http://localhost:3000/logistics/tenderos/productos-disponibles?tiendaId=bbbbbbbb-bbbb-4bbb-8bbb-bbbbbbbbbbbb&zona=Zona+Norte,200,63.490,
2026-08-31T04:03:22.976526+00:00,GET,http://localhost:3000/logistics/tenderos/productos-disponibles?tiendaId=bbbbbbbb-bbbb-4bbb-8bbb-bbbbbbbbbbbb&zona=Zona+Norte,200,63.792,
2026-08-31T04:03:23.009843+00:00,GET,http://localhost:3000/logistics/tenderos/productos-disponibles?tiendaId=bbbbbbbb-bbbb-4bbb-8bbb-bbbbbbbbbbbb&zona=Zona+Norte,200,64.503,
2026-08-31T04:03:23.043213+00:00,GET,http://localhost:3000/logistics/tenderos/productos-disponibles?tiendaId=bbbbbbbb-bbbb-4bbb-8bbb-bbbbbbbbbbbb&zona=Zona+Norte,200,64.315,
2026-08-31T04:03:23.076372+00:00,GET,http://localhost:3000/logistics/tenderos/productos-disponibles?tiendaId=bbbbbbbb-bbbb-4bbb-8bbb-bbbbbbbbbbbb&zona=Zona+Norte,200,60.285,
2026-08-31T04:03:23.109729+00:00,GET,http://localhost:3000/logistics/tenderos/productos-disponibles?tiendaId=bbbbbbbb-bbbb-4bbb-8bbb-bbbbbbbbbbbb&zona=Zona+Norte,200,63.055,
2026-08-31T04:03:23.143475+00:00,GET,http://localhost:3000/logistics/tenderos/productos-disponibles?tiendaId=bbbbbbbb-bbbb-4bbb-8bbb-bbbbbbbbbbbb&zona=Zona+Norte,200,63.252,
2026-08-31T04:03:23.176579+00:00,GET,http://localhost:3000/logistics/tenderos/productos-disponibles?tiendaId=bbbbbbbb-bbbb-4bbb-8bbb-bbbbbbbbbbbb&zona=Zona+Norte,200,60.078,
2026-08-31T04:03:23.209842+00:00,GET,http://localhost:3000/logistics/tenderos/productos-disponibles?tiendaId=bbbbbbbb-bbbb-4bbb-8bbb-bbbbbbbbbbbb&zona=Zona+Norte,200,60.482,
2026-08-31T04:03:23.243622+00:00,GET,http://localhost:3000/logistics/tenderos/productos-disponibles?tiendaId=bbbbbbbb-bbbb-4bbb-8bbb-bbbbbbbbbbbb&zona=Zona+Norte,200,60.149,
2026-08-31T04:03:23.276890+00:00,GET,http://localhost:3000/logistics/tenderos/productos-disponibles?tiendaId=bbbbbbbb-bbbb-4bbb-8bbb-bbbbbbbbbbbb&zona=Zona+Norte,200,64.239,
2026-08-31T04:03:23.310228+00:00,GET,http://localhost:3000/logistics/tenderos/productos-disponibles?tiendaId=bbbbbbbb-bbbb-4bbb-8bbb-bbbbbbbbbbbb&zona=Zona+Norte,200,63.842,
2026-08-31T04:03:23.343040+00:00,GET,http://localhost:3000/logistics/tenderos/productos-disponibles?tiendaId=bbbbbbbb-bbbb-4bbb-8bbb-bbbbbbbbbbbb&zona=Zona+Norte,200,62.837,
2026-08-31T04:03:23.376407+00:00,GET,http://localhost:3000/logistics/tenderos/productos-disponibles?tiendaId=bbbbbbbb-bbbb-4bbb-8bbb-bbbbbbbbbbbb&zona=Zona+Norte,200,63.240,
2026-08-31T04:03:23.409941+00:00,GET,http://localhost:3000/logistics/tenderos/productos-disponibles?tiendaId=bbbbbbbb-bbbb-4bbb-8bbb-bbbbbbbbbbbb&zona=Zona+Norte,200,65.348,
2026-08-31T04:03:23.443260+00:00,GET,http://localhost:3000/logistics/tenderos/productos-disponibles?tiendaId=bbbbbbbb-bbbb-4bbb-8bbb-bbbbbbbbbbbb&zona=Zona+Norte,200,62.853,
2026-08-31T04:03:23.476261+00:00,GET,http://localhost:3000/logistics/tenderos/productos-disponibles?tiendaId=bbbbbbbb-bbbb-4bbb-8bbb-bbbbbbbbbbbb&zona=Zona+Norte,200,60.338,
2026-08-31T04:03:23.509926+00:00,GET,http://localhost:3000/logistics/tenderos/productos-disponibles?tiendaId=bbbbbbbb-bbbb-4bbb-8bbb-bbbbbbbbbbbb&zona=Zona+Norte,200,61.518,
2026-08-31T04:03:23.543629+00:00,GET,http://localhost:3000/logistics/tenderos/productos-disponibles?tiendaId=bbbbbbbb-bbbb-4bbb-8bbb-bbbbbbbbbbbb&zona=Zona+Norte,200,62.335,
2026-08-31T04:03:23.576786+00:00,GET,http://localhost:3000/logistics/tenderos/productos-disponibles?tiendaId=bbbbbbbb-bbbb-4bbb-8bbb-bbbbbbbbbbbb&zona=Zona+Norte,200,61.374,
2026-08-31T04:03:23.609945+00:00,GET,http://localhost:3000/logistics/tenderos/productos-disponibles?tiendaId=bbbbbbbb-bbbb-4bbb-8bbb-bbbbbbbbbbbb&zona=Zona+Norte,200,58.860,
2026-08-31T04:03:23.643491+00:00,GET,http://localhost:3000/logistics/tenderos/productos-disponibles?tiendaId=bbbbbbbb-bbbb-4bbb-8bbb-bbbbbbbbbbbb&zona=Zona+Norte,200,59.958,
2026-08-31T04:03:23.677135+00:00,GET,http://localhost:3000/logistics/tenderos/productos-disponibles?tiendaId=bbbbbbbb-bbbb-4bbb-8bbb-bbbbbbbbbbbb&zona=Zona+Norte,200,61.166,
2026-08-31T04:03:23.710310+00:00,GET,http://localhost:3000/logistics/tenderos/productos-disponibles?tiendaId=bbbbbbbb-bbbb-4bbb-8bbb-bbbbbbbbbbbb&zona=Zona+Norte,200,67.954,
2026-08-31T04:03:23.743439+00:00,GET,http://localhost:3000/logistics/tenderos/productos-disponibles?tiendaId=bbbbbbbb-bbbb-4bbb-8bbb-bbbbbbbbbbbb&zona=Zona+Norte,200,72.375,
2026-08-31T04:03:23.777209+00:00,GET,http://localhost:3000/logistics/tenderos/productos-disponibles?tiendaId=bbbbbbbb-bbbb-4bbb-8bbb-bbbbbbbbbbbb&zona=Zona+Norte,200,67.035,
2026-08-31T04:03:23.810542+00:00,GET,http://localhost:3000/logistics/tenderos/productos-disponibles?tiendaId=bbbbbbbb-bbbb-4bbb-8bbb-bbbbbbbbbbbb&zona=Zona+Norte,200,72.855,
2026-08-31T04:03:23.843281+00:00,GET,http://localhost:3000/logistics/tenderos/productos-disponibles?tiendaId=bbbbbbbb-bbbb-4bbb-8bbb-bbbbbbbbbbbb&zona=Zona+Norte,200,75.365,
2026-08-31T04:03:23.876588+00:00,GET,http://localhost:3000/logistics/tenderos/productos-disponibles?tiendaId=bbbbbbbb-bbbb-4bbb-8bbb-bbbbbbbbbbbb&zona=Zona+Norte,200,69.315,
2026-08-31T04:03:23.910547+00:00,GET,http://localhost:3000/logistics/tenderos/productos-disponibles?tiendaId=bbbbbbbb-bbbb-4bbb-8bbb-bbbbbbbbbbbb&zona=Zona+Norte,200,71.867,
2026-08-31T04:03:23.943902+00:00,GET,http://localhost:3000/logistics/tenderos/productos-disponibles?tiendaId=bbbbbbbb-bbbb-4bbb-8bbb-bbbbbbbbbbbb&zona=Zona+Norte,200,67.903,
2026-08-31T04:03:23.976611+00:00,GET,http://localhost:3000/logistics/tenderos/productos-disponibles?tiendaId=bbbbbbbb-bbbb-4bbb-8bbb-bbbbbbbbbbbb&zona=Zona+Norte,200,67.638,
2026-08-31T04:03:24.010116+00:00,GET,http://localhost:3000/logistics/tenderos/productos-disponibles?tiendaId=bbbbbbbb-bbbb-4bbb-8bbb-bbbbbbbbbbbb&zona=Zona+Norte,200,66.978,
2026-08-31T04:03:24.043180+00:00,GET,http://localhost:3000/logistics/tenderos/productos-disponibles?tiendaId=bbbbbbbb-bbbb-4bbb-8bbb-bbbbbbbbbbbb&zona=Zona+Norte,200,65.946,
2026-08-31T04:03:24.077134+00:00,GET,http://localhost:3000/logistics/tenderos/productos-disponibles?tiendaId=bbbbbbbb-bbbb-4bbb-8bbb-bbbbbbbbbbbb&zona=Zona+Norte,200,61.031,
2026-08-31T04:03:24.109547+00:00,GET,http://localhost:3000/logistics/tenderos/productos-disponibles?tiendaId=bbbbbbbb-bbbb-4bbb-8bbb-bbbbbbbbbbbb&zona=Zona+Norte,200,66.804,
2026-08-31T04:03:24.143095+00:00,GET,http://localhost:3000/logistics/tenderos/productos-disponibles?tiendaId=bbbbbbbb-bbbb-4bbb-8bbb-bbbbbbbbbbbb&zona=Zona+Norte,200,64.464,
2026-08-31T04:03:24.176413+00:00,GET,http://localhost:3000/logistics/tenderos/productos-disponibles?tiendaId=bbbbbbbb-bbbb-4bbb-8bbb-bbbbbbbbbbbb&zona=Zona+Norte,200,65.463,
2026-08-31T04:03:24.209778+00:00,GET,http://localhost:3000/logistics/tenderos/productos-disponibles?tiendaId=bbbbbbbb-bbbb-4bbb-8bbb-bbbbbbbbbbbb&zona=Zona+Norte,200,61.711,
2026-08-31T04:03:24.243044+00:00,GET,http://localhost:3000/logistics/tenderos/productos-disponibles?tiendaId=bbbbbbbb-bbbb-4bbb-8bbb-bbbbbbbbbbbb&zona=Zona+Norte,200,65.465,
2026-08-31T04:03:24.276810+00:00,GET,http://localhost:3000/logistics/tenderos/productos-disponibles?tiendaId=bbbbbbbb-bbbb-4bbb-8bbb-bbbbbbbbbbbb&zona=Zona+Norte,200,64.723,
2026-08-31T04:03:24.309695+00:00,GET,http://localhost:3000/logistics/tenderos/productos-disponibles?tiendaId=bbbbbbbb-bbbb-4bbb-8bbb-bbbbbbbbbbbb&zona=Zona+Norte,200,61.852,
2026-08-31T04:03:24.343043+00:00,GET,http://localhost:3000/logistics/tenderos/productos-disponibles?tiendaId=bbbbbbbb-bbbb-4bbb-8bbb-bbbbbbbbbbbb&zona=Zona+Norte,200,63.829,
2026-08-31T04:03:24.376795+00:00,GET,http://localhost:3000/logistics/tenderos/productos-disponibles?tiendaId=bbbbbbbb-bbbb-4bbb-8bbb-bbbbbbbbbbbb&zona=Zona+Norte,200,62.208,
2026-08-31T04:03:24.409866+00:00,GET,http://localhost:3000/logistics/tenderos/productos-disponibles?tiendaId=bbbbbbbb-bbbb-4bbb-8bbb-bbbbbbbbbbbb&zona=Zona+Norte,200,64.214,
2026-08-31T04:03:24.443367+00:00,GET,http://localhost:3000/logistics/tenderos/productos-disponibles?tiendaId=bbbbbbbb-bbbb-4bbb-8bbb-bbbbbbbbbbbb&zona=Zona+Norte,200,62.656,
2026-08-31T04:03:24.476462+00:00,GET,http://localhost:3000/logistics/tenderos/productos-disponibles?tiendaId=bbbbbbbb-bbbb-4bbb-8bbb-bbbbbbbbbbbb&zona=Zona+Norte,200,61.409,
2026-08-31T04:03:24.509650+00:00,GET,http://localhost:3000/logistics/tenderos/productos-disponibles?tiendaId=bbbbbbbb-bbbb-4bbb-8bbb-bbbbbbbbbbbb&zona=Zona+Norte,200,64.475,
2026-08-31T04:03:24.543549+00:00,GET,http://localhost:3000/logistics/tenderos/productos-disponibles?tiendaId=bbbbbbbb-bbbb-4bbb-8bbb-bbbbbbbbbbbb&zona=Zona+Norte,200,61.660,
2026-08-31T04:03:24.576292+00:00,GET,http://localhost:3000/logistics/tenderos/productos-disponibles?tiendaId=bbbbbbbb-bbbb-4bbb-8bbb-bbbbbbbbbbbb&zona=Zona+Norte,200,60.486,
2026-08-31T04:03:24.610106+00:00,GET,http://localhost:3000/logistics/tenderos/productos-disponibles?tiendaId=bbbbbbbb-bbbb-4bbb-8bbb-bbbbbbbbbbbb&zona=Zona+Norte,200,60.680,
2026-08-31T04:03:24.643799+00:00,GET,http://localhost:3000/logistics/tenderos/productos-disponibles?tiendaId=bbbbbbbb-bbbb-4bbb-8bbb-bbbbbbbbbbbb&zona=Zona+Norte,200,64.388,
2026-08-31T04:03:24.676925+00:00,GET,http://localhost:3000/logistics/tenderos/productos-disponibles?tiendaId=bbbbbbbb-bbbb-4bbb-8bbb-bbbbbbbbbbbb&zona=Zona+Norte,200,64.470,
2026-08-31T04:03:24.709685+00:00,GET,http://localhost:3000/logistics/tenderos/productos-disponibles?tiendaId=bbbbbbbb-bbbb-4bbb-8bbb-bbbbbbbbbbbb&zona=Zona+Norte,200,64.297,
2026-08-31T04:03:24.742986+00:00,GET,http://localhost:3000/logistics/tenderos/productos-disponibles?tiendaId=bbbbbbbb-bbbb-4bbb-8bbb-bbbbbbbbbbbb&zona=Zona+Norte,200,64.339,
2026-08-31T04:03:24.776496+00:00,GET,http://localhost:3000/logistics/tenderos/productos-disponibles?tiendaId=bbbbbbbb-bbbb-4bbb-8bbb-bbbbbbbbbbbb&zona=Zona+Norte,200,63.357,
2026-08-31T04:03:24.809841+00:00,GET,http://localhost:3000/logistics/tenderos/productos-disponibles?tiendaId=bbbbbbbb-bbbb-4bbb-8bbb-bbbbbbbbbbbb&zona=Zona+Norte,200,66.369,
2026-08-31T04:03:24.843262+00:00,GET,http://localhost:3000/logistics/tenderos/productos-disponibles?tiendaId=bbbbbbbb-bbbb-4bbb-8bbb-bbbbbbbbbbbb&zona=Zona+Norte,200,68.814,
2026-08-31T04:03:24.876252+00:00,GET,http://localhost:3000/logistics/tenderos/productos-disponibles?tiendaId=bbbbbbbb-bbbb-4bbb-8bbb-bbbbbbbbbbbb&zona=Zona+Norte,200,65.719,
2026-08-31T04:03:24.910202+00:00,GET,http://localhost:3000/logistics/tenderos/productos-disponibles?tiendaId=bbbbbbbb-bbbb-4bbb-8bbb-bbbbbbbbbbbb&zona=Zona+Norte,200,60.879,
2026-08-31T04:03:24.942976+00:00,GET,http://localhost:3000/logistics/tenderos/productos-disponibles?tiendaId=bbbbbbbb-bbbb-4bbb-8bbb-bbbbbbbbbbbb&zona=Zona+Norte,200,62.363,
2026-08-31T04:03:24.976851+00:00,GET,http://localhost:3000/logistics/tenderos/productos-disponibles?tiendaId=bbbbbbbb-bbbb-4bbb-8bbb-bbbbbbbbbbbb&zona=Zona+Norte,200,60.761,
2026-08-31T04:03:25.010062+00:00,GET,http://localhost:3000/logistics/tenderos/productos-disponibles?tiendaId=bbbbbbbb-bbbb-4bbb-8bbb-bbbbbbbbbbbb&zona=Zona+Norte,200,56.527,
2026-08-31T04:03:25.043524+00:00,GET,http://localhost:3000/logistics/tenderos/productos-disponibles?tiendaId=bbbbbbbb-bbbb-4bbb-8bbb-bbbbbbbbbbbb&zona=Zona+Norte,200,59.422,
2026-08-31T04:03:25.077268+00:00,GET,http://localhost:3000/logistics/tenderos/productos-disponibles?tiendaId=bbbbbbbb-bbbb-4bbb-8bbb-bbbbbbbbbbbb&zona=Zona+Norte,200,60.398,
2026-08-31T04:03:25.110390+00:00,GET,http://localhost:3000/logistics/tenderos/productos-disponibles?tiendaId=bbbbbbbb-bbbb-4bbb-8bbb-bbbbbbbbbbbb&zona=Zona+Norte,200,62.556,
2026-08-31T04:03:25.143522+00:00,GET,http://localhost:3000/logistics/tenderos/productos-disponibles?tiendaId=bbbbbbbb-bbbb-4bbb-8bbb-bbbbbbbbbbbb&zona=Zona+Norte,200,62.822,
2026-08-31T04:03:25.176618+00:00,GET,http://localhost:3000/logistics/tenderos/productos-disponibles?tiendaId=bbbbbbbb-bbbb-4bbb-8bbb-bbbbbbbbbbbb&zona=Zona+Norte,200,63.333,
2026-08-31T04:03:25.209956+00:00,GET,http://localhost:3000/logistics/tenderos/productos-disponibles?tiendaId=bbbbbbbb-bbbb-4bbb-8bbb-bbbbbbbbbbbb&zona=Zona+Norte,200,65.034,
2026-08-31T04:03:25.243282+00:00,GET,http://localhost:3000/logistics/tenderos/productos-disponibles?tiendaId=bbbbbbbb-bbbb-4bbb-8bbb-bbbbbbbbbbbb&zona=Zona+Norte,200,67.014,
2026-08-31T04:03:25.276397+00:00,GET,http://localhost:3000/logistics/tenderos/productos-disponibles?tiendaId=bbbbbbbb-bbbb-4bbb-8bbb-bbbbbbbbbbbb&zona=Zona+Norte,200,66.818,
2026-08-31T04:03:25.310098+00:00,GET,http://localhost:3000/logistics/tenderos/productos-disponibles?tiendaId=bbbbbbbb-bbbb-4bbb-8bbb-bbbbbbbbbbbb&zona=Zona+Norte,200,64.996,
2026-08-31T04:03:25.343253+00:00,GET,http://localhost:3000/logistics/tenderos/productos-disponibles?tiendaId=bbbbbbbb-bbbb-4bbb-8bbb-bbbbbbbbbbbb&zona=Zona+Norte,200,63.827,
2026-08-31T04:03:25.376351+00:00,GET,http://localhost:3000/logistics/tenderos/productos-disponibles?tiendaId=bbbbbbbb-bbbb-4bbb-8bbb-bbbbbbbbbbbb&zona=Zona+Norte,200,63.122,
2026-08-31T04:03:25.409884+00:00,GET,http://localhost:3000/logistics/tenderos/productos-disponibles?tiendaId=bbbbbbbb-bbbb-4bbb-8bbb-bbbbbbbbbbbb&zona=Zona+Norte,200,62.855,
2026-08-31T04:03:25.442980+00:00,GET,http://localhost:3000/logistics/tenderos/productos-disponibles?tiendaId=bbbbbbbb-bbbb-4bbb-8bbb-bbbbbbbbbbbb&zona=Zona+Norte,200,62.086,
2026-08-31T04:03:25.476671+00:00,GET,http://localhost:3000/logistics/tenderos/productos-disponibles?tiendaId=bbbbbbbb-bbbb-4bbb-8bbb-bbbbbbbbbbbb&zona=Zona+Norte,200,62.532,
2026-08-31T04:03:25.510136+00:00,GET,http://localhost:3000/logistics/tenderos/productos-disponibles?tiendaId=bbbbbbbb-bbbb-4bbb-8bbb-bbbbbbbbbbbb&zona=Zona+Norte,200,61.802,
2026-08-31T04:03:25.543397+00:00,GET,http://localhost:3000/logistics/tenderos/productos-disponibles?tiendaId=bbbbbbbb-bbbb-4bbb-8bbb-bbbbbbbbbbbb&zona=Zona+Norte,200,61.835,
2026-08-31T04:03:25.576473+00:00,GET,http://localhost:3000/logistics/tenderos/productos-disponibles?tiendaId=bbbbbbbb-bbbb-4bbb-8bbb-bbbbbbbbbbbb&zona=Zona+Norte,200,62.588,
2026-08-31T04:03:25.610132+00:00,GET,http://localhost:3000/logistics/tenderos/productos-disponibles?tiendaId=bbbbbbbb-bbbb-4bbb-8bbb-bbbbbbbbbbbb&zona=Zona+Norte,200,58.604,
2026-08-31T04:03:25.643174+00:00,GET,http://localhost:3000/logistics/tenderos/productos-disponibles?tiendaId=bbbbbbbb-bbbb-4bbb-8bbb-bbbbbbbbbbbb&zona=Zona+Norte,200,61.993,
2026-08-31T04:03:25.677012+00:00,GET,http://localhost:3000/logistics/tenderos/productos-disponibles?tiendaId=bbbbbbbb-bbbb-4bbb-8bbb-bbbbbbbbbbbb&zona=Zona+Norte,200,62.211,
2026-08-31T04:03:25.710132+00:00,GET,http://localhost:3000/logistics/tenderos/productos-disponibles?tiendaId=bbbbbbbb-bbbb-4bbb-8bbb-bbbbbbbbbbbb&zona=Zona+Norte,200,62.294,
2026-08-31T04:03:25.743382+00:00,GET,http://localhost:3000/logistics/tenderos/productos-disponibles?tiendaId=bbbbbbbb-bbbb-4bbb-8bbb-bbbbbbbbbbbb&zona=Zona+Norte,200,58.945,
2026-08-31T04:03:25.776722+00:00,GET,http://localhost:3000/logistics/tenderos/productos-disponibles?tiendaId=bbbbbbbb-bbbb-4bbb-8bbb-bbbbbbbbbbbb&zona=Zona+Norte,200,62.083,
2026-08-31T04:03:25.810496+00:00,GET,http://localhost:3000/logistics/tenderos/productos-disponibles?tiendaId=bbbbbbbb-bbbb-4bbb-8bbb-bbbbbbbbbbbb&zona=Zona+Norte,200,60.384,
2026-08-31T04:03:25.843476+00:00,GET,http://localhost:3000/logistics/tenderos/productos-disponibles?tiendaId=bbbbbbbb-bbbb-4bbb-8bbb-bbbbbbbbbbbb&zona=Zona+Norte,200,61.424,
2026-08-31T04:03:25.876568+00:00,GET,http://localhost:3000/logistics/tenderos/productos-disponibles?tiendaId=bbbbbbbb-bbbb-4bbb-8bbb-bbbbbbbbbbbb&zona=Zona+Norte,200,60.423,
2026-08-31T04:03:25.910228+00:00,GET,http://localhost:3000/logistics/tenderos/productos-disponibles?tiendaId=bbbbbbbb-bbbb-4bbb-8bbb-bbbbbbbbbbbb&zona=Zona+Norte,200,62.330,
2026-08-31T04:03:25.943652+00:00,GET,http://localhost:3000/logistics/tenderos/productos-disponibles?tiendaId=bbbbbbbb-bbbb-4bbb-8bbb-bbbbbbbbbbbb&zona=Zona+Norte,200,58.587,
2026-08-31T04:03:25.976734+00:00,GET,http://localhost:3000/logistics/tenderos/productos-disponibles?tiendaId=bbbbbbbb-bbbb-4bbb-8bbb-bbbbbbbbbbbb&zona=Zona+Norte,200,61.071,
2026-08-31T04:03:26.010554+00:00,GET,http://localhost:3000/logistics/tenderos/productos-disponibles?tiendaId=bbbbbbbb-bbbb-4bbb-8bbb-bbbbbbbbbbbb&zona=Zona+Norte,200,63.038,
2026-08-31T04:03:26.043653+00:00,GET,http://localhost:3000/logistics/tenderos/productos-disponibles?tiendaId=bbbbbbbb-bbbb-4bbb-8bbb-bbbbbbbbbbbb&zona=Zona+Norte,200,63.703,
2026-08-31T04:03:26.076598+00:00,GET,http://localhost:3000/logistics/tenderos/productos-disponibles?tiendaId=bbbbbbbb-bbbb-4bbb-8bbb-bbbbbbbbbbbb&zona=Zona+Norte,200,64.256,
2026-08-31T04:03:26.109903+00:00,GET,http://localhost:3000/logistics/tenderos/productos-disponibles?tiendaId=bbbbbbbb-bbbb-4bbb-8bbb-bbbbbbbbbbbb&zona=Zona+Norte,200,64.304,
2026-08-31T04:03:26.143266+00:00,GET,http://localhost:3000/logistics/tenderos/productos-disponibles?tiendaId=bbbbbbbb-bbbb-4bbb-8bbb-bbbbbbbbbbbb&zona=Zona+Norte,200,60.950,
2026-08-31T04:03:26.176600+00:00,GET,http://localhost:3000/logistics/tenderos/productos-disponibles?tiendaId=bbbbbbbb-bbbb-4bbb-8bbb-bbbbbbbbbbbb&zona=Zona+Norte,200,58.919,
2026-08-31T04:03:26.210355+00:00,GET,http://localhost:3000/logistics/tenderos/productos-disponibles?tiendaId=bbbbbbbb-bbbb-4bbb-8bbb-bbbbbbbbbbbb&zona=Zona+Norte,200,63.463,
2026-08-31T04:03:26.243676+00:00,GET,http://localhost:3000/logistics/tenderos/productos-disponibles?tiendaId=bbbbbbbb-bbbb-4bbb-8bbb-bbbbbbbbbbbb&zona=Zona+Norte,200,64.343,
2026-08-31T04:03:26.276625+00:00,GET,http://localhost:3000/logistics/tenderos/productos-disponibles?tiendaId=bbbbbbbb-bbbb-4bbb-8bbb-bbbbbbbbbbbb&zona=Zona+Norte,200,63.916,
2026-08-31T04:03:26.309846+00:00,GET,http://localhost:3000/logistics/tenderos/productos-disponibles?tiendaId=bbbbbbbb-bbbb-4bbb-8bbb-bbbbbbbbbbbb&zona=Zona+Norte,200,63.067,
2026-08-31T04:03:26.343366+00:00,GET,http://localhost:3000/logistics/tenderos/productos-disponibles?tiendaId=bbbbbbbb-bbbb-4bbb-8bbb-bbbbbbbbbbbb&zona=Zona+Norte,200,64.402,
2026-08-31T04:03:26.376765+00:00,GET,http://localhost:3000/logistics/tenderos/productos-disponibles?tiendaId=bbbbbbbb-bbbb-4bbb-8bbb-bbbbbbbbbbbb&zona=Zona+Norte,200,61.069,
2026-08-31T04:03:26.409948+00:00,GET,http://localhost:3000/logistics/tenderos/productos-disponibles?tiendaId=bbbbbbbb-bbbb-4bbb-8bbb-bbbbbbbbbbbb&zona=Zona+Norte,200,60.506,
2026-08-31T04:03:26.443485+00:00,GET,http://localhost:3000/logistics/tenderos/productos-disponibles?tiendaId=bbbbbbbb-bbbb-4bbb-8bbb-bbbbbbbbbbbb&zona=Zona+Norte,200,63.171,
2026-08-31T04:03:26.477084+00:00,GET,http://localhost:3000/logistics/tenderos/productos-disponibles?tiendaId=bbbbbbbb-bbbb-4bbb-8bbb-bbbbbbbbbbbb&zona=Zona+Norte,200,64.828,
2026-08-31T04:03:26.510060+00:00,GET,http://localhost:3000/logistics/tenderos/productos-disponibles?tiendaId=bbbbbbbb-bbbb-4bbb-8bbb-bbbbbbbbbbbb&zona=Zona+Norte,200,63.916,
2026-08-31T04:03:26.543204+00:00,GET,http://localhost:3000/logistics/tenderos/productos-disponibles?tiendaId=bbbbbbbb-bbbb-4bbb-8bbb-bbbbbbbbbbbb&zona=Zona+Norte,200,64.692,
2026-08-31T04:03:26.576687+00:00,GET,http://localhost:3000/logistics/tenderos/productos-disponibles?tiendaId=bbbbbbbb-bbbb-4bbb-8bbb-bbbbbbbbbbbb&zona=Zona+Norte,200,64.562,
2026-08-31T04:03:26.609978+00:00,GET,http://localhost:3000/logistics/tenderos/productos-disponibles?tiendaId=bbbbbbbb-bbbb-4bbb-8bbb-bbbbbbbbbbbb&zona=Zona+Norte,200,65.111,
2026-08-31T04:03:26.643430+00:00,GET,http://localhost:3000/logistics/tenderos/productos-disponibles?tiendaId=bbbbbbbb-bbbb-4bbb-8bbb-bbbbbbbbbbbb&zona=Zona+Norte,200,62.220,
2026-08-31T04:03:26.676601+00:00,GET,http://localhost:3000/logistics/tenderos/productos-disponibles?tiendaId=bbbbbbbb-bbbb-4bbb-8bbb-bbbbbbbbbbbb&zona=Zona+Norte,200,63.283,
2026-08-31T04:03:26.710252+00:00,GET,http://localhost:3000/logistics/tenderos/productos-disponibles?tiendaId=bbbbbbbb-bbbb-4bbb-8bbb-bbbbbbbbbbbb&zona=Zona+Norte,200,63.269,
2026-08-31T04:03:26.743460+00:00,GET,http://localhost:3000/logistics/tenderos/productos-disponibles?tiendaId=bbbbbbbb-bbbb-4bbb-8bbb-bbbbbbbbbbbb&zona=Zona+Norte,200,60.533,
2026-08-31T04:03:26.776790+00:00,GET,http://localhost:3000/logistics/tenderos/productos-disponibles?tiendaId=bbbbbbbb-bbbb-4bbb-8bbb-bbbbbbbbbbbb&zona=Zona+Norte,200,59.645,
2026-08-31T04:03:26.810442+00:00,GET,http://localhost:3000/logistics/tenderos/productos-disponibles?tiendaId=bbbbbbbb-bbbb-4bbb-8bbb-bbbbbbbbbbbb&zona=Zona+Norte,200,63.927,
2026-08-31T04:03:26.843902+00:00,GET,http://localhost:3000/logistics/tenderos/productos-disponibles?tiendaId=bbbbbbbb-bbbb-4bbb-8bbb-bbbbbbbbbbbb&zona=Zona+Norte,200,62.813,
2026-08-31T04:03:26.876634+00:00,GET,http://localhost:3000/logistics/tenderos/productos-disponibles?tiendaId=bbbbbbbb-bbbb-4bbb-8bbb-bbbbbbbbbbbb&zona=Zona+Norte,200,59.655,
2026-08-31T04:03:26.910104+00:00,GET,http://localhost:3000/logistics/tenderos/productos-disponibles?tiendaId=bbbbbbbb-bbbb-4bbb-8bbb-bbbbbbbbbbbb&zona=Zona+Norte,200,62.614,
2026-08-31T04:03:26.943923+00:00,GET,http://localhost:3000/logistics/tenderos/productos-disponibles?tiendaId=bbbbbbbb-bbbb-4bbb-8bbb-bbbbbbbbbbbb&zona=Zona+Norte,200,62.767,
2026-08-31T04:03:26.976863+00:00,GET,http://localhost:3000/logistics/tenderos/productos-disponibles?tiendaId=bbbbbbbb-bbbb-4bbb-8bbb-bbbbbbbbbbbb&zona=Zona+Norte,200,58.685,
2026-08-31T04:03:27.010134+00:00,GET,http://localhost:3000/logistics/tenderos/productos-disponibles?tiendaId=bbbbbbbb-bbbb-4bbb-8bbb-bbbbbbbbbbbb&zona=Zona+Norte,200,61.846,
2026-08-31T04:03:27.044005+00:00,GET,http://localhost:3000/logistics/tenderos/productos-disponibles?tiendaId=bbbbbbbb-bbbb-4bbb-8bbb-bbbbbbbbbbbb&zona=Zona+Norte,200,63.368,
2026-08-31T04:03:27.076937+00:00,GET,http://localhost:3000/logistics/tenderos/productos-disponibles?tiendaId=bbbbbbbb-bbbb-4bbb-8bbb-bbbbbbbbbbbb&zona=Zona+Norte,200,62.736,
2026-08-31T04:03:27.110016+00:00,GET,http://localhost:3000/logistics/tenderos/productos-disponibles?tiendaId=bbbbbbbb-bbbb-4bbb-8bbb-bbbbbbbbbbbb&zona=Zona+Norte,200,62.407,
2026-08-31T04:03:27.143514+00:00,GET,http://localhost:3000/logistics/tenderos/productos-disponibles?tiendaId=bbbbbbbb-bbbb-4bbb-8bbb-bbbbbbbbbbbb&zona=Zona+Norte,200,62.014,
2026-08-31T04:03:27.176893+00:00,GET,http://localhost:3000/logistics/tenderos/productos-disponibles?tiendaId=bbbbbbbb-bbbb-4bbb-8bbb-bbbbbbbbbbbb&zona=Zona+Norte,200,58.799,
2026-08-31T04:03:27.210272+00:00,GET,http://localhost:3000/logistics/tenderos/productos-disponibles?tiendaId=bbbbbbbb-bbbb-4bbb-8bbb-bbbbbbbbbbbb&zona=Zona+Norte,200,61.966,
2026-08-31T04:03:27.243996+00:00,GET,http://localhost:3000/logistics/tenderos/productos-disponibles?tiendaId=bbbbbbbb-bbbb-4bbb-8bbb-bbbbbbbbbbbb&zona=Zona+Norte,200,62.122,
2026-08-31T04:03:27.276956+00:00,GET,http://localhost:3000/logistics/tenderos/productos-disponibles?tiendaId=bbbbbbbb-bbbb-4bbb-8bbb-bbbbbbbbbbbb&zona=Zona+Norte,200,61.924,
2026-08-31T04:03:27.310205+00:00,GET,http://localhost:3000/logistics/tenderos/productos-disponibles?tiendaId=bbbbbbbb-bbbb-4bbb-8bbb-bbbbbbbbbbbb&zona=Zona+Norte,200,61.482,
2026-08-31T04:03:27.343614+00:00,GET,http://localhost:3000/logistics/tenderos/productos-disponibles?tiendaId=bbbbbbbb-bbbb-4bbb-8bbb-bbbbbbbbbbbb&zona=Zona+Norte,200,62.449,
2026-08-31T04:03:27.377005+00:00,GET,http://localhost:3000/logistics/tenderos/productos-disponibles?tiendaId=bbbbbbbb-bbbb-4bbb-8bbb-bbbbbbbbbbbb&zona=Zona+Norte,200,61.443,
2026-08-31T04:03:27.410190+00:00,GET,http://localhost:3000/logistics/tenderos/productos-disponibles?tiendaId=bbbbbbbb-bbbb-4bbb-8bbb-bbbbbbbbbbbb&zona=Zona+Norte,200,62.102,
2026-08-31T04:03:27.443597+00:00,GET,http://localhost:3000/logistics/tenderos/productos-disponibles?tiendaId=bbbbbbbb-bbbb-4bbb-8bbb-bbbbbbbbbbbb&zona=Zona+Norte,200,62.276,
2026-08-31T04:03:27.476934+00:00,GET,http://localhost:3000/logistics/tenderos/productos-disponibles?tiendaId=bbbbbbbb-bbbb-4bbb-8bbb-bbbbbbbbbbbb&zona=Zona+Norte,200,62.282,
2026-08-31T04:03:27.510223+00:00,GET,http://localhost:3000/logistics/tenderos/productos-disponibles?tiendaId=bbbbbbbb-bbbb-4bbb-8bbb-bbbbbbbbbbbb&zona=Zona+Norte,200,59.675,
2026-08-31T04:03:27.543578+00:00,GET,http://localhost:3000/logistics/tenderos/productos-disponibles?tiendaId=bbbbbbbb-bbbb-4bbb-8bbb-bbbbbbbbbbbb&zona=Zona+Norte,200,59.853,
2026-08-31T04:03:27.577231+00:00,GET,http://localhost:3000/logistics/tenderos/productos-disponibles?tiendaId=bbbbbbbb-bbbb-4bbb-8bbb-bbbbbbbbbbbb&zona=Zona+Norte,200,59.513,
2026-08-31T04:03:27.610532+00:00,GET,http://localhost:3000/logistics/tenderos/productos-disponibles?tiendaId=bbbbbbbb-bbbb-4bbb-8bbb-bbbbbbbbbbbb&zona=Zona+Norte,200,59.468,
2026-08-31T04:03:27.643927+00:00,GET,http://localhost:3000/logistics/tenderos/productos-disponibles?tiendaId=bbbbbbbb-bbbb-4bbb-8bbb-bbbbbbbbbbbb&zona=Zona+Norte,200,58.286,
2026-08-31T04:03:27.677216+00:00,GET,http://localhost:3000/logistics/tenderos/productos-disponibles?tiendaId=bbbbbbbb-bbbb-4bbb-8bbb-bbbbbbbbbbbb&zona=Zona+Norte,200,62.152,
2026-08-31T04:03:27.710427+00:00,GET,http://localhost:3000/logistics/tenderos/productos-disponibles?tiendaId=bbbbbbbb-bbbb-4bbb-8bbb-bbbbbbbbbbbb&zona=Zona+Norte,200,61.792,
2026-08-31T04:03:27.743582+00:00,GET,http://localhost:3000/logistics/tenderos/productos-disponibles?tiendaId=bbbbbbbb-bbbb-4bbb-8bbb-bbbbbbbbbbbb&zona=Zona+Norte,200,59.705,
2026-08-31T04:03:27.776595+00:00,GET,http://localhost:3000/logistics/tenderos/productos-disponibles?tiendaId=bbbbbbbb-bbbb-4bbb-8bbb-bbbbbbbbbbbb&zona=Zona+Norte,200,59.383,
2026-08-31T04:03:27.810027+00:00,GET,http://localhost:3000/logistics/tenderos/productos-disponibles?tiendaId=bbbbbbbb-bbbb-4bbb-8bbb-bbbbbbbbbbbb&zona=Zona+Norte,200,63.065,
2026-08-31T04:03:27.843133+00:00,GET,http://localhost:3000/logistics/tenderos/productos-disponibles?tiendaId=bbbbbbbb-bbbb-4bbb-8bbb-bbbbbbbbbbbb&zona=Zona+Norte,200,62.859,
2026-08-31T04:03:27.876836+00:00,GET,http://localhost:3000/logistics/tenderos/productos-disponibles?tiendaId=bbbbbbbb-bbbb-4bbb-8bbb-bbbbbbbbbbbb&zona=Zona+Norte,200,61.985,
2026-08-31T04:03:27.910213+00:00,GET,http://localhost:3000/logistics/tenderos/productos-disponibles?tiendaId=bbbbbbbb-bbbb-4bbb-8bbb-bbbbbbbbbbbb&zona=Zona+Norte,200,59.018,
2026-08-31T04:03:27.943634+00:00,GET,http://localhost:3000/logistics/tenderos/productos-disponibles?tiendaId=bbbbbbbb-bbbb-4bbb-8bbb-bbbbbbbbbbbb&zona=Zona+Norte,200,62.732,
2026-08-31T04:03:27.977330+00:00,GET,http://localhost:3000/logistics/tenderos/productos-disponibles?tiendaId=bbbbbbbb-bbbb-4bbb-8bbb-bbbbbbbbbbbb&zona=Zona+Norte,200,59.043,
2026-08-31T04:03:28.010181+00:00,GET,http://localhost:3000/logistics/tenderos/productos-disponibles?tiendaId=bbbbbbbb-bbbb-4bbb-8bbb-bbbbbbbbbbbb&zona=Zona+Norte,200,62.416,
2026-08-31T04:03:28.043963+00:00,GET,http://localhost:3000/logistics/tenderos/productos-disponibles?tiendaId=bbbbbbbb-bbbb-4bbb-8bbb-bbbbbbbbbbbb&zona=Zona+Norte,200,58.912,
2026-08-31T04:03:28.076911+00:00,GET,http://localhost:3000/logistics/tenderos/productos-disponibles?tiendaId=bbbbbbbb-bbbb-4bbb-8bbb-bbbbbbbbbbbb&zona=Zona+Norte,200,59.498,
2026-08-31T04:03:28.110631+00:00,GET,http://localhost:3000/logistics/tenderos/productos-disponibles?tiendaId=bbbbbbbb-bbbb-4bbb-8bbb-bbbbbbbbbbbb&zona=Zona+Norte,200,62.286,
2026-08-31T04:03:28.143934+00:00,GET,http://localhost:3000/logistics/tenderos/productos-disponibles?tiendaId=bbbbbbbb-bbbb-4bbb-8bbb-bbbbbbbbbbbb&zona=Zona+Norte,200,62.262,
2026-08-31T04:03:28.176857+00:00,GET,http://localhost:3000/logistics/tenderos/productos-disponibles?tiendaId=bbbbbbbb-bbbb-4bbb-8bbb-bbbbbbbbbbbb&zona=Zona+Norte,200,61.668,
2026-08-31T04:03:28.210230+00:00,GET,http://localhost:3000/logistics/tenderos/productos-disponibles?tiendaId=bbbbbbbb-bbbb-4bbb-8bbb-bbbbbbbbbbbb&zona=Zona+Norte,200,61.658,
2026-08-31T04:03:28.243722+00:00,GET,http://localhost:3000/logistics/tenderos/productos-disponibles?tiendaId=bbbbbbbb-bbbb-4bbb-8bbb-bbbbbbbbbbbb&zona=Zona+Norte,200,62.283,
2026-08-31T04:03:28.276995+00:00,GET,http://localhost:3000/logistics/tenderos/productos-disponibles?tiendaId=bbbbbbbb-bbbb-4bbb-8bbb-bbbbbbbbbbbb&zona=Zona+Norte,200,59.403,
2026-08-31T04:03:28.310231+00:00,GET,http://localhost:3000/logistics/tenderos/productos-disponibles?tiendaId=bbbbbbbb-bbbb-4bbb-8bbb-bbbbbbbbbbbb&zona=Zona+Norte,200,62.746,
2026-08-31T04:03:28.343940+00:00,GET,http://localhost:3000/logistics/tenderos/productos-disponibles?tiendaId=bbbbbbbb-bbbb-4bbb-8bbb-bbbbbbbbbbbb&zona=Zona+Norte,200,59.765,
2026-08-31T04:03:28.376712+00:00,GET,http://localhost:3000/logistics/tenderos/productos-disponibles?tiendaId=bbbbbbbb-bbbb-4bbb-8bbb-bbbbbbbbbbbb&zona=Zona+Norte,200,62.754,
2026-08-31T04:03:28.410544+00:00,GET,http://localhost:3000/logistics/tenderos/productos-disponibles?tiendaId=bbbbbbbb-bbbb-4bbb-8bbb-bbbbbbbbbbbb&zona=Zona+Norte,200,62.233,
2026-08-31T04:03:28.443560+00:00,GET,http://localhost:3000/logistics/tenderos/productos-disponibles?tiendaId=bbbbbbbb-bbbb-4bbb-8bbb-bbbbbbbbbbbb&zona=Zona+Norte,200,64.242,
2026-08-31T04:03:28.476734+00:00,GET,http://localhost:3000/logistics/tenderos/productos-disponibles?tiendaId=bbbbbbbb-bbbb-4bbb-8bbb-bbbbbbbbbbbb&zona=Zona+Norte,200,59.125,
2026-08-31T04:03:28.509909+00:00,GET,http://localhost:3000/logistics/tenderos/productos-disponibles?tiendaId=bbbbbbbb-bbbb-4bbb-8bbb-bbbbbbbbbbbb&zona=Zona+Norte,200,59.649,
2026-08-31T04:03:28.544021+00:00,GET,http://localhost:3000/logistics/tenderos/productos-disponibles?tiendaId=bbbbbbbb-bbbb-4bbb-8bbb-bbbbbbbbbbbb&zona=Zona+Norte,200,59.213,
2026-08-31T04:03:28.577306+00:00,GET,http://localhost:3000/logistics/tenderos/productos-disponibles?tiendaId=bbbbbbbb-bbbb-4bbb-8bbb-bbbbbbbbbbbb&zona=Zona+Norte,200,62.154,
2026-08-31T04:03:28.610370+00:00,GET,http://localhost:3000/logistics/tenderos/productos-disponibles?tiendaId=bbbbbbbb-bbbb-4bbb-8bbb-bbbbbbbbbbbb&zona=Zona+Norte,200,59.274,
2026-08-31T04:03:28.643620+00:00,GET,http://localhost:3000/logistics/tenderos/productos-disponibles?tiendaId=bbbbbbbb-bbbb-4bbb-8bbb-bbbbbbbbbbbb&zona=Zona+Norte,200,58.174,
2026-08-31T04:03:28.677300+00:00,GET,http://localhost:3000/logistics/tenderos/productos-disponibles?tiendaId=bbbbbbbb-bbbb-4bbb-8bbb-bbbbbbbbbbbb&zona=Zona+Norte,200,61.830,
2026-08-31T04:03:28.710786+00:00,GET,http://localhost:3000/logistics/tenderos/productos-disponibles?tiendaId=bbbbbbbb-bbbb-4bbb-8bbb-bbbbbbbbbbbb&zona=Zona+Norte,200,59.401,
2026-08-31T04:03:28.743631+00:00,GET,http://localhost:3000/logistics/tenderos/productos-disponibles?tiendaId=bbbbbbbb-bbbb-4bbb-8bbb-bbbbbbbbbbbb&zona=Zona+Norte,200,59.177,
2026-08-31T04:03:28.776766+00:00,GET,http://localhost:3000/logistics/tenderos/productos-disponibles?tiendaId=bbbbbbbb-bbbb-4bbb-8bbb-bbbbbbbbbbbb&zona=Zona+Norte,200,57.798,
2026-08-31T04:03:28.810658+00:00,GET,http://localhost:3000/logistics/tenderos/productos-disponibles?tiendaId=bbbbbbbb-bbbb-4bbb-8bbb-bbbbbbbbbbbb&zona=Zona+Norte,200,60.382,
2026-08-31T04:03:28.844141+00:00,GET,http://localhost:3000/logistics/tenderos/productos-disponibles?tiendaId=bbbbbbbb-bbbb-4bbb-8bbb-bbbbbbbbbbbb&zona=Zona+Norte,200,56.988,
2026-08-31T04:03:28.877154+00:00,GET,http://localhost:3000/logistics/tenderos/productos-disponibles?tiendaId=bbbbbbbb-bbbb-4bbb-8bbb-bbbbbbbbbbbb&zona=Zona+Norte,200,60.076,
2026-08-31T04:03:28.910627+00:00,GET,http://localhost:3000/logistics/tenderos/productos-disponibles?tiendaId=bbbbbbbb-bbbb-4bbb-8bbb-bbbbbbbbbbbb&zona=Zona+Norte,200,61.066,
2026-08-31T04:03:28.943894+00:00,GET,http://localhost:3000/logistics/tenderos/productos-disponibles?tiendaId=bbbbbbbb-bbbb-4bbb-8bbb-bbbbbbbbbbbb&zona=Zona+Norte,200,56.575,
2026-08-31T04:03:28.977021+00:00,GET,http://localhost:3000/logistics/tenderos/productos-disponibles?tiendaId=bbbbbbbb-bbbb-4bbb-8bbb-bbbbbbbbbbbb&zona=Zona+Norte,200,59.627,
2026-08-31T04:03:29.010840+00:00,GET,http://localhost:3000/logistics/tenderos/productos-disponibles?tiendaId=bbbbbbbb-bbbb-4bbb-8bbb-bbbbbbbbbbbb&zona=Zona+Norte,200,59.441,
2026-08-31T04:03:29.043978+00:00,GET,http://localhost:3000/logistics/tenderos/productos-disponibles?tiendaId=bbbbbbbb-bbbb-4bbb-8bbb-bbbbbbbbbbbb&zona=Zona+Norte,200,60.828,
2026-08-31T04:03:29.077245+00:00,GET,http://localhost:3000/logistics/tenderos/productos-disponibles?tiendaId=bbbbbbbb-bbbb-4bbb-8bbb-bbbbbbbbbbbb&zona=Zona+Norte,200,62.091,
2026-08-31T04:03:29.110445+00:00,GET,http://localhost:3000/logistics/tenderos/productos-disponibles?tiendaId=bbbbbbbb-bbbb-4bbb-8bbb-bbbbbbbbbbbb&zona=Zona+Norte,200,59.192,
2026-08-31T04:03:29.143619+00:00,GET,http://localhost:3000/logistics/tenderos/productos-disponibles?tiendaId=bbbbbbbb-bbbb-4bbb-8bbb-bbbbbbbbbbbb&zona=Zona+Norte,200,55.993,
2026-08-31T04:03:29.177301+00:00,GET,http://localhost:3000/logistics/tenderos/productos-disponibles?tiendaId=bbbbbbbb-bbbb-4bbb-8bbb-bbbbbbbbbbbb&zona=Zona+Norte,200,57.360,
2026-08-31T04:03:29.210862+00:00,GET,http://localhost:3000/logistics/tenderos/productos-disponibles?tiendaId=bbbbbbbb-bbbb-4bbb-8bbb-bbbbbbbbbbbb&zona=Zona+Norte,200,59.650,
2026-08-31T04:03:29.243712+00:00,GET,http://localhost:3000/logistics/tenderos/productos-disponibles?tiendaId=bbbbbbbb-bbbb-4bbb-8bbb-bbbbbbbbbbbb&zona=Zona+Norte,200,61.429,
2026-08-31T04:03:29.277212+00:00,GET,http://localhost:3000/logistics/tenderos/productos-disponibles?tiendaId=bbbbbbbb-bbbb-4bbb-8bbb-bbbbbbbbbbbb&zona=Zona+Norte,200,58.781,
2026-08-31T04:03:29.310391+00:00,GET,http://localhost:3000/logistics/tenderos/productos-disponibles?tiendaId=bbbbbbbb-bbbb-4bbb-8bbb-bbbbbbbbbbbb&zona=Zona+Norte,200,59.554,
2026-08-31T04:03:29.343262+00:00,GET,http://localhost:3000/logistics/tenderos/productos-disponibles?tiendaId=bbbbbbbb-bbbb-4bbb-8bbb-bbbbbbbbbbbb&zona=Zona+Norte,200,58.610,
2026-08-31T04:03:29.377291+00:00,GET,http://localhost:3000/logistics/tenderos/productos-disponibles?tiendaId=bbbbbbbb-bbbb-4bbb-8bbb-bbbbbbbbbbbb&zona=Zona+Norte,200,62.039,
2026-08-31T04:03:29.410857+00:00,GET,http://localhost:3000/logistics/tenderos/productos-disponibles?tiendaId=bbbbbbbb-bbbb-4bbb-8bbb-bbbbbbbbbbbb&zona=Zona+Norte,200,57.007,
2026-08-31T04:03:29.443643+00:00,GET,http://localhost:3000/logistics/tenderos/productos-disponibles?tiendaId=bbbbbbbb-bbbb-4bbb-8bbb-bbbbbbbbbbbb&zona=Zona+Norte,200,61.355,
2026-08-31T04:03:29.477490+00:00,GET,http://localhost:3000/logistics/tenderos/productos-disponibles?tiendaId=bbbbbbbb-bbbb-4bbb-8bbb-bbbbbbbbbbbb&zona=Zona+Norte,200,60.416,
2026-08-31T04:03:29.510468+00:00,GET,http://localhost:3000/logistics/tenderos/productos-disponibles?tiendaId=bbbbbbbb-bbbb-4bbb-8bbb-bbbbbbbbbbbb&zona=Zona+Norte,200,62.278,
2026-08-31T04:03:29.543799+00:00,GET,http://localhost:3000/logistics/tenderos/productos-disponibles?tiendaId=bbbbbbbb-bbbb-4bbb-8bbb-bbbbbbbbbbbb&zona=Zona+Norte,200,64.049,
2026-08-31T04:03:29.576982+00:00,GET,http://localhost:3000/logistics/tenderos/productos-disponibles?tiendaId=bbbbbbbb-bbbb-4bbb-8bbb-bbbbbbbbbbbb&zona=Zona+Norte,200,61.465,
2026-08-31T04:03:29.610082+00:00,GET,http://localhost:3000/logistics/tenderos/productos-disponibles?tiendaId=bbbbbbbb-bbbb-4bbb-8bbb-bbbbbbbbbbbb&zona=Zona+Norte,200,66.148,
2026-08-31T04:03:29.643830+00:00,GET,http://localhost:3000/logistics/tenderos/productos-disponibles?tiendaId=bbbbbbbb-bbbb-4bbb-8bbb-bbbbbbbbbbbb&zona=Zona+Norte,200,63.454,
2026-08-31T04:03:29.676503+00:00,GET,http://localhost:3000/logistics/tenderos/productos-disponibles?tiendaId=bbbbbbbb-bbbb-4bbb-8bbb-bbbbbbbbbbbb&zona=Zona+Norte,200,64.433,
2026-08-31T04:03:29.710129+00:00,GET,http://localhost:3000/logistics/tenderos/productos-disponibles?tiendaId=bbbbbbbb-bbbb-4bbb-8bbb-bbbbbbbbbbbb&zona=Zona+Norte,200,61.326,
2026-08-31T04:03:29.743471+00:00,GET,http://localhost:3000/logistics/tenderos/productos-disponibles?tiendaId=bbbbbbbb-bbbb-4bbb-8bbb-bbbbbbbbbbbb&zona=Zona+Norte,200,63.870,
2026-08-31T04:03:29.777145+00:00,GET,http://localhost:3000/logistics/tenderos/productos-disponibles?tiendaId=bbbbbbbb-bbbb-4bbb-8bbb-bbbbbbbbbbbb&zona=Zona+Norte,200,60.541,
2026-08-31T04:03:29.810153+00:00,GET,http://localhost:3000/logistics/tenderos/productos-disponibles?tiendaId=bbbbbbbb-bbbb-4bbb-8bbb-bbbbbbbbbbbb&zona=Zona+Norte,200,63.861,
2026-08-31T04:03:29.843877+00:00,GET,http://localhost:3000/logistics/tenderos/productos-disponibles?tiendaId=bbbbbbbb-bbbb-4bbb-8bbb-bbbbbbbbbbbb&zona=Zona+Norte,200,59.873,
2026-08-31T04:03:29.876820+00:00,GET,http://localhost:3000/logistics/tenderos/productos-disponibles?tiendaId=bbbbbbbb-bbbb-4bbb-8bbb-bbbbbbbbbbbb&zona=Zona+Norte,200,60.988,
2026-08-31T04:03:29.910582+00:00,GET,http://localhost:3000/logistics/tenderos/productos-disponibles?tiendaId=bbbbbbbb-bbbb-4bbb-8bbb-bbbbbbbbbbbb&zona=Zona+Norte,200,59.640,
2026-08-31T04:03:29.943610+00:00,GET,http://localhost:3000/logistics/tenderos/productos-disponibles?tiendaId=bbbbbbbb-bbbb-4bbb-8bbb-bbbbbbbbbbbb&zona=Zona+Norte,200,61.908,
2026-08-31T04:03:29.977123+00:00,GET,http://localhost:3000/logistics/tenderos/productos-disponibles?tiendaId=bbbbbbbb-bbbb-4bbb-8bbb-bbbbbbbbbbbb&zona=Zona+Norte,200,63.656,
2026-08-31T04:03:30.010407+00:00,GET,http://localhost:3000/logistics/tenderos/productos-disponibles?tiendaId=bbbbbbbb-bbbb-4bbb-8bbb-bbbbbbbbbbbb&zona=Zona+Norte,200,62.576,
2026-08-31T04:03:30.043477+00:00,GET,http://localhost:3000/logistics/tenderos/productos-disponibles?tiendaId=bbbbbbbb-bbbb-4bbb-8bbb-bbbbbbbbbbbb&zona=Zona+Norte,200,61.115,
2026-08-31T04:03:30.076943+00:00,GET,http://localhost:3000/logistics/tenderos/productos-disponibles?tiendaId=bbbbbbbb-bbbb-4bbb-8bbb-bbbbbbbbbbbb&zona=Zona+Norte,200,61.061,
2026-08-31T04:03:30.110550+00:00,GET,http://localhost:3000/logistics/tenderos/productos-disponibles?tiendaId=bbbbbbbb-bbbb-4bbb-8bbb-bbbbbbbbbbbb&zona=Zona+Norte,200,65.158,
2026-08-31T04:03:30.143860+00:00,GET,http://localhost:3000/logistics/tenderos/productos-disponibles?tiendaId=bbbbbbbb-bbbb-4bbb-8bbb-bbbbbbbbbbbb&zona=Zona+Norte,200,66.370,
2026-08-31T04:03:30.176582+00:00,GET,http://localhost:3000/logistics/tenderos/productos-disponibles?tiendaId=bbbbbbbb-bbbb-4bbb-8bbb-bbbbbbbbbbbb&zona=Zona+Norte,200,61.196,
2026-08-31T04:03:30.210259+00:00,GET,http://localhost:3000/logistics/tenderos/productos-disponibles?tiendaId=bbbbbbbb-bbbb-4bbb-8bbb-bbbbbbbbbbbb&zona=Zona+Norte,200,60.731,
2026-08-31T04:03:30.243930+00:00,GET,http://localhost:3000/logistics/tenderos/productos-disponibles?tiendaId=bbbbbbbb-bbbb-4bbb-8bbb-bbbbbbbbbbbb&zona=Zona+Norte,200,60.608,
2026-08-31T04:03:30.277202+00:00,GET,http://localhost:3000/logistics/tenderos/productos-disponibles?tiendaId=bbbbbbbb-bbbb-4bbb-8bbb-bbbbbbbbbbbb&zona=Zona+Norte,200,65.384,
2026-08-31T04:03:30.310503+00:00,GET,http://localhost:3000/logistics/tenderos/productos-disponibles?tiendaId=bbbbbbbb-bbbb-4bbb-8bbb-bbbbbbbbbbbb&zona=Zona+Norte,200,60.847,
2026-08-31T04:03:30.343255+00:00,GET,http://localhost:3000/logistics/tenderos/productos-disponibles?tiendaId=bbbbbbbb-bbbb-4bbb-8bbb-bbbbbbbbbbbb&zona=Zona+Norte,200,62.520,
2026-08-31T04:03:30.376661+00:00,GET,http://localhost:3000/logistics/tenderos/productos-disponibles?tiendaId=bbbbbbbb-bbbb-4bbb-8bbb-bbbbbbbbbbbb&zona=Zona+Norte,200,63.877,
2026-08-31T04:03:30.410370+00:00,GET,http://localhost:3000/logistics/tenderos/productos-disponibles?tiendaId=bbbbbbbb-bbbb-4bbb-8bbb-bbbbbbbbbbbb&zona=Zona+Norte,200,63.552,
2026-08-31T04:03:30.443546+00:00,GET,http://localhost:3000/logistics/tenderos/productos-disponibles?tiendaId=bbbbbbbb-bbbb-4bbb-8bbb-bbbbbbbbbbbb&zona=Zona+Norte,200,63.419,
2026-08-31T04:03:30.476832+00:00,GET,http://localhost:3000/logistics/tenderos/productos-disponibles?tiendaId=bbbbbbbb-bbbb-4bbb-8bbb-bbbbbbbbbbbb&zona=Zona+Norte,200,62.265,
2026-08-31T04:03:30.510168+00:00,GET,http://localhost:3000/logistics/tenderos/productos-disponibles?tiendaId=bbbbbbbb-bbbb-4bbb-8bbb-bbbbbbbbbbbb&zona=Zona+Norte,200,65.437,
2026-08-31T04:03:30.543701+00:00,GET,http://localhost:3000/logistics/tenderos/productos-disponibles?tiendaId=bbbbbbbb-bbbb-4bbb-8bbb-bbbbbbbbbbbb&zona=Zona+Norte,200,66.009,
2026-08-31T04:03:30.576597+00:00,GET,http://localhost:3000/logistics/tenderos/productos-disponibles?tiendaId=bbbbbbbb-bbbb-4bbb-8bbb-bbbbbbbbbbbb&zona=Zona+Norte,200,65.782,
2026-08-31T04:03:30.609825+00:00,GET,http://localhost:3000/logistics/tenderos/productos-disponibles?tiendaId=bbbbbbbb-bbbb-4bbb-8bbb-bbbbbbbbbbbb&zona=Zona+Norte,200,64.972,
2026-08-31T04:03:30.643376+00:00,GET,http://localhost:3000/logistics/tenderos/productos-disponibles?tiendaId=bbbbbbbb-bbbb-4bbb-8bbb-bbbbbbbbbbbb&zona=Zona+Norte,200,65.536,
2026-08-31T04:03:30.676756+00:00,GET,http://localhost:3000/logistics/tenderos/productos-disponibles?tiendaId=bbbbbbbb-bbbb-4bbb-8bbb-bbbbbbbbbbbb&zona=Zona+Norte,200,62.819,
2026-08-31T04:03:30.709944+00:00,GET,http://localhost:3000/logistics/tenderos/productos-disponibles?tiendaId=bbbbbbbb-bbbb-4bbb-8bbb-bbbbbbbbbbbb&zona=Zona+Norte,200,63.017,
2026-08-31T04:03:30.743669+00:00,GET,http://localhost:3000/logistics/tenderos/productos-disponibles?tiendaId=bbbbbbbb-bbbb-4bbb-8bbb-bbbbbbbbbbbb&zona=Zona+Norte,200,62.941,
2026-08-31T04:03:30.776950+00:00,GET,http://localhost:3000/logistics/tenderos/productos-disponibles?tiendaId=bbbbbbbb-bbbb-4bbb-8bbb-bbbbbbbbbbbb&zona=Zona+Norte,200,67.956,
2026-08-31T04:03:30.810241+00:00,GET,http://localhost:3000/logistics/tenderos/productos-disponibles?tiendaId=bbbbbbbb-bbbb-4bbb-8bbb-bbbbbbbbbbbb&zona=Zona+Norte,200,59.002,
2026-08-31T04:03:30.844243+00:00,GET,http://localhost:3000/logistics/tenderos/productos-disponibles?tiendaId=bbbbbbbb-bbbb-4bbb-8bbb-bbbbbbbbbbbb&zona=Zona+Norte,200,59.601,
2026-08-31T04:03:30.877433+00:00,GET,http://localhost:3000/logistics/tenderos/productos-disponibles?tiendaId=bbbbbbbb-bbbb-4bbb-8bbb-bbbbbbbbbbbb&zona=Zona+Norte,200,58.808,
2026-08-31T04:03:30.910606+00:00,GET,http://localhost:3000/logistics/tenderos/productos-disponibles?tiendaId=bbbbbbbb-bbbb-4bbb-8bbb-bbbbbbbbbbbb&zona=Zona+Norte,200,63.419,
2026-08-31T04:03:30.943565+00:00,GET,http://localhost:3000/logistics/tenderos/productos-disponibles?tiendaId=bbbbbbbb-bbbb-4bbb-8bbb-bbbbbbbbbbbb&zona=Zona+Norte,200,63.210,
2026-08-31T04:03:30.976846+00:00,GET,http://localhost:3000/logistics/tenderos/productos-disponibles?tiendaId=bbbbbbbb-bbbb-4bbb-8bbb-bbbbbbbbbbbb&zona=Zona+Norte,200,63.007,
2026-08-31T04:03:31.010245+00:00,GET,http://localhost:3000/logistics/tenderos/productos-disponibles?tiendaId=bbbbbbbb-bbbb-4bbb-8bbb-bbbbbbbbbbbb&zona=Zona+Norte,200,60.339,
2026-08-31T04:03:31.043241+00:00,GET,http://localhost:3000/logistics/tenderos/productos-disponibles?tiendaId=bbbbbbbb-bbbb-4bbb-8bbb-bbbbbbbbbbbb&zona=Zona+Norte,200,62.527,
2026-08-31T04:03:31.077263+00:00,GET,http://localhost:3000/logistics/tenderos/productos-disponibles?tiendaId=bbbbbbbb-bbbb-4bbb-8bbb-bbbbbbbbbbbb&zona=Zona+Norte,200,62.111,
2026-08-31T04:03:31.110384+00:00,GET,http://localhost:3000/logistics/tenderos/productos-disponibles?tiendaId=bbbbbbbb-bbbb-4bbb-8bbb-bbbbbbbbbbbb&zona=Zona+Norte,200,61.579,
2026-08-31T04:03:31.143665+00:00,GET,http://localhost:3000/logistics/tenderos/productos-disponibles?tiendaId=bbbbbbbb-bbbb-4bbb-8bbb-bbbbbbbbbbbb&zona=Zona+Norte,200,58.476,
2026-08-31T04:03:31.177090+00:00,GET,http://localhost:3000/logistics/tenderos/productos-disponibles?tiendaId=bbbbbbbb-bbbb-4bbb-8bbb-bbbbbbbbbbbb&zona=Zona+Norte,200,58.056,
2026-08-31T04:03:31.210869+00:00,GET,http://localhost:3000/logistics/tenderos/productos-disponibles?tiendaId=bbbbbbbb-bbbb-4bbb-8bbb-bbbbbbbbbbbb&zona=Zona+Norte,200,61.680,
2026-08-31T04:03:31.244216+00:00,GET,http://localhost:3000/logistics/tenderos/productos-disponibles?tiendaId=bbbbbbbb-bbbb-4bbb-8bbb-bbbbbbbbbbbb&zona=Zona+Norte,200,62.021,
2026-08-31T04:03:31.277015+00:00,GET,http://localhost:3000/logistics/tenderos/productos-disponibles?tiendaId=bbbbbbbb-bbbb-4bbb-8bbb-bbbbbbbbbbbb&zona=Zona+Norte,200,61.526,
2026-08-31T04:03:31.310233+00:00,GET,http://localhost:3000/logistics/tenderos/productos-disponibles?tiendaId=bbbbbbbb-bbbb-4bbb-8bbb-bbbbbbbbbbbb&zona=Zona+Norte,200,61.688,
2026-08-31T04:03:31.343790+00:00,GET,http://localhost:3000/logistics/tenderos/productos-disponibles?tiendaId=bbbbbbbb-bbbb-4bbb-8bbb-bbbbbbbbbbbb&zona=Zona+Norte,200,59.765,
2026-08-31T04:03:31.377106+00:00,GET,http://localhost:3000/logistics/tenderos/productos-disponibles?tiendaId=bbbbbbbb-bbbb-4bbb-8bbb-bbbbbbbbbbbb&zona=Zona+Norte,200,61.201,
2026-08-31T04:03:31.410665+00:00,GET,http://localhost:3000/logistics/tenderos/productos-disponibles?tiendaId=bbbbbbbb-bbbb-4bbb-8bbb-bbbbbbbbbbbb&zona=Zona+Norte,200,61.907,
2026-08-31T04:03:31.443345+00:00,GET,http://localhost:3000/logistics/tenderos/productos-disponibles?tiendaId=bbbbbbbb-bbbb-4bbb-8bbb-bbbbbbbbbbbb&zona=Zona+Norte,200,59.435,
2026-08-31T04:03:31.477028+00:00,GET,http://localhost:3000/logistics/tenderos/productos-disponibles?tiendaId=bbbbbbbb-bbbb-4bbb-8bbb-bbbbbbbbbbbb&zona=Zona+Norte,200,58.601,
2026-08-31T04:03:31.510773+00:00,GET,http://localhost:3000/logistics/tenderos/productos-disponibles?tiendaId=bbbbbbbb-bbbb-4bbb-8bbb-bbbbbbbbbbbb&zona=Zona+Norte,200,59.788,
2026-08-31T04:03:31.544171+00:00,GET,http://localhost:3000/logistics/tenderos/productos-disponibles?tiendaId=bbbbbbbb-bbbb-4bbb-8bbb-bbbbbbbbbbbb&zona=Zona+Norte,200,63.362,
2026-08-31T04:03:31.577304+00:00,GET,http://localhost:3000/logistics/tenderos/productos-disponibles?tiendaId=bbbbbbbb-bbbb-4bbb-8bbb-bbbbbbbbbbbb&zona=Zona+Norte,200,62.928,
2026-08-31T04:03:31.610147+00:00,GET,http://localhost:3000/logistics/tenderos/productos-disponibles?tiendaId=bbbbbbbb-bbbb-4bbb-8bbb-bbbbbbbbbbbb&zona=Zona+Norte,200,58.858,
2026-08-31T04:03:31.643640+00:00,GET,http://localhost:3000/logistics/tenderos/productos-disponibles?tiendaId=bbbbbbbb-bbbb-4bbb-8bbb-bbbbbbbbbbbb&zona=Zona+Norte,200,62.107,
2026-08-31T04:03:31.677509+00:00,GET,http://localhost:3000/logistics/tenderos/productos-disponibles?tiendaId=bbbbbbbb-bbbb-4bbb-8bbb-bbbbbbbbbbbb&zona=Zona+Norte,200,63.159,
2026-08-31T04:03:31.710416+00:00,GET,http://localhost:3000/logistics/tenderos/productos-disponibles?tiendaId=bbbbbbbb-bbbb-4bbb-8bbb-bbbbbbbbbbbb&zona=Zona+Norte,200,58.575,
2026-08-31T04:03:31.743557+00:00,GET,http://localhost:3000/logistics/tenderos/productos-disponibles?tiendaId=bbbbbbbb-bbbb-4bbb-8bbb-bbbbbbbbbbbb&zona=Zona+Norte,200,61.251,
2026-08-31T04:03:31.777492+00:00,GET,http://localhost:3000/logistics/tenderos/productos-disponibles?tiendaId=bbbbbbbb-bbbb-4bbb-8bbb-bbbbbbbbbbbb&zona=Zona+Norte,200,61.898,
2026-08-31T04:03:31.810530+00:00,GET,http://localhost:3000/logistics/tenderos/productos-disponibles?tiendaId=bbbbbbbb-bbbb-4bbb-8bbb-bbbbbbbbbbbb&zona=Zona+Norte,200,58.462,
2026-08-31T04:03:31.843693+00:00,GET,http://localhost:3000/logistics/tenderos/productos-disponibles?tiendaId=bbbbbbbb-bbbb-4bbb-8bbb-bbbbbbbbbbbb&zona=Zona+Norte,200,60.617,
2026-08-31T04:03:31.877505+00:00,GET,http://localhost:3000/logistics/tenderos/productos-disponibles?tiendaId=bbbbbbbb-bbbb-4bbb-8bbb-bbbbbbbbbbbb&zona=Zona+Norte,200,61.630,
2026-08-31T04:03:31.910583+00:00,GET,http://localhost:3000/logistics/tenderos/productos-disponibles?tiendaId=bbbbbbbb-bbbb-4bbb-8bbb-bbbbbbbbbbbb&zona=Zona+Norte,200,62.255,
2026-08-31T04:03:31.943745+00:00,GET,http://localhost:3000/logistics/tenderos/productos-disponibles?tiendaId=bbbbbbbb-bbbb-4bbb-8bbb-bbbbbbbbbbbb&zona=Zona+Norte,200,59.673,
2026-08-31T04:03:31.976778+00:00,GET,http://localhost:3000/logistics/tenderos/productos-disponibles?tiendaId=bbbbbbbb-bbbb-4bbb-8bbb-bbbbbbbbbbbb&zona=Zona+Norte,200,58.438,
2026-08-31T04:03:32.010337+00:00,GET,http://localhost:3000/logistics/tenderos/productos-disponibles?tiendaId=bbbbbbbb-bbbb-4bbb-8bbb-bbbbbbbbbbbb&zona=Zona+Norte,200,59.011,
2026-08-31T04:03:32.044205+00:00,GET,http://localhost:3000/logistics/tenderos/productos-disponibles?tiendaId=bbbbbbbb-bbbb-4bbb-8bbb-bbbbbbbbbbbb&zona=Zona+Norte,200,62.323,
2026-08-31T04:03:32.077469+00:00,GET,http://localhost:3000/logistics/tenderos/productos-disponibles?tiendaId=bbbbbbbb-bbbb-4bbb-8bbb-bbbbbbbbbbbb&zona=Zona+Norte,200,62.392,
2026-08-31T04:03:32.110187+00:00,GET,http://localhost:3000/logistics/tenderos/productos-disponibles?tiendaId=bbbbbbbb-bbbb-4bbb-8bbb-bbbbbbbbbbbb&zona=Zona+Norte,200,62.488,
2026-08-31T04:03:32.143499+00:00,GET,http://localhost:3000/logistics/tenderos/productos-disponibles?tiendaId=bbbbbbbb-bbbb-4bbb-8bbb-bbbbbbbbbbbb&zona=Zona+Norte,200,59.908,
2026-08-31T04:03:32.176984+00:00,GET,http://localhost:3000/logistics/tenderos/productos-disponibles?tiendaId=bbbbbbbb-bbbb-4bbb-8bbb-bbbbbbbbbbbb&zona=Zona+Norte,200,58.693,
2026-08-31T04:03:32.210140+00:00,GET,http://localhost:3000/logistics/tenderos/productos-disponibles?tiendaId=bbbbbbbb-bbbb-4bbb-8bbb-bbbbbbbbbbbb&zona=Zona+Norte,200,61.937,
2026-08-31T04:03:32.243508+00:00,GET,http://localhost:3000/logistics/tenderos/productos-disponibles?tiendaId=bbbbbbbb-bbbb-4bbb-8bbb-bbbbbbbbbbbb&zona=Zona+Norte,200,62.577,
2026-08-31T04:03:32.277119+00:00,GET,http://localhost:3000/logistics/tenderos/productos-disponibles?tiendaId=bbbbbbbb-bbbb-4bbb-8bbb-bbbbbbbbbbbb&zona=Zona+Norte,200,62.274,
2026-08-31T04:03:32.310378+00:00,GET,http://localhost:3000/logistics/tenderos/productos-disponibles?tiendaId=bbbbbbbb-bbbb-4bbb-8bbb-bbbbbbbbbbbb&zona=Zona+Norte,200,61.943,
2026-08-31T04:03:32.343723+00:00,GET,http://localhost:3000/logistics/tenderos/productos-disponibles?tiendaId=bbbbbbbb-bbbb-4bbb-8bbb-bbbbbbbbbbbb&zona=Zona+Norte,200,60.064,
2026-08-31T04:03:32.377116+00:00,GET,http://localhost:3000/logistics/tenderos/productos-disponibles?tiendaId=bbbbbbbb-bbbb-4bbb-8bbb-bbbbbbbbbbbb&zona=Zona+Norte,200,59.601,
2026-08-31T04:03:32.410691+00:00,GET,http://localhost:3000/logistics/tenderos/productos-disponibles?tiendaId=bbbbbbbb-bbbb-4bbb-8bbb-bbbbbbbbbbbb&zona=Zona+Norte,200,59.098,
2026-08-31T04:03:32.444083+00:00,GET,http://localhost:3000/logistics/tenderos/productos-disponibles?tiendaId=bbbbbbbb-bbbb-4bbb-8bbb-bbbbbbbbbbbb&zona=Zona+Norte,200,63.340,
2026-08-31T04:03:32.477497+00:00,GET,http://localhost:3000/logistics/tenderos/productos-disponibles?tiendaId=bbbbbbbb-bbbb-4bbb-8bbb-bbbbbbbbbbbb&zona=Zona+Norte,200,66.291,
2026-08-31T04:03:32.510013+00:00,GET,http://localhost:3000/logistics/tenderos/productos-disponibles?tiendaId=bbbbbbbb-bbbb-4bbb-8bbb-bbbbbbbbbbbb&zona=Zona+Norte,200,67.339,
2026-08-31T04:03:32.543818+00:00,GET,http://localhost:3000/logistics/tenderos/productos-disponibles?tiendaId=bbbbbbbb-bbbb-4bbb-8bbb-bbbbbbbbbbbb&zona=Zona+Norte,200,64.331,
2026-08-31T04:03:32.576963+00:00,GET,http://localhost:3000/logistics/tenderos/productos-disponibles?tiendaId=bbbbbbbb-bbbb-4bbb-8bbb-bbbbbbbbbbbb&zona=Zona+Norte,200,68.971,
2026-08-31T04:03:32.610137+00:00,GET,http://localhost:3000/logistics/tenderos/productos-disponibles?tiendaId=bbbbbbbb-bbbb-4bbb-8bbb-bbbbbbbbbbbb&zona=Zona+Norte,200,66.253,
2026-08-31T04:03:32.644295+00:00,GET,http://localhost:3000/logistics/tenderos/productos-disponibles?tiendaId=bbbbbbbb-bbbb-4bbb-8bbb-bbbbbbbbbbbb&zona=Zona+Norte,200,63.290,
2026-08-31T04:03:32.676573+00:00,GET,http://localhost:3000/logistics/tenderos/productos-disponibles?tiendaId=bbbbbbbb-bbbb-4bbb-8bbb-bbbbbbbbbbbb&zona=Zona+Norte,200,59.013,
2026-08-31T04:03:32.710193+00:00,GET,http://localhost:3000/logistics/tenderos/productos-disponibles?tiendaId=bbbbbbbb-bbbb-4bbb-8bbb-bbbbbbbbbbbb&zona=Zona+Norte,200,58.782,
2026-08-31T04:03:32.744243+00:00,GET,http://localhost:3000/logistics/tenderos/productos-disponibles?tiendaId=bbbbbbbb-bbbb-4bbb-8bbb-bbbbbbbbbbbb&zona=Zona+Norte,200,62.759,
2026-08-31T04:03:32.777596+00:00,GET,http://localhost:3000/logistics/tenderos/productos-disponibles?tiendaId=bbbbbbbb-bbbb-4bbb-8bbb-bbbbbbbbbbbb&zona=Zona+Norte,200,62.904,
2026-08-31T04:03:32.810278+00:00,GET,http://localhost:3000/logistics/tenderos/productos-disponibles?tiendaId=bbbbbbbb-bbbb-4bbb-8bbb-bbbbbbbbbbbb&zona=Zona+Norte,200,57.706,
2026-08-31T04:03:32.843619+00:00,GET,http://localhost:3000/logistics/tenderos/productos-disponibles?tiendaId=bbbbbbbb-bbbb-4bbb-8bbb-bbbbbbbbbbbb&zona=Zona+Norte,200,59.344,
2026-08-31T04:03:32.876783+00:00,GET,http://localhost:3000/logistics/tenderos/productos-disponibles?tiendaId=bbbbbbbb-bbbb-4bbb-8bbb-bbbbbbbbbbbb&zona=Zona+Norte,200,58.207,
2026-08-31T04:03:32.910805+00:00,GET,http://localhost:3000/logistics/tenderos/productos-disponibles?tiendaId=bbbbbbbb-bbbb-4bbb-8bbb-bbbbbbbbbbbb&zona=Zona+Norte,200,58.951,
2026-08-31T04:03:32.944289+00:00,GET,http://localhost:3000/logistics/tenderos/productos-disponibles?tiendaId=bbbbbbbb-bbbb-4bbb-8bbb-bbbbbbbbbbbb&zona=Zona+Norte,200,62.922,
2026-08-31T04:03:32.977504+00:00,GET,http://localhost:3000/logistics/tenderos/productos-disponibles?tiendaId=bbbbbbbb-bbbb-4bbb-8bbb-bbbbbbbbbbbb&zona=Zona+Norte,200,55.609,
2026-08-31T04:03:33.010264+00:00,GET,http://localhost:3000/logistics/tenderos/productos-disponibles?tiendaId=bbbbbbbb-bbbb-4bbb-8bbb-bbbbbbbbbbbb&zona=Zona+Norte,200,57.365,
2026-08-31T04:03:33.044230+00:00,GET,http://localhost:3000/logistics/tenderos/productos-disponibles?tiendaId=bbbbbbbb-bbbb-4bbb-8bbb-bbbbbbbbbbbb&zona=Zona+Norte,200,62.657,
2026-08-31T04:03:33.077664+00:00,GET,http://localhost:3000/logistics/tenderos/productos-disponibles?tiendaId=bbbbbbbb-bbbb-4bbb-8bbb-bbbbbbbbbbbb&zona=Zona+Norte,200,59.855,
2026-08-31T04:03:33.110304+00:00,GET,http://localhost:3000/logistics/tenderos/productos-disponibles?tiendaId=bbbbbbbb-bbbb-4bbb-8bbb-bbbbbbbbbbbb&zona=Zona+Norte,200,62.922,
2026-08-31T04:03:33.144114+00:00,GET,http://localhost:3000/logistics/tenderos/productos-disponibles?tiendaId=bbbbbbbb-bbbb-4bbb-8bbb-bbbbbbbbbbbb&zona=Zona+Norte,200,59.582,
2026-08-31T04:03:33.177018+00:00,GET,http://localhost:3000/logistics/tenderos/productos-disponibles?tiendaId=bbbbbbbb-bbbb-4bbb-8bbb-bbbbbbbbbbbb&zona=Zona+Norte,200,60.238,
2026-08-31T04:03:33.210706+00:00,GET,http://localhost:3000/logistics/tenderos/productos-disponibles?tiendaId=bbbbbbbb-bbbb-4bbb-8bbb-bbbbbbbbbbbb&zona=Zona+Norte,200,61.348,
2026-08-31T04:03:33.244056+00:00,GET,http://localhost:3000/logistics/tenderos/productos-disponibles?tiendaId=bbbbbbbb-bbbb-4bbb-8bbb-bbbbbbbbbbbb&zona=Zona+Norte,200,55.964,
2026-08-31T04:03:33.277187+00:00,GET,http://localhost:3000/logistics/tenderos/productos-disponibles?tiendaId=bbbbbbbb-bbbb-4bbb-8bbb-bbbbbbbbbbbb&zona=Zona+Norte,200,63.960,
2026-08-31T04:03:33.310028+00:00,GET,http://localhost:3000/logistics/tenderos/productos-disponibles?tiendaId=bbbbbbbb-bbbb-4bbb-8bbb-bbbbbbbbbbbb&zona=Zona+Norte,200,59.640,
2026-08-31T04:03:33.343545+00:00,GET,http://localhost:3000/logistics/tenderos/productos-disponibles?tiendaId=bbbbbbbb-bbbb-4bbb-8bbb-bbbbbbbbbbbb&zona=Zona+Norte,200,64.382,
2026-08-31T04:03:33.377545+00:00,GET,http://localhost:3000/logistics/tenderos/productos-disponibles?tiendaId=bbbbbbbb-bbbb-4bbb-8bbb-bbbbbbbbbbbb&zona=Zona+Norte,200,66.138,
2026-08-31T04:03:33.410189+00:00,GET,http://localhost:3000/logistics/tenderos/productos-disponibles?tiendaId=bbbbbbbb-bbbb-4bbb-8bbb-bbbbbbbbbbbb&zona=Zona+Norte,200,57.232,
2026-08-31T04:03:33.443758+00:00,GET,http://localhost:3000/logistics/tenderos/productos-disponibles?tiendaId=bbbbbbbb-bbbb-4bbb-8bbb-bbbbbbbbbbbb&zona=Zona+Norte,200,60.263,
2026-08-31T04:03:33.477670+00:00,GET,http://localhost:3000/logistics/tenderos/productos-disponibles?tiendaId=bbbbbbbb-bbbb-4bbb-8bbb-bbbbbbbbbbbb&zona=Zona+Norte,200,62.110,
2026-08-31T04:03:33.510711+00:00,GET,http://localhost:3000/logistics/tenderos/productos-disponibles?tiendaId=bbbbbbbb-bbbb-4bbb-8bbb-bbbbbbbbbbbb&zona=Zona+Norte,200,64.691,
2026-08-31T04:03:33.543767+00:00,GET,http://localhost:3000/logistics/tenderos/productos-disponibles?tiendaId=bbbbbbbb-bbbb-4bbb-8bbb-bbbbbbbbbbbb&zona=Zona+Norte,200,64.753,
2026-08-31T04:03:33.576752+00:00,GET,http://localhost:3000/logistics/tenderos/productos-disponibles?tiendaId=bbbbbbbb-bbbb-4bbb-8bbb-bbbbbbbbbbbb&zona=Zona+Norte,200,63.061,
2026-08-31T04:03:33.610146+00:00,GET,http://localhost:3000/logistics/tenderos/productos-disponibles?tiendaId=bbbbbbbb-bbbb-4bbb-8bbb-bbbbbbbbbbbb&zona=Zona+Norte,200,59.838,
2026-08-31T04:03:33.643842+00:00,GET,http://localhost:3000/logistics/tenderos/productos-disponibles?tiendaId=bbbbbbbb-bbbb-4bbb-8bbb-bbbbbbbbbbbb&zona=Zona+Norte,200,63.763,
2026-08-31T04:03:33.677457+00:00,GET,http://localhost:3000/logistics/tenderos/productos-disponibles?tiendaId=bbbbbbbb-bbbb-4bbb-8bbb-bbbbbbbbbbbb&zona=Zona+Norte,200,63.715,
2026-08-31T04:03:33.710268+00:00,GET,http://localhost:3000/logistics/tenderos/productos-disponibles?tiendaId=bbbbbbbb-bbbb-4bbb-8bbb-bbbbbbbbbbbb&zona=Zona+Norte,200,63.556,
2026-08-31T04:03:33.743597+00:00,GET,http://localhost:3000/logistics/tenderos/productos-disponibles?tiendaId=bbbbbbbb-bbbb-4bbb-8bbb-bbbbbbbbbbbb&zona=Zona+Norte,200,63.705,
2026-08-31T04:03:33.776967+00:00,GET,http://localhost:3000/logistics/tenderos/productos-disponibles?tiendaId=bbbbbbbb-bbbb-4bbb-8bbb-bbbbbbbbbbbb&zona=Zona+Norte,200,64.622,
2026-08-31T04:03:33.810304+00:00,GET,http://localhost:3000/logistics/tenderos/productos-disponibles?tiendaId=bbbbbbbb-bbbb-4bbb-8bbb-bbbbbbbbbbbb&zona=Zona+Norte,200,63.636,
2026-08-31T04:03:33.843568+00:00,GET,http://localhost:3000/logistics/tenderos/productos-disponibles?tiendaId=bbbbbbbb-bbbb-4bbb-8bbb-bbbbbbbbbbbb&zona=Zona+Norte,200,62.775,
2026-08-31T04:03:33.876793+00:00,GET,http://localhost:3000/logistics/tenderos/productos-disponibles?tiendaId=bbbbbbbb-bbbb-4bbb-8bbb-bbbbbbbbbbbb&zona=Zona+Norte,200,61.335,
2026-08-31T04:03:33.910391+00:00,GET,http://localhost:3000/logistics/tenderos/productos-disponibles?tiendaId=bbbbbbbb-bbbb-4bbb-8bbb-bbbbbbbbbbbb&zona=Zona+Norte,200,62.316,
2026-08-31T04:03:33.943972+00:00,GET,http://localhost:3000/logistics/tenderos/productos-disponibles?tiendaId=bbbbbbbb-bbbb-4bbb-8bbb-bbbbbbbbbbbb&zona=Zona+Norte,200,60.117,
2026-08-31T04:03:33.977159+00:00,GET,http://localhost:3000/logistics/tenderos/productos-disponibles?tiendaId=bbbbbbbb-bbbb-4bbb-8bbb-bbbbbbbbbbbb&zona=Zona+Norte,200,61.952,
2026-08-31T04:03:34.010689+00:00,GET,http://localhost:3000/logistics/tenderos/productos-disponibles?tiendaId=bbbbbbbb-bbbb-4bbb-8bbb-bbbbbbbbbbbb&zona=Zona+Norte,200,62.837,
2026-08-31T04:03:34.043893+00:00,GET,http://localhost:3000/logistics/tenderos/productos-disponibles?tiendaId=bbbbbbbb-bbbb-4bbb-8bbb-bbbbbbbbbbbb&zona=Zona+Norte,200,67.308,
2026-08-31T04:03:34.077048+00:00,GET,http://localhost:3000/logistics/tenderos/productos-disponibles?tiendaId=bbbbbbbb-bbbb-4bbb-8bbb-bbbbbbbbbbbb&zona=Zona+Norte,200,64.965,
2026-08-31T04:03:34.110978+00:00,GET,http://localhost:3000/logistics/tenderos/productos-disponibles?tiendaId=bbbbbbbb-bbbb-4bbb-8bbb-bbbbbbbbbbbb&zona=Zona+Norte,200,64.776,
2026-08-31T04:03:34.143501+00:00,GET,http://localhost:3000/logistics/tenderos/productos-disponibles?tiendaId=bbbbbbbb-bbbb-4bbb-8bbb-bbbbbbbbbbbb&zona=Zona+Norte,200,64.428,
2026-08-31T04:03:34.176704+00:00,GET,http://localhost:3000/logistics/tenderos/productos-disponibles?tiendaId=bbbbbbbb-bbbb-4bbb-8bbb-bbbbbbbbbbbb&zona=Zona+Norte,200,62.918,
2026-08-31T04:03:34.210257+00:00,GET,http://localhost:3000/logistics/tenderos/productos-disponibles?tiendaId=bbbbbbbb-bbbb-4bbb-8bbb-bbbbbbbbbbbb&zona=Zona+Norte,200,64.266,
2026-08-31T04:03:34.243763+00:00,GET,http://localhost:3000/logistics/tenderos/productos-disponibles?tiendaId=bbbbbbbb-bbbb-4bbb-8bbb-bbbbbbbbbbbb&zona=Zona+Norte,200,63.469,
2026-08-31T04:03:34.276926+00:00,GET,http://localhost:3000/logistics/tenderos/productos-disponibles?tiendaId=bbbbbbbb-bbbb-4bbb-8bbb-bbbbbbbbbbbb&zona=Zona+Norte,200,60.275,
2026-08-31T04:03:34.310360+00:00,GET,http://localhost:3000/logistics/tenderos/productos-disponibles?tiendaId=bbbbbbbb-bbbb-4bbb-8bbb-bbbbbbbbbbbb&zona=Zona+Norte,200,63.847,
2026-08-31T04:03:34.344116+00:00,GET,http://localhost:3000/logistics/tenderos/productos-disponibles?tiendaId=bbbbbbbb-bbbb-4bbb-8bbb-bbbbbbbbbbbb&zona=Zona+Norte,200,63.969,
2026-08-31T04:03:34.376935+00:00,GET,http://localhost:3000/logistics/tenderos/productos-disponibles?tiendaId=bbbbbbbb-bbbb-4bbb-8bbb-bbbbbbbbbbbb&zona=Zona+Norte,200,62.967,
2026-08-31T04:03:34.410230+00:00,GET,http://localhost:3000/logistics/tenderos/productos-disponibles?tiendaId=bbbbbbbb-bbbb-4bbb-8bbb-bbbbbbbbbbbb&zona=Zona+Norte,200,60.373,
2026-08-31T04:03:34.443746+00:00,GET,http://localhost:3000/logistics/tenderos/productos-disponibles?tiendaId=bbbbbbbb-bbbb-4bbb-8bbb-bbbbbbbbbbbb&zona=Zona+Norte,200,62.218,
2026-08-31T04:03:34.477090+00:00,GET,http://localhost:3000/logistics/tenderos/productos-disponibles?tiendaId=bbbbbbbb-bbbb-4bbb-8bbb-bbbbbbbbbbbb&zona=Zona+Norte,200,65.053,
2026-08-31T04:03:34.510515+00:00,GET,http://localhost:3000/logistics/tenderos/productos-disponibles?tiendaId=bbbbbbbb-bbbb-4bbb-8bbb-bbbbbbbbbbbb&zona=Zona+Norte,200,60.727,
2026-08-31T04:03:34.543482+00:00,GET,http://localhost:3000/logistics/tenderos/productos-disponibles?tiendaId=bbbbbbbb-bbbb-4bbb-8bbb-bbbbbbbbbbbb&zona=Zona+Norte,200,63.210,
2026-08-31T04:03:34.577327+00:00,GET,http://localhost:3000/logistics/tenderos/productos-disponibles?tiendaId=bbbbbbbb-bbbb-4bbb-8bbb-bbbbbbbbbbbb&zona=Zona+Norte,200,64.187,
2026-08-31T04:03:34.610425+00:00,GET,http://localhost:3000/logistics/tenderos/productos-disponibles?tiendaId=bbbbbbbb-bbbb-4bbb-8bbb-bbbbbbbbbbbb&zona=Zona+Norte,200,60.953,
2026-08-31T04:03:34.643653+00:00,GET,http://localhost:3000/logistics/tenderos/productos-disponibles?tiendaId=bbbbbbbb-bbbb-4bbb-8bbb-bbbbbbbbbbbb&zona=Zona+Norte,200,64.241,
2026-08-31T04:03:34.677326+00:00,GET,http://localhost:3000/logistics/tenderos/productos-disponibles?tiendaId=bbbbbbbb-bbbb-4bbb-8bbb-bbbbbbbbbbbb&zona=Zona+Norte,200,63.401,
2026-08-31T04:03:34.710246+00:00,GET,http://localhost:3000/logistics/tenderos/productos-disponibles?tiendaId=bbbbbbbb-bbbb-4bbb-8bbb-bbbbbbbbbbbb&zona=Zona+Norte,200,63.297,
2026-08-31T04:03:34.743674+00:00,GET,http://localhost:3000/logistics/tenderos/productos-disponibles?tiendaId=bbbbbbbb-bbbb-4bbb-8bbb-bbbbbbbbbbbb&zona=Zona+Norte,200,64.261,
2026-08-31T04:03:34.777026+00:00,GET,http://localhost:3000/logistics/tenderos/productos-disponibles?tiendaId=bbbbbbbb-bbbb-4bbb-8bbb-bbbbbbbbbbbb&zona=Zona+Norte,200,64.640,
2026-08-31T04:03:34.810221+00:00,GET,http://localhost:3000/logistics/tenderos/productos-disponibles?tiendaId=bbbbbbbb-bbbb-4bbb-8bbb-bbbbbbbbbbbb&zona=Zona+Norte,200,63.246,
2026-08-31T04:03:34.843552+00:00,GET,http://localhost:3000/logistics/tenderos/productos-disponibles?tiendaId=bbbbbbbb-bbbb-4bbb-8bbb-bbbbbbbbbbbb&zona=Zona+Norte,200,64.847,
2026-08-31T04:03:34.877043+00:00,GET,http://localhost:3000/logistics/tenderos/productos-disponibles?tiendaId=bbbbbbbb-bbbb-4bbb-8bbb-bbbbbbbbbbbb&zona=Zona+Norte,200,66.034,
2026-08-31T04:03:34.909983+00:00,GET,http://localhost:3000/logistics/tenderos/productos-disponibles?tiendaId=bbbbbbbb-bbbb-4bbb-8bbb-bbbbbbbbbbbb&zona=Zona+Norte,200,67.691,
2026-08-31T04:03:34.943327+00:00,GET,http://localhost:3000/logistics/tenderos/productos-disponibles?tiendaId=bbbbbbbb-bbbb-4bbb-8bbb-bbbbbbbbbbbb&zona=Zona+Norte,200,68.194,
2026-08-31T04:03:34.977706+00:00,GET,http://localhost:3000/logistics/tenderos/productos-disponibles?tiendaId=bbbbbbbb-bbbb-4bbb-8bbb-bbbbbbbbbbbb&zona=Zona+Norte,200,58.080,
2026-08-31T04:03:35.011052+00:00,GET,http://localhost:3000/logistics/tenderos/productos-disponibles?tiendaId=bbbbbbbb-bbbb-4bbb-8bbb-bbbbbbbbbbbb&zona=Zona+Norte,200,61.369,
2026-08-31T04:03:35.044307+00:00,GET,http://localhost:3000/logistics/tenderos/productos-disponibles?tiendaId=bbbbbbbb-bbbb-4bbb-8bbb-bbbbbbbbbbbb&zona=Zona+Norte,200,57.726,
2026-08-31T04:03:35.076891+00:00,GET,http://localhost:3000/logistics/tenderos/productos-disponibles?tiendaId=bbbbbbbb-bbbb-4bbb-8bbb-bbbbbbbbbbbb&zona=Zona+Norte,200,58.956,
2026-08-31T04:03:35.110138+00:00,GET,http://localhost:3000/logistics/tenderos/productos-disponibles?tiendaId=bbbbbbbb-bbbb-4bbb-8bbb-bbbbbbbbbbbb&zona=Zona+Norte,200,58.452,
2026-08-31T04:03:35.144249+00:00,GET,http://localhost:3000/logistics/tenderos/productos-disponibles?tiendaId=bbbbbbbb-bbbb-4bbb-8bbb-bbbbbbbbbbbb&zona=Zona+Norte,200,57.997,
2026-08-31T04:03:35.177515+00:00,GET,http://localhost:3000/logistics/tenderos/productos-disponibles?tiendaId=bbbbbbbb-bbbb-4bbb-8bbb-bbbbbbbbbbbb&zona=Zona+Norte,200,57.666,
2026-08-31T04:03:35.210986+00:00,GET,http://localhost:3000/logistics/tenderos/productos-disponibles?tiendaId=bbbbbbbb-bbbb-4bbb-8bbb-bbbbbbbbbbbb&zona=Zona+Norte,200,61.596,
2026-08-31T04:03:35.244221+00:00,GET,http://localhost:3000/logistics/tenderos/productos-disponibles?tiendaId=bbbbbbbb-bbbb-4bbb-8bbb-bbbbbbbbbbbb&zona=Zona+Norte,200,59.992,
2026-08-31T04:03:35.276985+00:00,GET,http://localhost:3000/logistics/tenderos/productos-disponibles?tiendaId=bbbbbbbb-bbbb-4bbb-8bbb-bbbbbbbbbbbb&zona=Zona+Norte,200,56.421,
2026-08-31T04:03:35.310544+00:00,GET,http://localhost:3000/logistics/tenderos/productos-disponibles?tiendaId=bbbbbbbb-bbbb-4bbb-8bbb-bbbbbbbbbbbb&zona=Zona+Norte,200,58.874,
2026-08-31T04:03:35.343548+00:00,GET,http://localhost:3000/logistics/tenderos/productos-disponibles?tiendaId=bbbbbbbb-bbbb-4bbb-8bbb-bbbbbbbbbbbb&zona=Zona+Norte,200,59.063,
2026-08-31T04:03:35.377285+00:00,GET,http://localhost:3000/logistics/tenderos/productos-disponibles?tiendaId=bbbbbbbb-bbbb-4bbb-8bbb-bbbbbbbbbbbb&zona=Zona+Norte,200,59.284,
2026-08-31T04:03:35.410954+00:00,GET,http://localhost:3000/logistics/tenderos/productos-disponibles?tiendaId=bbbbbbbb-bbbb-4bbb-8bbb-bbbbbbbbbbbb&zona=Zona+Norte,200,59.150,
2026-08-31T04:03:35.444284+00:00,GET,http://localhost:3000/logistics/tenderos/productos-disponibles?tiendaId=bbbbbbbb-bbbb-4bbb-8bbb-bbbbbbbbbbbb&zona=Zona+Norte,200,55.662,
2026-08-31T04:03:35.477502+00:00,GET,http://localhost:3000/logistics/tenderos/productos-disponibles?tiendaId=bbbbbbbb-bbbb-4bbb-8bbb-bbbbbbbbbbbb&zona=Zona+Norte,200,57.853,
2026-08-31T04:03:35.511079+00:00,GET,http://localhost:3000/logistics/tenderos/productos-disponibles?tiendaId=bbbbbbbb-bbbb-4bbb-8bbb-bbbbbbbbbbbb&zona=Zona+Norte,200,54.541,
2026-08-31T04:03:35.544389+00:00,GET,http://localhost:3000/logistics/tenderos/productos-disponibles?tiendaId=bbbbbbbb-bbbb-4bbb-8bbb-bbbbbbbbbbbb&zona=Zona+Norte,200,56.939,
2026-08-31T04:03:35.577722+00:00,GET,http://localhost:3000/logistics/tenderos/productos-disponibles?tiendaId=bbbbbbbb-bbbb-4bbb-8bbb-bbbbbbbbbbbb&zona=Zona+Norte,200,59.065,
2026-08-31T04:03:35.611030+00:00,GET,http://localhost:3000/logistics/tenderos/productos-disponibles?tiendaId=bbbbbbbb-bbbb-4bbb-8bbb-bbbbbbbbbbbb&zona=Zona+Norte,200,58.826,
2026-08-31T04:03:35.644274+00:00,GET,http://localhost:3000/logistics/tenderos/productos-disponibles?tiendaId=bbbbbbbb-bbbb-4bbb-8bbb-bbbbbbbbbbbb&zona=Zona+Norte,200,60.851,
2026-08-31T04:03:35.677546+00:00,GET,http://localhost:3000/logistics/tenderos/productos-disponibles?tiendaId=bbbbbbbb-bbbb-4bbb-8bbb-bbbbbbbbbbbb&zona=Zona+Norte,200,59.112,
2026-08-31T04:03:35.710629+00:00,GET,http://localhost:3000/logistics/tenderos/productos-disponibles?tiendaId=bbbbbbbb-bbbb-4bbb-8bbb-bbbbbbbbbbbb&zona=Zona+Norte,200,60.347,
2026-08-31T04:03:35.744258+00:00,GET,http://localhost:3000/logistics/tenderos/productos-disponibles?tiendaId=bbbbbbbb-bbbb-4bbb-8bbb-bbbbbbbbbbbb&zona=Zona+Norte,200,57.655,
2026-08-31T04:03:35.777391+00:00,GET,http://localhost:3000/logistics/tenderos/productos-disponibles?tiendaId=bbbbbbbb-bbbb-4bbb-8bbb-bbbbbbbbbbbb&zona=Zona+Norte,200,55.769,
2026-08-31T04:03:35.811047+00:00,GET,http://localhost:3000/logistics/tenderos/productos-disponibles?tiendaId=bbbbbbbb-bbbb-4bbb-8bbb-bbbbbbbbbbbb&zona=Zona+Norte,200,56.577,
2026-08-31T04:03:35.844062+00:00,GET,http://localhost:3000/logistics/tenderos/productos-disponibles?tiendaId=bbbbbbbb-bbbb-4bbb-8bbb-bbbbbbbbbbbb&zona=Zona+Norte,200,56.765,
2026-08-31T04:03:35.877716+00:00,GET,http://localhost:3000/logistics/tenderos/productos-disponibles?tiendaId=bbbbbbbb-bbbb-4bbb-8bbb-bbbbbbbbbbbb&zona=Zona+Norte,200,57.672,
2026-08-31T04:03:35.911071+00:00,GET,http://localhost:3000/logistics/tenderos/productos-disponibles?tiendaId=bbbbbbbb-bbbb-4bbb-8bbb-bbbbbbbbbbbb&zona=Zona+Norte,200,57.179,
2026-08-31T04:03:35.944520+00:00,GET,http://localhost:3000/logistics/tenderos/productos-disponibles?tiendaId=bbbbbbbb-bbbb-4bbb-8bbb-bbbbbbbbbbbb&zona=Zona+Norte,200,56.707,
2026-08-31T04:03:35.977546+00:00,GET,http://localhost:3000/logistics/tenderos/productos-disponibles?tiendaId=bbbbbbbb-bbbb-4bbb-8bbb-bbbbbbbbbbbb&zona=Zona+Norte,200,60.349,
2026-08-31T04:03:36.010530+00:00,GET,http://localhost:3000/logistics/tenderos/productos-disponibles?tiendaId=bbbbbbbb-bbbb-4bbb-8bbb-bbbbbbbbbbbb&zona=Zona+Norte,200,59.130,
2026-08-31T04:03:36.044081+00:00,GET,http://localhost:3000/logistics/tenderos/productos-disponibles?tiendaId=bbbbbbbb-bbbb-4bbb-8bbb-bbbbbbbbbbbb&zona=Zona+Norte,200,57.845,
2026-08-31T04:03:36.077581+00:00,GET,http://localhost:3000/logistics/tenderos/productos-disponibles?tiendaId=bbbbbbbb-bbbb-4bbb-8bbb-bbbbbbbbbbbb&zona=Zona+Norte,200,63.197,
2026-08-31T04:03:36.110871+00:00,GET,http://localhost:3000/logistics/tenderos/productos-disponibles?tiendaId=bbbbbbbb-bbbb-4bbb-8bbb-bbbbbbbbbbbb&zona=Zona+Norte,200,59.465,
2026-08-31T04:03:36.143431+00:00,GET,http://localhost:3000/logistics/tenderos/productos-disponibles?tiendaId=bbbbbbbb-bbbb-4bbb-8bbb-bbbbbbbbbbbb&zona=Zona+Norte,200,57.750,
2026-08-31T04:03:36.177487+00:00,GET,http://localhost:3000/logistics/tenderos/productos-disponibles?tiendaId=bbbbbbbb-bbbb-4bbb-8bbb-bbbbbbbbbbbb&zona=Zona+Norte,200,60.936,
2026-08-31T04:03:36.210377+00:00,GET,http://localhost:3000/logistics/tenderos/productos-disponibles?tiendaId=bbbbbbbb-bbbb-4bbb-8bbb-bbbbbbbbbbbb&zona=Zona+Norte,200,56.805,
2026-08-31T04:03:36.244001+00:00,GET,http://localhost:3000/logistics/tenderos/productos-disponibles?tiendaId=bbbbbbbb-bbbb-4bbb-8bbb-bbbbbbbbbbbb&zona=Zona+Norte,200,57.480,
2026-08-31T04:03:36.277758+00:00,GET,http://localhost:3000/logistics/tenderos/productos-disponibles?tiendaId=bbbbbbbb-bbbb-4bbb-8bbb-bbbbbbbbbbbb&zona=Zona+Norte,200,57.798,
2026-08-31T04:03:36.311106+00:00,GET,http://localhost:3000/logistics/tenderos/productos-disponibles?tiendaId=bbbbbbbb-bbbb-4bbb-8bbb-bbbbbbbbbbbb&zona=Zona+Norte,200,60.757,
2026-08-31T04:03:36.344382+00:00,GET,http://localhost:3000/logistics/tenderos/productos-disponibles?tiendaId=bbbbbbbb-bbbb-4bbb-8bbb-bbbbbbbbbbbb&zona=Zona+Norte,200,60.292,
2026-08-31T04:03:36.377321+00:00,GET,http://localhost:3000/logistics/tenderos/productos-disponibles?tiendaId=bbbbbbbb-bbbb-4bbb-8bbb-bbbbbbbbbbbb&zona=Zona+Norte,200,61.699,
2026-08-31T04:03:36.410137+00:00,GET,http://localhost:3000/logistics/tenderos/productos-disponibles?tiendaId=bbbbbbbb-bbbb-4bbb-8bbb-bbbbbbbbbbbb&zona=Zona+Norte,200,59.096,
2026-08-31T04:03:36.443937+00:00,GET,http://localhost:3000/logistics/tenderos/productos-disponibles?tiendaId=bbbbbbbb-bbbb-4bbb-8bbb-bbbbbbbbbbbb&zona=Zona+Norte,200,60.476,
2026-08-31T04:03:36.477667+00:00,GET,http://localhost:3000/logistics/tenderos/productos-disponibles?tiendaId=bbbbbbbb-bbbb-4bbb-8bbb-bbbbbbbbbbbb&zona=Zona+Norte,200,58.900,
2026-08-31T04:03:36.510747+00:00,GET,http://localhost:3000/logistics/tenderos/productos-disponibles?tiendaId=bbbbbbbb-bbbb-4bbb-8bbb-bbbbbbbbbbbb&zona=Zona+Norte,200,55.094,
2026-08-31T04:03:36.543527+00:00,GET,http://localhost:3000/logistics/tenderos/productos-disponibles?tiendaId=bbbbbbbb-bbbb-4bbb-8bbb-bbbbbbbbbbbb&zona=Zona+Norte,200,58.039,
2026-08-31T04:03:36.577533+00:00,GET,http://localhost:3000/logistics/tenderos/productos-disponibles?tiendaId=bbbbbbbb-bbbb-4bbb-8bbb-bbbbbbbbbbbb&zona=Zona+Norte,200,57.417,
2026-08-31T04:03:36.611130+00:00,GET,http://localhost:3000/logistics/tenderos/productos-disponibles?tiendaId=bbbbbbbb-bbbb-4bbb-8bbb-bbbbbbbbbbbb&zona=Zona+Norte,200,58.522,
2026-08-31T04:03:36.643644+00:00,GET,http://localhost:3000/logistics/tenderos/productos-disponibles?tiendaId=bbbbbbbb-bbbb-4bbb-8bbb-bbbbbbbbbbbb&zona=Zona+Norte,200,59.461,
2026-08-31T04:03:36.677130+00:00,GET,http://localhost:3000/logistics/tenderos/productos-disponibles?tiendaId=bbbbbbbb-bbbb-4bbb-8bbb-bbbbbbbbbbbb&zona=Zona+Norte,200,56.716,
2026-08-31T04:03:36.710972+00:00,GET,http://localhost:3000/logistics/tenderos/productos-disponibles?tiendaId=bbbbbbbb-bbbb-4bbb-8bbb-bbbbbbbbbbbb&zona=Zona+Norte,200,59.322,
2026-08-31T04:03:36.744484+00:00,GET,http://localhost:3000/logistics/tenderos/productos-disponibles?tiendaId=bbbbbbbb-bbbb-4bbb-8bbb-bbbbbbbbbbbb&zona=Zona+Norte,200,60.808,
2026-08-31T04:03:36.777521+00:00,GET,http://localhost:3000/logistics/tenderos/productos-disponibles?tiendaId=bbbbbbbb-bbbb-4bbb-8bbb-bbbbbbbbbbbb&zona=Zona+Norte,200,58.960,
2026-08-31T04:03:36.810630+00:00,GET,http://localhost:3000/logistics/tenderos/productos-disponibles?tiendaId=bbbbbbbb-bbbb-4bbb-8bbb-bbbbbbbbbbbb&zona=Zona+Norte,200,59.105,
2026-08-31T04:03:36.844211+00:00,GET,http://localhost:3000/logistics/tenderos/productos-disponibles?tiendaId=bbbbbbbb-bbbb-4bbb-8bbb-bbbbbbbbbbbb&zona=Zona+Norte,200,54.652,
2026-08-31T04:03:36.877544+00:00,GET,http://localhost:3000/logistics/tenderos/productos-disponibles?tiendaId=bbbbbbbb-bbbb-4bbb-8bbb-bbbbbbbbbbbb&zona=Zona+Norte,200,57.864,
2026-08-31T04:03:36.911129+00:00,GET,http://localhost:3000/logistics/tenderos/productos-disponibles?tiendaId=bbbbbbbb-bbbb-4bbb-8bbb-bbbbbbbbbbbb&zona=Zona+Norte,200,59.142,
2026-08-31T04:03:36.944243+00:00,GET,http://localhost:3000/logistics/tenderos/productos-disponibles?tiendaId=bbbbbbbb-bbbb-4bbb-8bbb-bbbbbbbbbbbb&zona=Zona+Norte,200,60.887,
2026-08-31T04:03:36.977547+00:00,GET,http://localhost:3000/logistics/tenderos/productos-disponibles?tiendaId=bbbbbbbb-bbbb-4bbb-8bbb-bbbbbbbbbbbb&zona=Zona+Norte,200,62.868,
2026-08-31T04:03:37.010699+00:00,GET,http://localhost:3000/logistics/tenderos/productos-disponibles?tiendaId=bbbbbbbb-bbbb-4bbb-8bbb-bbbbbbbbbbbb&zona=Zona+Norte,200,60.184,
2026-08-31T04:03:37.043508+00:00,GET,http://localhost:3000/logistics/tenderos/productos-disponibles?tiendaId=bbbbbbbb-bbbb-4bbb-8bbb-bbbbbbbbbbbb&zona=Zona+Norte,200,59.016,
2026-08-31T04:03:37.077476+00:00,GET,http://localhost:3000/logistics/tenderos/productos-disponibles?tiendaId=bbbbbbbb-bbbb-4bbb-8bbb-bbbbbbbbbbbb&zona=Zona+Norte,200,57.656,
2026-08-31T04:03:37.110881+00:00,GET,http://localhost:3000/logistics/tenderos/productos-disponibles?tiendaId=bbbbbbbb-bbbb-4bbb-8bbb-bbbbbbbbbbbb&zona=Zona+Norte,200,61.622,
2026-08-31T04:03:37.143570+00:00,GET,http://localhost:3000/logistics/tenderos/productos-disponibles?tiendaId=bbbbbbbb-bbbb-4bbb-8bbb-bbbbbbbbbbbb&zona=Zona+Norte,200,62.344,
2026-08-31T04:03:37.177301+00:00,GET,http://localhost:3000/logistics/tenderos/productos-disponibles?tiendaId=bbbbbbbb-bbbb-4bbb-8bbb-bbbbbbbbbbbb&zona=Zona+Norte,200,63.524,
2026-08-31T04:03:37.210582+00:00,GET,http://localhost:3000/logistics/tenderos/productos-disponibles?tiendaId=bbbbbbbb-bbbb-4bbb-8bbb-bbbbbbbbbbbb&zona=Zona+Norte,200,63.907,
2026-08-31T04:03:37.243735+00:00,GET,http://localhost:3000/logistics/tenderos/productos-disponibles?tiendaId=bbbbbbbb-bbbb-4bbb-8bbb-bbbbbbbbbbbb&zona=Zona+Norte,200,60.870,
2026-08-31T04:03:37.277002+00:00,GET,http://localhost:3000/logistics/tenderos/productos-disponibles?tiendaId=bbbbbbbb-bbbb-4bbb-8bbb-bbbbbbbbbbbb&zona=Zona+Norte,200,63.965,
2026-08-31T04:03:37.310831+00:00,GET,http://localhost:3000/logistics/tenderos/productos-disponibles?tiendaId=bbbbbbbb-bbbb-4bbb-8bbb-bbbbbbbbbbbb&zona=Zona+Norte,200,63.738,
2026-08-31T04:03:37.343724+00:00,GET,http://localhost:3000/logistics/tenderos/productos-disponibles?tiendaId=bbbbbbbb-bbbb-4bbb-8bbb-bbbbbbbbbbbb&zona=Zona+Norte,200,63.900,
2026-08-31T04:03:37.377018+00:00,GET,http://localhost:3000/logistics/tenderos/productos-disponibles?tiendaId=bbbbbbbb-bbbb-4bbb-8bbb-bbbbbbbbbbbb&zona=Zona+Norte,200,64.523,
2026-08-31T04:03:37.410380+00:00,GET,http://localhost:3000/logistics/tenderos/productos-disponibles?tiendaId=bbbbbbbb-bbbb-4bbb-8bbb-bbbbbbbbbbbb&zona=Zona+Norte,200,62.688,
2026-08-31T04:03:37.443659+00:00,GET,http://localhost:3000/logistics/tenderos/productos-disponibles?tiendaId=bbbbbbbb-bbbb-4bbb-8bbb-bbbbbbbbbbbb&zona=Zona+Norte,200,64.618,
2026-08-31T04:03:37.477217+00:00,GET,http://localhost:3000/logistics/tenderos/productos-disponibles?tiendaId=bbbbbbbb-bbbb-4bbb-8bbb-bbbbbbbbbbbb&zona=Zona+Norte,200,63.795,
2026-08-31T04:03:37.510277+00:00,GET,http://localhost:3000/logistics/tenderos/productos-disponibles?tiendaId=bbbbbbbb-bbbb-4bbb-8bbb-bbbbbbbbbbbb&zona=Zona+Norte,200,64.550,
2026-08-31T04:03:37.543729+00:00,GET,http://localhost:3000/logistics/tenderos/productos-disponibles?tiendaId=bbbbbbbb-bbbb-4bbb-8bbb-bbbbbbbbbbbb&zona=Zona+Norte,200,64.380,
2026-08-31T04:03:37.576975+00:00,GET,http://localhost:3000/logistics/tenderos/productos-disponibles?tiendaId=bbbbbbbb-bbbb-4bbb-8bbb-bbbbbbbbbbbb&zona=Zona+Norte,200,63.256,
2026-08-31T04:03:37.610322+00:00,GET,http://localhost:3000/logistics/tenderos/productos-disponibles?tiendaId=bbbbbbbb-bbbb-4bbb-8bbb-bbbbbbbbbbbb&zona=Zona+Norte,200,59.713,
2026-08-31T04:03:37.643915+00:00,GET,http://localhost:3000/logistics/tenderos/productos-disponibles?tiendaId=bbbbbbbb-bbbb-4bbb-8bbb-bbbbbbbbbbbb&zona=Zona+Norte,200,60.964,
2026-08-31T04:03:37.677634+00:00,GET,http://localhost:3000/logistics/tenderos/productos-disponibles?tiendaId=bbbbbbbb-bbbb-4bbb-8bbb-bbbbbbbbbbbb&zona=Zona+Norte,200,60.450,
2026-08-31T04:03:37.710745+00:00,GET,http://localhost:3000/logistics/tenderos/productos-disponibles?tiendaId=bbbbbbbb-bbbb-4bbb-8bbb-bbbbbbbbbbbb&zona=Zona+Norte,200,64.011,
2026-08-31T04:03:37.743578+00:00,GET,http://localhost:3000/logistics/tenderos/productos-disponibles?tiendaId=bbbbbbbb-bbbb-4bbb-8bbb-bbbbbbbbbbbb&zona=Zona+Norte,200,63.233,
2026-08-31T04:03:37.776983+00:00,GET,http://localhost:3000/logistics/tenderos/productos-disponibles?tiendaId=bbbbbbbb-bbbb-4bbb-8bbb-bbbbbbbbbbbb&zona=Zona+Norte,200,63.346,
2026-08-31T04:03:37.810489+00:00,GET,http://localhost:3000/logistics/tenderos/productos-disponibles?tiendaId=bbbbbbbb-bbbb-4bbb-8bbb-bbbbbbbbbbbb&zona=Zona+Norte,200,63.801,
2026-08-31T04:03:37.843869+00:00,GET,http://localhost:3000/logistics/tenderos/productos-disponibles?tiendaId=bbbbbbbb-bbbb-4bbb-8bbb-bbbbbbbbbbbb&zona=Zona+Norte,200,59.931,
2026-08-31T04:03:37.877093+00:00,GET,http://localhost:3000/logistics/tenderos/productos-disponibles?tiendaId=bbbbbbbb-bbbb-4bbb-8bbb-bbbbbbbbbbbb&zona=Zona+Norte,200,61.379,
2026-08-31T04:03:37.910894+00:00,GET,http://localhost:3000/logistics/tenderos/productos-disponibles?tiendaId=bbbbbbbb-bbbb-4bbb-8bbb-bbbbbbbbbbbb&zona=Zona+Norte,200,58.720,
2026-08-31T04:03:37.943589+00:00,GET,http://localhost:3000/logistics/tenderos/productos-disponibles?tiendaId=bbbbbbbb-bbbb-4bbb-8bbb-bbbbbbbbbbbb&zona=Zona+Norte,200,60.040,
2026-08-31T04:03:37.977666+00:00,GET,http://localhost:3000/logistics/tenderos/productos-disponibles?tiendaId=bbbbbbbb-bbbb-4bbb-8bbb-bbbbbbbbbbbb&zona=Zona+Norte,200,61.080,
2026-08-31T04:03:38.010915+00:00,GET,http://localhost:3000/logistics/tenderos/productos-disponibles?tiendaId=bbbbbbbb-bbbb-4bbb-8bbb-bbbbbbbbbbbb&zona=Zona+Norte,200,57.613,
2026-08-31T04:03:38.044018+00:00,GET,http://localhost:3000/logistics/tenderos/productos-disponibles?tiendaId=bbbbbbbb-bbbb-4bbb-8bbb-bbbbbbbbbbbb&zona=Zona+Norte,200,58.742,
2026-08-31T04:03:38.077126+00:00,GET,http://localhost:3000/logistics/tenderos/productos-disponibles?tiendaId=bbbbbbbb-bbbb-4bbb-8bbb-bbbbbbbbbbbb&zona=Zona+Norte,200,61.316,
2026-08-31T04:03:38.111043+00:00,GET,http://localhost:3000/logistics/tenderos/productos-disponibles?tiendaId=bbbbbbbb-bbbb-4bbb-8bbb-bbbbbbbbbbbb&zona=Zona+Norte,200,62.356,
2026-08-31T04:03:38.143793+00:00,GET,http://localhost:3000/logistics/tenderos/productos-disponibles?tiendaId=bbbbbbbb-bbbb-4bbb-8bbb-bbbbbbbbbbbb&zona=Zona+Norte,200,61.891,
2026-08-31T04:03:38.176803+00:00,GET,http://localhost:3000/logistics/tenderos/productos-disponibles?tiendaId=bbbbbbbb-bbbb-4bbb-8bbb-bbbbbbbbbbbb&zona=Zona+Norte,200,64.169,
2026-08-31T04:03:38.210678+00:00,GET,http://localhost:3000/logistics/tenderos/productos-disponibles?tiendaId=bbbbbbbb-bbbb-4bbb-8bbb-bbbbbbbbbbbb&zona=Zona+Norte,200,65.186,
2026-08-31T04:03:38.243734+00:00,GET,http://localhost:3000/logistics/tenderos/productos-disponibles?tiendaId=bbbbbbbb-bbbb-4bbb-8bbb-bbbbbbbbbbbb&zona=Zona+Norte,200,64.591,
2026-08-31T04:03:38.276910+00:00,GET,http://localhost:3000/logistics/tenderos/productos-disponibles?tiendaId=bbbbbbbb-bbbb-4bbb-8bbb-bbbbbbbbbbbb&zona=Zona+Norte,200,61.858,
2026-08-31T04:03:38.310302+00:00,GET,http://localhost:3000/logistics/tenderos/productos-disponibles?tiendaId=bbbbbbbb-bbbb-4bbb-8bbb-bbbbbbbbbbbb&zona=Zona+Norte,200,61.466,
2026-08-31T04:03:38.344063+00:00,GET,http://localhost:3000/logistics/tenderos/productos-disponibles?tiendaId=bbbbbbbb-bbbb-4bbb-8bbb-bbbbbbbbbbbb&zona=Zona+Norte,200,65.987,
2026-08-31T04:03:38.377495+00:00,GET,http://localhost:3000/logistics/tenderos/productos-disponibles?tiendaId=bbbbbbbb-bbbb-4bbb-8bbb-bbbbbbbbbbbb&zona=Zona+Norte,200,66.061,
2026-08-31T04:03:38.410114+00:00,GET,http://localhost:3000/logistics/tenderos/productos-disponibles?tiendaId=bbbbbbbb-bbbb-4bbb-8bbb-bbbbbbbbbbbb&zona=Zona+Norte,200,70.425,
2026-08-31T04:03:38.443588+00:00,GET,http://localhost:3000/logistics/tenderos/productos-disponibles?tiendaId=bbbbbbbb-bbbb-4bbb-8bbb-bbbbbbbbbbbb&zona=Zona+Norte,200,67.122,
2026-08-31T04:03:38.477789+00:00,GET,http://localhost:3000/logistics/tenderos/productos-disponibles?tiendaId=bbbbbbbb-bbbb-4bbb-8bbb-bbbbbbbbbbbb&zona=Zona+Norte,200,71.639,
2026-08-31T04:03:38.510331+00:00,GET,http://localhost:3000/logistics/tenderos/productos-disponibles?tiendaId=bbbbbbbb-bbbb-4bbb-8bbb-bbbbbbbbbbbb&zona=Zona+Norte,200,66.641,
2026-08-31T04:03:38.544169+00:00,GET,http://localhost:3000/logistics/tenderos/productos-disponibles?tiendaId=bbbbbbbb-bbbb-4bbb-8bbb-bbbbbbbbbbbb&zona=Zona+Norte,200,70.267,
2026-08-31T04:03:38.577002+00:00,GET,http://localhost:3000/logistics/tenderos/productos-disponibles?tiendaId=bbbbbbbb-bbbb-4bbb-8bbb-bbbbbbbbbbbb&zona=Zona+Norte,200,70.217,
2026-08-31T04:03:38.610850+00:00,GET,http://localhost:3000/logistics/tenderos/productos-disponibles?tiendaId=bbbbbbbb-bbbb-4bbb-8bbb-bbbbbbbbbbbb&zona=Zona+Norte,200,68.932,
2026-08-31T04:03:38.644250+00:00,GET,http://localhost:3000/logistics/tenderos/productos-disponibles?tiendaId=bbbbbbbb-bbbb-4bbb-8bbb-bbbbbbbbbbbb&zona=Zona+Norte,200,64.304,
2026-08-31T04:03:38.677809+00:00,GET,http://localhost:3000/logistics/tenderos/productos-disponibles?tiendaId=bbbbbbbb-bbbb-4bbb-8bbb-bbbbbbbbbbbb&zona=Zona+Norte,200,60.611,
2026-08-31T04:03:38.710277+00:00,GET,http://localhost:3000/logistics/tenderos/productos-disponibles?tiendaId=bbbbbbbb-bbbb-4bbb-8bbb-bbbbbbbbbbbb&zona=Zona+Norte,200,63.675,
2026-08-31T04:03:38.744075+00:00,GET,http://localhost:3000/logistics/tenderos/productos-disponibles?tiendaId=bbbbbbbb-bbbb-4bbb-8bbb-bbbbbbbbbbbb&zona=Zona+Norte,200,63.878,
2026-08-31T04:03:38.777115+00:00,GET,http://localhost:3000/logistics/tenderos/productos-disponibles?tiendaId=bbbbbbbb-bbbb-4bbb-8bbb-bbbbbbbbbbbb&zona=Zona+Norte,200,64.451,
2026-08-31T04:03:38.810376+00:00,GET,http://localhost:3000/logistics/tenderos/productos-disponibles?tiendaId=bbbbbbbb-bbbb-4bbb-8bbb-bbbbbbbbbbbb&zona=Zona+Norte,200,61.105,
2026-08-31T04:03:38.843692+00:00,GET,http://localhost:3000/logistics/tenderos/productos-disponibles?tiendaId=bbbbbbbb-bbbb-4bbb-8bbb-bbbbbbbbbbbb&zona=Zona+Norte,200,61.361,
2026-08-31T04:03:38.877489+00:00,GET,http://localhost:3000/logistics/tenderos/productos-disponibles?tiendaId=bbbbbbbb-bbbb-4bbb-8bbb-bbbbbbbbbbbb&zona=Zona+Norte,200,61.448,
2026-08-31T04:03:38.910761+00:00,GET,http://localhost:3000/logistics/tenderos/productos-disponibles?tiendaId=bbbbbbbb-bbbb-4bbb-8bbb-bbbbbbbbbbbb&zona=Zona+Norte,200,58.858,
2026-08-31T04:03:38.944011+00:00,GET,http://localhost:3000/logistics/tenderos/productos-disponibles?tiendaId=bbbbbbbb-bbbb-4bbb-8bbb-bbbbbbbbbbbb&zona=Zona+Norte,200,65.931,
2026-08-31T04:03:38.977497+00:00,GET,http://localhost:3000/logistics/tenderos/productos-disponibles?tiendaId=bbbbbbbb-bbbb-4bbb-8bbb-bbbbbbbbbbbb&zona=Zona+Norte,200,61.996,
2026-08-31T04:03:39.010110+00:00,GET,http://localhost:3000/logistics/tenderos/productos-disponibles?tiendaId=bbbbbbbb-bbbb-4bbb-8bbb-bbbbbbbbbbbb&zona=Zona+Norte,200,60.844,
2026-08-31T04:03:39.043955+00:00,GET,http://localhost:3000/logistics/tenderos/productos-disponibles?tiendaId=bbbbbbbb-bbbb-4bbb-8bbb-bbbbbbbbbbbb&zona=Zona+Norte,200,58.831,
2026-08-31T04:03:39.077521+00:00,GET,http://localhost:3000/logistics/tenderos/productos-disponibles?tiendaId=bbbbbbbb-bbbb-4bbb-8bbb-bbbbbbbbbbbb&zona=Zona+Norte,200,61.421,
2026-08-31T04:03:39.111042+00:00,GET,http://localhost:3000/logistics/tenderos/productos-disponibles?tiendaId=bbbbbbbb-bbbb-4bbb-8bbb-bbbbbbbbbbbb&zona=Zona+Norte,200,60.896,
2026-08-31T04:03:39.143531+00:00,GET,http://localhost:3000/logistics/tenderos/productos-disponibles?tiendaId=bbbbbbbb-bbbb-4bbb-8bbb-bbbbbbbbbbbb&zona=Zona+Norte,200,62.438,
2026-08-31T04:03:39.177402+00:00,GET,http://localhost:3000/logistics/tenderos/productos-disponibles?tiendaId=bbbbbbbb-bbbb-4bbb-8bbb-bbbbbbbbbbbb&zona=Zona+Norte,200,58.697,
2026-08-31T04:03:39.210305+00:00,GET,http://localhost:3000/logistics/tenderos/productos-disponibles?tiendaId=bbbbbbbb-bbbb-4bbb-8bbb-bbbbbbbbbbbb&zona=Zona+Norte,200,61.972,
2026-08-31T04:03:39.244419+00:00,GET,http://localhost:3000/logistics/tenderos/productos-disponibles?tiendaId=bbbbbbbb-bbbb-4bbb-8bbb-bbbbbbbbbbbb&zona=Zona+Norte,200,62.539,
2026-08-31T04:03:39.277365+00:00,GET,http://localhost:3000/logistics/tenderos/productos-disponibles?tiendaId=bbbbbbbb-bbbb-4bbb-8bbb-bbbbbbbbbbbb&zona=Zona+Norte,200,61.963,
2026-08-31T04:03:39.310518+00:00,GET,http://localhost:3000/logistics/tenderos/productos-disponibles?tiendaId=bbbbbbbb-bbbb-4bbb-8bbb-bbbbbbbbbbbb&zona=Zona+Norte,200,59.652,
2026-08-31T04:03:39.343985+00:00,GET,http://localhost:3000/logistics/tenderos/productos-disponibles?tiendaId=bbbbbbbb-bbbb-4bbb-8bbb-bbbbbbbbbbbb&zona=Zona+Norte,200,59.745,
2026-08-31T04:03:39.377645+00:00,GET,http://localhost:3000/logistics/tenderos/productos-disponibles?tiendaId=bbbbbbbb-bbbb-4bbb-8bbb-bbbbbbbbbbbb&zona=Zona+Norte,200,58.895,
2026-08-31T04:03:39.410944+00:00,GET,http://localhost:3000/logistics/tenderos/productos-disponibles?tiendaId=bbbbbbbb-bbbb-4bbb-8bbb-bbbbbbbbbbbb&zona=Zona+Norte,200,59.111,
2026-08-31T04:03:39.444340+00:00,GET,http://localhost:3000/logistics/tenderos/productos-disponibles?tiendaId=bbbbbbbb-bbbb-4bbb-8bbb-bbbbbbbbbbbb&zona=Zona+Norte,200,62.162,
2026-08-31T04:03:39.477704+00:00,GET,http://localhost:3000/logistics/tenderos/productos-disponibles?tiendaId=bbbbbbbb-bbbb-4bbb-8bbb-bbbbbbbbbbbb&zona=Zona+Norte,200,61.908,
2026-08-31T04:03:39.510691+00:00,GET,http://localhost:3000/logistics/tenderos/productos-disponibles?tiendaId=bbbbbbbb-bbbb-4bbb-8bbb-bbbbbbbbbbbb&zona=Zona+Norte,200,63.273,
2026-08-31T04:03:39.544012+00:00,GET,http://localhost:3000/logistics/tenderos/productos-disponibles?tiendaId=bbbbbbbb-bbbb-4bbb-8bbb-bbbbbbbbbbbb&zona=Zona+Norte,200,62.537,
2026-08-31T04:03:39.577220+00:00,GET,http://localhost:3000/logistics/tenderos/productos-disponibles?tiendaId=bbbbbbbb-bbbb-4bbb-8bbb-bbbbbbbbbbbb&zona=Zona+Norte,200,59.103,
2026-08-31T04:03:39.610630+00:00,GET,http://localhost:3000/logistics/tenderos/productos-disponibles?tiendaId=bbbbbbbb-bbbb-4bbb-8bbb-bbbbbbbbbbbb&zona=Zona+Norte,200,58.453,
2026-08-31T04:03:39.644265+00:00,GET,http://localhost:3000/logistics/tenderos/productos-disponibles?tiendaId=bbbbbbbb-bbbb-4bbb-8bbb-bbbbbbbbbbbb&zona=Zona+Norte,200,61.787,
2026-08-31T04:03:39.677851+00:00,GET,http://localhost:3000/logistics/tenderos/productos-disponibles?tiendaId=bbbbbbbb-bbbb-4bbb-8bbb-bbbbbbbbbbbb&zona=Zona+Norte,200,61.426,
2026-08-31T04:03:39.710720+00:00,GET,http://localhost:3000/logistics/tenderos/productos-disponibles?tiendaId=bbbbbbbb-bbbb-4bbb-8bbb-bbbbbbbbbbbb&zona=Zona+Norte,200,62.155,
2026-08-31T04:03:39.744066+00:00,GET,http://localhost:3000/logistics/tenderos/productos-disponibles?tiendaId=bbbbbbbb-bbbb-4bbb-8bbb-bbbbbbbbbbbb&zona=Zona+Norte,200,59.842,
2026-08-31T04:03:39.777348+00:00,GET,http://localhost:3000/logistics/tenderos/productos-disponibles?tiendaId=bbbbbbbb-bbbb-4bbb-8bbb-bbbbbbbbbbbb&zona=Zona+Norte,200,64.762,
2026-08-31T04:03:39.810864+00:00,GET,http://localhost:3000/logistics/tenderos/productos-disponibles?tiendaId=bbbbbbbb-bbbb-4bbb-8bbb-bbbbbbbbbbbb&zona=Zona+Norte,200,62.173,
2026-08-31T04:03:39.843672+00:00,GET,http://localhost:3000/logistics/tenderos/productos-disponibles?tiendaId=bbbbbbbb-bbbb-4bbb-8bbb-bbbbbbbbbbbb&zona=Zona+Norte,200,63.396,
2026-08-31T04:03:39.877317+00:00,GET,http://localhost:3000/logistics/tenderos/productos-disponibles?tiendaId=bbbbbbbb-bbbb-4bbb-8bbb-bbbbbbbbbbbb&zona=Zona+Norte,200,58.884,
2026-08-31T04:03:39.910568+00:00,GET,http://localhost:3000/logistics/tenderos/productos-disponibles?tiendaId=bbbbbbbb-bbbb-4bbb-8bbb-bbbbbbbbbbbb&zona=Zona+Norte,200,59.351,
2026-08-31T04:03:39.944467+00:00,GET,http://localhost:3000/logistics/tenderos/productos-disponibles?tiendaId=bbbbbbbb-bbbb-4bbb-8bbb-bbbbbbbbbbbb&zona=Zona+Norte,200,62.164,
2026-08-31T04:03:39.977521+00:00,GET,http://localhost:3000/logistics/tenderos/productos-disponibles?tiendaId=bbbbbbbb-bbbb-4bbb-8bbb-bbbbbbbbbbbb&zona=Zona+Norte,200,59.095,
2026-08-31T04:03:40.010447+00:00,GET,http://localhost:3000/logistics/tenderos/productos-disponibles?tiendaId=bbbbbbbb-bbbb-4bbb-8bbb-bbbbbbbbbbbb&zona=Zona+Norte,200,59.186,
2026-08-31T04:03:40.044431+00:00,GET,http://localhost:3000/logistics/tenderos/productos-disponibles?tiendaId=bbbbbbbb-bbbb-4bbb-8bbb-bbbbbbbbbbbb&zona=Zona+Norte,200,60.886,
2026-08-31T04:03:40.077507+00:00,GET,http://localhost:3000/logistics/tenderos/productos-disponibles?tiendaId=bbbbbbbb-bbbb-4bbb-8bbb-bbbbbbbbbbbb&zona=Zona+Norte,200,61.475,
2026-08-31T04:03:40.110814+00:00,GET,http://localhost:3000/logistics/tenderos/productos-disponibles?tiendaId=bbbbbbbb-bbbb-4bbb-8bbb-bbbbbbbbbbbb&zona=Zona+Norte,200,61.202,
2026-08-31T04:03:40.144125+00:00,GET,http://localhost:3000/logistics/tenderos/productos-disponibles?tiendaId=bbbbbbbb-bbbb-4bbb-8bbb-bbbbbbbbbbbb&zona=Zona+Norte,200,60.707,
2026-08-31T04:03:40.177497+00:00,GET,http://localhost:3000/logistics/tenderos/productos-disponibles?tiendaId=bbbbbbbb-bbbb-4bbb-8bbb-bbbbbbbbbbbb&zona=Zona+Norte,200,58.881,
2026-08-31T04:03:40.210878+00:00,GET,http://localhost:3000/logistics/tenderos/productos-disponibles?tiendaId=bbbbbbbb-bbbb-4bbb-8bbb-bbbbbbbbbbbb&zona=Zona+Norte,200,61.852,
2026-08-31T04:03:40.244170+00:00,GET,http://localhost:3000/logistics/tenderos/productos-disponibles?tiendaId=bbbbbbbb-bbbb-4bbb-8bbb-bbbbbbbbbbbb&zona=Zona+Norte,200,61.987,
2026-08-31T04:03:40.277434+00:00,GET,http://localhost:3000/logistics/tenderos/productos-disponibles?tiendaId=bbbbbbbb-bbbb-4bbb-8bbb-bbbbbbbbbbbb&zona=Zona+Norte,200,61.768,
2026-08-31T04:03:40.310742+00:00,GET,http://localhost:3000/logistics/tenderos/productos-disponibles?tiendaId=bbbbbbbb-bbbb-4bbb-8bbb-bbbbbbbbbbbb&zona=Zona+Norte,200,58.938,
2026-08-31T04:03:40.344085+00:00,GET,http://localhost:3000/logistics/tenderos/productos-disponibles?tiendaId=bbbbbbbb-bbbb-4bbb-8bbb-bbbbbbbbbbbb&zona=Zona+Norte,200,62.134,
2026-08-31T04:03:40.377775+00:00,GET,http://localhost:3000/logistics/tenderos/productos-disponibles?tiendaId=bbbbbbbb-bbbb-4bbb-8bbb-bbbbbbbbbbbb&zona=Zona+Norte,200,67.347,
2026-08-31T04:03:40.410698+00:00,GET,http://localhost:3000/logistics/tenderos/productos-disponibles?tiendaId=bbbbbbbb-bbbb-4bbb-8bbb-bbbbbbbbbbbb&zona=Zona+Norte,200,65.103,
2026-08-31T04:03:40.444301+00:00,GET,http://localhost:3000/logistics/tenderos/productos-disponibles?tiendaId=bbbbbbbb-bbbb-4bbb-8bbb-bbbbbbbbbbbb&zona=Zona+Norte,200,64.487,
2026-08-31T04:03:40.476982+00:00,GET,http://localhost:3000/logistics/tenderos/productos-disponibles?tiendaId=bbbbbbbb-bbbb-4bbb-8bbb-bbbbbbbbbbbb&zona=Zona+Norte,200,62.716,
2026-08-31T04:03:40.510356+00:00,GET,http://localhost:3000/logistics/tenderos/productos-disponibles?tiendaId=bbbbbbbb-bbbb-4bbb-8bbb-bbbbbbbbbbbb&zona=Zona+Norte,200,58.801,
2026-08-31T04:03:40.544006+00:00,GET,http://localhost:3000/logistics/tenderos/productos-disponibles?tiendaId=bbbbbbbb-bbbb-4bbb-8bbb-bbbbbbbbbbbb&zona=Zona+Norte,200,64.200,
2026-08-31T04:03:40.577376+00:00,GET,http://localhost:3000/logistics/tenderos/productos-disponibles?tiendaId=bbbbbbbb-bbbb-4bbb-8bbb-bbbbbbbbbbbb&zona=Zona+Norte,200,61.903,
2026-08-31T04:03:40.610350+00:00,GET,http://localhost:3000/logistics/tenderos/productos-disponibles?tiendaId=bbbbbbbb-bbbb-4bbb-8bbb-bbbbbbbbbbbb&zona=Zona+Norte,200,59.165,
2026-08-31T04:03:40.644147+00:00,GET,http://localhost:3000/logistics/tenderos/productos-disponibles?tiendaId=bbbbbbbb-bbbb-4bbb-8bbb-bbbbbbbbbbbb&zona=Zona+Norte,200,58.940,
2026-08-31T04:03:40.677853+00:00,GET,http://localhost:3000/logistics/tenderos/productos-disponibles?tiendaId=bbbbbbbb-bbbb-4bbb-8bbb-bbbbbbbbbbbb&zona=Zona+Norte,200,61.573,
2026-08-31T04:03:40.710645+00:00,GET,http://localhost:3000/logistics/tenderos/productos-disponibles?tiendaId=bbbbbbbb-bbbb-4bbb-8bbb-bbbbbbbbbbbb&zona=Zona+Norte,200,60.694,
2026-08-31T04:03:40.744088+00:00,GET,http://localhost:3000/logistics/tenderos/productos-disponibles?tiendaId=bbbbbbbb-bbbb-4bbb-8bbb-bbbbbbbbbbbb&zona=Zona+Norte,200,64.962,
2026-08-31T04:03:40.777289+00:00,GET,http://localhost:3000/logistics/tenderos/productos-disponibles?tiendaId=bbbbbbbb-bbbb-4bbb-8bbb-bbbbbbbbbbbb&zona=Zona+Norte,200,60.304,
2026-08-31T04:03:40.810335+00:00,GET,http://localhost:3000/logistics/tenderos/productos-disponibles?tiendaId=bbbbbbbb-bbbb-4bbb-8bbb-bbbbbbbbbbbb&zona=Zona+Norte,200,62.218,
2026-08-31T04:03:40.844283+00:00,GET,http://localhost:3000/logistics/tenderos/productos-disponibles?tiendaId=bbbbbbbb-bbbb-4bbb-8bbb-bbbbbbbbbbbb&zona=Zona+Norte,200,57.554,
2026-08-31T04:03:40.877495+00:00,GET,http://localhost:3000/logistics/tenderos/productos-disponibles?tiendaId=bbbbbbbb-bbbb-4bbb-8bbb-bbbbbbbbbbbb&zona=Zona+Norte,200,60.037,
2026-08-31T04:03:40.910873+00:00,GET,http://localhost:3000/logistics/tenderos/productos-disponibles?tiendaId=bbbbbbbb-bbbb-4bbb-8bbb-bbbbbbbbbbbb&zona=Zona+Norte,200,60.709,
2026-08-31T04:03:40.944346+00:00,GET,http://localhost:3000/logistics/tenderos/productos-disponibles?tiendaId=bbbbbbbb-bbbb-4bbb-8bbb-bbbbbbbbbbbb&zona=Zona+Norte,200,62.210,
2026-08-31T04:03:40.977532+00:00,GET,http://localhost:3000/logistics/tenderos/productos-disponibles?tiendaId=bbbbbbbb-bbbb-4bbb-8bbb-bbbbbbbbbbbb&zona=Zona+Norte,200,61.042,
2026-08-31T04:03:41.010649+00:00,GET,http://localhost:3000/logistics/tenderos/productos-disponibles?tiendaId=bbbbbbbb-bbbb-4bbb-8bbb-bbbbbbbbbbbb&zona=Zona+Norte,200,56.586,
2026-08-31T04:03:41.044153+00:00,GET,http://localhost:3000/logistics/tenderos/productos-disponibles?tiendaId=bbbbbbbb-bbbb-4bbb-8bbb-bbbbbbbbbbbb&zona=Zona+Norte,200,57.687,
2026-08-31T04:03:41.077881+00:00,GET,http://localhost:3000/logistics/tenderos/productos-disponibles?tiendaId=bbbbbbbb-bbbb-4bbb-8bbb-bbbbbbbbbbbb&zona=Zona+Norte,200,59.541,
2026-08-31T04:03:41.111313+00:00,GET,http://localhost:3000/logistics/tenderos/productos-disponibles?tiendaId=bbbbbbbb-bbbb-4bbb-8bbb-bbbbbbbbbbbb&zona=Zona+Norte,200,59.977,
2026-08-31T04:03:41.144340+00:00,GET,http://localhost:3000/logistics/tenderos/productos-disponibles?tiendaId=bbbbbbbb-bbbb-4bbb-8bbb-bbbbbbbbbbbb&zona=Zona+Norte,200,59.761,
2026-08-31T04:03:41.177647+00:00,GET,http://localhost:3000/logistics/tenderos/productos-disponibles?tiendaId=bbbbbbbb-bbbb-4bbb-8bbb-bbbbbbbbbbbb&zona=Zona+Norte,200,58.763,
2026-08-31T04:03:41.210889+00:00,GET,http://localhost:3000/logistics/tenderos/productos-disponibles?tiendaId=bbbbbbbb-bbbb-4bbb-8bbb-bbbbbbbbbbbb&zona=Zona+Norte,200,58.928,
2026-08-31T04:03:41.244469+00:00,GET,http://localhost:3000/logistics/tenderos/productos-disponibles?tiendaId=bbbbbbbb-bbbb-4bbb-8bbb-bbbbbbbbbbbb&zona=Zona+Norte,200,57.768,
2026-08-31T04:03:41.277700+00:00,GET,http://localhost:3000/logistics/tenderos/productos-disponibles?tiendaId=bbbbbbbb-bbbb-4bbb-8bbb-bbbbbbbbbbbb&zona=Zona+Norte,200,60.265,
2026-08-31T04:03:41.311128+00:00,GET,http://localhost:3000/logistics/tenderos/productos-disponibles?tiendaId=bbbbbbbb-bbbb-4bbb-8bbb-bbbbbbbbbbbb&zona=Zona+Norte,200,55.488,
2026-08-31T04:03:41.344295+00:00,GET,http://localhost:3000/logistics/tenderos/productos-disponibles?tiendaId=bbbbbbbb-bbbb-4bbb-8bbb-bbbbbbbbbbbb&zona=Zona+Norte,200,59.451,
2026-08-31T04:03:41.377922+00:00,GET,http://localhost:3000/logistics/tenderos/productos-disponibles?tiendaId=bbbbbbbb-bbbb-4bbb-8bbb-bbbbbbbbbbbb&zona=Zona+Norte,200,58.487,
2026-08-31T04:03:41.411082+00:00,GET,http://localhost:3000/logistics/tenderos/productos-disponibles?tiendaId=bbbbbbbb-bbbb-4bbb-8bbb-bbbbbbbbbbbb&zona=Zona+Norte,200,62.627,
2026-08-31T04:03:41.444468+00:00,GET,http://localhost:3000/logistics/tenderos/productos-disponibles?tiendaId=bbbbbbbb-bbbb-4bbb-8bbb-bbbbbbbbbbbb&zona=Zona+Norte,200,58.631,
2026-08-31T04:03:41.477295+00:00,GET,http://localhost:3000/logistics/tenderos/productos-disponibles?tiendaId=bbbbbbbb-bbbb-4bbb-8bbb-bbbbbbbbbbbb&zona=Zona+Norte,200,65.232,
2026-08-31T04:03:41.510809+00:00,GET,http://localhost:3000/logistics/tenderos/productos-disponibles?tiendaId=bbbbbbbb-bbbb-4bbb-8bbb-bbbbbbbbbbbb&zona=Zona+Norte,200,61.738,
2026-08-31T04:03:41.543673+00:00,GET,http://localhost:3000/logistics/tenderos/productos-disponibles?tiendaId=bbbbbbbb-bbbb-4bbb-8bbb-bbbbbbbbbbbb&zona=Zona+Norte,200,62.375,
2026-08-31T04:03:41.577426+00:00,GET,http://localhost:3000/logistics/tenderos/productos-disponibles?tiendaId=bbbbbbbb-bbbb-4bbb-8bbb-bbbbbbbbbbbb&zona=Zona+Norte,200,59.234,
2026-08-31T04:03:41.610751+00:00,GET,http://localhost:3000/logistics/tenderos/productos-disponibles?tiendaId=bbbbbbbb-bbbb-4bbb-8bbb-bbbbbbbbbbbb&zona=Zona+Norte,200,57.825,
2026-08-31T04:03:41.644232+00:00,GET,http://localhost:3000/logistics/tenderos/productos-disponibles?tiendaId=bbbbbbbb-bbbb-4bbb-8bbb-bbbbbbbbbbbb&zona=Zona+Norte,200,61.935,
2026-08-31T04:03:41.677511+00:00,GET,http://localhost:3000/logistics/tenderos/productos-disponibles?tiendaId=bbbbbbbb-bbbb-4bbb-8bbb-bbbbbbbbbbbb&zona=Zona+Norte,200,60.790,
2026-08-31T04:03:41.710745+00:00,GET,http://localhost:3000/logistics/tenderos/productos-disponibles?tiendaId=bbbbbbbb-bbbb-4bbb-8bbb-bbbbbbbbbbbb&zona=Zona+Norte,200,62.098,
2026-08-31T04:03:41.744169+00:00,GET,http://localhost:3000/logistics/tenderos/productos-disponibles?tiendaId=bbbbbbbb-bbbb-4bbb-8bbb-bbbbbbbbbbbb&zona=Zona+Norte,200,63.185,
2026-08-31T04:03:41.777403+00:00,GET,http://localhost:3000/logistics/tenderos/productos-disponibles?tiendaId=bbbbbbbb-bbbb-4bbb-8bbb-bbbbbbbbbbbb&zona=Zona+Norte,200,62.842,
2026-08-31T04:03:41.810608+00:00,GET,http://localhost:3000/logistics/tenderos/productos-disponibles?tiendaId=bbbbbbbb-bbbb-4bbb-8bbb-bbbbbbbbbbbb&zona=Zona+Norte,200,62.781,
2026-08-31T04:03:41.843982+00:00,GET,http://localhost:3000/logistics/tenderos/productos-disponibles?tiendaId=bbbbbbbb-bbbb-4bbb-8bbb-bbbbbbbbbbbb&zona=Zona+Norte,200,60.643,
2026-08-31T04:03:41.877357+00:00,GET,http://localhost:3000/logistics/tenderos/productos-disponibles?tiendaId=bbbbbbbb-bbbb-4bbb-8bbb-bbbbbbbbbbbb&zona=Zona+Norte,200,60.140,
2026-08-31T04:03:41.910983+00:00,GET,http://localhost:3000/logistics/tenderos/productos-disponibles?tiendaId=bbbbbbbb-bbbb-4bbb-8bbb-bbbbbbbbbbbb&zona=Zona+Norte,200,55.216,
2026-08-31T04:03:41.944359+00:00,GET,http://localhost:3000/logistics/tenderos/productos-disponibles?tiendaId=bbbbbbbb-bbbb-4bbb-8bbb-bbbbbbbbbbbb&zona=Zona+Norte,200,61.808,
2026-08-31T04:03:41.977542+00:00,GET,http://localhost:3000/logistics/tenderos/productos-disponibles?tiendaId=bbbbbbbb-bbbb-4bbb-8bbb-bbbbbbbbbbbb&zona=Zona+Norte,200,63.201,
2026-08-31T04:03:42.010772+00:00,GET,http://localhost:3000/logistics/tenderos/productos-disponibles?tiendaId=bbbbbbbb-bbbb-4bbb-8bbb-bbbbbbbbbbbb&zona=Zona+Norte,200,64.363,
2026-08-31T04:03:42.043972+00:00,GET,http://localhost:3000/logistics/tenderos/productos-disponibles?tiendaId=bbbbbbbb-bbbb-4bbb-8bbb-bbbbbbbbbbbb&zona=Zona+Norte,200,61.265,
2026-08-31T04:03:42.077122+00:00,GET,http://localhost:3000/logistics/tenderos/productos-disponibles?tiendaId=bbbbbbbb-bbbb-4bbb-8bbb-bbbbbbbbbbbb&zona=Zona+Norte,200,62.608,
2026-08-31T04:03:42.110590+00:00,GET,http://localhost:3000/logistics/tenderos/productos-disponibles?tiendaId=bbbbbbbb-bbbb-4bbb-8bbb-bbbbbbbbbbbb&zona=Zona+Norte,200,60.886,
2026-08-31T04:03:42.144154+00:00,GET,http://localhost:3000/logistics/tenderos/productos-disponibles?tiendaId=bbbbbbbb-bbbb-4bbb-8bbb-bbbbbbbbbbbb&zona=Zona+Norte,200,62.936,
2026-08-31T04:03:42.177588+00:00,GET,http://localhost:3000/logistics/tenderos/productos-disponibles?tiendaId=bbbbbbbb-bbbb-4bbb-8bbb-bbbbbbbbbbbb&zona=Zona+Norte,200,64.467,
2026-08-31T04:03:42.210663+00:00,GET,http://localhost:3000/logistics/tenderos/productos-disponibles?tiendaId=bbbbbbbb-bbbb-4bbb-8bbb-bbbbbbbbbbbb&zona=Zona+Norte,200,65.088,
2026-08-31T04:03:42.243813+00:00,GET,http://localhost:3000/logistics/tenderos/productos-disponibles?tiendaId=bbbbbbbb-bbbb-4bbb-8bbb-bbbbbbbbbbbb&zona=Zona+Norte,200,63.448,
2026-08-31T04:03:42.277054+00:00,GET,http://localhost:3000/logistics/tenderos/productos-disponibles?tiendaId=bbbbbbbb-bbbb-4bbb-8bbb-bbbbbbbbbbbb&zona=Zona+Norte,200,65.225,
2026-08-31T04:03:42.310679+00:00,GET,http://localhost:3000/logistics/tenderos/productos-disponibles?tiendaId=bbbbbbbb-bbbb-4bbb-8bbb-bbbbbbbbbbbb&zona=Zona+Norte,200,60.740,
2026-08-31T04:03:42.343772+00:00,GET,http://localhost:3000/logistics/tenderos/productos-disponibles?tiendaId=bbbbbbbb-bbbb-4bbb-8bbb-bbbbbbbbbbbb&zona=Zona+Norte,200,64.888,
2026-08-31T04:03:42.377584+00:00,GET,http://localhost:3000/logistics/tenderos/productos-disponibles?tiendaId=bbbbbbbb-bbbb-4bbb-8bbb-bbbbbbbbbbbb&zona=Zona+Norte,200,64.193,
2026-08-31T04:03:42.410471+00:00,GET,http://localhost:3000/logistics/tenderos/productos-disponibles?tiendaId=bbbbbbbb-bbbb-4bbb-8bbb-bbbbbbbbbbbb&zona=Zona+Norte,200,63.253,
2026-08-31T04:03:42.443835+00:00,GET,http://localhost:3000/logistics/tenderos/productos-disponibles?tiendaId=bbbbbbbb-bbbb-4bbb-8bbb-bbbbbbbbbbbb&zona=Zona+Norte,200,61.854,
2026-08-31T04:03:42.477393+00:00,GET,http://localhost:3000/logistics/tenderos/productos-disponibles?tiendaId=bbbbbbbb-bbbb-4bbb-8bbb-bbbbbbbbbbbb&zona=Zona+Norte,200,60.306,
2026-08-31T04:03:42.510847+00:00,GET,http://localhost:3000/logistics/tenderos/productos-disponibles?tiendaId=bbbbbbbb-bbbb-4bbb-8bbb-bbbbbbbbbbbb&zona=Zona+Norte,200,61.132,
2026-08-31T04:03:42.544414+00:00,GET,http://localhost:3000/logistics/tenderos/productos-disponibles?tiendaId=bbbbbbbb-bbbb-4bbb-8bbb-bbbbbbbbbbbb&zona=Zona+Norte,200,62.256,
2026-08-31T04:03:42.577594+00:00,GET,http://localhost:3000/logistics/tenderos/productos-disponibles?tiendaId=bbbbbbbb-bbbb-4bbb-8bbb-bbbbbbbbbbbb&zona=Zona+Norte,200,63.745,
2026-08-31T04:03:42.610709+00:00,GET,http://localhost:3000/logistics/tenderos/productos-disponibles?tiendaId=bbbbbbbb-bbbb-4bbb-8bbb-bbbbbbbbbbbb&zona=Zona+Norte,200,63.896,
2026-08-31T04:03:42.644002+00:00,GET,http://localhost:3000/logistics/tenderos/productos-disponibles?tiendaId=bbbbbbbb-bbbb-4bbb-8bbb-bbbbbbbbbbbb&zona=Zona+Norte,200,62.941,
2026-08-31T04:03:42.677254+00:00,GET,http://localhost:3000/logistics/tenderos/productos-disponibles?tiendaId=bbbbbbbb-bbbb-4bbb-8bbb-bbbbbbbbbbbb&zona=Zona+Norte,200,64.783,
2026-08-31T04:03:42.710702+00:00,GET,http://localhost:3000/logistics/tenderos/productos-disponibles?tiendaId=bbbbbbbb-bbbb-4bbb-8bbb-bbbbbbbbbbbb&zona=Zona+Norte,200,60.107,
2026-08-31T04:03:42.743800+00:00,GET,http://localhost:3000/logistics/tenderos/productos-disponibles?tiendaId=bbbbbbbb-bbbb-4bbb-8bbb-bbbbbbbbbbbb&zona=Zona+Norte,200,64.296,
2026-08-31T04:03:42.777722+00:00,GET,http://localhost:3000/logistics/tenderos/productos-disponibles?tiendaId=bbbbbbbb-bbbb-4bbb-8bbb-bbbbbbbbbbbb&zona=Zona+Norte,200,69.255,
2026-08-31T04:03:42.810578+00:00,GET,http://localhost:3000/logistics/tenderos/productos-disponibles?tiendaId=bbbbbbbb-bbbb-4bbb-8bbb-bbbbbbbbbbbb&zona=Zona+Norte,200,59.228,
2026-08-31T04:03:42.844160+00:00,GET,http://localhost:3000/logistics/tenderos/productos-disponibles?tiendaId=bbbbbbbb-bbbb-4bbb-8bbb-bbbbbbbbbbbb&zona=Zona+Norte,200,60.673,
2026-08-31T04:03:42.877876+00:00,GET,http://localhost:3000/logistics/tenderos/productos-disponibles?tiendaId=bbbbbbbb-bbbb-4bbb-8bbb-bbbbbbbbbbbb&zona=Zona+Norte,200,60.948,
2026-08-31T04:03:42.910999+00:00,GET,http://localhost:3000/logistics/tenderos/productos-disponibles?tiendaId=bbbbbbbb-bbbb-4bbb-8bbb-bbbbbbbbbbbb&zona=Zona+Norte,200,60.937,
2026-08-31T04:03:42.944256+00:00,GET,http://localhost:3000/logistics/tenderos/productos-disponibles?tiendaId=bbbbbbbb-bbbb-4bbb-8bbb-bbbbbbbbbbbb&zona=Zona+Norte,200,61.622,
2026-08-31T04:03:42.977167+00:00,GET,http://localhost:3000/logistics/tenderos/productos-disponibles?tiendaId=bbbbbbbb-bbbb-4bbb-8bbb-bbbbbbbbbbbb&zona=Zona+Norte,200,62.775,
2026-08-31T04:03:43.010865+00:00,GET,http://localhost:3000/logistics/tenderos/productos-disponibles?tiendaId=bbbbbbbb-bbbb-4bbb-8bbb-bbbbbbbbbbbb&zona=Zona+Norte,200,57.361,
2026-08-31T04:03:43.044101+00:00,GET,http://localhost:3000/logistics/tenderos/productos-disponibles?tiendaId=bbbbbbbb-bbbb-4bbb-8bbb-bbbbbbbbbbbb&zona=Zona+Norte,200,55.712,
2026-08-31T04:03:43.078012+00:00,GET,http://localhost:3000/logistics/tenderos/productos-disponibles?tiendaId=bbbbbbbb-bbbb-4bbb-8bbb-bbbbbbbbbbbb&zona=Zona+Norte,200,59.182,
2026-08-31T04:03:43.111031+00:00,GET,http://localhost:3000/logistics/tenderos/productos-disponibles?tiendaId=bbbbbbbb-bbbb-4bbb-8bbb-bbbbbbbbbbbb&zona=Zona+Norte,200,57.333,
2026-08-31T04:03:43.144174+00:00,GET,http://localhost:3000/logistics/tenderos/productos-disponibles?tiendaId=bbbbbbbb-bbbb-4bbb-8bbb-bbbbbbbbbbbb&zona=Zona+Norte,200,58.425,
2026-08-31T04:03:43.178016+00:00,GET,http://localhost:3000/logistics/tenderos/productos-disponibles?tiendaId=bbbbbbbb-bbbb-4bbb-8bbb-bbbbbbbbbbbb&zona=Zona+Norte,200,62.364,
2026-08-31T04:03:43.211097+00:00,GET,http://localhost:3000/logistics/tenderos/productos-disponibles?tiendaId=bbbbbbbb-bbbb-4bbb-8bbb-bbbbbbbbbbbb&zona=Zona+Norte,200,63.799,
2026-08-31T04:03:43.244087+00:00,GET,http://localhost:3000/logistics/tenderos/productos-disponibles?tiendaId=bbbbbbbb-bbbb-4bbb-8bbb-bbbbbbbbbbbb&zona=Zona+Norte,200,61.083,
2026-08-31T04:03:43.277263+00:00,GET,http://localhost:3000/logistics/tenderos/productos-disponibles?tiendaId=bbbbbbbb-bbbb-4bbb-8bbb-bbbbbbbbbbbb&zona=Zona+Norte,200,62.876,
2026-08-31T04:03:43.310843+00:00,GET,http://localhost:3000/logistics/tenderos/productos-disponibles?tiendaId=bbbbbbbb-bbbb-4bbb-8bbb-bbbbbbbbbbbb&zona=Zona+Norte,200,63.100,
2026-08-31T04:03:43.344117+00:00,GET,http://localhost:3000/logistics/tenderos/productos-disponibles?tiendaId=bbbbbbbb-bbbb-4bbb-8bbb-bbbbbbbbbbbb&zona=Zona+Norte,200,60.680,
2026-08-31T04:03:43.377906+00:00,GET,http://localhost:3000/logistics/tenderos/productos-disponibles?tiendaId=bbbbbbbb-bbbb-4bbb-8bbb-bbbbbbbbbbbb&zona=Zona+Norte,200,60.638,
2026-08-31T04:03:43.410825+00:00,GET,http://localhost:3000/logistics/tenderos/productos-disponibles?tiendaId=bbbbbbbb-bbbb-4bbb-8bbb-bbbbbbbbbbbb&zona=Zona+Norte,200,63.910,
2026-08-31T04:03:43.444363+00:00,GET,http://localhost:3000/logistics/tenderos/productos-disponibles?tiendaId=bbbbbbbb-bbbb-4bbb-8bbb-bbbbbbbbbbbb&zona=Zona+Norte,200,61.190,
2026-08-31T04:03:43.477299+00:00,GET,http://localhost:3000/logistics/tenderos/productos-disponibles?tiendaId=bbbbbbbb-bbbb-4bbb-8bbb-bbbbbbbbbbbb&zona=Zona+Norte,200,63.057,
2026-08-31T04:03:43.510948+00:00,GET,http://localhost:3000/logistics/tenderos/productos-disponibles?tiendaId=bbbbbbbb-bbbb-4bbb-8bbb-bbbbbbbbbbbb&zona=Zona+Norte,200,61.184,
2026-08-31T04:03:43.544134+00:00,GET,http://localhost:3000/logistics/tenderos/productos-disponibles?tiendaId=bbbbbbbb-bbbb-4bbb-8bbb-bbbbbbbbbbbb&zona=Zona+Norte,200,62.217,
2026-08-31T04:03:43.577622+00:00,GET,http://localhost:3000/logistics/tenderos/productos-disponibles?tiendaId=bbbbbbbb-bbbb-4bbb-8bbb-bbbbbbbbbbbb&zona=Zona+Norte,200,64.743,
2026-08-31T04:03:43.610842+00:00,GET,http://localhost:3000/logistics/tenderos/productos-disponibles?tiendaId=bbbbbbbb-bbbb-4bbb-8bbb-bbbbbbbbbbbb&zona=Zona+Norte,200,64.570,
2026-08-31T04:03:43.643939+00:00,GET,http://localhost:3000/logistics/tenderos/productos-disponibles?tiendaId=bbbbbbbb-bbbb-4bbb-8bbb-bbbbbbbbbbbb&zona=Zona+Norte,200,60.832,
2026-08-31T04:03:43.677227+00:00,GET,http://localhost:3000/logistics/tenderos/productos-disponibles?tiendaId=bbbbbbbb-bbbb-4bbb-8bbb-bbbbbbbbbbbb&zona=Zona+Norte,200,64.424,
2026-08-31T04:03:43.710835+00:00,GET,http://localhost:3000/logistics/tenderos/productos-disponibles?tiendaId=bbbbbbbb-bbbb-4bbb-8bbb-bbbbbbbbbbbb&zona=Zona+Norte,200,63.434,
2026-08-31T04:03:43.743964+00:00,GET,http://localhost:3000/logistics/tenderos/productos-disponibles?tiendaId=bbbbbbbb-bbbb-4bbb-8bbb-bbbbbbbbbbbb&zona=Zona+Norte,200,63.540,
2026-08-31T04:03:43.777355+00:00,GET,http://localhost:3000/logistics/tenderos/productos-disponibles?tiendaId=bbbbbbbb-bbbb-4bbb-8bbb-bbbbbbbbbbbb&zona=Zona+Norte,200,63.033,
2026-08-31T04:03:43.810694+00:00,GET,http://localhost:3000/logistics/tenderos/productos-disponibles?tiendaId=bbbbbbbb-bbbb-4bbb-8bbb-bbbbbbbbbbbb&zona=Zona+Norte,200,61.327,
2026-08-31T04:03:43.844146+00:00,GET,http://localhost:3000/logistics/tenderos/productos-disponibles?tiendaId=bbbbbbbb-bbbb-4bbb-8bbb-bbbbbbbbbbbb&zona=Zona+Norte,200,68.417,
2026-08-31T04:03:43.877237+00:00,GET,http://localhost:3000/logistics/tenderos/productos-disponibles?tiendaId=bbbbbbbb-bbbb-4bbb-8bbb-bbbbbbbbbbbb&zona=Zona+Norte,200,63.995,
2026-08-31T04:03:43.911373+00:00,GET,http://localhost:3000/logistics/tenderos/productos-disponibles?tiendaId=bbbbbbbb-bbbb-4bbb-8bbb-bbbbbbbbbbbb&zona=Zona+Norte,200,64.114,
2026-08-31T04:03:43.943988+00:00,GET,http://localhost:3000/logistics/tenderos/productos-disponibles?tiendaId=bbbbbbbb-bbbb-4bbb-8bbb-bbbbbbbbbbbb&zona=Zona+Norte,200,63.059,
2026-08-31T04:03:43.977264+00:00,GET,http://localhost:3000/logistics/tenderos/productos-disponibles?tiendaId=bbbbbbbb-bbbb-4bbb-8bbb-bbbbbbbbbbbb&zona=Zona+Norte,200,60.711,
2026-08-31T04:03:44.010808+00:00,GET,http://localhost:3000/logistics/tenderos/productos-disponibles?tiendaId=bbbbbbbb-bbbb-4bbb-8bbb-bbbbbbbbbbbb&zona=Zona+Norte,200,59.713,
2026-08-31T04:03:44.044448+00:00,GET,http://localhost:3000/logistics/tenderos/productos-disponibles?tiendaId=bbbbbbbb-bbbb-4bbb-8bbb-bbbbbbbbbbbb&zona=Zona+Norte,200,65.428,
2026-08-31T04:03:44.077911+00:00,GET,http://localhost:3000/logistics/tenderos/productos-disponibles?tiendaId=bbbbbbbb-bbbb-4bbb-8bbb-bbbbbbbbbbbb&zona=Zona+Norte,200,62.604,
2026-08-31T04:03:44.110388+00:00,GET,http://localhost:3000/logistics/tenderos/productos-disponibles?tiendaId=bbbbbbbb-bbbb-4bbb-8bbb-bbbbbbbbbbbb&zona=Zona+Norte,200,61.078,
2026-08-31T04:03:44.144137+00:00,GET,http://localhost:3000/logistics/tenderos/productos-disponibles?tiendaId=bbbbbbbb-bbbb-4bbb-8bbb-bbbbbbbbbbbb&zona=Zona+Norte,200,61.574,
2026-08-31T04:03:44.177758+00:00,GET,http://localhost:3000/logistics/tenderos/productos-disponibles?tiendaId=bbbbbbbb-bbbb-4bbb-8bbb-bbbbbbbbbbbb&zona=Zona+Norte,200,63.868,
2026-08-31T04:03:44.210954+00:00,GET,http://localhost:3000/logistics/tenderos/productos-disponibles?tiendaId=bbbbbbbb-bbbb-4bbb-8bbb-bbbbbbbbbbbb&zona=Zona+Norte,200,62.865,
2026-08-31T04:03:44.244018+00:00,GET,http://localhost:3000/logistics/tenderos/productos-disponibles?tiendaId=bbbbbbbb-bbbb-4bbb-8bbb-bbbbbbbbbbbb&zona=Zona+Norte,200,62.826,
2026-08-31T04:03:44.277441+00:00,GET,http://localhost:3000/logistics/tenderos/productos-disponibles?tiendaId=bbbbbbbb-bbbb-4bbb-8bbb-bbbbbbbbbbbb&zona=Zona+Norte,200,63.376,
2026-08-31T04:03:44.310801+00:00,GET,http://localhost:3000/logistics/tenderos/productos-disponibles?tiendaId=bbbbbbbb-bbbb-4bbb-8bbb-bbbbbbbbbbbb&zona=Zona+Norte,200,63.559,
2026-08-31T04:03:44.344062+00:00,GET,http://localhost:3000/logistics/tenderos/productos-disponibles?tiendaId=bbbbbbbb-bbbb-4bbb-8bbb-bbbbbbbbbbbb&zona=Zona+Norte,200,63.236,
2026-08-31T04:03:44.377390+00:00,GET,http://localhost:3000/logistics/tenderos/productos-disponibles?tiendaId=bbbbbbbb-bbbb-4bbb-8bbb-bbbbbbbbbbbb&zona=Zona+Norte,200,61.393,
2026-08-31T04:03:44.410754+00:00,GET,http://localhost:3000/logistics/tenderos/productos-disponibles?tiendaId=bbbbbbbb-bbbb-4bbb-8bbb-bbbbbbbbbbbb&zona=Zona+Norte,200,61.570,
2026-08-31T04:03:44.444189+00:00,GET,http://localhost:3000/logistics/tenderos/productos-disponibles?tiendaId=bbbbbbbb-bbbb-4bbb-8bbb-bbbbbbbbbbbb&zona=Zona+Norte,200,64.905,
2026-08-31T04:03:44.477490+00:00,GET,http://localhost:3000/logistics/tenderos/productos-disponibles?tiendaId=bbbbbbbb-bbbb-4bbb-8bbb-bbbbbbbbbbbb&zona=Zona+Norte,200,61.775,
2026-08-31T04:03:44.510512+00:00,GET,http://localhost:3000/logistics/tenderos/productos-disponibles?tiendaId=bbbbbbbb-bbbb-4bbb-8bbb-bbbbbbbbbbbb&zona=Zona+Norte,200,63.419,
2026-08-31T04:03:44.544281+00:00,GET,http://localhost:3000/logistics/tenderos/productos-disponibles?tiendaId=bbbbbbbb-bbbb-4bbb-8bbb-bbbbbbbbbbbb&zona=Zona+Norte,200,62.577,
2026-08-31T04:03:44.577491+00:00,GET,http://localhost:3000/logistics/tenderos/productos-disponibles?tiendaId=bbbbbbbb-bbbb-4bbb-8bbb-bbbbbbbbbbbb&zona=Zona+Norte,200,61.010,
2026-08-31T04:03:44.610859+00:00,GET,http://localhost:3000/logistics/tenderos/productos-disponibles?tiendaId=bbbbbbbb-bbbb-4bbb-8bbb-bbbbbbbbbbbb&zona=Zona+Norte,200,60.704,
2026-08-31T04:03:44.644274+00:00,GET,http://localhost:3000/logistics/tenderos/productos-disponibles?tiendaId=bbbbbbbb-bbbb-4bbb-8bbb-bbbbbbbbbbbb&zona=Zona+Norte,200,64.462,
2026-08-31T04:03:44.677297+00:00,GET,http://localhost:3000/logistics/tenderos/productos-disponibles?tiendaId=bbbbbbbb-bbbb-4bbb-8bbb-bbbbbbbbbbbb&zona=Zona+Norte,200,62.872,
2026-08-31T04:03:44.710562+00:00,GET,http://localhost:3000/logistics/tenderos/productos-disponibles?tiendaId=bbbbbbbb-bbbb-4bbb-8bbb-bbbbbbbbbbbb&zona=Zona+Norte,200,63.283,
2026-08-31T04:03:44.744230+00:00,GET,http://localhost:3000/logistics/tenderos/productos-disponibles?tiendaId=bbbbbbbb-bbbb-4bbb-8bbb-bbbbbbbbbbbb&zona=Zona+Norte,200,59.132,
2026-08-31T04:03:44.777290+00:00,GET,http://localhost:3000/logistics/tenderos/productos-disponibles?tiendaId=bbbbbbbb-bbbb-4bbb-8bbb-bbbbbbbbbbbb&zona=Zona+Norte,200,61.264,
2026-08-31T04:03:44.811272+00:00,GET,http://localhost:3000/logistics/tenderos/productos-disponibles?tiendaId=bbbbbbbb-bbbb-4bbb-8bbb-bbbbbbbbbbbb&zona=Zona+Norte,200,59.460,
2026-08-31T04:03:44.844400+00:00,GET,http://localhost:3000/logistics/tenderos/productos-disponibles?tiendaId=bbbbbbbb-bbbb-4bbb-8bbb-bbbbbbbbbbbb&zona=Zona+Norte,200,59.880,
2026-08-31T04:03:44.877855+00:00,GET,http://localhost:3000/logistics/tenderos/productos-disponibles?tiendaId=bbbbbbbb-bbbb-4bbb-8bbb-bbbbbbbbbbbb&zona=Zona+Norte,200,63.028,
2026-08-31T04:03:44.910447+00:00,GET,http://localhost:3000/logistics/tenderos/productos-disponibles?tiendaId=bbbbbbbb-bbbb-4bbb-8bbb-bbbbbbbbbbbb&zona=Zona+Norte,200,62.881,
2026-08-31T04:03:44.944086+00:00,GET,http://localhost:3000/logistics/tenderos/productos-disponibles?tiendaId=bbbbbbbb-bbbb-4bbb-8bbb-bbbbbbbbbbbb&zona=Zona+Norte,200,64.174,
2026-08-31T04:03:44.977120+00:00,GET,http://localhost:3000/logistics/tenderos/productos-disponibles?tiendaId=bbbbbbbb-bbbb-4bbb-8bbb-bbbbbbbbbbbb&zona=Zona+Norte,200,59.678,
2026-08-31T04:03:45.010651+00:00,GET,http://localhost:3000/logistics/tenderos/productos-disponibles?tiendaId=bbbbbbbb-bbbb-4bbb-8bbb-bbbbbbbbbbbb&zona=Zona+Norte,200,59.920,
2026-08-31T04:03:45.044608+00:00,GET,http://localhost:3000/logistics/tenderos/productos-disponibles?tiendaId=bbbbbbbb-bbbb-4bbb-8bbb-bbbbbbbbbbbb&zona=Zona+Norte,200,61.003,
2026-08-31T04:03:45.077877+00:00,GET,http://localhost:3000/logistics/tenderos/productos-disponibles?tiendaId=bbbbbbbb-bbbb-4bbb-8bbb-bbbbbbbbbbbb&zona=Zona+Norte,200,59.172,
2026-08-31T04:03:45.110504+00:00,GET,http://localhost:3000/logistics/tenderos/productos-disponibles?tiendaId=bbbbbbbb-bbbb-4bbb-8bbb-bbbbbbbbbbbb&zona=Zona+Norte,200,59.587,
2026-08-31T04:03:45.144573+00:00,GET,http://localhost:3000/logistics/tenderos/productos-disponibles?tiendaId=bbbbbbbb-bbbb-4bbb-8bbb-bbbbbbbbbbbb&zona=Zona+Norte,200,56.142,
2026-08-31T04:03:45.177940+00:00,GET,http://localhost:3000/logistics/tenderos/productos-disponibles?tiendaId=bbbbbbbb-bbbb-4bbb-8bbb-bbbbbbbbbbbb&zona=Zona+Norte,200,59.352,
2026-08-31T04:03:45.211447+00:00,GET,http://localhost:3000/logistics/tenderos/productos-disponibles?tiendaId=bbbbbbbb-bbbb-4bbb-8bbb-bbbbbbbbbbbb&zona=Zona+Norte,200,57.710,
2026-08-31T04:03:45.244560+00:00,GET,http://localhost:3000/logistics/tenderos/productos-disponibles?tiendaId=bbbbbbbb-bbbb-4bbb-8bbb-bbbbbbbbbbbb&zona=Zona+Norte,200,58.230,
2026-08-31T04:03:45.277485+00:00,GET,http://localhost:3000/logistics/tenderos/productos-disponibles?tiendaId=bbbbbbbb-bbbb-4bbb-8bbb-bbbbbbbbbbbb&zona=Zona+Norte,200,59.751,
2026-08-31T04:03:45.311359+00:00,GET,http://localhost:3000/logistics/tenderos/productos-disponibles?tiendaId=bbbbbbbb-bbbb-4bbb-8bbb-bbbbbbbbbbbb&zona=Zona+Norte,200,56.110,
2026-08-31T04:03:45.344125+00:00,GET,http://localhost:3000/logistics/tenderos/productos-disponibles?tiendaId=bbbbbbbb-bbbb-4bbb-8bbb-bbbbbbbbbbbb&zona=Zona+Norte,200,62.455,
2026-08-31T04:03:45.378110+00:00,GET,http://localhost:3000/logistics/tenderos/productos-disponibles?tiendaId=bbbbbbbb-bbbb-4bbb-8bbb-bbbbbbbbbbbb&zona=Zona+Norte,200,56.015,
2026-08-31T04:03:45.410912+00:00,GET,http://localhost:3000/logistics/tenderos/productos-disponibles?tiendaId=bbbbbbbb-bbbb-4bbb-8bbb-bbbbbbbbbbbb&zona=Zona+Norte,200,61.418,
2026-08-31T04:03:45.444163+00:00,GET,http://localhost:3000/logistics/tenderos/productos-disponibles?tiendaId=bbbbbbbb-bbbb-4bbb-8bbb-bbbbbbbbbbbb&zona=Zona+Norte,200,59.851,
2026-08-31T04:03:45.477664+00:00,GET,http://localhost:3000/logistics/tenderos/productos-disponibles?tiendaId=bbbbbbbb-bbbb-4bbb-8bbb-bbbbbbbbbbbb&zona=Zona+Norte,200,63.775,
2026-08-31T04:03:45.510976+00:00,GET,http://localhost:3000/logistics/tenderos/productos-disponibles?tiendaId=bbbbbbbb-bbbb-4bbb-8bbb-bbbbbbbbbbbb&zona=Zona+Norte,200,61.080,
2026-08-31T04:03:45.544049+00:00,GET,http://localhost:3000/logistics/tenderos/productos-disponibles?tiendaId=bbbbbbbb-bbbb-4bbb-8bbb-bbbbbbbbbbbb&zona=Zona+Norte,200,60.473,
2026-08-31T04:03:45.577674+00:00,GET,http://localhost:3000/logistics/tenderos/productos-disponibles?tiendaId=bbbbbbbb-bbbb-4bbb-8bbb-bbbbbbbbbbbb&zona=Zona+Norte,200,63.171,
2026-08-31T04:03:45.611164+00:00,GET,http://localhost:3000/logistics/tenderos/productos-disponibles?tiendaId=bbbbbbbb-bbbb-4bbb-8bbb-bbbbbbbbbbbb&zona=Zona+Norte,200,63.279,
2026-08-31T04:03:45.644197+00:00,GET,http://localhost:3000/logistics/tenderos/productos-disponibles?tiendaId=bbbbbbbb-bbbb-4bbb-8bbb-bbbbbbbbbbbb&zona=Zona+Norte,200,61.054,
2026-08-31T04:03:45.677469+00:00,GET,http://localhost:3000/logistics/tenderos/productos-disponibles?tiendaId=bbbbbbbb-bbbb-4bbb-8bbb-bbbbbbbbbbbb&zona=Zona+Norte,200,59.955,
2026-08-31T04:03:45.710801+00:00,GET,http://localhost:3000/logistics/tenderos/productos-disponibles?tiendaId=bbbbbbbb-bbbb-4bbb-8bbb-bbbbbbbbbbbb&zona=Zona+Norte,200,59.640,
2026-08-31T04:03:45.744562+00:00,GET,http://localhost:3000/logistics/tenderos/productos-disponibles?tiendaId=bbbbbbbb-bbbb-4bbb-8bbb-bbbbbbbbbbbb&zona=Zona+Norte,200,63.221,
2026-08-31T04:03:45.777963+00:00,GET,http://localhost:3000/logistics/tenderos/productos-disponibles?tiendaId=bbbbbbbb-bbbb-4bbb-8bbb-bbbbbbbbbbbb&zona=Zona+Norte,200,63.242,
2026-08-31T04:03:45.810740+00:00,GET,http://localhost:3000/logistics/tenderos/productos-disponibles?tiendaId=bbbbbbbb-bbbb-4bbb-8bbb-bbbbbbbbbbbb&zona=Zona+Norte,200,62.952,
2026-08-31T04:03:45.844094+00:00,GET,http://localhost:3000/logistics/tenderos/productos-disponibles?tiendaId=bbbbbbbb-bbbb-4bbb-8bbb-bbbbbbbbbbbb&zona=Zona+Norte,200,63.026,
2026-08-31T04:03:45.877472+00:00,GET,http://localhost:3000/logistics/tenderos/productos-disponibles?tiendaId=bbbbbbbb-bbbb-4bbb-8bbb-bbbbbbbbbbbb&zona=Zona+Norte,200,64.381,
2026-08-31T04:03:45.910815+00:00,GET,http://localhost:3000/logistics/tenderos/productos-disponibles?tiendaId=bbbbbbbb-bbbb-4bbb-8bbb-bbbbbbbbbbbb&zona=Zona+Norte,200,63.368,
2026-08-31T04:03:45.943972+00:00,GET,http://localhost:3000/logistics/tenderos/productos-disponibles?tiendaId=bbbbbbbb-bbbb-4bbb-8bbb-bbbbbbbbbbbb&zona=Zona+Norte,200,59.630,
2026-08-31T04:03:45.977449+00:00,GET,http://localhost:3000/logistics/tenderos/productos-disponibles?tiendaId=bbbbbbbb-bbbb-4bbb-8bbb-bbbbbbbbbbbb&zona=Zona+Norte,200,60.985,
2026-08-31T04:03:46.011280+00:00,GET,http://localhost:3000/logistics/tenderos/productos-disponibles?tiendaId=bbbbbbbb-bbbb-4bbb-8bbb-bbbbbbbbbbbb&zona=Zona+Norte,200,61.049,
2026-08-31T04:03:46.044463+00:00,GET,http://localhost:3000/logistics/tenderos/productos-disponibles?tiendaId=bbbbbbbb-bbbb-4bbb-8bbb-bbbbbbbbbbbb&zona=Zona+Norte,200,63.257,
2026-08-31T04:03:46.077599+00:00,GET,http://localhost:3000/logistics/tenderos/productos-disponibles?tiendaId=bbbbbbbb-bbbb-4bbb-8bbb-bbbbbbbbbbbb&zona=Zona+Norte,200,61.362,
2026-08-31T04:03:46.110761+00:00,GET,http://localhost:3000/logistics/tenderos/productos-disponibles?tiendaId=bbbbbbbb-bbbb-4bbb-8bbb-bbbbbbbbbbbb&zona=Zona+Norte,200,63.795,
2026-08-31T04:03:46.144159+00:00,GET,http://localhost:3000/logistics/tenderos/productos-disponibles?tiendaId=bbbbbbbb-bbbb-4bbb-8bbb-bbbbbbbbbbbb&zona=Zona+Norte,200,65.987,
2026-08-31T04:03:46.177394+00:00,GET,http://localhost:3000/logistics/tenderos/productos-disponibles?tiendaId=bbbbbbbb-bbbb-4bbb-8bbb-bbbbbbbbbbbb&zona=Zona+Norte,200,62.200,
2026-08-31T04:03:46.210426+00:00,GET,http://localhost:3000/logistics/tenderos/productos-disponibles?tiendaId=bbbbbbbb-bbbb-4bbb-8bbb-bbbbbbbbbbbb&zona=Zona+Norte,200,64.830,
2026-08-31T04:03:46.244317+00:00,GET,http://localhost:3000/logistics/tenderos/productos-disponibles?tiendaId=bbbbbbbb-bbbb-4bbb-8bbb-bbbbbbbbbbbb&zona=Zona+Norte,200,64.453,
2026-08-31T04:03:46.277317+00:00,GET,http://localhost:3000/logistics/tenderos/productos-disponibles?tiendaId=bbbbbbbb-bbbb-4bbb-8bbb-bbbbbbbbbbbb&zona=Zona+Norte,200,64.010,
2026-08-31T04:03:46.310648+00:00,GET,http://localhost:3000/logistics/tenderos/productos-disponibles?tiendaId=bbbbbbbb-bbbb-4bbb-8bbb-bbbbbbbbbbbb&zona=Zona+Norte,200,60.960,
2026-08-31T04:03:46.344106+00:00,GET,http://localhost:3000/logistics/tenderos/productos-disponibles?tiendaId=bbbbbbbb-bbbb-4bbb-8bbb-bbbbbbbbbbbb&zona=Zona+Norte,200,65.234,
2026-08-31T04:03:46.377458+00:00,GET,http://localhost:3000/logistics/tenderos/productos-disponibles?tiendaId=bbbbbbbb-bbbb-4bbb-8bbb-bbbbbbbbbbbb&zona=Zona+Norte,200,60.972,
2026-08-31T04:03:46.410572+00:00,GET,http://localhost:3000/logistics/tenderos/productos-disponibles?tiendaId=bbbbbbbb-bbbb-4bbb-8bbb-bbbbbbbbbbbb&zona=Zona+Norte,200,62.346,
2026-08-31T04:03:46.444484+00:00,GET,http://localhost:3000/logistics/tenderos/productos-disponibles?tiendaId=bbbbbbbb-bbbb-4bbb-8bbb-bbbbbbbbbbbb&zona=Zona+Norte,200,63.190,
2026-08-31T04:03:46.477634+00:00,GET,http://localhost:3000/logistics/tenderos/productos-disponibles?tiendaId=bbbbbbbb-bbbb-4bbb-8bbb-bbbbbbbbbbbb&zona=Zona+Norte,200,64.099,
2026-08-31T04:03:46.510805+00:00,GET,http://localhost:3000/logistics/tenderos/productos-disponibles?tiendaId=bbbbbbbb-bbbb-4bbb-8bbb-bbbbbbbbbbbb&zona=Zona+Norte,200,62.901,
2026-08-31T04:03:46.544054+00:00,GET,http://localhost:3000/logistics/tenderos/productos-disponibles?tiendaId=bbbbbbbb-bbbb-4bbb-8bbb-bbbbbbbbbbbb&zona=Zona+Norte,200,62.783,
2026-08-31T04:03:46.577461+00:00,GET,http://localhost:3000/logistics/tenderos/productos-disponibles?tiendaId=bbbbbbbb-bbbb-4bbb-8bbb-bbbbbbbbbbbb&zona=Zona+Norte,200,60.640,
2026-08-31T04:03:46.610887+00:00,GET,http://localhost:3000/logistics/tenderos/productos-disponibles?tiendaId=bbbbbbbb-bbbb-4bbb-8bbb-bbbbbbbbbbbb&zona=Zona+Norte,200,60.955,
2026-08-31T04:03:46.644474+00:00,GET,http://localhost:3000/logistics/tenderos/productos-disponibles?tiendaId=bbbbbbbb-bbbb-4bbb-8bbb-bbbbbbbbbbbb&zona=Zona+Norte,200,61.570,
2026-08-31T04:03:46.677609+00:00,GET,http://localhost:3000/logistics/tenderos/productos-disponibles?tiendaId=bbbbbbbb-bbbb-4bbb-8bbb-bbbbbbbbbbbb&zona=Zona+Norte,200,68.163,
2026-08-31T04:03:46.711043+00:00,GET,http://localhost:3000/logistics/tenderos/productos-disponibles?tiendaId=bbbbbbbb-bbbb-4bbb-8bbb-bbbbbbbbbbbb&zona=Zona+Norte,200,64.334,
2026-08-31T04:03:46.744222+00:00,GET,http://localhost:3000/logistics/tenderos/productos-disponibles?tiendaId=bbbbbbbb-bbbb-4bbb-8bbb-bbbbbbbbbbbb&zona=Zona+Norte,200,65.523,
2026-08-31T04:03:46.777288+00:00,GET,http://localhost:3000/logistics/tenderos/productos-disponibles?tiendaId=bbbbbbbb-bbbb-4bbb-8bbb-bbbbbbbbbbbb&zona=Zona+Norte,200,60.214,
2026-08-31T04:03:46.810504+00:00,GET,http://localhost:3000/logistics/tenderos/productos-disponibles?tiendaId=bbbbbbbb-bbbb-4bbb-8bbb-bbbbbbbbbbbb&zona=Zona+Norte,200,63.905,
2026-08-31T04:03:46.844580+00:00,GET,http://localhost:3000/logistics/tenderos/productos-disponibles?tiendaId=bbbbbbbb-bbbb-4bbb-8bbb-bbbbbbbbbbbb&zona=Zona+Norte,200,64.241,
2026-08-31T04:03:46.877251+00:00,GET,http://localhost:3000/logistics/tenderos/productos-disponibles?tiendaId=bbbbbbbb-bbbb-4bbb-8bbb-bbbbbbbbbbbb&zona=Zona+Norte,200,62.799,
2026-08-31T04:03:46.910658+00:00,GET,http://localhost:3000/logistics/tenderos/productos-disponibles?tiendaId=bbbbbbbb-bbbb-4bbb-8bbb-bbbbbbbbbbbb&zona=Zona+Norte,200,62.767,
2026-08-31T04:03:46.944268+00:00,GET,http://localhost:3000/logistics/tenderos/productos-disponibles?tiendaId=bbbbbbbb-bbbb-4bbb-8bbb-bbbbbbbbbbbb&zona=Zona+Norte,200,61.074,
2026-08-31T04:03:46.977466+00:00,GET,http://localhost:3000/logistics/tenderos/productos-disponibles?tiendaId=bbbbbbbb-bbbb-4bbb-8bbb-bbbbbbbbbbbb&zona=Zona+Norte,200,60.899,
2026-08-31T04:03:47.010890+00:00,GET,http://localhost:3000/logistics/tenderos/productos-disponibles?tiendaId=bbbbbbbb-bbbb-4bbb-8bbb-bbbbbbbbbbbb&zona=Zona+Norte,200,60.868,
2026-08-31T04:03:47.044505+00:00,GET,http://localhost:3000/logistics/tenderos/productos-disponibles?tiendaId=bbbbbbbb-bbbb-4bbb-8bbb-bbbbbbbbbbbb&zona=Zona+Norte,200,65.200,
2026-08-31T04:03:47.077464+00:00,GET,http://localhost:3000/logistics/tenderos/productos-disponibles?tiendaId=bbbbbbbb-bbbb-4bbb-8bbb-bbbbbbbbbbbb&zona=Zona+Norte,200,61.358,
2026-08-31T04:03:47.110530+00:00,GET,http://localhost:3000/logistics/tenderos/productos-disponibles?tiendaId=bbbbbbbb-bbbb-4bbb-8bbb-bbbbbbbbbbbb&zona=Zona+Norte,200,60.640,
2026-08-31T04:03:47.144194+00:00,GET,http://localhost:3000/logistics/tenderos/productos-disponibles?tiendaId=bbbbbbbb-bbbb-4bbb-8bbb-bbbbbbbbbbbb&zona=Zona+Norte,200,60.368,
2026-08-31T04:03:47.177695+00:00,GET,http://localhost:3000/logistics/tenderos/productos-disponibles?tiendaId=bbbbbbbb-bbbb-4bbb-8bbb-bbbbbbbbbbbb&zona=Zona+Norte,200,63.717,
2026-08-31T04:03:47.211235+00:00,GET,http://localhost:3000/logistics/tenderos/productos-disponibles?tiendaId=bbbbbbbb-bbbb-4bbb-8bbb-bbbbbbbbbbbb&zona=Zona+Norte,200,60.627,
2026-08-31T04:03:47.244105+00:00,GET,http://localhost:3000/logistics/tenderos/productos-disponibles?tiendaId=bbbbbbbb-bbbb-4bbb-8bbb-bbbbbbbbbbbb&zona=Zona+Norte,200,60.197,
2026-08-31T04:03:47.277489+00:00,GET,http://localhost:3000/logistics/tenderos/productos-disponibles?tiendaId=bbbbbbbb-bbbb-4bbb-8bbb-bbbbbbbbbbbb&zona=Zona+Norte,200,63.850,
2026-08-31T04:03:47.311251+00:00,GET,http://localhost:3000/logistics/tenderos/productos-disponibles?tiendaId=bbbbbbbb-bbbb-4bbb-8bbb-bbbbbbbbbbbb&zona=Zona+Norte,200,59.074,
2026-08-31T04:03:47.344098+00:00,GET,http://localhost:3000/logistics/tenderos/productos-disponibles?tiendaId=bbbbbbbb-bbbb-4bbb-8bbb-bbbbbbbbbbbb&zona=Zona+Norte,200,62.645,
2026-08-31T04:03:47.378019+00:00,GET,http://localhost:3000/logistics/tenderos/productos-disponibles?tiendaId=bbbbbbbb-bbbb-4bbb-8bbb-bbbbbbbbbbbb&zona=Zona+Norte,200,59.613,
2026-08-31T04:03:47.410932+00:00,GET,http://localhost:3000/logistics/tenderos/productos-disponibles?tiendaId=bbbbbbbb-bbbb-4bbb-8bbb-bbbbbbbbbbbb&zona=Zona+Norte,200,63.566,
2026-08-31T04:03:47.444614+00:00,GET,http://localhost:3000/logistics/tenderos/productos-disponibles?tiendaId=bbbbbbbb-bbbb-4bbb-8bbb-bbbbbbbbbbbb&zona=Zona+Norte,200,59.695,
2026-08-31T04:03:47.477445+00:00,GET,http://localhost:3000/logistics/tenderos/productos-disponibles?tiendaId=bbbbbbbb-bbbb-4bbb-8bbb-bbbbbbbbbbbb&zona=Zona+Norte,200,61.418,
2026-08-31T04:03:47.510780+00:00,GET,http://localhost:3000/logistics/tenderos/productos-disponibles?tiendaId=bbbbbbbb-bbbb-4bbb-8bbb-bbbbbbbbbbbb&zona=Zona+Norte,200,60.198,
2026-08-31T04:03:47.544433+00:00,GET,http://localhost:3000/logistics/tenderos/productos-disponibles?tiendaId=bbbbbbbb-bbbb-4bbb-8bbb-bbbbbbbbbbbb&zona=Zona+Norte,200,62.514,
2026-08-31T04:03:47.577486+00:00,GET,http://localhost:3000/logistics/tenderos/productos-disponibles?tiendaId=bbbbbbbb-bbbb-4bbb-8bbb-bbbbbbbbbbbb&zona=Zona+Norte,200,63.804,
2026-08-31T04:03:47.610907+00:00,GET,http://localhost:3000/logistics/tenderos/productos-disponibles?tiendaId=bbbbbbbb-bbbb-4bbb-8bbb-bbbbbbbbbbbb&zona=Zona+Norte,200,63.359,
2026-08-31T04:03:47.644256+00:00,GET,http://localhost:3000/logistics/tenderos/productos-disponibles?tiendaId=bbbbbbbb-bbbb-4bbb-8bbb-bbbbbbbbbbbb&zona=Zona+Norte,200,60.354,
2026-08-31T04:03:47.677451+00:00,GET,http://localhost:3000/logistics/tenderos/productos-disponibles?tiendaId=bbbbbbbb-bbbb-4bbb-8bbb-bbbbbbbbbbbb&zona=Zona+Norte,200,64.637,
2026-08-31T04:03:47.710811+00:00,GET,http://localhost:3000/logistics/tenderos/productos-disponibles?tiendaId=bbbbbbbb-bbbb-4bbb-8bbb-bbbbbbbbbbbb&zona=Zona+Norte,200,64.167,
2026-08-31T04:03:47.744026+00:00,GET,http://localhost:3000/logistics/tenderos/productos-disponibles?tiendaId=bbbbbbbb-bbbb-4bbb-8bbb-bbbbbbbbbbbb&zona=Zona+Norte,200,63.375,
2026-08-31T04:03:47.777407+00:00,GET,http://localhost:3000/logistics/tenderos/productos-disponibles?tiendaId=bbbbbbbb-bbbb-4bbb-8bbb-bbbbbbbbbbbb&zona=Zona+Norte,200,60.409,
2026-08-31T04:03:47.810871+00:00,GET,http://localhost:3000/logistics/tenderos/productos-disponibles?tiendaId=bbbbbbbb-bbbb-4bbb-8bbb-bbbbbbbbbbbb&zona=Zona+Norte,200,61.595,
2026-08-31T04:03:47.844149+00:00,GET,http://localhost:3000/logistics/tenderos/productos-disponibles?tiendaId=bbbbbbbb-bbbb-4bbb-8bbb-bbbbbbbbbbbb&zona=Zona+Norte,200,60.876,
2026-08-31T04:03:47.877724+00:00,GET,http://localhost:3000/logistics/tenderos/productos-disponibles?tiendaId=bbbbbbbb-bbbb-4bbb-8bbb-bbbbbbbbbbbb&zona=Zona+Norte,200,61.529,
2026-08-31T04:03:47.910784+00:00,GET,http://localhost:3000/logistics/tenderos/productos-disponibles?tiendaId=bbbbbbbb-bbbb-4bbb-8bbb-bbbbbbbbbbbb&zona=Zona+Norte,200,63.666,
2026-08-31T04:03:47.944290+00:00,GET,http://localhost:3000/logistics/tenderos/productos-disponibles?tiendaId=bbbbbbbb-bbbb-4bbb-8bbb-bbbbbbbbbbbb&zona=Zona+Norte,200,64.127,
2026-08-31T04:03:47.977509+00:00,GET,http://localhost:3000/logistics/tenderos/productos-disponibles?tiendaId=bbbbbbbb-bbbb-4bbb-8bbb-bbbbbbbbbbbb&zona=Zona+Norte,200,60.792,
2026-08-31T04:03:48.010749+00:00,GET,http://localhost:3000/logistics/tenderos/productos-disponibles?tiendaId=bbbbbbbb-bbbb-4bbb-8bbb-bbbbbbbbbbbb&zona=Zona+Norte,200,60.748,
2026-08-31T04:03:48.044301+00:00,GET,http://localhost:3000/logistics/tenderos/productos-disponibles?tiendaId=bbbbbbbb-bbbb-4bbb-8bbb-bbbbbbbbbbbb&zona=Zona+Norte,200,62.988,
2026-08-31T04:03:48.077323+00:00,GET,http://localhost:3000/logistics/tenderos/productos-disponibles?tiendaId=bbbbbbbb-bbbb-4bbb-8bbb-bbbbbbbbbbbb&zona=Zona+Norte,200,63.798,
2026-08-31T04:03:48.110876+00:00,GET,http://localhost:3000/logistics/tenderos/productos-disponibles?tiendaId=bbbbbbbb-bbbb-4bbb-8bbb-bbbbbbbbbbbb&zona=Zona+Norte,200,60.920,
2026-08-31T04:03:48.144167+00:00,GET,http://localhost:3000/logistics/tenderos/productos-disponibles?tiendaId=bbbbbbbb-bbbb-4bbb-8bbb-bbbbbbbbbbbb&zona=Zona+Norte,200,62.352,
2026-08-31T04:03:48.177851+00:00,GET,http://localhost:3000/logistics/tenderos/productos-disponibles?tiendaId=bbbbbbbb-bbbb-4bbb-8bbb-bbbbbbbbbbbb&zona=Zona+Norte,200,63.600,
2026-08-31T04:03:48.210786+00:00,GET,http://localhost:3000/logistics/tenderos/productos-disponibles?tiendaId=bbbbbbbb-bbbb-4bbb-8bbb-bbbbbbbbbbbb&zona=Zona+Norte,200,61.503,
2026-08-31T04:03:48.244157+00:00,GET,http://localhost:3000/logistics/tenderos/productos-disponibles?tiendaId=bbbbbbbb-bbbb-4bbb-8bbb-bbbbbbbbbbbb&zona=Zona+Norte,200,59.959,
2026-08-31T04:03:48.277802+00:00,GET,http://localhost:3000/logistics/tenderos/productos-disponibles?tiendaId=bbbbbbbb-bbbb-4bbb-8bbb-bbbbbbbbbbbb&zona=Zona+Norte,200,64.362,
2026-08-31T04:03:48.311318+00:00,GET,http://localhost:3000/logistics/tenderos/productos-disponibles?tiendaId=bbbbbbbb-bbbb-4bbb-8bbb-bbbbbbbbbbbb&zona=Zona+Norte,200,60.160,
2026-08-31T04:03:48.344012+00:00,GET,http://localhost:3000/logistics/tenderos/productos-disponibles?tiendaId=bbbbbbbb-bbbb-4bbb-8bbb-bbbbbbbbbbbb&zona=Zona+Norte,200,61.929,
2026-08-31T04:03:48.377898+00:00,GET,http://localhost:3000/logistics/tenderos/productos-disponibles?tiendaId=bbbbbbbb-bbbb-4bbb-8bbb-bbbbbbbbbbbb&zona=Zona+Norte,200,61.461,
2026-08-31T04:03:48.411061+00:00,GET,http://localhost:3000/logistics/tenderos/productos-disponibles?tiendaId=bbbbbbbb-bbbb-4bbb-8bbb-bbbbbbbbbbbb&zona=Zona+Norte,200,60.585,
2026-08-31T04:03:48.444409+00:00,GET,http://localhost:3000/logistics/tenderos/productos-disponibles?tiendaId=bbbbbbbb-bbbb-4bbb-8bbb-bbbbbbbbbbbb&zona=Zona+Norte,200,59.366,
2026-08-31T04:03:48.477455+00:00,GET,http://localhost:3000/logistics/tenderos/productos-disponibles?tiendaId=bbbbbbbb-bbbb-4bbb-8bbb-bbbbbbbbbbbb&zona=Zona+Norte,200,61.145,
2026-08-31T04:03:48.510613+00:00,GET,http://localhost:3000/logistics/tenderos/productos-disponibles?tiendaId=bbbbbbbb-bbbb-4bbb-8bbb-bbbbbbbbbbbb&zona=Zona+Norte,200,59.504,
2026-08-31T04:03:48.544129+00:00,GET,http://localhost:3000/logistics/tenderos/productos-disponibles?tiendaId=bbbbbbbb-bbbb-4bbb-8bbb-bbbbbbbbbbbb&zona=Zona+Norte,200,64.562,
2026-08-31T04:03:48.578084+00:00,GET,http://localhost:3000/logistics/tenderos/productos-disponibles?tiendaId=bbbbbbbb-bbbb-4bbb-8bbb-bbbbbbbbbbbb&zona=Zona+Norte,200,63.263,
2026-08-31T04:03:48.610706+00:00,GET,http://localhost:3000/logistics/tenderos/productos-disponibles?tiendaId=bbbbbbbb-bbbb-4bbb-8bbb-bbbbbbbbbbbb&zona=Zona+Norte,200,63.522,
2026-08-31T04:03:48.644235+00:00,GET,http://localhost:3000/logistics/tenderos/productos-disponibles?tiendaId=bbbbbbbb-bbbb-4bbb-8bbb-bbbbbbbbbbbb&zona=Zona+Norte,200,63.591,
2026-08-31T04:03:48.677445+00:00,GET,http://localhost:3000/logistics/tenderos/productos-disponibles?tiendaId=bbbbbbbb-bbbb-4bbb-8bbb-bbbbbbbbbbbb&zona=Zona+Norte,200,61.936,
2026-08-31T04:03:48.710824+00:00,GET,http://localhost:3000/logistics/tenderos/productos-disponibles?tiendaId=bbbbbbbb-bbbb-4bbb-8bbb-bbbbbbbbbbbb&zona=Zona+Norte,200,62.976,
2026-08-31T04:03:48.744187+00:00,GET,http://localhost:3000/logistics/tenderos/productos-disponibles?tiendaId=bbbbbbbb-bbbb-4bbb-8bbb-bbbbbbbbbbbb&zona=Zona+Norte,200,64.013,
2026-08-31T04:03:48.777240+00:00,GET,http://localhost:3000/logistics/tenderos/productos-disponibles?tiendaId=bbbbbbbb-bbbb-4bbb-8bbb-bbbbbbbbbbbb&zona=Zona+Norte,200,64.060,
2026-08-31T04:03:48.810784+00:00,GET,http://localhost:3000/logistics/tenderos/productos-disponibles?tiendaId=bbbbbbbb-bbbb-4bbb-8bbb-bbbbbbbbbbbb&zona=Zona+Norte,200,61.885,
2026-08-31T04:03:48.844192+00:00,GET,http://localhost:3000/logistics/tenderos/productos-disponibles?tiendaId=bbbbbbbb-bbbb-4bbb-8bbb-bbbbbbbbbbbb&zona=Zona+Norte,200,59.297,
2026-08-31T04:03:48.877227+00:00,GET,http://localhost:3000/logistics/tenderos/productos-disponibles?tiendaId=bbbbbbbb-bbbb-4bbb-8bbb-bbbbbbbbbbbb&zona=Zona+Norte,200,55.500,
2026-08-31T04:03:48.911401+00:00,GET,http://localhost:3000/logistics/tenderos/productos-disponibles?tiendaId=bbbbbbbb-bbbb-4bbb-8bbb-bbbbbbbbbbbb&zona=Zona+Norte,200,59.336,
2026-08-31T04:03:48.944138+00:00,GET,http://localhost:3000/logistics/tenderos/productos-disponibles?tiendaId=bbbbbbbb-bbbb-4bbb-8bbb-bbbbbbbbbbbb&zona=Zona+Norte,200,59.999,
2026-08-31T04:03:48.977990+00:00,GET,http://localhost:3000/logistics/tenderos/productos-disponibles?tiendaId=bbbbbbbb-bbbb-4bbb-8bbb-bbbbbbbbbbbb&zona=Zona+Norte,200,56.382,
2026-08-31T04:03:49.011321+00:00,GET,http://localhost:3000/logistics/tenderos/productos-disponibles?tiendaId=bbbbbbbb-bbbb-4bbb-8bbb-bbbbbbbbbbbb&zona=Zona+Norte,200,61.010,
2026-08-31T04:03:49.044138+00:00,GET,http://localhost:3000/logistics/tenderos/productos-disponibles?tiendaId=bbbbbbbb-bbbb-4bbb-8bbb-bbbbbbbbbbbb&zona=Zona+Norte,200,56.506,
2026-08-31T04:03:49.077789+00:00,GET,http://localhost:3000/logistics/tenderos/productos-disponibles?tiendaId=bbbbbbbb-bbbb-4bbb-8bbb-bbbbbbbbbbbb&zona=Zona+Norte,200,60.471,
2026-08-31T04:03:49.111546+00:00,GET,http://localhost:3000/logistics/tenderos/productos-disponibles?tiendaId=bbbbbbbb-bbbb-4bbb-8bbb-bbbbbbbbbbbb&zona=Zona+Norte,200,57.816,
2026-08-31T04:03:49.144590+00:00,GET,http://localhost:3000/logistics/tenderos/productos-disponibles?tiendaId=bbbbbbbb-bbbb-4bbb-8bbb-bbbbbbbbbbbb&zona=Zona+Norte,200,57.140,
2026-08-31T04:03:49.178190+00:00,GET,http://localhost:3000/logistics/tenderos/productos-disponibles?tiendaId=bbbbbbbb-bbbb-4bbb-8bbb-bbbbbbbbbbbb&zona=Zona+Norte,200,61.166,
2026-08-31T04:03:49.211557+00:00,GET,http://localhost:3000/logistics/tenderos/productos-disponibles?tiendaId=bbbbbbbb-bbbb-4bbb-8bbb-bbbbbbbbbbbb&zona=Zona+Norte,200,61.632,
2026-08-31T04:03:49.244110+00:00,GET,http://localhost:3000/logistics/tenderos/productos-disponibles?tiendaId=bbbbbbbb-bbbb-4bbb-8bbb-bbbbbbbbbbbb&zona=Zona+Norte,200,60.508,
2026-08-31T04:03:49.277464+00:00,GET,http://localhost:3000/logistics/tenderos/productos-disponibles?tiendaId=bbbbbbbb-bbbb-4bbb-8bbb-bbbbbbbbbbbb&zona=Zona+Norte,200,59.001,
2026-08-31T04:03:49.310795+00:00,GET,http://localhost:3000/logistics/tenderos/productos-disponibles?tiendaId=bbbbbbbb-bbbb-4bbb-8bbb-bbbbbbbbbbbb&zona=Zona+Norte,200,57.886,
2026-08-31T04:03:49.344792+00:00,GET,http://localhost:3000/logistics/tenderos/productos-disponibles?tiendaId=bbbbbbbb-bbbb-4bbb-8bbb-bbbbbbbbbbbb&zona=Zona+Norte,200,59.931,
2026-08-31T04:03:49.378246+00:00,GET,http://localhost:3000/logistics/tenderos/productos-disponibles?tiendaId=bbbbbbbb-bbbb-4bbb-8bbb-bbbbbbbbbbbb&zona=Zona+Norte,200,67.899,
2026-08-31T04:03:49.410792+00:00,GET,http://localhost:3000/logistics/tenderos/productos-disponibles?tiendaId=bbbbbbbb-bbbb-4bbb-8bbb-bbbbbbbbbbbb&zona=Zona+Norte,200,54.820,
2026-08-31T04:03:49.444427+00:00,GET,http://localhost:3000/logistics/tenderos/productos-disponibles?tiendaId=bbbbbbbb-bbbb-4bbb-8bbb-bbbbbbbbbbbb&zona=Zona+Norte,200,64.490,
2026-08-31T04:03:49.478231+00:00,GET,http://localhost:3000/logistics/tenderos/productos-disponibles?tiendaId=bbbbbbbb-bbbb-4bbb-8bbb-bbbbbbbbbbbb&zona=Zona+Norte,200,59.686,
2026-08-31T04:03:49.510740+00:00,GET,http://localhost:3000/logistics/tenderos/productos-disponibles?tiendaId=bbbbbbbb-bbbb-4bbb-8bbb-bbbbbbbbbbbb&zona=Zona+Norte,200,62.615,
2026-08-31T04:03:49.544611+00:00,GET,http://localhost:3000/logistics/tenderos/productos-disponibles?tiendaId=bbbbbbbb-bbbb-4bbb-8bbb-bbbbbbbbbbbb&zona=Zona+Norte,200,60.602,
2026-08-31T04:03:49.577471+00:00,GET,http://localhost:3000/logistics/tenderos/productos-disponibles?tiendaId=bbbbbbbb-bbbb-4bbb-8bbb-bbbbbbbbbbbb&zona=Zona+Norte,200,60.127,
2026-08-31T04:03:49.611202+00:00,GET,http://localhost:3000/logistics/tenderos/productos-disponibles?tiendaId=bbbbbbbb-bbbb-4bbb-8bbb-bbbbbbbbbbbb&zona=Zona+Norte,200,59.088,
2026-08-31T04:03:49.644769+00:00,GET,http://localhost:3000/logistics/tenderos/productos-disponibles?tiendaId=bbbbbbbb-bbbb-4bbb-8bbb-bbbbbbbbbbbb&zona=Zona+Norte,200,60.171,
2026-08-31T04:03:49.677798+00:00,GET,http://localhost:3000/logistics/tenderos/productos-disponibles?tiendaId=bbbbbbbb-bbbb-4bbb-8bbb-bbbbbbbbbbbb&zona=Zona+Norte,200,54.564,
2026-08-31T04:03:49.711232+00:00,GET,http://localhost:3000/logistics/tenderos/productos-disponibles?tiendaId=bbbbbbbb-bbbb-4bbb-8bbb-bbbbbbbbbbbb&zona=Zona+Norte,200,55.903,
2026-08-31T04:03:49.744937+00:00,GET,http://localhost:3000/logistics/tenderos/productos-disponibles?tiendaId=bbbbbbbb-bbbb-4bbb-8bbb-bbbbbbbbbbbb&zona=Zona+Norte,200,59.964,
2026-08-31T04:03:49.777555+00:00,GET,http://localhost:3000/logistics/tenderos/productos-disponibles?tiendaId=bbbbbbbb-bbbb-4bbb-8bbb-bbbbbbbbbbbb&zona=Zona+Norte,200,57.408,
2026-08-31T04:03:49.811244+00:00,GET,http://localhost:3000/logistics/tenderos/productos-disponibles?tiendaId=bbbbbbbb-bbbb-4bbb-8bbb-bbbbbbbbbbbb&zona=Zona+Norte,200,61.072,
2026-08-31T04:03:49.844208+00:00,GET,http://localhost:3000/logistics/tenderos/productos-disponibles?tiendaId=bbbbbbbb-bbbb-4bbb-8bbb-bbbbbbbbbbbb&zona=Zona+Norte,200,62.974,
2026-08-31T04:03:49.877454+00:00,GET,http://localhost:3000/logistics/tenderos/productos-disponibles?tiendaId=bbbbbbbb-bbbb-4bbb-8bbb-bbbbbbbbbbbb&zona=Zona+Norte,200,63.124,
2026-08-31T04:03:49.910959+00:00,GET,http://localhost:3000/logistics/tenderos/productos-disponibles?tiendaId=bbbbbbbb-bbbb-4bbb-8bbb-bbbbbbbbbbbb&zona=Zona+Norte,200,63.706,
2026-08-31T04:03:49.944298+00:00,GET,http://localhost:3000/logistics/tenderos/productos-disponibles?tiendaId=bbbbbbbb-bbbb-4bbb-8bbb-bbbbbbbbbbbb&zona=Zona+Norte,200,61.604,
2026-08-31T04:03:49.977548+00:00,GET,http://localhost:3000/logistics/tenderos/productos-disponibles?tiendaId=bbbbbbbb-bbbb-4bbb-8bbb-bbbbbbbbbbbb&zona=Zona+Norte,200,56.038,
2026-08-31T04:03:50.010920+00:00,GET,http://localhost:3000/logistics/tenderos/productos-disponibles?tiendaId=bbbbbbbb-bbbb-4bbb-8bbb-bbbbbbbbbbbb&zona=Zona+Norte,200,61.584,
2026-08-31T04:03:50.044911+00:00,GET,http://localhost:3000/logistics/tenderos/productos-disponibles?tiendaId=bbbbbbbb-bbbb-4bbb-8bbb-bbbbbbbbbbbb&zona=Zona+Norte,200,64.136,
2026-08-31T04:03:50.077433+00:00,GET,http://localhost:3000/logistics/tenderos/productos-disponibles?tiendaId=bbbbbbbb-bbbb-4bbb-8bbb-bbbbbbbbbbbb&zona=Zona+Norte,200,59.685,
2026-08-31T04:03:50.110707+00:00,GET,http://localhost:3000/logistics/tenderos/productos-disponibles?tiendaId=bbbbbbbb-bbbb-4bbb-8bbb-bbbbbbbbbbbb&zona=Zona+Norte,200,59.596,
2026-08-31T04:03:50.144099+00:00,GET,http://localhost:3000/logistics/tenderos/productos-disponibles?tiendaId=bbbbbbbb-bbbb-4bbb-8bbb-bbbbbbbbbbbb&zona=Zona+Norte,200,58.265,
2026-08-31T04:03:50.178079+00:00,GET,http://localhost:3000/logistics/tenderos/productos-disponibles?tiendaId=bbbbbbbb-bbbb-4bbb-8bbb-bbbbbbbbbbbb&zona=Zona+Norte,200,60.494,
2026-08-31T04:03:50.211550+00:00,GET,http://localhost:3000/logistics/tenderos/productos-disponibles?tiendaId=bbbbbbbb-bbbb-4bbb-8bbb-bbbbbbbbbbbb&zona=Zona+Norte,200,61.138,
2026-08-31T04:03:50.244542+00:00,GET,http://localhost:3000/logistics/tenderos/productos-disponibles?tiendaId=bbbbbbbb-bbbb-4bbb-8bbb-bbbbbbbbbbbb&zona=Zona+Norte,200,60.979,
2026-08-31T04:03:50.277784+00:00,GET,http://localhost:3000/logistics/tenderos/productos-disponibles?tiendaId=bbbbbbbb-bbbb-4bbb-8bbb-bbbbbbbbbbbb&zona=Zona+Norte,200,61.253,
2026-08-31T04:03:50.311180+00:00,GET,http://localhost:3000/logistics/tenderos/productos-disponibles?tiendaId=bbbbbbbb-bbbb-4bbb-8bbb-bbbbbbbbbbbb&zona=Zona+Norte,200,61.954,
2026-08-31T04:03:50.344096+00:00,GET,http://localhost:3000/logistics/tenderos/productos-disponibles?tiendaId=bbbbbbbb-bbbb-4bbb-8bbb-bbbbbbbbbbbb&zona=Zona+Norte,200,61.476,
2026-08-31T04:03:50.377738+00:00,GET,http://localhost:3000/logistics/tenderos/productos-disponibles?tiendaId=bbbbbbbb-bbbb-4bbb-8bbb-bbbbbbbbbbbb&zona=Zona+Norte,200,60.921,
2026-08-31T04:03:50.411168+00:00,GET,http://localhost:3000/logistics/tenderos/productos-disponibles?tiendaId=bbbbbbbb-bbbb-4bbb-8bbb-bbbbbbbbbbbb&zona=Zona+Norte,200,60.951,
2026-08-31T04:03:50.444553+00:00,GET,http://localhost:3000/logistics/tenderos/productos-disponibles?tiendaId=bbbbbbbb-bbbb-4bbb-8bbb-bbbbbbbbbbbb&zona=Zona+Norte,200,60.295,
2026-08-31T04:03:50.477845+00:00,GET,http://localhost:3000/logistics/tenderos/productos-disponibles?tiendaId=bbbbbbbb-bbbb-4bbb-8bbb-bbbbbbbbbbbb&zona=Zona+Norte,200,60.449,
2026-08-31T04:03:50.510745+00:00,GET,http://localhost:3000/logistics/tenderos/productos-disponibles?tiendaId=bbbbbbbb-bbbb-4bbb-8bbb-bbbbbbbbbbbb&zona=Zona+Norte,200,61.161,
2026-08-31T04:03:50.544600+00:00,GET,http://localhost:3000/logistics/tenderos/productos-disponibles?tiendaId=bbbbbbbb-bbbb-4bbb-8bbb-bbbbbbbbbbbb&zona=Zona+Norte,200,62.410,
2026-08-31T04:03:50.577421+00:00,GET,http://localhost:3000/logistics/tenderos/productos-disponibles?tiendaId=bbbbbbbb-bbbb-4bbb-8bbb-bbbbbbbbbbbb&zona=Zona+Norte,200,61.740,
2026-08-31T04:03:50.610989+00:00,GET,http://localhost:3000/logistics/tenderos/productos-disponibles?tiendaId=bbbbbbbb-bbbb-4bbb-8bbb-bbbbbbbbbbbb&zona=Zona+Norte,200,56.996,
2026-08-31T04:03:50.644634+00:00,GET,http://localhost:3000/logistics/tenderos/productos-disponibles?tiendaId=bbbbbbbb-bbbb-4bbb-8bbb-bbbbbbbbbbbb&zona=Zona+Norte,200,61.134,
2026-08-31T04:03:50.678257+00:00,GET,http://localhost:3000/logistics/tenderos/productos-disponibles?tiendaId=bbbbbbbb-bbbb-4bbb-8bbb-bbbbbbbbbbbb&zona=Zona+Norte,200,61.454,
2026-08-31T04:03:50.711168+00:00,GET,http://localhost:3000/logistics/tenderos/productos-disponibles?tiendaId=bbbbbbbb-bbbb-4bbb-8bbb-bbbbbbbbbbbb&zona=Zona+Norte,200,60.016,
2026-08-31T04:03:50.744450+00:00,GET,http://localhost:3000/logistics/tenderos/productos-disponibles?tiendaId=bbbbbbbb-bbbb-4bbb-8bbb-bbbbbbbbbbbb&zona=Zona+Norte,200,60.841,
2026-08-31T04:03:50.777976+00:00,GET,http://localhost:3000/logistics/tenderos/productos-disponibles?tiendaId=bbbbbbbb-bbbb-4bbb-8bbb-bbbbbbbbbbbb&zona=Zona+Norte,200,60.775,
2026-08-31T04:03:50.811241+00:00,GET,http://localhost:3000/logistics/tenderos/productos-disponibles?tiendaId=bbbbbbbb-bbbb-4bbb-8bbb-bbbbbbbbbbbb&zona=Zona+Norte,200,65.702,
2026-08-31T04:03:50.844079+00:00,GET,http://localhost:3000/logistics/tenderos/productos-disponibles?tiendaId=bbbbbbbb-bbbb-4bbb-8bbb-bbbbbbbbbbbb&zona=Zona+Norte,200,60.734,
2026-08-31T04:03:50.877243+00:00,GET,http://localhost:3000/logistics/tenderos/productos-disponibles?tiendaId=bbbbbbbb-bbbb-4bbb-8bbb-bbbbbbbbbbbb&zona=Zona+Norte,200,61.566,
2026-08-31T04:03:50.911136+00:00,GET,http://localhost:3000/logistics/tenderos/productos-disponibles?tiendaId=bbbbbbbb-bbbb-4bbb-8bbb-bbbbbbbbbbbb&zona=Zona+Norte,200,57.855,
2026-08-31T04:03:50.944359+00:00,GET,http://localhost:3000/logistics/tenderos/productos-disponibles?tiendaId=bbbbbbbb-bbbb-4bbb-8bbb-bbbbbbbbbbbb&zona=Zona+Norte,200,60.478,
2026-08-31T04:03:50.978255+00:00,GET,http://localhost:3000/logistics/tenderos/productos-disponibles?tiendaId=bbbbbbbb-bbbb-4bbb-8bbb-bbbbbbbbbbbb&zona=Zona+Norte,200,60.048,
2026-08-31T04:03:51.011297+00:00,GET,http://localhost:3000/logistics/tenderos/productos-disponibles?tiendaId=bbbbbbbb-bbbb-4bbb-8bbb-bbbbbbbbbbbb&zona=Zona+Norte,200,62.038,
2026-08-31T04:03:51.044596+00:00,GET,http://localhost:3000/logistics/tenderos/productos-disponibles?tiendaId=bbbbbbbb-bbbb-4bbb-8bbb-bbbbbbbbbbbb&zona=Zona+Norte,200,58.568,
2026-08-31T04:03:51.077722+00:00,GET,http://localhost:3000/logistics/tenderos/productos-disponibles?tiendaId=bbbbbbbb-bbbb-4bbb-8bbb-bbbbbbbbbbbb&zona=Zona+Norte,200,61.461,
2026-08-31T04:03:51.110735+00:00,GET,http://localhost:3000/logistics/tenderos/productos-disponibles?tiendaId=bbbbbbbb-bbbb-4bbb-8bbb-bbbbbbbbbbbb&zona=Zona+Norte,200,61.373,
2026-08-31T04:03:51.144114+00:00,GET,http://localhost:3000/logistics/tenderos/productos-disponibles?tiendaId=bbbbbbbb-bbbb-4bbb-8bbb-bbbbbbbbbbbb&zona=Zona+Norte,200,61.348,
2026-08-31T04:03:51.177831+00:00,GET,http://localhost:3000/logistics/tenderos/productos-disponibles?tiendaId=bbbbbbbb-bbbb-4bbb-8bbb-bbbbbbbbbbbb&zona=Zona+Norte,200,61.352,
2026-08-31T04:03:51.211228+00:00,GET,http://localhost:3000/logistics/tenderos/productos-disponibles?tiendaId=bbbbbbbb-bbbb-4bbb-8bbb-bbbbbbbbbbbb&zona=Zona+Norte,200,61.011,
2026-08-31T04:03:51.244538+00:00,GET,http://localhost:3000/logistics/tenderos/productos-disponibles?tiendaId=bbbbbbbb-bbbb-4bbb-8bbb-bbbbbbbbbbbb&zona=Zona+Norte,200,60.303,
2026-08-31T04:03:51.277885+00:00,GET,http://localhost:3000/logistics/tenderos/productos-disponibles?tiendaId=bbbbbbbb-bbbb-4bbb-8bbb-bbbbbbbbbbbb&zona=Zona+Norte,200,60.388,
2026-08-31T04:03:51.311290+00:00,GET,http://localhost:3000/logistics/tenderos/productos-disponibles?tiendaId=bbbbbbbb-bbbb-4bbb-8bbb-bbbbbbbbbbbb&zona=Zona+Norte,200,58.220,
2026-08-31T04:03:51.344635+00:00,GET,http://localhost:3000/logistics/tenderos/productos-disponibles?tiendaId=bbbbbbbb-bbbb-4bbb-8bbb-bbbbbbbbbbbb&zona=Zona+Norte,200,59.180,
2026-08-31T04:03:51.377417+00:00,GET,http://localhost:3000/logistics/tenderos/productos-disponibles?tiendaId=bbbbbbbb-bbbb-4bbb-8bbb-bbbbbbbbbbbb&zona=Zona+Norte,200,57.847,
2026-08-31T04:03:51.411443+00:00,GET,http://localhost:3000/logistics/tenderos/productos-disponibles?tiendaId=bbbbbbbb-bbbb-4bbb-8bbb-bbbbbbbbbbbb&zona=Zona+Norte,200,61.209,
2026-08-31T04:03:51.444975+00:00,GET,http://localhost:3000/logistics/tenderos/productos-disponibles?tiendaId=bbbbbbbb-bbbb-4bbb-8bbb-bbbbbbbbbbbb&zona=Zona+Norte,200,60.346,
2026-08-31T04:03:51.477429+00:00,GET,http://localhost:3000/logistics/tenderos/productos-disponibles?tiendaId=bbbbbbbb-bbbb-4bbb-8bbb-bbbbbbbbbbbb&zona=Zona+Norte,200,61.746,
2026-08-31T04:03:51.511248+00:00,GET,http://localhost:3000/logistics/tenderos/productos-disponibles?tiendaId=bbbbbbbb-bbbb-4bbb-8bbb-bbbbbbbbbbbb&zona=Zona+Norte,200,61.216,
2026-08-31T04:03:51.544093+00:00,GET,http://localhost:3000/logistics/tenderos/productos-disponibles?tiendaId=bbbbbbbb-bbbb-4bbb-8bbb-bbbbbbbbbbbb&zona=Zona+Norte,200,58.521,
2026-08-31T04:03:51.577859+00:00,GET,http://localhost:3000/logistics/tenderos/productos-disponibles?tiendaId=bbbbbbbb-bbbb-4bbb-8bbb-bbbbbbbbbbbb&zona=Zona+Norte,200,58.321,
2026-08-31T04:03:51.611592+00:00,GET,http://localhost:3000/logistics/tenderos/productos-disponibles?tiendaId=bbbbbbbb-bbbb-4bbb-8bbb-bbbbbbbbbbbb&zona=Zona+Norte,200,60.533,
2026-08-31T04:03:51.644892+00:00,GET,http://localhost:3000/logistics/tenderos/productos-disponibles?tiendaId=bbbbbbbb-bbbb-4bbb-8bbb-bbbbbbbbbbbb&zona=Zona+Norte,200,57.139,
2026-08-31T04:03:51.677914+00:00,GET,http://localhost:3000/logistics/tenderos/productos-disponibles?tiendaId=bbbbbbbb-bbbb-4bbb-8bbb-bbbbbbbbbbbb&zona=Zona+Norte,200,62.050,
2026-08-31T04:03:51.711616+00:00,GET,http://localhost:3000/logistics/tenderos/productos-disponibles?tiendaId=bbbbbbbb-bbbb-4bbb-8bbb-bbbbbbbbbbbb&zona=Zona+Norte,200,61.584,
2026-08-31T04:03:51.744435+00:00,GET,http://localhost:3000/logistics/tenderos/productos-disponibles?tiendaId=bbbbbbbb-bbbb-4bbb-8bbb-bbbbbbbbbbbb&zona=Zona+Norte,200,62.950,
2026-08-31T04:03:51.777789+00:00,GET,http://localhost:3000/logistics/tenderos/productos-disponibles?tiendaId=bbbbbbbb-bbbb-4bbb-8bbb-bbbbbbbbbbbb&zona=Zona+Norte,200,62.672,
2026-08-31T04:03:51.810969+00:00,GET,http://localhost:3000/logistics/tenderos/productos-disponibles?tiendaId=bbbbbbbb-bbbb-4bbb-8bbb-bbbbbbbbbbbb&zona=Zona+Norte,200,61.019,
2026-08-31T04:03:51.844361+00:00,GET,http://localhost:3000/logistics/tenderos/productos-disponibles?tiendaId=bbbbbbbb-bbbb-4bbb-8bbb-bbbbbbbbbbbb&zona=Zona+Norte,200,61.015,
2026-08-31T04:03:51.877409+00:00,GET,http://localhost:3000/logistics/tenderos/productos-disponibles?tiendaId=bbbbbbbb-bbbb-4bbb-8bbb-bbbbbbbbbbbb&zona=Zona+Norte,200,60.918,
2026-08-31T04:03:51.910991+00:00,GET,http://localhost:3000/logistics/tenderos/productos-disponibles?tiendaId=bbbbbbbb-bbbb-4bbb-8bbb-bbbbbbbbbbbb&zona=Zona+Norte,200,58.621,
2026-08-31T04:03:51.944076+00:00,GET,http://localhost:3000/logistics/tenderos/productos-disponibles?tiendaId=bbbbbbbb-bbbb-4bbb-8bbb-bbbbbbbbbbbb&zona=Zona+Norte,200,61.048,
2026-08-31T04:03:51.978222+00:00,GET,http://localhost:3000/logistics/tenderos/productos-disponibles?tiendaId=bbbbbbbb-bbbb-4bbb-8bbb-bbbbbbbbbbbb&zona=Zona+Norte,200,57.841,
2026-08-31T04:03:52.011295+00:00,GET,http://localhost:3000/logistics/tenderos/productos-disponibles?tiendaId=bbbbbbbb-bbbb-4bbb-8bbb-bbbbbbbbbbbb&zona=Zona+Norte,200,60.405,
2026-08-31T04:03:52.044089+00:00,GET,http://localhost:3000/logistics/tenderos/productos-disponibles?tiendaId=bbbbbbbb-bbbb-4bbb-8bbb-bbbbbbbbbbbb&zona=Zona+Norte,200,62.373,
2026-08-31T04:03:52.077966+00:00,GET,http://localhost:3000/logistics/tenderos/productos-disponibles?tiendaId=bbbbbbbb-bbbb-4bbb-8bbb-bbbbbbbbbbbb&zona=Zona+Norte,200,58.577,
2026-08-31T04:03:52.111158+00:00,GET,http://localhost:3000/logistics/tenderos/productos-disponibles?tiendaId=bbbbbbbb-bbbb-4bbb-8bbb-bbbbbbbbbbbb&zona=Zona+Norte,200,62.114,
2026-08-31T04:03:52.144856+00:00,GET,http://localhost:3000/logistics/tenderos/productos-disponibles?tiendaId=bbbbbbbb-bbbb-4bbb-8bbb-bbbbbbbbbbbb&zona=Zona+Norte,200,61.469,
2026-08-31T04:03:52.177399+00:00,GET,http://localhost:3000/logistics/tenderos/productos-disponibles?tiendaId=bbbbbbbb-bbbb-4bbb-8bbb-bbbbbbbbbbbb&zona=Zona+Norte,200,58.758,
2026-08-31T04:03:52.211138+00:00,GET,http://localhost:3000/logistics/tenderos/productos-disponibles?tiendaId=bbbbbbbb-bbbb-4bbb-8bbb-bbbbbbbbbbbb&zona=Zona+Norte,200,61.256,
2026-08-31T04:03:52.244932+00:00,GET,http://localhost:3000/logistics/tenderos/productos-disponibles?tiendaId=bbbbbbbb-bbbb-4bbb-8bbb-bbbbbbbbbbbb&zona=Zona+Norte,200,61.076,
2026-08-31T04:03:52.277898+00:00,GET,http://localhost:3000/logistics/tenderos/productos-disponibles?tiendaId=bbbbbbbb-bbbb-4bbb-8bbb-bbbbbbbbbbbb&zona=Zona+Norte,200,61.207,
2026-08-31T04:03:52.311185+00:00,GET,http://localhost:3000/logistics/tenderos/productos-disponibles?tiendaId=bbbbbbbb-bbbb-4bbb-8bbb-bbbbbbbbbbbb&zona=Zona+Norte,200,61.738,
2026-08-31T04:03:52.344539+00:00,GET,http://localhost:3000/logistics/tenderos/productos-disponibles?tiendaId=bbbbbbbb-bbbb-4bbb-8bbb-bbbbbbbbbbbb&zona=Zona+Norte,200,61.319,
2026-08-31T04:03:52.377424+00:00,GET,http://localhost:3000/logistics/tenderos/productos-disponibles?tiendaId=bbbbbbbb-bbbb-4bbb-8bbb-bbbbbbbbbbbb&zona=Zona+Norte,200,61.559,
2026-08-31T04:03:52.410733+00:00,GET,http://localhost:3000/logistics/tenderos/productos-disponibles?tiendaId=bbbbbbbb-bbbb-4bbb-8bbb-bbbbbbbbbbbb&zona=Zona+Norte,200,61.525,
2026-08-31T04:03:52.444057+00:00,GET,http://localhost:3000/logistics/tenderos/productos-disponibles?tiendaId=bbbbbbbb-bbbb-4bbb-8bbb-bbbbbbbbbbbb&zona=Zona+Norte,200,59.512,
2026-08-31T04:03:52.477921+00:00,GET,http://localhost:3000/logistics/tenderos/productos-disponibles?tiendaId=bbbbbbbb-bbbb-4bbb-8bbb-bbbbbbbbbbbb&zona=Zona+Norte,200,62.106,
2026-08-31T04:03:52.511513+00:00,GET,http://localhost:3000/logistics/tenderos/productos-disponibles?tiendaId=bbbbbbbb-bbbb-4bbb-8bbb-bbbbbbbbbbbb&zona=Zona+Norte,200,59.045,
2026-08-31T04:03:52.544462+00:00,GET,http://localhost:3000/logistics/tenderos/productos-disponibles?tiendaId=bbbbbbbb-bbbb-4bbb-8bbb-bbbbbbbbbbbb&zona=Zona+Norte,200,60.210,
2026-08-31T04:03:52.577438+00:00,GET,http://localhost:3000/logistics/tenderos/productos-disponibles?tiendaId=bbbbbbbb-bbbb-4bbb-8bbb-bbbbbbbbbbbb&zona=Zona+Norte,200,61.517,
2026-08-31T04:03:52.611415+00:00,GET,http://localhost:3000/logistics/tenderos/productos-disponibles?tiendaId=bbbbbbbb-bbbb-4bbb-8bbb-bbbbbbbbbbbb&zona=Zona+Norte,200,61.585,
2026-08-31T04:03:52.644574+00:00,GET,http://localhost:3000/logistics/tenderos/productos-disponibles?tiendaId=bbbbbbbb-bbbb-4bbb-8bbb-bbbbbbbbbbbb&zona=Zona+Norte,200,60.867,
2026-08-31T04:03:52.677872+00:00,GET,http://localhost:3000/logistics/tenderos/productos-disponibles?tiendaId=bbbbbbbb-bbbb-4bbb-8bbb-bbbbbbbbbbbb&zona=Zona+Norte,200,60.630,
2026-08-31T04:03:52.711287+00:00,GET,http://localhost:3000/logistics/tenderos/productos-disponibles?tiendaId=bbbbbbbb-bbbb-4bbb-8bbb-bbbbbbbbbbbb&zona=Zona+Norte,200,61.650,
2026-08-31T04:03:52.744394+00:00,GET,http://localhost:3000/logistics/tenderos/productos-disponibles?tiendaId=bbbbbbbb-bbbb-4bbb-8bbb-bbbbbbbbbbbb&zona=Zona+Norte,200,57.701,
2026-08-31T04:03:52.777409+00:00,GET,http://localhost:3000/logistics/tenderos/productos-disponibles?tiendaId=bbbbbbbb-bbbb-4bbb-8bbb-bbbbbbbbbbbb&zona=Zona+Norte,200,62.094,
2026-08-31T04:03:52.811691+00:00,GET,http://localhost:3000/logistics/tenderos/productos-disponibles?tiendaId=bbbbbbbb-bbbb-4bbb-8bbb-bbbbbbbbbbbb&zona=Zona+Norte,200,60.031,
2026-08-31T04:03:52.844569+00:00,GET,http://localhost:3000/logistics/tenderos/productos-disponibles?tiendaId=bbbbbbbb-bbbb-4bbb-8bbb-bbbbbbbbbbbb&zona=Zona+Norte,200,60.587,
2026-08-31T04:03:52.878048+00:00,GET,http://localhost:3000/logistics/tenderos/productos-disponibles?tiendaId=bbbbbbbb-bbbb-4bbb-8bbb-bbbbbbbbbbbb&zona=Zona+Norte,200,59.473,
2026-08-31T04:03:52.911368+00:00,GET,http://localhost:3000/logistics/tenderos/productos-disponibles?tiendaId=bbbbbbbb-bbbb-4bbb-8bbb-bbbbbbbbbbbb&zona=Zona+Norte,200,60.665,
2026-08-31T04:03:52.944131+00:00,GET,http://localhost:3000/logistics/tenderos/productos-disponibles?tiendaId=bbbbbbbb-bbbb-4bbb-8bbb-bbbbbbbbbbbb&zona=Zona+Norte,200,60.233,
2026-08-31T04:03:52.977976+00:00,GET,http://localhost:3000/logistics/tenderos/productos-disponibles?tiendaId=bbbbbbbb-bbbb-4bbb-8bbb-bbbbbbbbbbbb&zona=Zona+Norte,200,59.566,
2026-08-31T04:03:53.010746+00:00,GET,http://localhost:3000/logistics/tenderos/productos-disponibles?tiendaId=bbbbbbbb-bbbb-4bbb-8bbb-bbbbbbbbbbbb&zona=Zona+Norte,200,58.264,
2026-08-31T04:03:53.044870+00:00,GET,http://localhost:3000/logistics/tenderos/productos-disponibles?tiendaId=bbbbbbbb-bbbb-4bbb-8bbb-bbbbbbbbbbbb&zona=Zona+Norte,200,61.076,
2026-08-31T04:03:53.078374+00:00,GET,http://localhost:3000/logistics/tenderos/productos-disponibles?tiendaId=bbbbbbbb-bbbb-4bbb-8bbb-bbbbbbbbbbbb&zona=Zona+Norte,200,59.488,
2026-08-31T04:03:53.111270+00:00,GET,http://localhost:3000/logistics/tenderos/productos-disponibles?tiendaId=bbbbbbbb-bbbb-4bbb-8bbb-bbbbbbbbbbbb&zona=Zona+Norte,200,60.210,
2026-08-31T04:03:53.144815+00:00,GET,http://localhost:3000/logistics/tenderos/productos-disponibles?tiendaId=bbbbbbbb-bbbb-4bbb-8bbb-bbbbbbbbbbbb&zona=Zona+Norte,200,65.470,
2026-08-31T04:03:53.178102+00:00,GET,http://localhost:3000/logistics/tenderos/productos-disponibles?tiendaId=bbbbbbbb-bbbb-4bbb-8bbb-bbbbbbbbbbbb&zona=Zona+Norte,200,65.077,
2026-08-31T04:03:53.210708+00:00,GET,http://localhost:3000/logistics/tenderos/productos-disponibles?tiendaId=bbbbbbbb-bbbb-4bbb-8bbb-bbbbbbbbbbbb&zona=Zona+Norte,200,63.775,
2026-08-31T04:03:53.244067+00:00,GET,http://localhost:3000/logistics/tenderos/productos-disponibles?tiendaId=bbbbbbbb-bbbb-4bbb-8bbb-bbbbbbbbbbbb&zona=Zona+Norte,200,65.390,
2026-08-31T04:03:53.277405+00:00,GET,http://localhost:3000/logistics/tenderos/productos-disponibles?tiendaId=bbbbbbbb-bbbb-4bbb-8bbb-bbbbbbbbbbbb&zona=Zona+Norte,200,62.340,
2026-08-31T04:03:53.310835+00:00,GET,http://localhost:3000/logistics/tenderos/productos-disponibles?tiendaId=bbbbbbbb-bbbb-4bbb-8bbb-bbbbbbbbbbbb&zona=Zona+Norte,200,56.816,
2026-08-31T04:03:53.344089+00:00,GET,http://localhost:3000/logistics/tenderos/productos-disponibles?tiendaId=bbbbbbbb-bbbb-4bbb-8bbb-bbbbbbbbbbbb&zona=Zona+Norte,200,61.602,
2026-08-31T04:03:53.378547+00:00,GET,http://localhost:3000/logistics/tenderos/productos-disponibles?tiendaId=bbbbbbbb-bbbb-4bbb-8bbb-bbbbbbbbbbbb&zona=Zona+Norte,200,58.673,
2026-08-31T04:03:53.411356+00:00,GET,http://localhost:3000/logistics/tenderos/productos-disponibles?tiendaId=bbbbbbbb-bbbb-4bbb-8bbb-bbbbbbbbbbbb&zona=Zona+Norte,200,60.190,
2026-08-31T04:03:53.444299+00:00,GET,http://localhost:3000/logistics/tenderos/productos-disponibles?tiendaId=bbbbbbbb-bbbb-4bbb-8bbb-bbbbbbbbbbbb&zona=Zona+Norte,200,59.098,
2026-08-31T04:03:53.478092+00:00,GET,http://localhost:3000/logistics/tenderos/productos-disponibles?tiendaId=bbbbbbbb-bbbb-4bbb-8bbb-bbbbbbbbbbbb&zona=Zona+Norte,200,63.393,
2026-08-31T04:03:53.511364+00:00,GET,http://localhost:3000/logistics/tenderos/productos-disponibles?tiendaId=bbbbbbbb-bbbb-4bbb-8bbb-bbbbbbbbbbbb&zona=Zona+Norte,200,58.707,
2026-08-31T04:03:53.544341+00:00,GET,http://localhost:3000/logistics/tenderos/productos-disponibles?tiendaId=bbbbbbbb-bbbb-4bbb-8bbb-bbbbbbbbbbbb&zona=Zona+Norte,200,63.306,
2026-08-31T04:03:53.577998+00:00,GET,http://localhost:3000/logistics/tenderos/productos-disponibles?tiendaId=bbbbbbbb-bbbb-4bbb-8bbb-bbbbbbbbbbbb&zona=Zona+Norte,200,61.124,
2026-08-31T04:03:53.611111+00:00,GET,http://localhost:3000/logistics/tenderos/productos-disponibles?tiendaId=bbbbbbbb-bbbb-4bbb-8bbb-bbbbbbbbbbbb&zona=Zona+Norte,200,63.648,
2026-08-31T04:03:53.644659+00:00,GET,http://localhost:3000/logistics/tenderos/productos-disponibles?tiendaId=bbbbbbbb-bbbb-4bbb-8bbb-bbbbbbbbbbbb&zona=Zona+Norte,200,62.957,
2026-08-31T04:03:53.677719+00:00,GET,http://localhost:3000/logistics/tenderos/productos-disponibles?tiendaId=bbbbbbbb-bbbb-4bbb-8bbb-bbbbbbbbbbbb&zona=Zona+Norte,200,63.295,
2026-08-31T04:03:53.711098+00:00,GET,http://localhost:3000/logistics/tenderos/productos-disponibles?tiendaId=bbbbbbbb-bbbb-4bbb-8bbb-bbbbbbbbbbbb&zona=Zona+Norte,200,61.229,
2026-08-31T04:03:53.744432+00:00,GET,http://localhost:3000/logistics/tenderos/productos-disponibles?tiendaId=bbbbbbbb-bbbb-4bbb-8bbb-bbbbbbbbbbbb&zona=Zona+Norte,200,64.500,
2026-08-31T04:03:53.777409+00:00,GET,http://localhost:3000/logistics/tenderos/productos-disponibles?tiendaId=bbbbbbbb-bbbb-4bbb-8bbb-bbbbbbbbbbbb&zona=Zona+Norte,200,63.451,
2026-08-31T04:03:53.810743+00:00,GET,http://localhost:3000/logistics/tenderos/productos-disponibles?tiendaId=bbbbbbbb-bbbb-4bbb-8bbb-bbbbbbbbbbbb&zona=Zona+Norte,200,61.169,
2026-08-31T04:03:53.844456+00:00,GET,http://localhost:3000/logistics/tenderos/productos-disponibles?tiendaId=bbbbbbbb-bbbb-4bbb-8bbb-bbbbbbbbbbbb&zona=Zona+Norte,200,70.886,
2026-08-31T04:03:53.878057+00:00,GET,http://localhost:3000/logistics/tenderos/productos-disponibles?tiendaId=bbbbbbbb-bbbb-4bbb-8bbb-bbbbbbbbbbbb&zona=Zona+Norte,200,68.582,
2026-08-31T04:03:53.911737+00:00,GET,http://localhost:3000/logistics/tenderos/productos-disponibles?tiendaId=bbbbbbbb-bbbb-4bbb-8bbb-bbbbbbbbbbbb&zona=Zona+Norte,200,65.294,
2026-08-31T04:03:53.945047+00:00,GET,http://localhost:3000/logistics/tenderos/productos-disponibles?tiendaId=bbbbbbbb-bbbb-4bbb-8bbb-bbbbbbbbbbbb&zona=Zona+Norte,200,60.087,
2026-08-31T04:03:53.977430+00:00,GET,http://localhost:3000/logistics/tenderos/productos-disponibles?tiendaId=bbbbbbbb-bbbb-4bbb-8bbb-bbbbbbbbbbbb&zona=Zona+Norte,200,56.860,
2026-08-31T04:03:54.011404+00:00,GET,http://localhost:3000/logistics/tenderos/productos-disponibles?tiendaId=bbbbbbbb-bbbb-4bbb-8bbb-bbbbbbbbbbbb&zona=Zona+Norte,200,60.960,
2026-08-31T04:03:54.045163+00:00,GET,http://localhost:3000/logistics/tenderos/productos-disponibles?tiendaId=bbbbbbbb-bbbb-4bbb-8bbb-bbbbbbbbbbbb&zona=Zona+Norte,200,60.352,
2026-08-31T04:03:54.077993+00:00,GET,http://localhost:3000/logistics/tenderos/productos-disponibles?tiendaId=bbbbbbbb-bbbb-4bbb-8bbb-bbbbbbbbbbbb&zona=Zona+Norte,200,58.404,
2026-08-31T04:03:54.111374+00:00,GET,http://localhost:3000/logistics/tenderos/productos-disponibles?tiendaId=bbbbbbbb-bbbb-4bbb-8bbb-bbbbbbbbbbbb&zona=Zona+Norte,200,59.933,
2026-08-31T04:03:54.145044+00:00,GET,http://localhost:3000/logistics/tenderos/productos-disponibles?tiendaId=bbbbbbbb-bbbb-4bbb-8bbb-bbbbbbbbbbbb&zona=Zona+Norte,200,60.062,
2026-08-31T04:03:54.178165+00:00,GET,http://localhost:3000/logistics/tenderos/productos-disponibles?tiendaId=bbbbbbbb-bbbb-4bbb-8bbb-bbbbbbbbbbbb&zona=Zona+Norte,200,63.056,
2026-08-31T04:03:54.211459+00:00,GET,http://localhost:3000/logistics/tenderos/productos-disponibles?tiendaId=bbbbbbbb-bbbb-4bbb-8bbb-bbbbbbbbbbbb&zona=Zona+Norte,200,64.844,
2026-08-31T04:03:54.244447+00:00,GET,http://localhost:3000/logistics/tenderos/productos-disponibles?tiendaId=bbbbbbbb-bbbb-4bbb-8bbb-bbbbbbbbbbbb&zona=Zona+Norte,200,61.462,
2026-08-31T04:03:54.277482+00:00,GET,http://localhost:3000/logistics/tenderos/productos-disponibles?tiendaId=bbbbbbbb-bbbb-4bbb-8bbb-bbbbbbbbbbbb&zona=Zona+Norte,200,60.835,
2026-08-31T04:03:54.311375+00:00,GET,http://localhost:3000/logistics/tenderos/productos-disponibles?tiendaId=bbbbbbbb-bbbb-4bbb-8bbb-bbbbbbbbbbbb&zona=Zona+Norte,200,60.587,
2026-08-31T04:03:54.344811+00:00,GET,http://localhost:3000/logistics/tenderos/productos-disponibles?tiendaId=bbbbbbbb-bbbb-4bbb-8bbb-bbbbbbbbbbbb&zona=Zona+Norte,200,63.011,
2026-08-31T04:03:54.378114+00:00,GET,http://localhost:3000/logistics/tenderos/productos-disponibles?tiendaId=bbbbbbbb-bbbb-4bbb-8bbb-bbbbbbbbbbbb&zona=Zona+Norte,200,63.646,
2026-08-31T04:03:54.411090+00:00,GET,http://localhost:3000/logistics/tenderos/productos-disponibles?tiendaId=bbbbbbbb-bbbb-4bbb-8bbb-bbbbbbbbbbbb&zona=Zona+Norte,200,60.727,
2026-08-31T04:03:54.444317+00:00,GET,http://localhost:3000/logistics/tenderos/productos-disponibles?tiendaId=bbbbbbbb-bbbb-4bbb-8bbb-bbbbbbbbbbbb&zona=Zona+Norte,200,64.688,
2026-08-31T04:03:54.478105+00:00,GET,http://localhost:3000/logistics/tenderos/productos-disponibles?tiendaId=bbbbbbbb-bbbb-4bbb-8bbb-bbbbbbbbbbbb&zona=Zona+Norte,200,63.987,
2026-08-31T04:03:54.510938+00:00,GET,http://localhost:3000/logistics/tenderos/productos-disponibles?tiendaId=bbbbbbbb-bbbb-4bbb-8bbb-bbbbbbbbbbbb&zona=Zona+Norte,200,63.577,
2026-08-31T04:03:54.544347+00:00,GET,http://localhost:3000/logistics/tenderos/productos-disponibles?tiendaId=bbbbbbbb-bbbb-4bbb-8bbb-bbbbbbbbbbbb&zona=Zona+Norte,200,63.989,
2026-08-31T04:03:54.578327+00:00,GET,http://localhost:3000/logistics/tenderos/productos-disponibles?tiendaId=bbbbbbbb-bbbb-4bbb-8bbb-bbbbbbbbbbbb&zona=Zona+Norte,200,61.174,
2026-08-31T04:03:54.611020+00:00,GET,http://localhost:3000/logistics/tenderos/productos-disponibles?tiendaId=bbbbbbbb-bbbb-4bbb-8bbb-bbbbbbbbbbbb&zona=Zona+Norte,200,60.290,
2026-08-31T04:03:54.644720+00:00,GET,http://localhost:3000/logistics/tenderos/productos-disponibles?tiendaId=bbbbbbbb-bbbb-4bbb-8bbb-bbbbbbbbbbbb&zona=Zona+Norte,200,60.529,
2026-08-31T04:03:54.678377+00:00,GET,http://localhost:3000/logistics/tenderos/productos-disponibles?tiendaId=bbbbbbbb-bbbb-4bbb-8bbb-bbbbbbbbbbbb&zona=Zona+Norte,200,59.483,
2026-08-31T04:03:54.711485+00:00,GET,http://localhost:3000/logistics/tenderos/productos-disponibles?tiendaId=bbbbbbbb-bbbb-4bbb-8bbb-bbbbbbbbbbbb&zona=Zona+Norte,200,64.433,
2026-08-31T04:03:54.744866+00:00,GET,http://localhost:3000/logistics/tenderos/productos-disponibles?tiendaId=bbbbbbbb-bbbb-4bbb-8bbb-bbbbbbbbbbbb&zona=Zona+Norte,200,64.459,
2026-08-31T04:03:54.777599+00:00,GET,http://localhost:3000/logistics/tenderos/productos-disponibles?tiendaId=bbbbbbbb-bbbb-4bbb-8bbb-bbbbbbbbbbbb&zona=Zona+Norte,200,65.595,
2026-08-31T04:03:54.810894+00:00,GET,http://localhost:3000/logistics/tenderos/productos-disponibles?tiendaId=bbbbbbbb-bbbb-4bbb-8bbb-bbbbbbbbbbbb&zona=Zona+Norte,200,60.971,
2026-08-31T04:03:54.844186+00:00,GET,http://localhost:3000/logistics/tenderos/productos-disponibles?tiendaId=bbbbbbbb-bbbb-4bbb-8bbb-bbbbbbbbbbbb&zona=Zona+Norte,200,63.670,
2026-08-31T04:03:54.878115+00:00,GET,http://localhost:3000/logistics/tenderos/productos-disponibles?tiendaId=bbbbbbbb-bbbb-4bbb-8bbb-bbbbbbbbbbbb&zona=Zona+Norte,200,68.323,
2026-08-31T04:03:54.911122+00:00,GET,http://localhost:3000/logistics/tenderos/productos-disponibles?tiendaId=bbbbbbbb-bbbb-4bbb-8bbb-bbbbbbbbbbbb&zona=Zona+Norte,200,66.251,
2026-08-31T04:03:54.944311+00:00,GET,http://localhost:3000/logistics/tenderos/productos-disponibles?tiendaId=bbbbbbbb-bbbb-4bbb-8bbb-bbbbbbbbbbbb&zona=Zona+Norte,200,66.655,
2026-08-31T04:03:54.977472+00:00,GET,http://localhost:3000/logistics/tenderos/productos-disponibles?tiendaId=bbbbbbbb-bbbb-4bbb-8bbb-bbbbbbbbbbbb&zona=Zona+Norte,200,60.032,
2026-08-31T04:03:55.011040+00:00,GET,http://localhost:3000/logistics/tenderos/productos-disponibles?tiendaId=bbbbbbbb-bbbb-4bbb-8bbb-bbbbbbbbbbbb&zona=Zona+Norte,200,62.816,
2026-08-31T04:03:55.044954+00:00,GET,http://localhost:3000/logistics/tenderos/productos-disponibles?tiendaId=bbbbbbbb-bbbb-4bbb-8bbb-bbbbbbbbbbbb&zona=Zona+Norte,200,59.375,
2026-08-31T04:03:55.077896+00:00,GET,http://localhost:3000/logistics/tenderos/productos-disponibles?tiendaId=bbbbbbbb-bbbb-4bbb-8bbb-bbbbbbbbbbbb&zona=Zona+Norte,200,61.778,
2026-08-31T04:03:55.111561+00:00,GET,http://localhost:3000/logistics/tenderos/productos-disponibles?tiendaId=bbbbbbbb-bbbb-4bbb-8bbb-bbbbbbbbbbbb&zona=Zona+Norte,200,57.982,
2026-08-31T04:03:55.144632+00:00,GET,http://localhost:3000/logistics/tenderos/productos-disponibles?tiendaId=bbbbbbbb-bbbb-4bbb-8bbb-bbbbbbbbbbbb&zona=Zona+Norte,200,61.930,
2026-08-31T04:03:55.178426+00:00,GET,http://localhost:3000/logistics/tenderos/productos-disponibles?tiendaId=bbbbbbbb-bbbb-4bbb-8bbb-bbbbbbbbbbbb&zona=Zona+Norte,200,61.104,
2026-08-31T04:03:55.211297+00:00,GET,http://localhost:3000/logistics/tenderos/productos-disponibles?tiendaId=bbbbbbbb-bbbb-4bbb-8bbb-bbbbbbbbbbbb&zona=Zona+Norte,200,61.629,
2026-08-31T04:03:55.244679+00:00,GET,http://localhost:3000/logistics/tenderos/productos-disponibles?tiendaId=bbbbbbbb-bbbb-4bbb-8bbb-bbbbbbbbbbbb&zona=Zona+Norte,200,61.280,
2026-08-31T04:03:55.277983+00:00,GET,http://localhost:3000/logistics/tenderos/productos-disponibles?tiendaId=bbbbbbbb-bbbb-4bbb-8bbb-bbbbbbbbbbbb&zona=Zona+Norte,200,59.226,
2026-08-31T04:03:55.311346+00:00,GET,http://localhost:3000/logistics/tenderos/productos-disponibles?tiendaId=bbbbbbbb-bbbb-4bbb-8bbb-bbbbbbbbbbbb&zona=Zona+Norte,200,58.820,
2026-08-31T04:03:55.344964+00:00,GET,http://localhost:3000/logistics/tenderos/productos-disponibles?tiendaId=bbbbbbbb-bbbb-4bbb-8bbb-bbbbbbbbbbbb&zona=Zona+Norte,200,62.840,
2026-08-31T04:03:55.377891+00:00,GET,http://localhost:3000/logistics/tenderos/productos-disponibles?tiendaId=bbbbbbbb-bbbb-4bbb-8bbb-bbbbbbbbbbbb&zona=Zona+Norte,200,65.448,
2026-08-31T04:03:55.411152+00:00,GET,http://localhost:3000/logistics/tenderos/productos-disponibles?tiendaId=bbbbbbbb-bbbb-4bbb-8bbb-bbbbbbbbbbbb&zona=Zona+Norte,200,65.283,
2026-08-31T04:03:55.444173+00:00,GET,http://localhost:3000/logistics/tenderos/productos-disponibles?tiendaId=bbbbbbbb-bbbb-4bbb-8bbb-bbbbbbbbbbbb&zona=Zona+Norte,200,61.354,
2026-08-31T04:03:55.477526+00:00,GET,http://localhost:3000/logistics/tenderos/productos-disponibles?tiendaId=bbbbbbbb-bbbb-4bbb-8bbb-bbbbbbbbbbbb&zona=Zona+Norte,200,60.961,
2026-08-31T04:03:55.511436+00:00,GET,http://localhost:3000/logistics/tenderos/productos-disponibles?tiendaId=bbbbbbbb-bbbb-4bbb-8bbb-bbbbbbbbbbbb&zona=Zona+Norte,200,62.889,
2026-08-31T04:03:55.544810+00:00,GET,http://localhost:3000/logistics/tenderos/productos-disponibles?tiendaId=bbbbbbbb-bbbb-4bbb-8bbb-bbbbbbbbbbbb&zona=Zona+Norte,200,59.671,
2026-08-31T04:03:55.577827+00:00,GET,http://localhost:3000/logistics/tenderos/productos-disponibles?tiendaId=bbbbbbbb-bbbb-4bbb-8bbb-bbbbbbbbbbbb&zona=Zona+Norte,200,59.242,
2026-08-31T04:03:55.611538+00:00,GET,http://localhost:3000/logistics/tenderos/productos-disponibles?tiendaId=bbbbbbbb-bbbb-4bbb-8bbb-bbbbbbbbbbbb&zona=Zona+Norte,200,65.167,
2026-08-31T04:03:55.644509+00:00,GET,http://localhost:3000/logistics/tenderos/productos-disponibles?tiendaId=bbbbbbbb-bbbb-4bbb-8bbb-bbbbbbbbbbbb&zona=Zona+Norte,200,61.212,
2026-08-31T04:03:55.677532+00:00,GET,http://localhost:3000/logistics/tenderos/productos-disponibles?tiendaId=bbbbbbbb-bbbb-4bbb-8bbb-bbbbbbbbbbbb&zona=Zona+Norte,200,62.683,
2026-08-31T04:03:55.711419+00:00,GET,http://localhost:3000/logistics/tenderos/productos-disponibles?tiendaId=bbbbbbbb-bbbb-4bbb-8bbb-bbbbbbbbbbbb&zona=Zona+Norte,200,62.832,
2026-08-31T04:03:55.744591+00:00,GET,http://localhost:3000/logistics/tenderos/productos-disponibles?tiendaId=bbbbbbbb-bbbb-4bbb-8bbb-bbbbbbbbbbbb&zona=Zona+Norte,200,61.686,
2026-08-31T04:03:55.777501+00:00,GET,http://localhost:3000/logistics/tenderos/productos-disponibles?tiendaId=bbbbbbbb-bbbb-4bbb-8bbb-bbbbbbbbbbbb&zona=Zona+Norte,200,57.846,
2026-08-31T04:03:55.810920+00:00,GET,http://localhost:3000/logistics/tenderos/productos-disponibles?tiendaId=bbbbbbbb-bbbb-4bbb-8bbb-bbbbbbbbbbbb&zona=Zona+Norte,200,60.746,
2026-08-31T04:03:55.845115+00:00,GET,http://localhost:3000/logistics/tenderos/productos-disponibles?tiendaId=bbbbbbbb-bbbb-4bbb-8bbb-bbbbbbbbbbbb&zona=Zona+Norte,200,62.478,
2026-08-31T04:03:55.877860+00:00,GET,http://localhost:3000/logistics/tenderos/productos-disponibles?tiendaId=bbbbbbbb-bbbb-4bbb-8bbb-bbbbbbbbbbbb&zona=Zona+Norte,200,61.925,
2026-08-31T04:03:55.911190+00:00,GET,http://localhost:3000/logistics/tenderos/productos-disponibles?tiendaId=bbbbbbbb-bbbb-4bbb-8bbb-bbbbbbbbbbbb&zona=Zona+Norte,200,61.793,
2026-08-31T04:03:55.944647+00:00,GET,http://localhost:3000/logistics/tenderos/productos-disponibles?tiendaId=bbbbbbbb-bbbb-4bbb-8bbb-bbbbbbbbbbbb&zona=Zona+Norte,200,59.067,
2026-08-31T04:03:55.978010+00:00,GET,http://localhost:3000/logistics/tenderos/productos-disponibles?tiendaId=bbbbbbbb-bbbb-4bbb-8bbb-bbbbbbbbbbbb&zona=Zona+Norte,200,58.016,
2026-08-31T04:03:56.011656+00:00,GET,http://localhost:3000/logistics/tenderos/productos-disponibles?tiendaId=bbbbbbbb-bbbb-4bbb-8bbb-bbbbbbbbbbbb&zona=Zona+Norte,200,58.848,
2026-08-31T04:03:56.045189+00:00,GET,http://localhost:3000/logistics/tenderos/productos-disponibles?tiendaId=bbbbbbbb-bbbb-4bbb-8bbb-bbbbbbbbbbbb&zona=Zona+Norte,200,61.566,
2026-08-31T04:03:56.078311+00:00,GET,http://localhost:3000/logistics/tenderos/productos-disponibles?tiendaId=bbbbbbbb-bbbb-4bbb-8bbb-bbbbbbbbbbbb&zona=Zona+Norte,200,58.379,
2026-08-31T04:03:56.111276+00:00,GET,http://localhost:3000/logistics/tenderos/productos-disponibles?tiendaId=bbbbbbbb-bbbb-4bbb-8bbb-bbbbbbbbbbbb&zona=Zona+Norte,200,61.033,
2026-08-31T04:03:56.145047+00:00,GET,http://localhost:3000/logistics/tenderos/productos-disponibles?tiendaId=bbbbbbbb-bbbb-4bbb-8bbb-bbbbbbbbbbbb&zona=Zona+Norte,200,61.313,
2026-08-31T04:03:56.178149+00:00,GET,http://localhost:3000/logistics/tenderos/productos-disponibles?tiendaId=bbbbbbbb-bbbb-4bbb-8bbb-bbbbbbbbbbbb&zona=Zona+Norte,200,60.617,
2026-08-31T04:03:56.211331+00:00,GET,http://localhost:3000/logistics/tenderos/productos-disponibles?tiendaId=bbbbbbbb-bbbb-4bbb-8bbb-bbbbbbbbbbbb&zona=Zona+Norte,200,57.838,
2026-08-31T04:03:56.244826+00:00,GET,http://localhost:3000/logistics/tenderos/productos-disponibles?tiendaId=bbbbbbbb-bbbb-4bbb-8bbb-bbbbbbbbbbbb&zona=Zona+Norte,200,61.295,
2026-08-31T04:03:56.278494+00:00,GET,http://localhost:3000/logistics/tenderos/productos-disponibles?tiendaId=bbbbbbbb-bbbb-4bbb-8bbb-bbbbbbbbbbbb&zona=Zona+Norte,200,61.320,
2026-08-31T04:03:56.311375+00:00,GET,http://localhost:3000/logistics/tenderos/productos-disponibles?tiendaId=bbbbbbbb-bbbb-4bbb-8bbb-bbbbbbbbbbbb&zona=Zona+Norte,200,60.879,
2026-08-31T04:03:56.344659+00:00,GET,http://localhost:3000/logistics/tenderos/productos-disponibles?tiendaId=bbbbbbbb-bbbb-4bbb-8bbb-bbbbbbbbbbbb&zona=Zona+Norte,200,62.306,
2026-08-31T04:03:56.378092+00:00,GET,http://localhost:3000/logistics/tenderos/productos-disponibles?tiendaId=bbbbbbbb-bbbb-4bbb-8bbb-bbbbbbbbbbbb&zona=Zona+Norte,200,58.363,
2026-08-31T04:03:56.411255+00:00,GET,http://localhost:3000/logistics/tenderos/productos-disponibles?tiendaId=bbbbbbbb-bbbb-4bbb-8bbb-bbbbbbbbbbbb&zona=Zona+Norte,200,62.373,
2026-08-31T04:03:56.444868+00:00,GET,http://localhost:3000/logistics/tenderos/productos-disponibles?tiendaId=bbbbbbbb-bbbb-4bbb-8bbb-bbbbbbbbbbbb&zona=Zona+Norte,200,61.490,
2026-08-31T04:03:56.477923+00:00,GET,http://localhost:3000/logistics/tenderos/productos-disponibles?tiendaId=bbbbbbbb-bbbb-4bbb-8bbb-bbbbbbbbbbbb&zona=Zona+Norte,200,62.155,
2026-08-31T04:03:56.511353+00:00,GET,http://localhost:3000/logistics/tenderos/productos-disponibles?tiendaId=bbbbbbbb-bbbb-4bbb-8bbb-bbbbbbbbbbbb&zona=Zona+Norte,200,58.143,
2026-08-31T04:03:56.544635+00:00,GET,http://localhost:3000/logistics/tenderos/productos-disponibles?tiendaId=bbbbbbbb-bbbb-4bbb-8bbb-bbbbbbbbbbbb&zona=Zona+Norte,200,61.339,
2026-08-31T04:03:56.578467+00:00,GET,http://localhost:3000/logistics/tenderos/productos-disponibles?tiendaId=bbbbbbbb-bbbb-4bbb-8bbb-bbbbbbbbbbbb&zona=Zona+Norte,200,58.421,
2026-08-31T04:03:56.611292+00:00,GET,http://localhost:3000/logistics/tenderos/productos-disponibles?tiendaId=bbbbbbbb-bbbb-4bbb-8bbb-bbbbbbbbbbbb&zona=Zona+Norte,200,59.274,
2026-08-31T04:03:56.645037+00:00,GET,http://localhost:3000/logistics/tenderos/productos-disponibles?tiendaId=bbbbbbbb-bbbb-4bbb-8bbb-bbbbbbbbbbbb&zona=Zona+Norte,200,58.565,
2026-08-31T04:03:56.678322+00:00,GET,http://localhost:3000/logistics/tenderos/productos-disponibles?tiendaId=bbbbbbbb-bbbb-4bbb-8bbb-bbbbbbbbbbbb&zona=Zona+Norte,200,62.201,
2026-08-31T04:03:56.711716+00:00,GET,http://localhost:3000/logistics/tenderos/productos-disponibles?tiendaId=bbbbbbbb-bbbb-4bbb-8bbb-bbbbbbbbbbbb&zona=Zona+Norte,200,59.374,
2026-08-31T04:03:56.744605+00:00,GET,http://localhost:3000/logistics/tenderos/productos-disponibles?tiendaId=bbbbbbbb-bbbb-4bbb-8bbb-bbbbbbbbbbbb&zona=Zona+Norte,200,61.522,
2026-08-31T04:03:56.778270+00:00,GET,http://localhost:3000/logistics/tenderos/productos-disponibles?tiendaId=bbbbbbbb-bbbb-4bbb-8bbb-bbbbbbbbbbbb&zona=Zona+Norte,200,57.816,
2026-08-31T04:03:56.811392+00:00,GET,http://localhost:3000/logistics/tenderos/productos-disponibles?tiendaId=bbbbbbbb-bbbb-4bbb-8bbb-bbbbbbbbbbbb&zona=Zona+Norte,200,57.155,
2026-08-31T04:03:56.845140+00:00,GET,http://localhost:3000/logistics/tenderos/productos-disponibles?tiendaId=bbbbbbbb-bbbb-4bbb-8bbb-bbbbbbbbbbbb&zona=Zona+Norte,200,59.231,
2026-08-31T04:03:56.877871+00:00,GET,http://localhost:3000/logistics/tenderos/productos-disponibles?tiendaId=bbbbbbbb-bbbb-4bbb-8bbb-bbbbbbbbbbbb&zona=Zona+Norte,200,60.164,
2026-08-31T04:03:56.911640+00:00,GET,http://localhost:3000/logistics/tenderos/productos-disponibles?tiendaId=bbbbbbbb-bbbb-4bbb-8bbb-bbbbbbbbbbbb&zona=Zona+Norte,200,60.299,
2026-08-31T04:03:56.944975+00:00,GET,http://localhost:3000/logistics/tenderos/productos-disponibles?tiendaId=bbbbbbbb-bbbb-4bbb-8bbb-bbbbbbbbbbbb&zona=Zona+Norte,200,59.554,
2026-08-31T04:03:56.978314+00:00,GET,http://localhost:3000/logistics/tenderos/productos-disponibles?tiendaId=bbbbbbbb-bbbb-4bbb-8bbb-bbbbbbbbbbbb&zona=Zona+Norte,200,60.685,
2026-08-31T04:03:57.011642+00:00,GET,http://localhost:3000/logistics/tenderos/productos-disponibles?tiendaId=bbbbbbbb-bbbb-4bbb-8bbb-bbbbbbbbbbbb&zona=Zona+Norte,200,59.560,
2026-08-31T04:03:57.044841+00:00,GET,http://localhost:3000/logistics/tenderos/productos-disponibles?tiendaId=bbbbbbbb-bbbb-4bbb-8bbb-bbbbbbbbbbbb&zona=Zona+Norte,200,61.087,
2026-08-31T04:03:57.078295+00:00,GET,http://localhost:3000/logistics/tenderos/productos-disponibles?tiendaId=bbbbbbbb-bbbb-4bbb-8bbb-bbbbbbbbbbbb&zona=Zona+Norte,200,57.576,
2026-08-31T04:03:57.111452+00:00,GET,http://localhost:3000/logistics/tenderos/productos-disponibles?tiendaId=bbbbbbbb-bbbb-4bbb-8bbb-bbbbbbbbbbbb&zona=Zona+Norte,200,58.603,
2026-08-31T04:03:57.145190+00:00,GET,http://localhost:3000/logistics/tenderos/productos-disponibles?tiendaId=bbbbbbbb-bbbb-4bbb-8bbb-bbbbbbbbbbbb&zona=Zona+Norte,200,59.478,
2026-08-31T04:03:57.178318+00:00,GET,http://localhost:3000/logistics/tenderos/productos-disponibles?tiendaId=bbbbbbbb-bbbb-4bbb-8bbb-bbbbbbbbbbbb&zona=Zona+Norte,200,60.996,
2026-08-31T04:03:57.211581+00:00,GET,http://localhost:3000/logistics/tenderos/productos-disponibles?tiendaId=bbbbbbbb-bbbb-4bbb-8bbb-bbbbbbbbbbbb&zona=Zona+Norte,200,59.527,
2026-08-31T04:03:57.244791+00:00,GET,http://localhost:3000/logistics/tenderos/productos-disponibles?tiendaId=bbbbbbbb-bbbb-4bbb-8bbb-bbbbbbbbbbbb&zona=Zona+Norte,200,61.259,
2026-08-31T04:03:57.278340+00:00,GET,http://localhost:3000/logistics/tenderos/productos-disponibles?tiendaId=bbbbbbbb-bbbb-4bbb-8bbb-bbbbbbbbbbbb&zona=Zona+Norte,200,55.955,
2026-08-31T04:03:57.311432+00:00,GET,http://localhost:3000/logistics/tenderos/productos-disponibles?tiendaId=bbbbbbbb-bbbb-4bbb-8bbb-bbbbbbbbbbbb&zona=Zona+Norte,200,57.056,
2026-08-31T04:03:57.345193+00:00,GET,http://localhost:3000/logistics/tenderos/productos-disponibles?tiendaId=bbbbbbbb-bbbb-4bbb-8bbb-bbbbbbbbbbbb&zona=Zona+Norte,200,61.676,
2026-08-31T04:03:57.378583+00:00,GET,http://localhost:3000/logistics/tenderos/productos-disponibles?tiendaId=bbbbbbbb-bbbb-4bbb-8bbb-bbbbbbbbbbbb&zona=Zona+Norte,200,55.361,
2026-08-31T04:03:57.411337+00:00,GET,http://localhost:3000/logistics/tenderos/productos-disponibles?tiendaId=bbbbbbbb-bbbb-4bbb-8bbb-bbbbbbbbbbbb&zona=Zona+Norte,200,59.694,
2026-08-31T04:03:57.445252+00:00,GET,http://localhost:3000/logistics/tenderos/productos-disponibles?tiendaId=bbbbbbbb-bbbb-4bbb-8bbb-bbbbbbbbbbbb&zona=Zona+Norte,200,59.682,
2026-08-31T04:03:57.478297+00:00,GET,http://localhost:3000/logistics/tenderos/productos-disponibles?tiendaId=bbbbbbbb-bbbb-4bbb-8bbb-bbbbbbbbbbbb&zona=Zona+Norte,200,57.870,
2026-08-31T04:03:57.511597+00:00,GET,http://localhost:3000/logistics/tenderos/productos-disponibles?tiendaId=bbbbbbbb-bbbb-4bbb-8bbb-bbbbbbbbbbbb&zona=Zona+Norte,200,58.685,
2026-08-31T04:03:57.545160+00:00,GET,http://localhost:3000/logistics/tenderos/productos-disponibles?tiendaId=bbbbbbbb-bbbb-4bbb-8bbb-bbbbbbbbbbbb&zona=Zona+Norte,200,59.757,
2026-08-31T04:03:57.578413+00:00,GET,http://localhost:3000/logistics/tenderos/productos-disponibles?tiendaId=bbbbbbbb-bbbb-4bbb-8bbb-bbbbbbbbbbbb&zona=Zona+Norte,200,63.267,
2026-08-31T04:03:57.611599+00:00,GET,http://localhost:3000/logistics/tenderos/productos-disponibles?tiendaId=bbbbbbbb-bbbb-4bbb-8bbb-bbbbbbbbbbbb&zona=Zona+Norte,200,60.455,
2026-08-31T04:03:57.644523+00:00,GET,http://localhost:3000/logistics/tenderos/productos-disponibles?tiendaId=bbbbbbbb-bbbb-4bbb-8bbb-bbbbbbbbbbbb&zona=Zona+Norte,200,62.513,
2026-08-31T04:03:57.678218+00:00,GET,http://localhost:3000/logistics/tenderos/productos-disponibles?tiendaId=bbbbbbbb-bbbb-4bbb-8bbb-bbbbbbbbbbbb&zona=Zona+Norte,200,60.589,
2026-08-31T04:03:57.711303+00:00,GET,http://localhost:3000/logistics/tenderos/productos-disponibles?tiendaId=bbbbbbbb-bbbb-4bbb-8bbb-bbbbbbbbbbbb&zona=Zona+Norte,200,63.003,
2026-08-31T04:03:57.744879+00:00,GET,http://localhost:3000/logistics/tenderos/productos-disponibles?tiendaId=bbbbbbbb-bbbb-4bbb-8bbb-bbbbbbbbbbbb&zona=Zona+Norte,200,63.735,
2026-08-31T04:03:57.777931+00:00,GET,http://localhost:3000/logistics/tenderos/productos-disponibles?tiendaId=bbbbbbbb-bbbb-4bbb-8bbb-bbbbbbbbbbbb&zona=Zona+Norte,200,63.839,
2026-08-31T04:03:57.811095+00:00,GET,http://localhost:3000/logistics/tenderos/productos-disponibles?tiendaId=bbbbbbbb-bbbb-4bbb-8bbb-bbbbbbbbbbbb&zona=Zona+Norte,200,64.041,
2026-08-31T04:03:57.844489+00:00,GET,http://localhost:3000/logistics/tenderos/productos-disponibles?tiendaId=bbbbbbbb-bbbb-4bbb-8bbb-bbbbbbbbbbbb&zona=Zona+Norte,200,60.529,
2026-08-31T04:03:57.877798+00:00,GET,http://localhost:3000/logistics/tenderos/productos-disponibles?tiendaId=bbbbbbbb-bbbb-4bbb-8bbb-bbbbbbbbbbbb&zona=Zona+Norte,200,63.117,
2026-08-31T04:03:57.911593+00:00,GET,http://localhost:3000/logistics/tenderos/productos-disponibles?tiendaId=bbbbbbbb-bbbb-4bbb-8bbb-bbbbbbbbbbbb&zona=Zona+Norte,200,59.291,
2026-08-31T04:03:57.944620+00:00,GET,http://localhost:3000/logistics/tenderos/productos-disponibles?tiendaId=bbbbbbbb-bbbb-4bbb-8bbb-bbbbbbbbbbbb&zona=Zona+Norte,200,67.158,
2026-08-31T04:03:57.978355+00:00,GET,http://localhost:3000/logistics/tenderos/productos-disponibles?tiendaId=bbbbbbbb-bbbb-4bbb-8bbb-bbbbbbbbbbbb&zona=Zona+Norte,200,61.379,
2026-08-31T04:03:58.011825+00:00,GET,http://localhost:3000/logistics/tenderos/productos-disponibles?tiendaId=bbbbbbbb-bbbb-4bbb-8bbb-bbbbbbbbbbbb&zona=Zona+Norte,200,57.670,
2026-08-31T04:03:58.044453+00:00,GET,http://localhost:3000/logistics/tenderos/productos-disponibles?tiendaId=bbbbbbbb-bbbb-4bbb-8bbb-bbbbbbbbbbbb&zona=Zona+Norte,200,60.032,
2026-08-31T04:03:58.078520+00:00,GET,http://localhost:3000/logistics/tenderos/productos-disponibles?tiendaId=bbbbbbbb-bbbb-4bbb-8bbb-bbbbbbbbbbbb&zona=Zona+Norte,200,58.937,
2026-08-31T04:03:58.111201+00:00,GET,http://localhost:3000/logistics/tenderos/productos-disponibles?tiendaId=bbbbbbbb-bbbb-4bbb-8bbb-bbbbbbbbbbbb&zona=Zona+Norte,200,56.970,
2026-08-31T04:03:58.144762+00:00,GET,http://localhost:3000/logistics/tenderos/productos-disponibles?tiendaId=bbbbbbbb-bbbb-4bbb-8bbb-bbbbbbbbbbbb&zona=Zona+Norte,200,58.758,
2026-08-31T04:03:58.178709+00:00,GET,http://localhost:3000/logistics/tenderos/productos-disponibles?tiendaId=bbbbbbbb-bbbb-4bbb-8bbb-bbbbbbbbbbbb&zona=Zona+Norte,200,62.312,
2026-08-31T04:03:58.211781+00:00,GET,http://localhost:3000/logistics/tenderos/productos-disponibles?tiendaId=bbbbbbbb-bbbb-4bbb-8bbb-bbbbbbbbbbbb&zona=Zona+Norte,200,60.471,
2026-08-31T04:03:58.244623+00:00,GET,http://localhost:3000/logistics/tenderos/productos-disponibles?tiendaId=bbbbbbbb-bbbb-4bbb-8bbb-bbbbbbbbbbbb&zona=Zona+Norte,200,62.800,
2026-08-31T04:03:58.277601+00:00,GET,http://localhost:3000/logistics/tenderos/productos-disponibles?tiendaId=bbbbbbbb-bbbb-4bbb-8bbb-bbbbbbbbbbbb&zona=Zona+Norte,200,63.742,
2026-08-31T04:03:58.311351+00:00,GET,http://localhost:3000/logistics/tenderos/productos-disponibles?tiendaId=bbbbbbbb-bbbb-4bbb-8bbb-bbbbbbbbbbbb&zona=Zona+Norte,200,63.542,
2026-08-31T04:03:58.344361+00:00,GET,http://localhost:3000/logistics/tenderos/productos-disponibles?tiendaId=bbbbbbbb-bbbb-4bbb-8bbb-bbbbbbbbbbbb&zona=Zona+Norte,200,65.588,
2026-08-31T04:03:58.377896+00:00,GET,http://localhost:3000/logistics/tenderos/productos-disponibles?tiendaId=bbbbbbbb-bbbb-4bbb-8bbb-bbbbbbbbbbbb&zona=Zona+Norte,200,61.106,
2026-08-31T04:03:58.410957+00:00,GET,http://localhost:3000/logistics/tenderos/productos-disponibles?tiendaId=bbbbbbbb-bbbb-4bbb-8bbb-bbbbbbbbbbbb&zona=Zona+Norte,200,62.976,
2026-08-31T04:03:58.444908+00:00,GET,http://localhost:3000/logistics/tenderos/productos-disponibles?tiendaId=bbbbbbbb-bbbb-4bbb-8bbb-bbbbbbbbbbbb&zona=Zona+Norte,200,63.187,
2026-08-31T04:03:58.478065+00:00,GET,http://localhost:3000/logistics/tenderos/productos-disponibles?tiendaId=bbbbbbbb-bbbb-4bbb-8bbb-bbbbbbbbbbbb&zona=Zona+Norte,200,59.239,
2026-08-31T04:03:58.511028+00:00,GET,http://localhost:3000/logistics/tenderos/productos-disponibles?tiendaId=bbbbbbbb-bbbb-4bbb-8bbb-bbbbbbbbbbbb&zona=Zona+Norte,200,59.846,
2026-08-31T04:03:58.545082+00:00,GET,http://localhost:3000/logistics/tenderos/productos-disponibles?tiendaId=bbbbbbbb-bbbb-4bbb-8bbb-bbbbbbbbbbbb&zona=Zona+Norte,200,61.633,
2026-08-31T04:03:58.578034+00:00,GET,http://localhost:3000/logistics/tenderos/productos-disponibles?tiendaId=bbbbbbbb-bbbb-4bbb-8bbb-bbbbbbbbbbbb&zona=Zona+Norte,200,67.147,
2026-08-31T04:03:58.611398+00:00,GET,http://localhost:3000/logistics/tenderos/productos-disponibles?tiendaId=bbbbbbbb-bbbb-4bbb-8bbb-bbbbbbbbbbbb&zona=Zona+Norte,200,63.988,
2026-08-31T04:03:58.644733+00:00,GET,http://localhost:3000/logistics/tenderos/productos-disponibles?tiendaId=bbbbbbbb-bbbb-4bbb-8bbb-bbbbbbbbbbbb&zona=Zona+Norte,200,63.324,
2026-08-31T04:03:58.677655+00:00,GET,http://localhost:3000/logistics/tenderos/productos-disponibles?tiendaId=bbbbbbbb-bbbb-4bbb-8bbb-bbbbbbbbbbbb&zona=Zona+Norte,200,59.825,
2026-08-31T04:03:58.711239+00:00,GET,http://localhost:3000/logistics/tenderos/productos-disponibles?tiendaId=bbbbbbbb-bbbb-4bbb-8bbb-bbbbbbbbbbbb&zona=Zona+Norte,200,60.186,
2026-08-31T04:03:58.744532+00:00,GET,http://localhost:3000/logistics/tenderos/productos-disponibles?tiendaId=bbbbbbbb-bbbb-4bbb-8bbb-bbbbbbbbbbbb&zona=Zona+Norte,200,61.585,
2026-08-31T04:03:58.778357+00:00,GET,http://localhost:3000/logistics/tenderos/productos-disponibles?tiendaId=bbbbbbbb-bbbb-4bbb-8bbb-bbbbbbbbbbbb&zona=Zona+Norte,200,61.320,
2026-08-31T04:03:58.811511+00:00,GET,http://localhost:3000/logistics/tenderos/productos-disponibles?tiendaId=bbbbbbbb-bbbb-4bbb-8bbb-bbbbbbbbbbbb&zona=Zona+Norte,200,61.646,
2026-08-31T04:03:58.844802+00:00,GET,http://localhost:3000/logistics/tenderos/productos-disponibles?tiendaId=bbbbbbbb-bbbb-4bbb-8bbb-bbbbbbbbbbbb&zona=Zona+Norte,200,59.356,
2026-08-31T04:03:58.878166+00:00,GET,http://localhost:3000/logistics/tenderos/productos-disponibles?tiendaId=bbbbbbbb-bbbb-4bbb-8bbb-bbbbbbbbbbbb&zona=Zona+Norte,200,58.138,
2026-08-31T04:03:58.911727+00:00,GET,http://localhost:3000/logistics/tenderos/productos-disponibles?tiendaId=bbbbbbbb-bbbb-4bbb-8bbb-bbbbbbbbbbbb&zona=Zona+Norte,200,60.820,
2026-08-31T04:03:58.945220+00:00,GET,http://localhost:3000/logistics/tenderos/productos-disponibles?tiendaId=bbbbbbbb-bbbb-4bbb-8bbb-bbbbbbbbbbbb&zona=Zona+Norte,200,58.413,
2026-08-31T04:03:58.978234+00:00,GET,http://localhost:3000/logistics/tenderos/productos-disponibles?tiendaId=bbbbbbbb-bbbb-4bbb-8bbb-bbbbbbbbbbbb&zona=Zona+Norte,200,61.142,
2026-08-31T04:03:59.011202+00:00,GET,http://localhost:3000/logistics/tenderos/productos-disponibles?tiendaId=bbbbbbbb-bbbb-4bbb-8bbb-bbbbbbbbbbbb&zona=Zona+Norte,200,61.168,
2026-08-31T04:03:59.044871+00:00,GET,http://localhost:3000/logistics/tenderos/productos-disponibles?tiendaId=bbbbbbbb-bbbb-4bbb-8bbb-bbbbbbbbbbbb&zona=Zona+Norte,200,60.601,
2026-08-31T04:03:59.078222+00:00,GET,http://localhost:3000/logistics/tenderos/productos-disponibles?tiendaId=bbbbbbbb-bbbb-4bbb-8bbb-bbbbbbbbbbbb&zona=Zona+Norte,200,61.508,
2026-08-31T04:03:59.111642+00:00,GET,http://localhost:3000/logistics/tenderos/productos-disponibles?tiendaId=bbbbbbbb-bbbb-4bbb-8bbb-bbbbbbbbbbbb&zona=Zona+Norte,200,61.943,
2026-08-31T04:03:59.144814+00:00,GET,http://localhost:3000/logistics/tenderos/productos-disponibles?tiendaId=bbbbbbbb-bbbb-4bbb-8bbb-bbbbbbbbbbbb&zona=Zona+Norte,200,60.998,
2026-08-31T04:03:59.178094+00:00,GET,http://localhost:3000/logistics/tenderos/productos-disponibles?tiendaId=bbbbbbbb-bbbb-4bbb-8bbb-bbbbbbbbbbbb&zona=Zona+Norte,200,61.474,
2026-08-31T04:03:59.211539+00:00,GET,http://localhost:3000/logistics/tenderos/productos-disponibles?tiendaId=bbbbbbbb-bbbb-4bbb-8bbb-bbbbbbbbbbbb&zona=Zona+Norte,200,61.001,
2026-08-31T04:03:59.244826+00:00,GET,http://localhost:3000/logistics/tenderos/productos-disponibles?tiendaId=bbbbbbbb-bbbb-4bbb-8bbb-bbbbbbbbbbbb&zona=Zona+Norte,200,60.938,
2026-08-31T04:03:59.278193+00:00,GET,http://localhost:3000/logistics/tenderos/productos-disponibles?tiendaId=bbbbbbbb-bbbb-4bbb-8bbb-bbbbbbbbbbbb&zona=Zona+Norte,200,60.955,
2026-08-31T04:03:59.311607+00:00,GET,http://localhost:3000/logistics/tenderos/productos-disponibles?tiendaId=bbbbbbbb-bbbb-4bbb-8bbb-bbbbbbbbbbbb&zona=Zona+Norte,200,61.334,
2026-08-31T04:03:59.344901+00:00,GET,http://localhost:3000/logistics/tenderos/productos-disponibles?tiendaId=bbbbbbbb-bbbb-4bbb-8bbb-bbbbbbbbbbbb&zona=Zona+Norte,200,61.239,
2026-08-31T04:03:59.377928+00:00,GET,http://localhost:3000/logistics/tenderos/productos-disponibles?tiendaId=bbbbbbbb-bbbb-4bbb-8bbb-bbbbbbbbbbbb&zona=Zona+Norte,200,62.119,
2026-08-31T04:03:59.411657+00:00,GET,http://localhost:3000/logistics/tenderos/productos-disponibles?tiendaId=bbbbbbbb-bbbb-4bbb-8bbb-bbbbbbbbbbbb&zona=Zona+Norte,200,61.777,
2026-08-31T04:03:59.444658+00:00,GET,http://localhost:3000/logistics/tenderos/productos-disponibles?tiendaId=bbbbbbbb-bbbb-4bbb-8bbb-bbbbbbbbbbbb&zona=Zona+Norte,200,61.892,
2026-08-31T04:03:59.478080+00:00,GET,http://localhost:3000/logistics/tenderos/productos-disponibles?tiendaId=bbbbbbbb-bbbb-4bbb-8bbb-bbbbbbbbbbbb&zona=Zona+Norte,200,60.921,
2026-08-31T04:03:59.511467+00:00,GET,http://localhost:3000/logistics/tenderos/productos-disponibles?tiendaId=bbbbbbbb-bbbb-4bbb-8bbb-bbbbbbbbbbbb&zona=Zona+Norte,200,61.784,
2026-08-31T04:03:59.544891+00:00,GET,http://localhost:3000/logistics/tenderos/productos-disponibles?tiendaId=bbbbbbbb-bbbb-4bbb-8bbb-bbbbbbbbbbbb&zona=Zona+Norte,200,57.926,
2026-08-31T04:03:59.578124+00:00,GET,http://localhost:3000/logistics/tenderos/productos-disponibles?tiendaId=bbbbbbbb-bbbb-4bbb-8bbb-bbbbbbbbbbbb&zona=Zona+Norte,200,60.475,
2026-08-31T04:03:59.611463+00:00,GET,http://localhost:3000/logistics/tenderos/productos-disponibles?tiendaId=bbbbbbbb-bbbb-4bbb-8bbb-bbbbbbbbbbbb&zona=Zona+Norte,200,60.223,
2026-08-31T04:03:59.644967+00:00,GET,http://localhost:3000/logistics/tenderos/productos-disponibles?tiendaId=bbbbbbbb-bbbb-4bbb-8bbb-bbbbbbbbbbbb&zona=Zona+Norte,200,61.363,
2026-08-31T04:03:59.678314+00:00,GET,http://localhost:3000/logistics/tenderos/productos-disponibles?tiendaId=bbbbbbbb-bbbb-4bbb-8bbb-bbbbbbbbbbbb&zona=Zona+Norte,200,62.701,
2026-08-31T04:03:59.711081+00:00,GET,http://localhost:3000/logistics/tenderos/productos-disponibles?tiendaId=bbbbbbbb-bbbb-4bbb-8bbb-bbbbbbbbbbbb&zona=Zona+Norte,200,61.962,
2026-08-31T04:03:59.744643+00:00,GET,http://localhost:3000/logistics/tenderos/productos-disponibles?tiendaId=bbbbbbbb-bbbb-4bbb-8bbb-bbbbbbbbbbbb&zona=Zona+Norte,200,59.459,
2026-08-31T04:03:59.778143+00:00,GET,http://localhost:3000/logistics/tenderos/productos-disponibles?tiendaId=bbbbbbbb-bbbb-4bbb-8bbb-bbbbbbbbbbbb&zona=Zona+Norte,200,58.990,
2026-08-31T04:03:59.811694+00:00,GET,http://localhost:3000/logistics/tenderos/productos-disponibles?tiendaId=bbbbbbbb-bbbb-4bbb-8bbb-bbbbbbbbbbbb&zona=Zona+Norte,200,57.421,
2026-08-31T04:03:59.844850+00:00,GET,http://localhost:3000/logistics/tenderos/productos-disponibles?tiendaId=bbbbbbbb-bbbb-4bbb-8bbb-bbbbbbbbbbbb&zona=Zona+Norte,200,61.945,
2026-08-31T04:03:59.878586+00:00,GET,http://localhost:3000/logistics/tenderos/productos-disponibles?tiendaId=bbbbbbbb-bbbb-4bbb-8bbb-bbbbbbbbbbbb&zona=Zona+Norte,200,57.879,
2026-08-31T04:03:59.911423+00:00,GET,http://localhost:3000/logistics/tenderos/productos-disponibles?tiendaId=bbbbbbbb-bbbb-4bbb-8bbb-bbbbbbbbbbbb&zona=Zona+Norte,200,62.550,
2026-08-31T04:03:59.945246+00:00,GET,http://localhost:3000/logistics/tenderos/productos-disponibles?tiendaId=bbbbbbbb-bbbb-4bbb-8bbb-bbbbbbbbbbbb&zona=Zona+Norte,200,62.495,
2026-08-31T04:03:59.978028+00:00,GET,http://localhost:3000/logistics/tenderos/productos-disponibles?tiendaId=bbbbbbbb-bbbb-4bbb-8bbb-bbbbbbbbbbbb&zona=Zona+Norte,200,58.450,
2026-08-31T04:04:00.011345+00:00,GET,http://localhost:3000/logistics/tenderos/productos-disponibles?tiendaId=bbbbbbbb-bbbb-4bbb-8bbb-bbbbbbbbbbbb&zona=Zona+Norte,200,61.254,
2026-08-31T04:04:00.045252+00:00,GET,http://localhost:3000/logistics/tenderos/productos-disponibles?tiendaId=bbbbbbbb-bbbb-4bbb-8bbb-bbbbbbbbbbbb&zona=Zona+Norte,200,61.893,
2026-08-31T04:04:00.078208+00:00,GET,http://localhost:3000/logistics/tenderos/productos-disponibles?tiendaId=bbbbbbbb-bbbb-4bbb-8bbb-bbbbbbbbbbbb&zona=Zona+Norte,200,61.910,
2026-08-31T04:04:00.110975+00:00,GET,http://localhost:3000/logistics/tenderos/productos-disponibles?tiendaId=bbbbbbbb-bbbb-4bbb-8bbb-bbbbbbbbbbbb&zona=Zona+Norte,200,61.013,
2026-08-31T04:04:00.144788+00:00,GET,http://localhost:3000/logistics/tenderos/productos-disponibles?tiendaId=bbbbbbbb-bbbb-4bbb-8bbb-bbbbbbbbbbbb&zona=Zona+Norte,200,62.081,
2026-08-31T04:04:00.178315+00:00,GET,http://localhost:3000/logistics/tenderos/productos-disponibles?tiendaId=bbbbbbbb-bbbb-4bbb-8bbb-bbbbbbbbbbbb&zona=Zona+Norte,200,58.402,
2026-08-31T04:04:00.211428+00:00,GET,http://localhost:3000/logistics/tenderos/productos-disponibles?tiendaId=bbbbbbbb-bbbb-4bbb-8bbb-bbbbbbbbbbbb&zona=Zona+Norte,200,58.756,
2026-08-31T04:04:00.245199+00:00,GET,http://localhost:3000/logistics/tenderos/productos-disponibles?tiendaId=bbbbbbbb-bbbb-4bbb-8bbb-bbbbbbbbbbbb&zona=Zona+Norte,200,61.491,
2026-08-31T04:04:00.277638+00:00,GET,http://localhost:3000/logistics/tenderos/productos-disponibles?tiendaId=bbbbbbbb-bbbb-4bbb-8bbb-bbbbbbbbbbbb&zona=Zona+Norte,200,62.305,
2026-08-31T04:04:00.311450+00:00,GET,http://localhost:3000/logistics/tenderos/productos-disponibles?tiendaId=bbbbbbbb-bbbb-4bbb-8bbb-bbbbbbbbbbbb&zona=Zona+Norte,200,61.389,
2026-08-31T04:04:00.344811+00:00,GET,http://localhost:3000/logistics/tenderos/productos-disponibles?tiendaId=bbbbbbbb-bbbb-4bbb-8bbb-bbbbbbbbbbbb&zona=Zona+Norte,200,61.544,
2026-08-31T04:04:00.378187+00:00,GET,http://localhost:3000/logistics/tenderos/productos-disponibles?tiendaId=bbbbbbbb-bbbb-4bbb-8bbb-bbbbbbbbbbbb&zona=Zona+Norte,200,61.203,
2026-08-31T04:04:00.411066+00:00,GET,http://localhost:3000/logistics/tenderos/productos-disponibles?tiendaId=bbbbbbbb-bbbb-4bbb-8bbb-bbbbbbbbbbbb&zona=Zona+Norte,200,62.152,
2026-08-31T04:04:00.444889+00:00,GET,http://localhost:3000/logistics/tenderos/productos-disponibles?tiendaId=bbbbbbbb-bbbb-4bbb-8bbb-bbbbbbbbbbbb&zona=Zona+Norte,200,63.619,
2026-08-31T04:04:00.478158+00:00,GET,http://localhost:3000/logistics/tenderos/productos-disponibles?tiendaId=bbbbbbbb-bbbb-4bbb-8bbb-bbbbbbbbbbbb&zona=Zona+Norte,200,62.051,
2026-08-31T04:04:00.511251+00:00,GET,http://localhost:3000/logistics/tenderos/productos-disponibles?tiendaId=bbbbbbbb-bbbb-4bbb-8bbb-bbbbbbbbbbbb&zona=Zona+Norte,200,61.423,
2026-08-31T04:04:00.544788+00:00,GET,http://localhost:3000/logistics/tenderos/productos-disponibles?tiendaId=bbbbbbbb-bbbb-4bbb-8bbb-bbbbbbbbbbbb&zona=Zona+Norte,200,57.258,
2026-08-31T04:04:00.578238+00:00,GET,http://localhost:3000/logistics/tenderos/productos-disponibles?tiendaId=bbbbbbbb-bbbb-4bbb-8bbb-bbbbbbbbbbbb&zona=Zona+Norte,200,58.897,
2026-08-31T04:04:00.611950+00:00,GET,http://localhost:3000/logistics/tenderos/productos-disponibles?tiendaId=bbbbbbbb-bbbb-4bbb-8bbb-bbbbbbbbbbbb&zona=Zona+Norte,200,58.609,
2026-08-31T04:04:00.645168+00:00,GET,http://localhost:3000/logistics/tenderos/productos-disponibles?tiendaId=bbbbbbbb-bbbb-4bbb-8bbb-bbbbbbbbbbbb&zona=Zona+Norte,200,61.058,
2026-08-31T04:04:00.678502+00:00,GET,http://localhost:3000/logistics/tenderos/productos-disponibles?tiendaId=bbbbbbbb-bbbb-4bbb-8bbb-bbbbbbbbbbbb&zona=Zona+Norte,200,61.466,
2026-08-31T04:04:00.711584+00:00,GET,http://localhost:3000/logistics/tenderos/productos-disponibles?tiendaId=bbbbbbbb-bbbb-4bbb-8bbb-bbbbbbbbbbbb&zona=Zona+Norte,200,62.992,
2026-08-31T04:04:00.744833+00:00,GET,http://localhost:3000/logistics/tenderos/productos-disponibles?tiendaId=bbbbbbbb-bbbb-4bbb-8bbb-bbbbbbbbbbbb&zona=Zona+Norte,200,61.597,
2026-08-31T04:04:00.778005+00:00,GET,http://localhost:3000/logistics/tenderos/productos-disponibles?tiendaId=bbbbbbbb-bbbb-4bbb-8bbb-bbbbbbbbbbbb&zona=Zona+Norte,200,61.201,
2026-08-31T04:04:00.811250+00:00,GET,http://localhost:3000/logistics/tenderos/productos-disponibles?tiendaId=bbbbbbbb-bbbb-4bbb-8bbb-bbbbbbbbbbbb&zona=Zona+Norte,200,60.061,
2026-08-31T04:04:00.844922+00:00,GET,http://localhost:3000/logistics/tenderos/productos-disponibles?tiendaId=bbbbbbbb-bbbb-4bbb-8bbb-bbbbbbbbbbbb&zona=Zona+Norte,200,59.760,
2026-08-31T04:04:00.878391+00:00,GET,http://localhost:3000/logistics/tenderos/productos-disponibles?tiendaId=bbbbbbbb-bbbb-4bbb-8bbb-bbbbbbbbbbbb&zona=Zona+Norte,200,57.464,
2026-08-31T04:04:00.911772+00:00,GET,http://localhost:3000/logistics/tenderos/productos-disponibles?tiendaId=bbbbbbbb-bbbb-4bbb-8bbb-bbbbbbbbbbbb&zona=Zona+Norte,200,59.503,
2026-08-31T04:04:00.945306+00:00,GET,http://localhost:3000/logistics/tenderos/productos-disponibles?tiendaId=bbbbbbbb-bbbb-4bbb-8bbb-bbbbbbbbbbbb&zona=Zona+Norte,200,58.921,
2026-08-31T04:04:00.978470+00:00,GET,http://localhost:3000/logistics/tenderos/productos-disponibles?tiendaId=bbbbbbbb-bbbb-4bbb-8bbb-bbbbbbbbbbbb&zona=Zona+Norte,200,61.214,
2026-08-31T04:04:01.011526+00:00,GET,http://localhost:3000/logistics/tenderos/productos-disponibles?tiendaId=bbbbbbbb-bbbb-4bbb-8bbb-bbbbbbbbbbbb&zona=Zona+Norte,200,58.462,
2026-08-31T04:04:01.044893+00:00,GET,http://localhost:3000/logistics/tenderos/productos-disponibles?tiendaId=bbbbbbbb-bbbb-4bbb-8bbb-bbbbbbbbbbbb&zona=Zona+Norte,200,54.816,
2026-08-31T04:04:01.078592+00:00,GET,http://localhost:3000/logistics/tenderos/productos-disponibles?tiendaId=bbbbbbbb-bbbb-4bbb-8bbb-bbbbbbbbbbbb&zona=Zona+Norte,200,60.320,
2026-08-31T04:04:01.111980+00:00,GET,http://localhost:3000/logistics/tenderos/productos-disponibles?tiendaId=bbbbbbbb-bbbb-4bbb-8bbb-bbbbbbbbbbbb&zona=Zona+Norte,200,60.683,
2026-08-31T04:04:01.145000+00:00,GET,http://localhost:3000/logistics/tenderos/productos-disponibles?tiendaId=bbbbbbbb-bbbb-4bbb-8bbb-bbbbbbbbbbbb&zona=Zona+Norte,200,58.504,
2026-08-31T04:04:01.178276+00:00,GET,http://localhost:3000/logistics/tenderos/productos-disponibles?tiendaId=bbbbbbbb-bbbb-4bbb-8bbb-bbbbbbbbbbbb&zona=Zona+Norte,200,61.363,
2026-08-31T04:04:01.211289+00:00,GET,http://localhost:3000/logistics/tenderos/productos-disponibles?tiendaId=bbbbbbbb-bbbb-4bbb-8bbb-bbbbbbbbbbbb&zona=Zona+Norte,200,59.281,
2026-08-31T04:04:01.244936+00:00,GET,http://localhost:3000/logistics/tenderos/productos-disponibles?tiendaId=bbbbbbbb-bbbb-4bbb-8bbb-bbbbbbbbbbbb&zona=Zona+Norte,200,56.414,
2026-08-31T04:04:01.278514+00:00,GET,http://localhost:3000/logistics/tenderos/productos-disponibles?tiendaId=bbbbbbbb-bbbb-4bbb-8bbb-bbbbbbbbbbbb&zona=Zona+Norte,200,58.309,
2026-08-31T04:04:01.311991+00:00,GET,http://localhost:3000/logistics/tenderos/productos-disponibles?tiendaId=bbbbbbbb-bbbb-4bbb-8bbb-bbbbbbbbbbbb&zona=Zona+Norte,200,61.348,
2026-08-31T04:04:01.345243+00:00,GET,http://localhost:3000/logistics/tenderos/productos-disponibles?tiendaId=bbbbbbbb-bbbb-4bbb-8bbb-bbbbbbbbbbbb&zona=Zona+Norte,200,60.875,
2026-08-31T04:04:01.378197+00:00,GET,http://localhost:3000/logistics/tenderos/productos-disponibles?tiendaId=bbbbbbbb-bbbb-4bbb-8bbb-bbbbbbbbbbbb&zona=Zona+Norte,200,59.258,
2026-08-31T04:04:01.411611+00:00,GET,http://localhost:3000/logistics/tenderos/productos-disponibles?tiendaId=bbbbbbbb-bbbb-4bbb-8bbb-bbbbbbbbbbbb&zona=Zona+Norte,200,59.261,
2026-08-31T04:04:01.444643+00:00,GET,http://localhost:3000/logistics/tenderos/productos-disponibles?tiendaId=bbbbbbbb-bbbb-4bbb-8bbb-bbbbbbbbbbbb&zona=Zona+Norte,200,60.895,
2026-08-31T04:04:01.478479+00:00,GET,http://localhost:3000/logistics/tenderos/productos-disponibles?tiendaId=bbbbbbbb-bbbb-4bbb-8bbb-bbbbbbbbbbbb&zona=Zona+Norte,200,62.629,
2026-08-31T04:04:01.511746+00:00,GET,http://localhost:3000/logistics/tenderos/productos-disponibles?tiendaId=bbbbbbbb-bbbb-4bbb-8bbb-bbbbbbbbbbbb&zona=Zona+Norte,200,64.155,
2026-08-31T04:04:01.544708+00:00,GET,http://localhost:3000/logistics/tenderos/productos-disponibles?tiendaId=bbbbbbbb-bbbb-4bbb-8bbb-bbbbbbbbbbbb&zona=Zona+Norte,200,64.394,
2026-08-31T04:04:01.577861+00:00,GET,http://localhost:3000/logistics/tenderos/productos-disponibles?tiendaId=bbbbbbbb-bbbb-4bbb-8bbb-bbbbbbbbbbbb&zona=Zona+Norte,200,67.722,
2026-08-31T04:04:01.611200+00:00,GET,http://localhost:3000/logistics/tenderos/productos-disponibles?tiendaId=bbbbbbbb-bbbb-4bbb-8bbb-bbbbbbbbbbbb&zona=Zona+Norte,200,59.843,
2026-08-31T04:04:01.645317+00:00,GET,http://localhost:3000/logistics/tenderos/productos-disponibles?tiendaId=bbbbbbbb-bbbb-4bbb-8bbb-bbbbbbbbbbbb&zona=Zona+Norte,200,62.062,
2026-08-31T04:04:01.678477+00:00,GET,http://localhost:3000/logistics/tenderos/productos-disponibles?tiendaId=bbbbbbbb-bbbb-4bbb-8bbb-bbbbbbbbbbbb&zona=Zona+Norte,200,62.183,
2026-08-31T04:04:01.711456+00:00,GET,http://localhost:3000/logistics/tenderos/productos-disponibles?tiendaId=bbbbbbbb-bbbb-4bbb-8bbb-bbbbbbbbbbbb&zona=Zona+Norte,200,58.957,
2026-08-31T04:04:01.744814+00:00,GET,http://localhost:3000/logistics/tenderos/productos-disponibles?tiendaId=bbbbbbbb-bbbb-4bbb-8bbb-bbbbbbbbbbbb&zona=Zona+Norte,200,65.582,
2026-08-31T04:04:01.778680+00:00,GET,http://localhost:3000/logistics/tenderos/productos-disponibles?tiendaId=bbbbbbbb-bbbb-4bbb-8bbb-bbbbbbbbbbbb&zona=Zona+Norte,200,62.173,
2026-08-31T04:04:01.811017+00:00,GET,http://localhost:3000/logistics/tenderos/productos-disponibles?tiendaId=bbbbbbbb-bbbb-4bbb-8bbb-bbbbbbbbbbbb&zona=Zona+Norte,200,64.267,
2026-08-31T04:04:01.844765+00:00,GET,http://localhost:3000/logistics/tenderos/productos-disponibles?tiendaId=bbbbbbbb-bbbb-4bbb-8bbb-bbbbbbbbbbbb&zona=Zona+Norte,200,64.988,
2026-08-31T04:04:01.877940+00:00,GET,http://localhost:3000/logistics/tenderos/productos-disponibles?tiendaId=bbbbbbbb-bbbb-4bbb-8bbb-bbbbbbbbbbbb&zona=Zona+Norte,200,64.435,
2026-08-31T04:04:01.911123+00:00,GET,http://localhost:3000/logistics/tenderos/productos-disponibles?tiendaId=bbbbbbbb-bbbb-4bbb-8bbb-bbbbbbbbbbbb&zona=Zona+Norte,200,60.326,
2026-08-31T04:04:01.944566+00:00,GET,http://localhost:3000/logistics/tenderos/productos-disponibles?tiendaId=bbbbbbbb-bbbb-4bbb-8bbb-bbbbbbbbbbbb&zona=Zona+Norte,200,62.465,
2026-08-31T04:04:01.978436+00:00,GET,http://localhost:3000/logistics/tenderos/productos-disponibles?tiendaId=bbbbbbbb-bbbb-4bbb-8bbb-bbbbbbbbbbbb&zona=Zona+Norte,200,58.255,
2026-08-31T04:04:02.011501+00:00,GET,http://localhost:3000/logistics/tenderos/productos-disponibles?tiendaId=bbbbbbbb-bbbb-4bbb-8bbb-bbbbbbbbbbbb&zona=Zona+Norte,200,59.374,
2026-08-31T04:04:02.045293+00:00,GET,http://localhost:3000/logistics/tenderos/productos-disponibles?tiendaId=bbbbbbbb-bbbb-4bbb-8bbb-bbbbbbbbbbbb&zona=Zona+Norte,200,56.425,
2026-08-31T04:04:02.078524+00:00,GET,http://localhost:3000/logistics/tenderos/productos-disponibles?tiendaId=bbbbbbbb-bbbb-4bbb-8bbb-bbbbbbbbbbbb&zona=Zona+Norte,200,60.226,
2026-08-31T04:04:02.112018+00:00,GET,http://localhost:3000/logistics/tenderos/productos-disponibles?tiendaId=bbbbbbbb-bbbb-4bbb-8bbb-bbbbbbbbbbbb&zona=Zona+Norte,200,56.130,
2026-08-31T04:04:02.145036+00:00,GET,http://localhost:3000/logistics/tenderos/productos-disponibles?tiendaId=bbbbbbbb-bbbb-4bbb-8bbb-bbbbbbbbbbbb&zona=Zona+Norte,200,60.010,
2026-08-31T04:04:02.178655+00:00,GET,http://localhost:3000/logistics/tenderos/productos-disponibles?tiendaId=bbbbbbbb-bbbb-4bbb-8bbb-bbbbbbbbbbbb&zona=Zona+Norte,200,63.004,
2026-08-31T04:04:02.211231+00:00,GET,http://localhost:3000/logistics/tenderos/productos-disponibles?tiendaId=bbbbbbbb-bbbb-4bbb-8bbb-bbbbbbbbbbbb&zona=Zona+Norte,200,64.193,
2026-08-31T04:04:02.244686+00:00,GET,http://localhost:3000/logistics/tenderos/productos-disponibles?tiendaId=bbbbbbbb-bbbb-4bbb-8bbb-bbbbbbbbbbbb&zona=Zona+Norte,200,61.056,
2026-08-31T04:04:02.277957+00:00,GET,http://localhost:3000/logistics/tenderos/productos-disponibles?tiendaId=bbbbbbbb-bbbb-4bbb-8bbb-bbbbbbbbbbbb&zona=Zona+Norte,200,63.295,
2026-08-31T04:04:02.311659+00:00,GET,http://localhost:3000/logistics/tenderos/productos-disponibles?tiendaId=bbbbbbbb-bbbb-4bbb-8bbb-bbbbbbbbbbbb&zona=Zona+Norte,200,63.687,
2026-08-31T04:04:02.344724+00:00,GET,http://localhost:3000/logistics/tenderos/productos-disponibles?tiendaId=bbbbbbbb-bbbb-4bbb-8bbb-bbbbbbbbbbbb&zona=Zona+Norte,200,60.072,
2026-08-31T04:04:02.377996+00:00,GET,http://localhost:3000/logistics/tenderos/productos-disponibles?tiendaId=bbbbbbbb-bbbb-4bbb-8bbb-bbbbbbbbbbbb&zona=Zona+Norte,200,62.717,
2026-08-31T04:04:02.411525+00:00,GET,http://localhost:3000/logistics/tenderos/productos-disponibles?tiendaId=bbbbbbbb-bbbb-4bbb-8bbb-bbbbbbbbbbbb&zona=Zona+Norte,200,64.773,
2026-08-31T04:04:02.444799+00:00,GET,http://localhost:3000/logistics/tenderos/productos-disponibles?tiendaId=bbbbbbbb-bbbb-4bbb-8bbb-bbbbbbbbbbbb&zona=Zona+Norte,200,62.683,
2026-08-31T04:04:02.477834+00:00,GET,http://localhost:3000/logistics/tenderos/productos-disponibles?tiendaId=bbbbbbbb-bbbb-4bbb-8bbb-bbbbbbbbbbbb&zona=Zona+Norte,200,63.254,
2026-08-31T04:04:02.511517+00:00,GET,http://localhost:3000/logistics/tenderos/productos-disponibles?tiendaId=bbbbbbbb-bbbb-4bbb-8bbb-bbbbbbbbbbbb&zona=Zona+Norte,200,63.531,
2026-08-31T04:04:02.544719+00:00,GET,http://localhost:3000/logistics/tenderos/productos-disponibles?tiendaId=bbbbbbbb-bbbb-4bbb-8bbb-bbbbbbbbbbbb&zona=Zona+Norte,200,59.458,
2026-08-31T04:04:02.578013+00:00,GET,http://localhost:3000/logistics/tenderos/productos-disponibles?tiendaId=bbbbbbbb-bbbb-4bbb-8bbb-bbbbbbbbbbbb&zona=Zona+Norte,200,58.714,
2026-08-31T04:04:02.611851+00:00,GET,http://localhost:3000/logistics/tenderos/productos-disponibles?tiendaId=bbbbbbbb-bbbb-4bbb-8bbb-bbbbbbbbbbbb&zona=Zona+Norte,200,58.299,
2026-08-31T04:04:02.644904+00:00,GET,http://localhost:3000/logistics/tenderos/productos-disponibles?tiendaId=bbbbbbbb-bbbb-4bbb-8bbb-bbbbbbbbbbbb&zona=Zona+Norte,200,63.590,
2026-08-31T04:04:02.678171+00:00,GET,http://localhost:3000/logistics/tenderos/productos-disponibles?tiendaId=bbbbbbbb-bbbb-4bbb-8bbb-bbbbbbbbbbbb&zona=Zona+Norte,200,60.924,
2026-08-31T04:04:02.711293+00:00,GET,http://localhost:3000/logistics/tenderos/productos-disponibles?tiendaId=bbbbbbbb-bbbb-4bbb-8bbb-bbbbbbbbbbbb&zona=Zona+Norte,200,61.456,
2026-08-31T04:04:02.744987+00:00,GET,http://localhost:3000/logistics/tenderos/productos-disponibles?tiendaId=bbbbbbbb-bbbb-4bbb-8bbb-bbbbbbbbbbbb&zona=Zona+Norte,200,58.946,
2026-08-31T04:04:02.778294+00:00,GET,http://localhost:3000/logistics/tenderos/productos-disponibles?tiendaId=bbbbbbbb-bbbb-4bbb-8bbb-bbbbbbbbbbbb&zona=Zona+Norte,200,61.169,
2026-08-31T04:04:02.811880+00:00,GET,http://localhost:3000/logistics/tenderos/productos-disponibles?tiendaId=bbbbbbbb-bbbb-4bbb-8bbb-bbbbbbbbbbbb&zona=Zona+Norte,200,61.320,
2026-08-31T04:04:02.844977+00:00,GET,http://localhost:3000/logistics/tenderos/productos-disponibles?tiendaId=bbbbbbbb-bbbb-4bbb-8bbb-bbbbbbbbbbbb&zona=Zona+Norte,200,58.614,
2026-08-31T04:04:02.878186+00:00,GET,http://localhost:3000/logistics/tenderos/productos-disponibles?tiendaId=bbbbbbbb-bbbb-4bbb-8bbb-bbbbbbbbbbbb&zona=Zona+Norte,200,58.348,
2026-08-31T04:04:02.911233+00:00,GET,http://localhost:3000/logistics/tenderos/productos-disponibles?tiendaId=bbbbbbbb-bbbb-4bbb-8bbb-bbbbbbbbbbbb&zona=Zona+Norte,200,57.776,
2026-08-31T04:04:02.945312+00:00,GET,http://localhost:3000/logistics/tenderos/productos-disponibles?tiendaId=bbbbbbbb-bbbb-4bbb-8bbb-bbbbbbbbbbbb&zona=Zona+Norte,200,61.690,
2026-08-31T04:04:02.978689+00:00,GET,http://localhost:3000/logistics/tenderos/productos-disponibles?tiendaId=bbbbbbbb-bbbb-4bbb-8bbb-bbbbbbbbbbbb&zona=Zona+Norte,200,60.741,
2026-08-31T04:04:03.011496+00:00,GET,http://localhost:3000/logistics/tenderos/productos-disponibles?tiendaId=bbbbbbbb-bbbb-4bbb-8bbb-bbbbbbbbbbbb&zona=Zona+Norte,200,58.665,
2026-08-31T04:04:03.044982+00:00,GET,http://localhost:3000/logistics/tenderos/productos-disponibles?tiendaId=bbbbbbbb-bbbb-4bbb-8bbb-bbbbbbbbbbbb&zona=Zona+Norte,200,58.239,
2026-08-31T04:04:03.078610+00:00,GET,http://localhost:3000/logistics/tenderos/productos-disponibles?tiendaId=bbbbbbbb-bbbb-4bbb-8bbb-bbbbbbbbbbbb&zona=Zona+Norte,200,62.160,
2026-08-31T04:04:03.111978+00:00,GET,http://localhost:3000/logistics/tenderos/productos-disponibles?tiendaId=bbbbbbbb-bbbb-4bbb-8bbb-bbbbbbbbbbbb&zona=Zona+Norte,200,57.761,
2026-08-31T04:04:03.144424+00:00,GET,http://localhost:3000/logistics/tenderos/productos-disponibles?tiendaId=bbbbbbbb-bbbb-4bbb-8bbb-bbbbbbbbbbbb&zona=Zona+Norte,200,61.325,
2026-08-31T04:04:03.178706+00:00,GET,http://localhost:3000/logistics/tenderos/productos-disponibles?tiendaId=bbbbbbbb-bbbb-4bbb-8bbb-bbbbbbbbbbbb&zona=Zona+Norte,200,58.847,
2026-08-31T04:04:03.211688+00:00,GET,http://localhost:3000/logistics/tenderos/productos-disponibles?tiendaId=bbbbbbbb-bbbb-4bbb-8bbb-bbbbbbbbbbbb&zona=Zona+Norte,200,62.450,
2026-08-31T04:04:03.244395+00:00,GET,http://localhost:3000/logistics/tenderos/productos-disponibles?tiendaId=bbbbbbbb-bbbb-4bbb-8bbb-bbbbbbbbbbbb&zona=Zona+Norte,200,57.364,
2026-08-31T04:04:03.278142+00:00,GET,http://localhost:3000/logistics/tenderos/productos-disponibles?tiendaId=bbbbbbbb-bbbb-4bbb-8bbb-bbbbbbbbbbbb&zona=Zona+Norte,200,62.404,
2026-08-31T04:04:03.312045+00:00,GET,http://localhost:3000/logistics/tenderos/productos-disponibles?tiendaId=bbbbbbbb-bbbb-4bbb-8bbb-bbbbbbbbbbbb&zona=Zona+Norte,200,60.920,
2026-08-31T04:04:03.344869+00:00,GET,http://localhost:3000/logistics/tenderos/productos-disponibles?tiendaId=bbbbbbbb-bbbb-4bbb-8bbb-bbbbbbbbbbbb&zona=Zona+Norte,200,61.028,
2026-08-31T04:04:03.378269+00:00,GET,http://localhost:3000/logistics/tenderos/productos-disponibles?tiendaId=bbbbbbbb-bbbb-4bbb-8bbb-bbbbbbbbbbbb&zona=Zona+Norte,200,60.776,
2026-08-31T04:04:03.411535+00:00,GET,http://localhost:3000/logistics/tenderos/productos-disponibles?tiendaId=bbbbbbbb-bbbb-4bbb-8bbb-bbbbbbbbbbbb&zona=Zona+Norte,200,60.002,
2026-08-31T04:04:03.445034+00:00,GET,http://localhost:3000/logistics/tenderos/productos-disponibles?tiendaId=bbbbbbbb-bbbb-4bbb-8bbb-bbbbbbbbbbbb&zona=Zona+Norte,200,62.781,
2026-08-31T04:04:03.478470+00:00,GET,http://localhost:3000/logistics/tenderos/productos-disponibles?tiendaId=bbbbbbbb-bbbb-4bbb-8bbb-bbbbbbbbbbbb&zona=Zona+Norte,200,68.268,
2026-08-31T04:04:03.511457+00:00,GET,http://localhost:3000/logistics/tenderos/productos-disponibles?tiendaId=bbbbbbbb-bbbb-4bbb-8bbb-bbbbbbbbbbbb&zona=Zona+Norte,200,59.880,
2026-08-31T04:04:03.544788+00:00,GET,http://localhost:3000/logistics/tenderos/productos-disponibles?tiendaId=bbbbbbbb-bbbb-4bbb-8bbb-bbbbbbbbbbbb&zona=Zona+Norte,200,67.075,
2026-08-31T04:04:03.578543+00:00,GET,http://localhost:3000/logistics/tenderos/productos-disponibles?tiendaId=bbbbbbbb-bbbb-4bbb-8bbb-bbbbbbbbbbbb&zona=Zona+Norte,200,66.250,
2026-08-31T04:04:03.611883+00:00,GET,http://localhost:3000/logistics/tenderos/productos-disponibles?tiendaId=bbbbbbbb-bbbb-4bbb-8bbb-bbbbbbbbbbbb&zona=Zona+Norte,200,62.992,
2026-08-31T04:04:03.644823+00:00,GET,http://localhost:3000/logistics/tenderos/productos-disponibles?tiendaId=bbbbbbbb-bbbb-4bbb-8bbb-bbbbbbbbbbbb&zona=Zona+Norte,200,64.063,
2026-08-31T04:04:03.678050+00:00,GET,http://localhost:3000/logistics/tenderos/productos-disponibles?tiendaId=bbbbbbbb-bbbb-4bbb-8bbb-bbbbbbbbbbbb&zona=Zona+Norte,200,61.592,
2026-08-31T04:04:03.711321+00:00,GET,http://localhost:3000/logistics/tenderos/productos-disponibles?tiendaId=bbbbbbbb-bbbb-4bbb-8bbb-bbbbbbbbbbbb&zona=Zona+Norte,200,58.925,
2026-08-31T04:04:03.744601+00:00,GET,http://localhost:3000/logistics/tenderos/productos-disponibles?tiendaId=bbbbbbbb-bbbb-4bbb-8bbb-bbbbbbbbbbbb&zona=Zona+Norte,200,62.940,
2026-08-31T04:04:03.778678+00:00,GET,http://localhost:3000/logistics/tenderos/productos-disponibles?tiendaId=bbbbbbbb-bbbb-4bbb-8bbb-bbbbbbbbbbbb&zona=Zona+Norte,200,64.601,
2026-08-31T04:04:03.811470+00:00,GET,http://localhost:3000/logistics/tenderos/productos-disponibles?tiendaId=bbbbbbbb-bbbb-4bbb-8bbb-bbbbbbbbbbbb&zona=Zona+Norte,200,65.995,
2026-08-31T04:04:03.844523+00:00,GET,http://localhost:3000/logistics/tenderos/productos-disponibles?tiendaId=bbbbbbbb-bbbb-4bbb-8bbb-bbbbbbbbbbbb&zona=Zona+Norte,200,64.449,
2026-08-31T04:04:03.877720+00:00,GET,http://localhost:3000/logistics/tenderos/productos-disponibles?tiendaId=bbbbbbbb-bbbb-4bbb-8bbb-bbbbbbbbbbbb&zona=Zona+Norte,200,68.546,
2026-08-31T04:04:03.911277+00:00,GET,http://localhost:3000/logistics/tenderos/productos-disponibles?tiendaId=bbbbbbbb-bbbb-4bbb-8bbb-bbbbbbbbbbbb&zona=Zona+Norte,200,62.196,
2026-08-31T04:04:03.945385+00:00,GET,http://localhost:3000/logistics/tenderos/productos-disponibles?tiendaId=bbbbbbbb-bbbb-4bbb-8bbb-bbbbbbbbbbbb&zona=Zona+Norte,200,61.851,
2026-08-31T04:04:03.978285+00:00,GET,http://localhost:3000/logistics/tenderos/productos-disponibles?tiendaId=bbbbbbbb-bbbb-4bbb-8bbb-bbbbbbbbbbbb&zona=Zona+Norte,200,64.134,
2026-08-31T04:04:04.011503+00:00,GET,http://localhost:3000/logistics/tenderos/productos-disponibles?tiendaId=bbbbbbbb-bbbb-4bbb-8bbb-bbbbbbbbbbbb&zona=Zona+Norte,200,63.542,
2026-08-31T04:04:04.044634+00:00,GET,http://localhost:3000/logistics/tenderos/productos-disponibles?tiendaId=bbbbbbbb-bbbb-4bbb-8bbb-bbbbbbbbbbbb&zona=Zona+Norte,200,61.031,
2026-08-31T04:04:04.078041+00:00,GET,http://localhost:3000/logistics/tenderos/productos-disponibles?tiendaId=bbbbbbbb-bbbb-4bbb-8bbb-bbbbbbbbbbbb&zona=Zona+Norte,200,65.114,
2026-08-31T04:04:04.111714+00:00,GET,http://localhost:3000/logistics/tenderos/productos-disponibles?tiendaId=bbbbbbbb-bbbb-4bbb-8bbb-bbbbbbbbbbbb&zona=Zona+Norte,200,63.680,
2026-08-31T04:04:04.144540+00:00,GET,http://localhost:3000/logistics/tenderos/productos-disponibles?tiendaId=bbbbbbbb-bbbb-4bbb-8bbb-bbbbbbbbbbbb&zona=Zona+Norte,200,63.074,
2026-08-31T04:04:04.178028+00:00,GET,http://localhost:3000/logistics/tenderos/productos-disponibles?tiendaId=bbbbbbbb-bbbb-4bbb-8bbb-bbbbbbbbbbbb&zona=Zona+Norte,200,62.443,
2026-08-31T04:04:04.211450+00:00,GET,http://localhost:3000/logistics/tenderos/productos-disponibles?tiendaId=bbbbbbbb-bbbb-4bbb-8bbb-bbbbbbbbbbbb&zona=Zona+Norte,200,63.007,
2026-08-31T04:04:04.244920+00:00,GET,http://localhost:3000/logistics/tenderos/productos-disponibles?tiendaId=bbbbbbbb-bbbb-4bbb-8bbb-bbbbbbbbbbbb&zona=Zona+Norte,200,63.796,
2026-08-31T04:04:04.278138+00:00,GET,http://localhost:3000/logistics/tenderos/productos-disponibles?tiendaId=bbbbbbbb-bbbb-4bbb-8bbb-bbbbbbbbbbbb&zona=Zona+Norte,200,59.427,
2026-08-31T04:04:04.311366+00:00,GET,http://localhost:3000/logistics/tenderos/productos-disponibles?tiendaId=bbbbbbbb-bbbb-4bbb-8bbb-bbbbbbbbbbbb&zona=Zona+Norte,200,63.724,
2026-08-31T04:04:04.345256+00:00,GET,http://localhost:3000/logistics/tenderos/productos-disponibles?tiendaId=bbbbbbbb-bbbb-4bbb-8bbb-bbbbbbbbbbbb&zona=Zona+Norte,200,64.158,
2026-08-31T04:04:04.378078+00:00,GET,http://localhost:3000/logistics/tenderos/productos-disponibles?tiendaId=bbbbbbbb-bbbb-4bbb-8bbb-bbbbbbbbbbbb&zona=Zona+Norte,200,60.440,
2026-08-31T04:04:04.411273+00:00,GET,http://localhost:3000/logistics/tenderos/productos-disponibles?tiendaId=bbbbbbbb-bbbb-4bbb-8bbb-bbbbbbbbbbbb&zona=Zona+Norte,200,64.072,
2026-08-31T04:04:04.445137+00:00,GET,http://localhost:3000/logistics/tenderos/productos-disponibles?tiendaId=bbbbbbbb-bbbb-4bbb-8bbb-bbbbbbbbbbbb&zona=Zona+Norte,200,62.869,
2026-08-31T04:04:04.478015+00:00,GET,http://localhost:3000/logistics/tenderos/productos-disponibles?tiendaId=bbbbbbbb-bbbb-4bbb-8bbb-bbbbbbbbbbbb&zona=Zona+Norte,200,63.922,
2026-08-31T04:04:04.511479+00:00,GET,http://localhost:3000/logistics/tenderos/productos-disponibles?tiendaId=bbbbbbbb-bbbb-4bbb-8bbb-bbbbbbbbbbbb&zona=Zona+Norte,200,60.548,
2026-08-31T04:04:04.544740+00:00,GET,http://localhost:3000/logistics/tenderos/productos-disponibles?tiendaId=bbbbbbbb-bbbb-4bbb-8bbb-bbbbbbbbbbbb&zona=Zona+Norte,200,61.662,
2026-08-31T04:04:04.578492+00:00,GET,http://localhost:3000/logistics/tenderos/productos-disponibles?tiendaId=bbbbbbbb-bbbb-4bbb-8bbb-bbbbbbbbbbbb&zona=Zona+Norte,200,60.003,
2026-08-31T04:04:04.611665+00:00,GET,http://localhost:3000/logistics/tenderos/productos-disponibles?tiendaId=bbbbbbbb-bbbb-4bbb-8bbb-bbbbbbbbbbbb&zona=Zona+Norte,200,63.600,
2026-08-31T04:04:04.645167+00:00,GET,http://localhost:3000/logistics/tenderos/productos-disponibles?tiendaId=bbbbbbbb-bbbb-4bbb-8bbb-bbbbbbbbbbbb&zona=Zona+Norte,200,63.984,
2026-08-31T04:04:04.678017+00:00,GET,http://localhost:3000/logistics/tenderos/productos-disponibles?tiendaId=bbbbbbbb-bbbb-4bbb-8bbb-bbbbbbbbbbbb&zona=Zona+Norte,200,61.495,
2026-08-31T04:04:04.711344+00:00,GET,http://localhost:3000/logistics/tenderos/productos-disponibles?tiendaId=bbbbbbbb-bbbb-4bbb-8bbb-bbbbbbbbbbbb&zona=Zona+Norte,200,61.824,
2026-08-31T04:04:04.745138+00:00,GET,http://localhost:3000/logistics/tenderos/productos-disponibles?tiendaId=bbbbbbbb-bbbb-4bbb-8bbb-bbbbbbbbbbbb&zona=Zona+Norte,200,61.762,
2026-08-31T04:04:04.778331+00:00,GET,http://localhost:3000/logistics/tenderos/productos-disponibles?tiendaId=bbbbbbbb-bbbb-4bbb-8bbb-bbbbbbbbbbbb&zona=Zona+Norte,200,60.081,
2026-08-31T04:04:04.811609+00:00,GET,http://localhost:3000/logistics/tenderos/productos-disponibles?tiendaId=bbbbbbbb-bbbb-4bbb-8bbb-bbbbbbbbbbbb&zona=Zona+Norte,200,60.433,
2026-08-31T04:04:04.845280+00:00,GET,http://localhost:3000/logistics/tenderos/productos-disponibles?tiendaId=bbbbbbbb-bbbb-4bbb-8bbb-bbbbbbbbbbbb&zona=Zona+Norte,200,60.971,
2026-08-31T04:04:04.878459+00:00,GET,http://localhost:3000/logistics/tenderos/productos-disponibles?tiendaId=bbbbbbbb-bbbb-4bbb-8bbb-bbbbbbbbbbbb&zona=Zona+Norte,200,62.281,
2026-08-31T04:04:04.911356+00:00,GET,http://localhost:3000/logistics/tenderos/productos-disponibles?tiendaId=bbbbbbbb-bbbb-4bbb-8bbb-bbbbbbbbbbbb&zona=Zona+Norte,200,62.400,
2026-08-31T04:04:04.944919+00:00,GET,http://localhost:3000/logistics/tenderos/productos-disponibles?tiendaId=bbbbbbbb-bbbb-4bbb-8bbb-bbbbbbbbbbbb&zona=Zona+Norte,200,66.417,
2026-08-31T04:04:04.978274+00:00,GET,http://localhost:3000/logistics/tenderos/productos-disponibles?tiendaId=bbbbbbbb-bbbb-4bbb-8bbb-bbbbbbbbbbbb&zona=Zona+Norte,200,60.666,
2026-08-31T04:04:05.011382+00:00,GET,http://localhost:3000/logistics/tenderos/productos-disponibles?tiendaId=bbbbbbbb-bbbb-4bbb-8bbb-bbbbbbbbbbbb&zona=Zona+Norte,200,59.892,
2026-08-31T04:04:05.045119+00:00,GET,http://localhost:3000/logistics/tenderos/productos-disponibles?tiendaId=bbbbbbbb-bbbb-4bbb-8bbb-bbbbbbbbbbbb&zona=Zona+Norte,200,56.730,
2026-08-31T04:04:05.078585+00:00,GET,http://localhost:3000/logistics/tenderos/productos-disponibles?tiendaId=bbbbbbbb-bbbb-4bbb-8bbb-bbbbbbbbbbbb&zona=Zona+Norte,200,56.799,
2026-08-31T04:04:05.112175+00:00,GET,http://localhost:3000/logistics/tenderos/productos-disponibles?tiendaId=bbbbbbbb-bbbb-4bbb-8bbb-bbbbbbbbbbbb&zona=Zona+Norte,200,55.451,
2026-08-31T04:04:05.145496+00:00,GET,http://localhost:3000/logistics/tenderos/productos-disponibles?tiendaId=bbbbbbbb-bbbb-4bbb-8bbb-bbbbbbbbbbbb&zona=Zona+Norte,200,58.667,
2026-08-31T04:04:05.178689+00:00,GET,http://localhost:3000/logistics/tenderos/productos-disponibles?tiendaId=bbbbbbbb-bbbb-4bbb-8bbb-bbbbbbbbbbbb&zona=Zona+Norte,200,56.455,
2026-08-31T04:04:05.212024+00:00,GET,http://localhost:3000/logistics/tenderos/productos-disponibles?tiendaId=bbbbbbbb-bbbb-4bbb-8bbb-bbbbbbbbbbbb&zona=Zona+Norte,200,56.522,
2026-08-31T04:04:05.245457+00:00,GET,http://localhost:3000/logistics/tenderos/productos-disponibles?tiendaId=bbbbbbbb-bbbb-4bbb-8bbb-bbbbbbbbbbbb&zona=Zona+Norte,200,57.656,
2026-08-31T04:04:05.278809+00:00,GET,http://localhost:3000/logistics/tenderos/productos-disponibles?tiendaId=bbbbbbbb-bbbb-4bbb-8bbb-bbbbbbbbbbbb&zona=Zona+Norte,200,62.671,
2026-08-31T04:04:05.312096+00:00,GET,http://localhost:3000/logistics/tenderos/productos-disponibles?tiendaId=bbbbbbbb-bbbb-4bbb-8bbb-bbbbbbbbbbbb&zona=Zona+Norte,200,58.801,
2026-08-31T04:04:05.344755+00:00,GET,http://localhost:3000/logistics/tenderos/productos-disponibles?tiendaId=bbbbbbbb-bbbb-4bbb-8bbb-bbbbbbbbbbbb&zona=Zona+Norte,200,63.594,
2026-08-31T04:04:05.378651+00:00,GET,http://localhost:3000/logistics/tenderos/productos-disponibles?tiendaId=bbbbbbbb-bbbb-4bbb-8bbb-bbbbbbbbbbbb&zona=Zona+Norte,200,62.919,
2026-08-31T04:04:05.411428+00:00,GET,http://localhost:3000/logistics/tenderos/productos-disponibles?tiendaId=bbbbbbbb-bbbb-4bbb-8bbb-bbbbbbbbbbbb&zona=Zona+Norte,200,63.576,
2026-08-31T04:04:05.444793+00:00,GET,http://localhost:3000/logistics/tenderos/productos-disponibles?tiendaId=bbbbbbbb-bbbb-4bbb-8bbb-bbbbbbbbbbbb&zona=Zona+Norte,200,59.781,
2026-08-31T04:04:05.478098+00:00,GET,http://localhost:3000/logistics/tenderos/productos-disponibles?tiendaId=bbbbbbbb-bbbb-4bbb-8bbb-bbbbbbbbbbbb&zona=Zona+Norte,200,65.105,
2026-08-31T04:04:05.511958+00:00,GET,http://localhost:3000/logistics/tenderos/productos-disponibles?tiendaId=bbbbbbbb-bbbb-4bbb-8bbb-bbbbbbbbbbbb&zona=Zona+Norte,200,59.019,
2026-08-31T04:04:05.544645+00:00,GET,http://localhost:3000/logistics/tenderos/productos-disponibles?tiendaId=bbbbbbbb-bbbb-4bbb-8bbb-bbbbbbbbbbbb&zona=Zona+Norte,200,63.038,
2026-08-31T04:04:05.578029+00:00,GET,http://localhost:3000/logistics/tenderos/productos-disponibles?tiendaId=bbbbbbbb-bbbb-4bbb-8bbb-bbbbbbbbbbbb&zona=Zona+Norte,200,64.002,
2026-08-31T04:04:05.611576+00:00,GET,http://localhost:3000/logistics/tenderos/productos-disponibles?tiendaId=bbbbbbbb-bbbb-4bbb-8bbb-bbbbbbbbbbbb&zona=Zona+Norte,200,59.495,
2026-08-31T04:04:05.644835+00:00,GET,http://localhost:3000/logistics/tenderos/productos-disponibles?tiendaId=bbbbbbbb-bbbb-4bbb-8bbb-bbbbbbbbbbbb&zona=Zona+Norte,200,63.211,
2026-08-31T04:04:05.678697+00:00,GET,http://localhost:3000/logistics/tenderos/productos-disponibles?tiendaId=bbbbbbbb-bbbb-4bbb-8bbb-bbbbbbbbbbbb&zona=Zona+Norte,200,64.249,
2026-08-31T04:04:05.711519+00:00,GET,http://localhost:3000/logistics/tenderos/productos-disponibles?tiendaId=bbbbbbbb-bbbb-4bbb-8bbb-bbbbbbbbbbbb&zona=Zona+Norte,200,63.507,
2026-08-31T04:04:05.744657+00:00,GET,http://localhost:3000/logistics/tenderos/productos-disponibles?tiendaId=bbbbbbbb-bbbb-4bbb-8bbb-bbbbbbbbbbbb&zona=Zona+Norte,200,62.697,
2026-08-31T04:04:05.778140+00:00,GET,http://localhost:3000/logistics/tenderos/productos-disponibles?tiendaId=bbbbbbbb-bbbb-4bbb-8bbb-bbbbbbbbbbbb&zona=Zona+Norte,200,62.746,
2026-08-31T04:04:05.811604+00:00,GET,http://localhost:3000/logistics/tenderos/productos-disponibles?tiendaId=bbbbbbbb-bbbb-4bbb-8bbb-bbbbbbbbbbbb&zona=Zona+Norte,200,62.861,
2026-08-31T04:04:05.844925+00:00,GET,http://localhost:3000/logistics/tenderos/productos-disponibles?tiendaId=bbbbbbbb-bbbb-4bbb-8bbb-bbbbbbbbbbbb&zona=Zona+Norte,200,62.952,
2026-08-31T04:04:05.877913+00:00,GET,http://localhost:3000/logistics/tenderos/productos-disponibles?tiendaId=bbbbbbbb-bbbb-4bbb-8bbb-bbbbbbbbbbbb&zona=Zona+Norte,200,59.797,
2026-08-31T04:04:05.911259+00:00,GET,http://localhost:3000/logistics/tenderos/productos-disponibles?tiendaId=bbbbbbbb-bbbb-4bbb-8bbb-bbbbbbbbbbbb&zona=Zona+Norte,200,60.143,
2026-08-31T04:04:05.945372+00:00,GET,http://localhost:3000/logistics/tenderos/productos-disponibles?tiendaId=bbbbbbbb-bbbb-4bbb-8bbb-bbbbbbbbbbbb&zona=Zona+Norte,200,60.293,
2026-08-31T04:04:05.978077+00:00,GET,http://localhost:3000/logistics/tenderos/productos-disponibles?tiendaId=bbbbbbbb-bbbb-4bbb-8bbb-bbbbbbbbbbbb&zona=Zona+Norte,200,56.890,
2026-08-31T04:04:06.011826+00:00,GET,http://localhost:3000/logistics/tenderos/productos-disponibles?tiendaId=bbbbbbbb-bbbb-4bbb-8bbb-bbbbbbbbbbbb&zona=Zona+Norte,200,59.179,
2026-08-31T04:04:06.045514+00:00,GET,http://localhost:3000/logistics/tenderos/productos-disponibles?tiendaId=bbbbbbbb-bbbb-4bbb-8bbb-bbbbbbbbbbbb&zona=Zona+Norte,200,61.509,
2026-08-31T04:04:06.078190+00:00,GET,http://localhost:3000/logistics/tenderos/productos-disponibles?tiendaId=bbbbbbbb-bbbb-4bbb-8bbb-bbbbbbbbbbbb&zona=Zona+Norte,200,59.844,
2026-08-31T04:04:06.111659+00:00,GET,http://localhost:3000/logistics/tenderos/productos-disponibles?tiendaId=bbbbbbbb-bbbb-4bbb-8bbb-bbbbbbbbbbbb&zona=Zona+Norte,200,56.371,
2026-08-31T04:04:06.145381+00:00,GET,http://localhost:3000/logistics/tenderos/productos-disponibles?tiendaId=bbbbbbbb-bbbb-4bbb-8bbb-bbbbbbbbbbbb&zona=Zona+Norte,200,58.943,
2026-08-31T04:04:06.178948+00:00,GET,http://localhost:3000/logistics/tenderos/productos-disponibles?tiendaId=bbbbbbbb-bbbb-4bbb-8bbb-bbbbbbbbbbbb&zona=Zona+Norte,200,60.272,
2026-08-31T04:04:06.212106+00:00,GET,http://localhost:3000/logistics/tenderos/productos-disponibles?tiendaId=bbbbbbbb-bbbb-4bbb-8bbb-bbbbbbbbbbbb&zona=Zona+Norte,200,57.969,
2026-08-31T04:04:06.245291+00:00,GET,http://localhost:3000/logistics/tenderos/productos-disponibles?tiendaId=bbbbbbbb-bbbb-4bbb-8bbb-bbbbbbbbbbbb&zona=Zona+Norte,200,62.066,
2026-08-31T04:04:06.278908+00:00,GET,http://localhost:3000/logistics/tenderos/productos-disponibles?tiendaId=bbbbbbbb-bbbb-4bbb-8bbb-bbbbbbbbbbbb&zona=Zona+Norte,200,64.394,
2026-08-31T04:04:06.311735+00:00,GET,http://localhost:3000/logistics/tenderos/productos-disponibles?tiendaId=bbbbbbbb-bbbb-4bbb-8bbb-bbbbbbbbbbbb&zona=Zona+Norte,200,61.456,
2026-08-31T04:04:06.344607+00:00,GET,http://localhost:3000/logistics/tenderos/productos-disponibles?tiendaId=bbbbbbbb-bbbb-4bbb-8bbb-bbbbbbbbbbbb&zona=Zona+Norte,200,60.609,
2026-08-31T04:04:06.378520+00:00,GET,http://localhost:3000/logistics/tenderos/productos-disponibles?tiendaId=bbbbbbbb-bbbb-4bbb-8bbb-bbbbbbbbbbbb&zona=Zona+Norte,200,63.153,
2026-08-31T04:04:06.412029+00:00,GET,http://localhost:3000/logistics/tenderos/productos-disponibles?tiendaId=bbbbbbbb-bbbb-4bbb-8bbb-bbbbbbbbbbbb&zona=Zona+Norte,200,63.210,
2026-08-31T04:04:06.445023+00:00,GET,http://localhost:3000/logistics/tenderos/productos-disponibles?tiendaId=bbbbbbbb-bbbb-4bbb-8bbb-bbbbbbbbbbbb&zona=Zona+Norte,200,60.098,
2026-08-31T04:04:06.478236+00:00,GET,http://localhost:3000/logistics/tenderos/productos-disponibles?tiendaId=bbbbbbbb-bbbb-4bbb-8bbb-bbbbbbbbbbbb&zona=Zona+Norte,200,63.583,
2026-08-31T04:04:06.512054+00:00,GET,http://localhost:3000/logistics/tenderos/productos-disponibles?tiendaId=bbbbbbbb-bbbb-4bbb-8bbb-bbbbbbbbbbbb&zona=Zona+Norte,200,63.084,
2026-08-31T04:04:06.544918+00:00,GET,http://localhost:3000/logistics/tenderos/productos-disponibles?tiendaId=bbbbbbbb-bbbb-4bbb-8bbb-bbbbbbbbbbbb&zona=Zona+Norte,200,63.319,
2026-08-31T04:04:06.578327+00:00,GET,http://localhost:3000/logistics/tenderos/productos-disponibles?tiendaId=bbbbbbbb-bbbb-4bbb-8bbb-bbbbbbbbbbbb&zona=Zona+Norte,200,62.691,
2026-08-31T04:04:06.611555+00:00,GET,http://localhost:3000/logistics/tenderos/productos-disponibles?tiendaId=bbbbbbbb-bbbb-4bbb-8bbb-bbbbbbbbbbbb&zona=Zona+Norte,200,60.145,
2026-08-31T04:04:06.644762+00:00,GET,http://localhost:3000/logistics/tenderos/productos-disponibles?tiendaId=bbbbbbbb-bbbb-4bbb-8bbb-bbbbbbbbbbbb&zona=Zona+Norte,200,60.569,
2026-08-31T04:04:06.678761+00:00,GET,http://localhost:3000/logistics/tenderos/productos-disponibles?tiendaId=bbbbbbbb-bbbb-4bbb-8bbb-bbbbbbbbbbbb&zona=Zona+Norte,200,63.688,
2026-08-31T04:04:06.712006+00:00,GET,http://localhost:3000/logistics/tenderos/productos-disponibles?tiendaId=bbbbbbbb-bbbb-4bbb-8bbb-bbbbbbbbbbbb&zona=Zona+Norte,200,63.593,
2026-08-31T04:04:06.744857+00:00,GET,http://localhost:3000/logistics/tenderos/productos-disponibles?tiendaId=bbbbbbbb-bbbb-4bbb-8bbb-bbbbbbbbbbbb&zona=Zona+Norte,200,63.294,
2026-08-31T04:04:06.778237+00:00,GET,http://localhost:3000/logistics/tenderos/productos-disponibles?tiendaId=bbbbbbbb-bbbb-4bbb-8bbb-bbbbbbbbbbbb&zona=Zona+Norte,200,63.436,
2026-08-31T04:04:06.811668+00:00,GET,http://localhost:3000/logistics/tenderos/productos-disponibles?tiendaId=bbbbbbbb-bbbb-4bbb-8bbb-bbbbbbbbbbbb&zona=Zona+Norte,200,64.103,
2026-08-31T04:04:06.844975+00:00,GET,http://localhost:3000/logistics/tenderos/productos-disponibles?tiendaId=bbbbbbbb-bbbb-4bbb-8bbb-bbbbbbbbbbbb&zona=Zona+Norte,200,64.184,
2026-08-31T04:04:06.878199+00:00,GET,http://localhost:3000/logistics/tenderos/productos-disponibles?tiendaId=bbbbbbbb-bbbb-4bbb-8bbb-bbbbbbbbbbbb&zona=Zona+Norte,200,62.962,
2026-08-31T04:04:06.911561+00:00,GET,http://localhost:3000/logistics/tenderos/productos-disponibles?tiendaId=bbbbbbbb-bbbb-4bbb-8bbb-bbbbbbbbbbbb&zona=Zona+Norte,200,64.339,
2026-08-31T04:04:06.945044+00:00,GET,http://localhost:3000/logistics/tenderos/productos-disponibles?tiendaId=bbbbbbbb-bbbb-4bbb-8bbb-bbbbbbbbbbbb&zona=Zona+Norte,200,61.535,
2026-08-31T04:04:06.978228+00:00,GET,http://localhost:3000/logistics/tenderos/productos-disponibles?tiendaId=bbbbbbbb-bbbb-4bbb-8bbb-bbbbbbbbbbbb&zona=Zona+Norte,200,62.458,
2026-08-31T04:04:07.011868+00:00,GET,http://localhost:3000/logistics/tenderos/productos-disponibles?tiendaId=bbbbbbbb-bbbb-4bbb-8bbb-bbbbbbbbbbbb&zona=Zona+Norte,200,63.320,
2026-08-31T04:04:07.045127+00:00,GET,http://localhost:3000/logistics/tenderos/productos-disponibles?tiendaId=bbbbbbbb-bbbb-4bbb-8bbb-bbbbbbbbbbbb&zona=Zona+Norte,200,63.061,
2026-08-31T04:04:07.078280+00:00,GET,http://localhost:3000/logistics/tenderos/productos-disponibles?tiendaId=bbbbbbbb-bbbb-4bbb-8bbb-bbbbbbbbbbbb&zona=Zona+Norte,200,61.894,
2026-08-31T04:04:07.111679+00:00,GET,http://localhost:3000/logistics/tenderos/productos-disponibles?tiendaId=bbbbbbbb-bbbb-4bbb-8bbb-bbbbbbbbbbbb&zona=Zona+Norte,200,64.266,
2026-08-31T04:04:07.145191+00:00,GET,http://localhost:3000/logistics/tenderos/productos-disponibles?tiendaId=bbbbbbbb-bbbb-4bbb-8bbb-bbbbbbbbbbbb&zona=Zona+Norte,200,63.185,
2026-08-31T04:04:07.178206+00:00,GET,http://localhost:3000/logistics/tenderos/productos-disponibles?tiendaId=bbbbbbbb-bbbb-4bbb-8bbb-bbbbbbbbbbbb&zona=Zona+Norte,200,63.993,
2026-08-31T04:04:07.211631+00:00,GET,http://localhost:3000/logistics/tenderos/productos-disponibles?tiendaId=bbbbbbbb-bbbb-4bbb-8bbb-bbbbbbbbbbbb&zona=Zona+Norte,200,62.910,
2026-08-31T04:04:07.245975+00:00,GET,http://localhost:3000/logistics/tenderos/productos-disponibles?tiendaId=bbbbbbbb-bbbb-4bbb-8bbb-bbbbbbbbbbbb&zona=Zona+Norte,200,58.525,
2026-08-31T04:04:07.278395+00:00,GET,http://localhost:3000/logistics/tenderos/productos-disponibles?tiendaId=bbbbbbbb-bbbb-4bbb-8bbb-bbbbbbbbbbbb&zona=Zona+Norte,200,61.112,
2026-08-31T04:04:07.312151+00:00,GET,http://localhost:3000/logistics/tenderos/productos-disponibles?tiendaId=bbbbbbbb-bbbb-4bbb-8bbb-bbbbbbbbbbbb&zona=Zona+Norte,200,61.636,
2026-08-31T04:04:07.345273+00:00,GET,http://localhost:3000/logistics/tenderos/productos-disponibles?tiendaId=bbbbbbbb-bbbb-4bbb-8bbb-bbbbbbbbbbbb&zona=Zona+Norte,200,60.477,
2026-08-31T04:04:07.378406+00:00,GET,http://localhost:3000/logistics/tenderos/productos-disponibles?tiendaId=bbbbbbbb-bbbb-4bbb-8bbb-bbbbbbbbbbbb&zona=Zona+Norte,200,60.595,
2026-08-31T04:04:07.411963+00:00,GET,http://localhost:3000/logistics/tenderos/productos-disponibles?tiendaId=bbbbbbbb-bbbb-4bbb-8bbb-bbbbbbbbbbbb&zona=Zona+Norte,200,58.925,
2026-08-31T04:04:07.444805+00:00,GET,http://localhost:3000/logistics/tenderos/productos-disponibles?tiendaId=bbbbbbbb-bbbb-4bbb-8bbb-bbbbbbbbbbbb&zona=Zona+Norte,200,58.563,
2026-08-31T04:04:07.478841+00:00,GET,http://localhost:3000/logistics/tenderos/productos-disponibles?tiendaId=bbbbbbbb-bbbb-4bbb-8bbb-bbbbbbbbbbbb&zona=Zona+Norte,200,60.457,
2026-08-31T04:04:07.511825+00:00,GET,http://localhost:3000/logistics/tenderos/productos-disponibles?tiendaId=bbbbbbbb-bbbb-4bbb-8bbb-bbbbbbbbbbbb&zona=Zona+Norte,200,60.387,
2026-08-31T04:04:07.545318+00:00,GET,http://localhost:3000/logistics/tenderos/productos-disponibles?tiendaId=bbbbbbbb-bbbb-4bbb-8bbb-bbbbbbbbbbbb&zona=Zona+Norte,200,59.808,
