timestamp_iso,method,endpoint,status_code,latency_ms,error
2026-08-31T04:07:53.732405+00:00,GET,http://localhost:3000/logistics/tenderos/productos-disponibles?tiendaId=bbbbbbbb-bbbb-4bbb-8bbb-bbbbbbbbbbbb&zona=Zona+Norte,200,76.099,
2026-08-31T04:07:53.764098+00:00,GET,http://localhost:3000/logistics/tenderos/productos-disponibles?tiendaId=bbbbbbbb-bbbb-4bbb-8bbb-bbbbbbbbbbbb&zona=Zona+Norte,200,64.669,
2026-08-31T04:07:53.797411+00:00,GET,http://localhost:3000/logistics/tenderos/productos-disponibles?tiendaId=bbbbbbbb-bbbb-4bbb-8bbb-bbbbbbbbbbbb&zona=Zona+Norte,200,57.234,
2026-08-31T04:07:53.829804+00:00,GET,http://localhost:3000/logistics/tenderos/productos-disponibles?tiendaId=bbbbbbbb-bbbb-4bbb-8bbb-bbbbbbbbbbbb&zona=Zona+Norte,200,49.925,
2026-08-31T04:07:53.864068+00:00,GET,http://localhost:3000/logistics/tenderos/productos-disponibles?tiendaId=bbbbbbbb-bbbb-4bbb-8bbb-bbbbbbbbbbbb&zona=Zona+Norte,200,56.418,
2026-08-31T04:07:53.897449+00:00,GET,http://localhost:3000/logistics/tenderos/productos-disponibles?tiendaId=bbbbbbbb-bbbb-4bbb-8bbb-bbbbbbbbbbbb&zona=Zona+Norte,200,58.776,
2026-08-31T04:07:53.930735+00:00,GET,http://localhost:3000/logistics/tenderos/productos-disponibles?tiendaId=bbbbbbbb-bbbb-4bbb-8bbb-bbbbbbbbbbbb&zona=Zona+Norte,200,47.979,
2026-08-31T04:07:53.963584+00:00,GET,http://localhost:3000/logistics/tenderos/productos-disponibles?tiendaId=bbbbbbbb-bbbb-4bbb-8bbb-bbbbbbbbbbbb&zona=Zona+Norte,200,52.147,
2026-08-31T04:07:53.997350+00:00,GET,http://localhost:3000/logistics/tenderos/productos-disponibles?tiendaId=bbbbbbbb-bbbb-4bbb-8bbb-bbbbbbbbbbbb&zona=Zona+Norte,200,52.725,
2026-08-31T04:07:54.029978+00:00,GET,http://localhost:3000/logistics/tenderos/productos-disponibles?tiendaId=bbbbbbbb-bbbb-4bbb-8bbb-bbbbbbbbbbbb&zona=Zona+Norte,200,51.666,
2026-08-31T04:07:54.064144+00:00,GET,http://localhost:3000/logistics/tenderos/productos-disponibles?tiendaId=bbbbbbbb-bbbb-4bbb-8bbb-bbbbbbbbbbbb&zona=Zona+Norte,200,50.890,
2026-08-31T04:07:54.097417+00:00,GET,http://localhost:3000/logistics/tenderos/productos-disponibles?tiendaId=bbbbbbbb-bbbb-4bbb-8bbb-bbbbbbbbbbbb&zona=Zona+Norte,200,52.628,
2026-08-31T04:07:54.130815+00:00,GET,http://localhost:3000/logistics/tenderos/productos-disponibles?tiendaId=bbbbbbbb-bbbb-4bbb-8bbb-bbbbbbbbbbbb&zona=Zona+Norte,200,51.256,
2026-08-31T04:07:54.164119+00:00,GET,http://localhost:3000/logistics/tenderos/productos-disponibles?tiendaId=bbbbbbbb-bbbb-4bbb-8bbb-bbbbbbbbbbbb&zona=Zona+Norte,200,52.802,
2026-08-31T04:07:54.197507+00:00,GET,http://localhost:3000/logistics/tenderos/productos-disponibles?tiendaId=bbbbbbbb-bbbb-4bbb-8bbb-bbbbbbbbbbbb&zona=Zona+Norte,200,55.960,
2026-08-31T04:07:54.230451+00:00,GET,http://localhost:3000/logistics/tenderos/productos-disponibles?tiendaId=bbbbbbbb-bbbb-4bbb-8bbb-bbbbbbbbbbbb&zona=Zona+Norte,200,52.060,
2026-08-31T04:07:54.264026+00:00,GET,http://localhost:3000/logistics/tenderos/productos-disponibles?tiendaId=bbbbbbbb-bbbb-4bbb-8bbb-bbbbbbbbbbbb&zona=Zona+Norte,200,50.142,
2026-08-31T04:07:54.297388+00:00,GET,http://localhost:3000/logistics/tenderos/productos-disponibles?tiendaId=bbbbbbbb-bbbb-4bbb-8bbb-bbbbbbbbbbbb&zona=Zona+Norte,200,51.451,
2026-08-31T04:07:54.330803+00:00,GET,http://localhost:3000/logistics/tenderos/productos-disponibles?tiendaId=bbbbbbbb-bbbb-4bbb-8bbb-bbbbbbbbbbbb&zona=Zona+Norte,200,49.879,
2026-08-31T04:07:54.364177+00:00,GET,http://localhost:3000/logistics/tenderos/productos-disponibles?tiendaId=bbbbbbbb-bbbb-4bbb-8bbb-bbbbbbbbbbbb&zona=Zona+Norte,200,49.376,
2026-08-31T04:07:54.397447+00:00,GET,http://localhost:3000/logistics/tenderos/productos-disponibles?tiendaId=bbbbbbbb-bbbb-4bbb-8bbb-bbbbbbbbbbbb&zona=Zona+Norte,200,49.608,
2026-08-31T04:07:54.430703+00:00,GET,http://localhost:3000/logistics/tenderos/productos-disponibles?tiendaId=bbbbbbbb-bbbb-4bbb-8bbb-bbbbbbbbbbbb&zona=Zona+Norte,200,51.059,
2026-08-31T04:07:54.464123+00:00,GET,http://localhost:3000/logistics/tenderos/productos-disponibles?tiendaId=bbbbbbbb-bbbb-4bbb-8bbb-bbbbbbbbbbbb&zona=Zona+Norte,200,52.332,
2026-08-31T04:07:54.497447+00:00,GET,http://localhost:3000/logistics/tenderos/productos-disponibles?tiendaId=bbbbbbbb-bbbb-4bbb-8bbb-bbbbbbbbbbbb&zona=Zona+Norte,200,53.931,
2026-08-31T04:07:54.530767+00:00,GET,http://localhost:3000/logistics/tenderos/productos-disponibles?tiendaId=bbbbbbbb-bbbb-4bbb-8bbb-bbbbbbbbbbbb&zona=Zona+Norte,200,58.860,
2026-08-31T04:07:54.564106+00:00,GET,http://localhost:3000/logistics/tenderos/productos-disponibles?tiendaId=bbbbbbbb-bbbb-4bbb-8bbb-bbbbbbbbbbbb&zona=Zona+Norte,200,49.890,
2026-08-31T04:07:54.597246+00:00,GET,http://localhost:3000/logistics/tenderos/productos-disponibles?tiendaId=bbbbbbbb-bbbb-4bbb-8bbb-bbbbbbbbbbbb&zona=Zona+Norte,200,53.085,
2026-08-31T04:07:54.630741+00:00,GET,http://localhost:3000/logistics/tenderos/productos-disponibles?tiendaId=bbbbbbbb-bbbb-4bbb-8bbb-bbbbbbbbbbbb&zona=Zona+Norte,200,50.772,
2026-08-31T04:07:54.664133+00:00,GET,http://localhost:3000/logistics/tenderos/productos-disponibles?tiendaId=bbbbbbbb-bbbb-4bbb-8bbb-bbbbbbbbbbbb&zona=Zona+Norte,200,56.309,
2026-08-31T04:07:54.697415+00:00,GET,http://localhost:3000/logistics/tenderos/productos-disponibles?tiendaId=bbbbbbbb-bbbb-4bbb-8bbb-bbbbbbbbbbbb&zona=Zona+Norte,200,50.587,
2026-08-31T04:07:54.730760+00:00,GET,http://localhost:3000/logistics/tenderos/productos-disponibles?tiendaId=bbbbbbbb-bbbb-4bbb-8bbb-bbbbbbbbbbbb&zona=Zona+Norte,200,50.259,
2026-08-31T04:07:54.764161+00:00,GET,http://localhost:3000/logistics/tenderos/productos-disponibles?tiendaId=bbbbbbbb-bbbb-4bbb-8bbb-bbbbbbbbbbbb&zona=Zona+Norte,200,51.064,
2026-08-31T04:07:54.797446+00:00,GET,http://localhost:3000/logistics/tenderos/productos-disponibles?tiendaId=bbbbbbbb-bbbb-4bbb-8bbb-bbbbbbbbbbbb&zona=Zona+Norte,200,55.592,
2026-08-31T04:07:54.830776+00:00,GET,http://localhost:3000/logistics/tenderos/productos-disponibles?tiendaId=bbbbbbbb-bbbb-4bbb-8bbb-bbbbbbbbbbbb&zona=Zona+Norte,200,53.081,
2026-08-31T04:07:54.864163+00:00,GET,http://localhost:3000/logistics/tenderos/productos-disponibles?tiendaId=bbbbbbbb-bbbb-4bbb-8bbb-bbbbbbbbbbbb&zona=Zona+Norte,200,51.550,
2026-08-31T04:07:54.897337+00:00,GET,http://localhost:3000/logistics/tenderos/productos-disponibles?tiendaId=bbbbbbbb-bbbb-4bbb-8bbb-bbbbbbbbbbbb&zona=Zona+Norte,200,54.437,
2026-08-31T04:07:54.930123+00:00,GET,http://localhost:3000/logistics/tenderos/productos-disponibles?tiendaId=bbbbbbbb-bbbb-4bbb-8bbb-bbbbbbbbbbbb&zona=Zona+Norte,200,61.322,
2026-08-31T04:07:54.964248+00:00,GET,http://localhost:3000/logistics/tenderos/productos-disponibles?tiendaId=bbbbbbbb-bbbb-4bbb-8bbb-bbbbbbbbbbbb&zona=Zona+Norte,200,54.678,
2026-08-31T04:07:54.997058+00:00,GET,http://localhost:3000/logistics/tenderos/productos-disponibles?tiendaId=bbbbbbbb-bbbb-4bbb-8bbb-bbbbbbbbbbbb&zona=Zona+Norte,200,58.430,
2026-08-31T04:07:55.029871+00:00,GET,http://localhost:3000/logistics/tenderos/productos-disponibles?tiendaId=bbbbbbbb-bbbb-4bbb-8bbb-bbbbbbbbbbbb&zona=Zona+Norte,200,56.626,
2026-08-31T04:07:55.063721+00:00,GET,http://localhost:3000/logistics/tenderos/productos-disponibles?tiendaId=bbbbbbbb-bbbb-4bbb-8bbb-bbbbbbbbbbbb&zona=Zona+Norte,200,51.111,
2026-08-31T04:07:55.097460+00:00,GET,http://localhost:3000/logistics/tenderos/productos-disponibles?tiendaId=bbbbbbbb-bbbb-4bbb-8bbb-bbbbbbbbbbbb&zona=Zona+Norte,200,55.115,
2026-08-31T04:07:55.130792+00:00,GET,http://localhost:3000/logistics/tenderos/productos-disponibles?tiendaId=bbbbbbbb-bbbb-4bbb-8bbb-bbbbbbbbbbbb&zona=Zona+Norte,200,52.490,
2026-08-31T04:07:55.163471+00:00,GET,http://localhost:3000/logistics/tenderos/productos-disponibles?tiendaId=bbbbbbbb-bbbb-4bbb-8bbb-bbbbbbbbbbbb&zona=Zona+Norte,200,55.606,
2026-08-31T04:07:55.196486+00:00,GET,http://localhost:3000/logistics/tenderos/productos-disponibles?tiendaId=bbbbbbbb-bbbb-4bbb-8bbb-bbbbbbbbbbbb&zona=Zona+Norte,200,56.317,
2026-08-31T04:07:55.230809+00:00,GET,http://localhost:3000/logistics/tenderos/productos-disponibles?tiendaId=bbbbbbbb-bbbb-4bbb-8bbb-bbbbbbbbbbbb&zona=Zona+Norte,200,58.017,
2026-08-31T04:07:55.264265+00:00,GET,http://localhost:3000/logistics/tenderos/productos-disponibles?tiendaId=bbbbbbbb-bbbb-4bbb-8bbb-bbbbbbbbbbbb&zona=Zona+Norte,200,52.911,
2026-08-31T04:07:55.297389+00:00,GET,http://localhost:3000/logistics/tenderos/productos-disponibles?tiendaId=bbbbbbbb-bbbb-4bbb-8bbb-bbbbbbbbbbbb&zona=Zona+Norte,200,54.012,
2026-08-31T04:07:55.330675+00:00,GET,http://localhost:3000/logistics/tenderos/productos-disponibles?tiendaId=bbbbbbbb-bbbb-4bbb-8bbb-bbbbbbbbbbbb&zona=Zona+Norte,200,51.157,
2026-08-31T04:07:55.363598+00:00,GET,http://localhost:3000/logistics/tenderos/productos-disponibles?tiendaId=bbbbbbbb-bbbb-4bbb-8bbb-bbbbbbbbbbbb&zona=Zona+Norte,200,50.920,
2026-08-31T04:07:55.397481+00:00,GET,http://localhost:3000/logistics/tenderos/productos-disponibles?tiendaId=bbbbbbbb-bbbb-4bbb-8bbb-bbbbbbbbbbbb&zona=Zona+Norte,200,54.406,
2026-08-31T04:07:55.430799+00:00,GET,http://localhost:3000/logistics/tenderos/productos-disponibles?tiendaId=bbbbbbbb-bbbb-4bbb-8bbb-bbbbbbbbbbbb&zona=Zona+Norte,200,56.298,
2026-08-31T04:07:55.464133+00:00,GET,http://localhost:3000/logistics/tenderos/productos-disponibles?tiendaId=bbbbbbbb-bbbb-4bbb-8bbb-bbbbbbbbbbbb&zona=Zona+Norte,200,54.605,
2026-08-31T04:07:55.497476+00:00,GET,http://localhost:3000/logistics/tenderos/productos-disponibles?tiendaId=bbbbbbbb-bbbb-4bbb-8bbb-bbbbbbbbbbbb&zona=Zona+Norte,200,56.076,
2026-08-31T04:07:55.530819+00:00,GET,http://localhost:3000/logistics/tenderos/productos-disponibles?tiendaId=bbbbbbbb-bbbb-4bbb-8bbb-bbbbbbbbbbbb&zona=Zona+Norte,200,57.507,
2026-08-31T04:07:55.563608+00:00,GET,http://localhost:3000/logistics/tenderos/productos-disponibles?tiendaId=bbbbbbbb-bbbb-4bbb-8bbb-bbbbbbbbbbbb&zona=Zona+Norte,200,56.061,
2026-08-31T04:07:55.597346+00:00,GET,http://localhost:3000/logistics/tenderos/productos-disponibles?tiendaId=bbbbbbbb-bbbb-4bbb-8bbb-bbbbbbbbbbbb&zona=Zona+Norte,200,51.428,
2026-08-31T04:07:55.630807+00:00,GET,http://localhost:3000/logistics/tenderos/productos-disponibles?tiendaId=bbbbbbbb-bbbb-4bbb-8bbb-bbbbbbbbbbbb&zona=Zona+Norte,200,51.384,
2026-08-31T04:07:55.664151+00:00,GET,http://localhost:3000/logistics/tenderos/productos-disponibles?tiendaId=bbbbbbbb-bbbb-4bbb-8bbb-bbbbbbbbbbbb&zona=Zona+Norte,200,53.230,
2026-08-31T04:07:55.696605+00:00,GET,http://localhost:3000/logistics/tenderos/productos-disponibles?tiendaId=bbbbbbbb-bbbb-4bbb-8bbb-bbbbbbbbbbbb&zona=Zona+Norte,200,57.324,
2026-08-31T04:07:55.730826+00:00,GET,http://localhost:3000/logistics/tenderos/productos-disponibles?tiendaId=bbbbbbbb-bbbb-4bbb-8bbb-bbbbbbbbbbbb&zona=Zona+Norte,200,53.070,
2026-08-31T04:07:55.764020+00:00,GET,http://localhost:3000/logistics/tenderos/productos-disponibles?tiendaId=bbbbbbbb-bbbb-4bbb-8bbb-bbbbbbbbbbbb&zona=Zona+Norte,200,51.638,
2026-08-31T04:07:55.797349+00:00,GET,http://localhost:3000/logistics/tenderos/productos-disponibles?tiendaId=bbbbbbbb-bbbb-4bbb-8bbb-bbbbbbbbbbbb&zona=Zona+Norte,200,51.840,
2026-08-31T04:07:55.830671+00:00,GET,http://localhost:3000/logistics/tenderos/productos-disponibles?tiendaId=bbbbbbbb-bbbb-4bbb-8bbb-bbbbbbbbbbbb&zona=Zona+Norte,200,53.953,
2026-08-31T04:07:55.864017+00:00,GET,http://localhost:3000/logistics/tenderos/productos-disponibles?tiendaId=bbbbbbbb-bbbb-4bbb-8bbb-bbbbbbbbbbbb&zona=Zona+Norte,200,51.484,
2026-08-31T04:07:55.897491+00:00,GET,http://localhost:3000/logistics/tenderos/productos-disponibles?tiendaId=bbbbbbbb-bbbb-4bbb-8bbb-bbbbbbbbbbbb&zona=Zona+Norte,200,56.874,
2026-08-31T04:07:55.930815+00:00,GET,http://localhost:3000/logistics/tenderos/productos-disponibles?tiendaId=bbbbbbbb-bbbb-4bbb-8bbb-bbbbbbbbbbbb&zona=Zona+Norte,200,51.286,
2026-08-31T04:07:55.963988+00:00,GET,http://localhost:3000/logistics/tenderos/productos-disponibles?tiendaId=bbbbbbbb-bbbb-4bbb-8bbb-bbbbbbbbbbbb&zona=Zona+Norte,200,52.066,
2026-08-31T04:07:55.997498+00:00,GET,http://localhost:3000/logistics/tenderos/productos-disponibles?tiendaId=bbbbbbbb-bbbb-4bbb-8bbb-bbbbbbbbbbbb&zona=Zona+Norte,200,52.707,
2026-08-31T04:07:56.030837+00:00,GET,http://localhost:3000/logistics/tenderos/productos-disponibles?tiendaId=bbbbbbbb-bbbb-4bbb-8bbb-bbbbbbbbbbbb&zona=Zona+Norte,200,54.667,
2026-08-31T04:07:56.063660+00:00,GET,http://localhost:3000/logistics/tenderos/productos-disponibles?tiendaId=bbbbbbbb-bbbb-4bbb-8bbb-bbbbbbbbbbbb&zona=Zona+Norte,200,56.827,
2026-08-31T04:07:56.097474+00:00,GET,http://localhost:3000/logistics/tenderos/productos-disponibles?tiendaId=bbbbbbbb-bbbb-4bbb-8bbb-bbbbbbbbbbbb&zona=Zona+Norte,200,52.017,
2026-08-31T04:07:56.130481+00:00,GET,http://localhost:3000/logistics/tenderos/productos-disponibles?tiendaId=bbbbbbbb-bbbb-4bbb-8bbb-bbbbbbbbbbbb&zona=Zona+Norte,200,57.476,
2026-08-31T04:07:56.164106+00:00,GET,http://localhost:3000/logistics/tenderos/productos-disponibles?tiendaId=bbbbbbbb-bbbb-4bbb-8bbb-bbbbbbbbbbbb&zona=Zona+Norte,200,51.938,
2026-08-31T04:07:56.197490+00:00,GET,http://localhost:3000/logistics/tenderos/productos-disponibles?tiendaId=bbbbbbbb-bbbb-4bbb-8bbb-bbbbbbbbbbbb&zona=Zona+Norte,200,57.214,
2026-08-31T04:07:56.230301+00:00,GET,http://localhost:3000/logistics/tenderos/productos-disponibles?tiendaId=bbbbbbbb-bbbb-4bbb-8bbb-bbbbbbbbbbbb&zona=Zona+Norte,200,55.846,
2026-08-31T04:07:56.263609+00:00,GET,http://localhost:3000/logistics/tenderos/productos-disponibles?tiendaId=bbbbbbbb-bbbb-4bbb-8bbb-bbbbbbbbbbbb&zona=Zona+Norte,200,56.345,
2026-08-31T04:07:56.297499+00:00,GET,http://localhost:3000/logistics/tenderos/productos-disponibles?tiendaId=bbbbbbbb-bbbb-4bbb-8bbb-bbbbbbbbbbbb&zona=Zona+Norte,200,54.256,
2026-08-31T04:07:56.329918+00:00,GET,http://localhost:3000/logistics/tenderos/productos-disponibles?tiendaId=bbbbbbbb-bbbb-4bbb-8bbb-bbbbbbbbbbbb&zona=Zona+Norte,200,51.530,
2026-08-31T04:07:56.364181+00:00,GET,http://localhost:3000/logistics/tenderos/productos-disponibles?tiendaId=bbbbbbbb-bbbb-4bbb-8bbb-bbbbbbbbbbbb&zona=Zona+Norte,200,57.728,
2026-08-31T04:07:56.397497+00:00,GET,http://localhost:3000/logistics/tenderos/productos-disponibles?tiendaId=bbbbbbbb-bbbb-4bbb-8bbb-bbbbbbbbbbbb&zona=Zona+Norte,200,50.893,
2026-08-31T04:07:56.430808+00:00,GET,http://localhost:3000/logistics/tenderos/productos-disponibles?tiendaId=bbbbbbbb-bbbb-4bbb-8bbb-bbbbbbbbbbbb&zona=Zona+Norte,200,55.423,
2026-08-31T04:07:56.464008+00:00,GET,http://localhost:3000/logistics/tenderos/productos-disponibles?tiendaId=bbbbbbbb-bbbb-4bbb-8bbb-bbbbbbbbbbbb&zona=Zona+Norte,200,54.765,
2026-08-31T04:07:56.497503+00:00,GET,http://localhost:3000/logistics/tenderos/productos-disponibles?tiendaId=bbbbbbbb-bbbb-4bbb-8bbb-bbbbbbbbbbbb&zona=Zona+Norte,200,53.609,
2026-08-31T04:07:56.530687+00:00,GET,http://localhost:3000/logistics/tenderos/productos-disponibles?tiendaId=bbbbbbbb-bbbb-4bbb-8bbb-bbbbbbbbbbbb&zona=Zona+Norte,200,57.400,
2026-08-31T04:07:56.564189+00:00,GET,http://localhost:3000/logistics/tenderos/productos-disponibles?tiendaId=bbbbbbbb-bbbb-4bbb-8bbb-bbbbbbbbbbbb&zona=Zona+Norte,200,64.662,
2026-08-31T04:07:56.596665+00:00,GET,http://localhost:3000/logistics/tenderos/productos-disponibles?tiendaId=bbbbbbbb-bbbb-4bbb-8bbb-bbbbbbbbbbbb&zona=Zona+Norte,200,57.776,
2026-08-31T04:07:56.629924+00:00,GET,http://localhost:3000/logistics/tenderos/productos-disponibles?tiendaId=bbbbbbbb-bbbb-4bbb-8bbb-bbbbbbbbbbbb&zona=Zona+Norte,200,57.797,
2026-08-31T04:07:56.664171+00:00,GET,http://localhost:3000/logistics/tenderos/productos-disponibles?tiendaId=bbbbbbbb-bbbb-4bbb-8bbb-bbbbbbbbbbbb&zona=Zona+Norte,200,56.010,
2026-08-31T04:07:56.697503+00:00,GET,http://localhost:3000/logistics/tenderos/productos-disponibles?tiendaId=bbbbbbbb-bbbb-4bbb-8bbb-bbbbbbbbbbbb&zona=Zona+Norte,200,52.416,
2026-08-31T04:07:56.730677+00:00,GET,http://localhost:3000/logistics/tenderos/productos-disponibles?tiendaId=bbbbbbbb-bbbb-4bbb-8bbb-bbbbbbbbbbbb&zona=Zona+Norte,200,58.436,
2026-08-31T04:07:56.763995+00:00,GET,http://localhost:3000/logistics/tenderos/productos-disponibles?tiendaId=bbbbbbbb-bbbb-4bbb-8bbb-bbbbbbbbbbbb&zona=Zona+Norte,200,55.698,
2026-08-31T04:07:56.797103+00:00,GET,http://localhost:3000/logistics/tenderos/productos-disponibles?tiendaId=bbbbbbbb-bbbb-4bbb-8bbb-bbbbbbbbbbbb&zona=Zona+Norte,200,56.281,
2026-08-31T04:07:56.830846+00:00,GET,http://localhost:3000/logistics/tenderos/productos-disponibles?tiendaId=bbbbbbbb-bbbb-4bbb-8bbb-bbbbbbbbbbbb&zona=Zona+Norte,200,55.223,
2026-08-31T04:07:56.864095+00:00,GET,http://localhost:3000/logistics/tenderos/productos-disponibles?tiendaId=bbbbbbbb-bbbb-4bbb-8bbb-bbbbbbbbbbbb&zona=Zona+Norte,200,53.711,
2026-08-31T04:07:56.897323+00:00,GET,http://localhost:3000/logistics/tenderos/productos-disponibles?tiendaId=bbbbbbbb-bbbb-4bbb-8bbb-bbbbbbbbbbbb&zona=Zona+Norte,200,58.948,
2026-08-31T04:07:56.930658+00:00,GET,http://localhost:3000/logistics/tenderos/productos-disponibles?tiendaId=bbbbbbbb-bbbb-4bbb-8bbb-bbbbbbbbbbbb&zona=Zona+Norte,200,54.287,
2026-08-31T04:07:56.964012+00:00,GET,http://localhost:3000/logistics/tenderos/productos-disponibles?tiendaId=bbbbbbbb-bbbb-4bbb-8bbb-bbbbbbbbbbbb&zona=Zona+Norte,200,52.886,
2026-08-31T04:07:56.997510+00:00,GET,http://localhost:3000/logistics/tenderos/productos-disponibles?tiendaId=bbbbbbbb-bbbb-4bbb-8bbb-bbbbbbbbbbbb&zona=Zona+Norte,200,54.118,
2026-08-31T04:07:57.030850+00:00,GET,http://localhost:3000/logistics/tenderos/productos-disponibles?tiendaId=bbbbbbbb-bbbb-4bbb-8bbb-bbbbbbbbbbbb&zona=Zona+Norte,200,49.886,
2026-08-31T04:07:57.064235+00:00,GET,http://localhost:3000/logistics/tenderos/productos-disponibles?tiendaId=bbbbbbbb-bbbb-4bbb-8bbb-bbbbbbbbbbbb&zona=Zona+Norte,200,49.356,
2026-08-31T04:07:57.097572+00:00,GET,http://localhost:3000/logistics/tenderos/productos-disponibles?tiendaId=bbbbbbbb-bbbb-4bbb-8bbb-bbbbbbbbbbbb&zona=Zona+Norte,200,53.102,
2026-08-31T04:07:57.130877+00:00,GET,http://localhost:3000/logistics/tenderos/productos-disponibles?tiendaId=bbbbbbbb-bbbb-4bbb-8bbb-bbbbbbbbbbbb&zona=Zona+Norte,200,55.309,
2026-08-31T04:07:57.164016+00:00,GET,http://localhost:3000/logistics/tenderos/productos-disponibles?tiendaId=bbbbbbbb-bbbb-4bbb-8bbb-bbbbbbbbbbbb&zona=Zona+Norte,200,50.364,
2026-08-31T04:07:57.197341+00:00,GET,http://localhost:3000/logistics/tenderos/productos-disponibles?tiendaId=bbbbbbbb-bbbb-4bbb-8bbb-bbbbbbbbbbbb&zona=Zona+Norte,200,48.510,
2026-08-31T04:07:57.230863+00:00,GET,http://localhost:3000/logistics/tenderos/productos-disponibles?tiendaId=bbbbbbbb-bbbb-4bbb-8bbb-bbbbbbbbbbbb&zona=Zona+Norte,200,50.782,
2026-08-31T04:07:57.264218+00:00,GET,http://localhost:3000/logistics/tenderos/productos-disponibles?tiendaId=bbbbbbbb-bbbb-4bbb-8bbb-bbbbbbbbbbbb&zona=Zona+Norte,200,48.363,
2026-08-31T04:07:57.297385+00:00,GET,http://localhost:3000/logistics/tenderos/productos-disponibles?tiendaId=bbbbbbbb-bbbb-4bbb-8bbb-bbbbbbbbbbbb&zona=Zona+Norte,200,50.368,
2026-08-31T04:07:57.330711+00:00,GET,http://localhost:3000/logistics/tenderos/productos-disponibles?tiendaId=bbbbbbbb-bbbb-4bbb-8bbb-bbbbbbbbbbbb&zona=Zona+Norte,200,50.436,
2026-08-31T04:07:57.364081+00:00,GET,http://localhost:3000/logistics/tenderos/productos-disponibles?tiendaId=bbbbbbbb-bbbb-4bbb-8bbb-bbbbbbbbbbbb&zona=Zona+Norte,200,49.436,
2026-08-31T04:07:57.397551+00:00,GET,http://localhost:3000/logistics/tenderos/productos-disponibles?tiendaId=bbbbbbbb-bbbb-4bbb-8bbb-bbbbbbbbbbbb&zona=Zona+Norte,200,49.813,
2026-08-31T04:07:57.430681+00:00,GET,http://localhost:3000/logistics/tenderos/productos-disponibles?tiendaId=bbbbbbbb-bbbb-4bbb-8bbb-bbbbbbbbbbbb&zona=Zona+Norte,200,48.369,
2026-08-31T04:07:57.464076+00:00,GET,http://localhost:3000/logistics/tenderos/productos-disponibles?tiendaId=bbbbbbbb-bbbb-4bbb-8bbb-bbbbbbbbbbbb&zona=Zona+Norte,200,49.674,
2026-08-31T04:07:57.496676+00:00,GET,http://localhost:3000/logistics/tenderos/productos-disponibles?tiendaId=bbbbbbbb-bbbb-4bbb-8bbb-bbbbbbbbbbbb&zona=Zona+Norte,200,52.499,
2026-08-31T04:07:57.530890+00:00,GET,http://localhost:3000/logistics/tenderos/productos-disponibles?tiendaId=bbbbbbbb-bbbb-4bbb-8bbb-bbbbbbbbbbbb&zona=Zona+Norte,200,50.596,
2026-08-31T04:07:57.564220+00:00,GET,http://localhost:3000/logistics/tenderos/productos-disponibles?tiendaId=bbbbbbbb-bbbb-4bbb-8bbb-bbbbbbbbbbbb&zona=Zona+Norte,200,53.080,
2026-08-31T04:07:57.597536+00:00,GET,http://localhost:3000/logistics/tenderos/productos-disponibles?tiendaId=bbbbbbbb-bbbb-4bbb-8bbb-bbbbbbbbbbbb&zona=Zona+Norte,200,55.189,
2026-08-31T04:07:57.630865+00:00,GET,http://localhost:3000/logistics/tenderos/productos-disponibles?tiendaId=bbbbbbbb-bbbb-4bbb-8bbb-bbbbbbbbbbbb&zona=Zona+Norte,200,57.201,
2026-08-31T04:07:57.664081+00:00,GET,http://localhost:3000/logistics/tenderos/productos-disponibles?tiendaId=bbbbbbbb-bbbb-4bbb-8bbb-bbbbbbbbbbbb&zona=Zona+Norte,200,53.993,
2026-08-31T04:07:57.697558+00:00,GET,http://localhost:3000/logistics/tenderos/productos-disponibles?tiendaId=bbbbbbbb-bbbb-4bbb-8bbb-bbbbbbbbbbbb&zona=Zona+Norte,200,54.565,
2026-08-31T04:07:57.730693+00:00,GET,http://localhost:3000/logistics/tenderos/productos-disponibles?tiendaId=bbbbbbbb-bbbb-4bbb-8bbb-bbbbbbbbbbbb&zona=Zona+Norte,200,56.610,
2026-08-31T04:07:57.764207+00:00,GET,http://localhost:3000/logistics/tenderos/productos-disponibles?tiendaId=bbbbbbbb-bbbb-4bbb-8bbb-bbbbbbbbbbbb&zona=Zona+Norte,200,55.035,
2026-08-31T04:07:57.797574+00:00,GET,http://localhost:3000/logistics/tenderos/productos-disponibles?tiendaId=bbbbbbbb-bbbb-4bbb-8bbb-bbbbbbbbbbbb&zona=Zona+Norte,200,55.890,
2026-08-31T04:07:57.830869+00:00,GET,http://localhost:3000/logistics/tenderos/productos-disponibles?tiendaId=bbbbbbbb-bbbb-4bbb-8bbb-bbbbbbbbbbbb&zona=Zona+Norte,200,54.373,
2026-08-31T04:07:57.864233+00:00,GET,http://localhost:3000/logistics/tenderos/productos-disponibles?tiendaId=bbbbbbbb-bbbb-4bbb-8bbb-bbbbbbbbbbbb&zona=Zona+Norte,200,56.934,
2026-08-31T04:07:57.897547+00:00,GET,http://localhost:3000/logistics/tenderos/productos-disponibles?tiendaId=bbbbbbbb-bbbb-4bbb-8bbb-bbbbbbbbbbbb&zona=Zona+Norte,200,52.548,
2026-08-31T04:07:57.930972+00:00,GET,http://localhost:3000/logistics/tenderos/productos-disponibles?tiendaId=bbbbbbbb-bbbb-4bbb-8bbb-bbbbbbbbbbbb&zona=Zona+Norte,200,59.618,
2026-08-31T04:07:57.964023+00:00,GET,http://localhost:3000/logistics/tenderos/productos-disponibles?tiendaId=bbbbbbbb-bbbb-4bbb-8bbb-bbbbbbbbbbbb&zona=Zona+Norte,200,53.821,
2026-08-31T04:07:57.997286+00:00,GET,http://localhost:3000/logistics/tenderos/productos-disponibles?tiendaId=bbbbbbbb-bbbb-4bbb-8bbb-bbbbbbbbbbbb&zona=Zona+Norte,200,52.933,
2026-08-31T04:07:58.030899+00:00,GET,http://localhost:3000/logistics/tenderos/productos-disponibles?tiendaId=bbbbbbbb-bbbb-4bbb-8bbb-bbbbbbbbbbbb&zona=Zona+Norte,200,59.839,
2026-08-31T04:07:58.063619+00:00,GET,http://localhost:3000/logistics/tenderos/productos-disponibles?tiendaId=bbbbbbbb-bbbb-4bbb-8bbb-bbbbbbbbbbbb&zona=Zona+Norte,200,55.321,
2026-08-31T04:07:58.097236+00:00,GET,http://localhost:3000/logistics/tenderos/productos-disponibles?tiendaId=bbbbbbbb-bbbb-4bbb-8bbb-bbbbbbbbbbbb&zona=Zona+Norte,200,57.045,
2026-08-31T04:07:58.130682+00:00,GET,http://localhost:3000/logistics/tenderos/productos-disponibles?tiendaId=bbbbbbbb-bbbb-4bbb-8bbb-bbbbbbbbbbbb&zona=Zona+Norte,200,56.511,
2026-08-31T04:07:58.164234+00:00,GET,http://localhost:3000/logistics/tenderos/productos-disponibles?tiendaId=bbbbbbbb-bbbb-4bbb-8bbb-bbbbbbbbbbbb&zona=Zona+Norte,200,56.698,
2026-08-31T04:07:58.197381+00:00,GET,http://localhost:3000/logistics/tenderos/productos-disponibles?tiendaId=bbbbbbbb-bbbb-4bbb-8bbb-bbbbbbbbbbbb&zona=Zona+Norte,200,52.426,
2026-08-31T04:07:58.230941+00:00,GET,http://localhost:3000/logistics/tenderos/productos-disponibles?tiendaId=bbbbbbbb-bbbb-4bbb-8bbb-bbbbbbbbbbbb&zona=Zona+Norte,200,53.554,
2026-08-31T04:07:58.264479+00:00,GET,http://localhost:3000/logistics/tenderos/productos-disponibles?tiendaId=bbbbbbbb-bbbb-4bbb-8bbb-bbbbbbbbbbbb&zona=Zona+Norte,200,56.747,
2026-08-31T04:07:58.296640+00:00,GET,http://localhost:3000/logistics/tenderos/productos-disponibles?tiendaId=bbbbbbbb-bbbb-4bbb-8bbb-bbbbbbbbbbbb&zona=Zona+Norte,200,56.868,
2026-08-31T04:07:58.330911+00:00,GET,http://localhost:3000/logistics/tenderos/productos-disponibles?tiendaId=bbbbbbbb-bbbb-4bbb-8bbb-bbbbbbbbbbbb&zona=Zona+Norte,200,57.869,
2026-08-31T04:07:58.364022+00:00,GET,http://localhost:3000/logistics/tenderos/productos-disponibles?tiendaId=bbbbbbbb-bbbb-4bbb-8bbb-bbbbbbbbbbbb&zona=Zona+Norte,200,53.535,
2026-08-31T04:07:58.397551+00:00,GET,http://localhost:3000/logistics/tenderos/productos-disponibles?tiendaId=bbbbbbbb-bbbb-4bbb-8bbb-bbbbbbbbbbbb&zona=Zona+Norte,200,57.898,
2026-08-31T04:07:58.430917+00:00,GET,http://localhost:3000/logistics/tenderos/productos-disponibles?tiendaId=bbbbbbbb-bbbb-4bbb-8bbb-bbbbbbbbbbbb&zona=Zona+Norte,200,54.152,
2026-08-31T04:07:58.463705+00:00,GET,http://localhost:3000/logistics/tenderos/productos-disponibles?tiendaId=bbbbbbbb-bbbb-4bbb-8bbb-bbbbbbbbbbbb&zona=Zona+Norte,200,58.379,
2026-08-31T04:07:58.497554+00:00,GET,http://localhost:3000/logistics/tenderos/productos-disponibles?tiendaId=bbbbbbbb-bbbb-4bbb-8bbb-bbbbbbbbbbbb&zona=Zona+Norte,200,52.671,
2026-08-31T04:07:58.530841+00:00,GET,http://localhost:3000/logistics/tenderos/productos-disponibles?tiendaId=bbbbbbbb-bbbb-4bbb-8bbb-bbbbbbbbbbbb&zona=Zona+Norte,200,61.876,
2026-08-31T04:07:58.564205+00:00,GET,http://localhost:3000/logistics/tenderos/productos-disponibles?tiendaId=bbbbbbbb-bbbb-4bbb-8bbb-bbbbbbbbbbbb&zona=Zona+Norte,200,53.344,
2026-08-31T04:07:58.597020+00:00,GET,http://localhost:3000/logistics/tenderos/productos-disponibles?tiendaId=bbbbbbbb-bbbb-4bbb-8bbb-bbbbbbbbbbbb&zona=Zona+Norte,200,56.964,
2026-08-31T04:07:58.630646+00:00,GET,http://localhost:3000/logistics/tenderos/productos-disponibles?tiendaId=bbbbbbbb-bbbb-4bbb-8bbb-bbbbbbbbbbbb&zona=Zona+Norte,200,52.492,
2026-08-31T04:07:58.664307+00:00,GET,http://localhost:3000/logistics/tenderos/productos-disponibles?tiendaId=bbbbbbbb-bbbb-4bbb-8bbb-bbbbbbbbbbbb&zona=Zona+Norte,200,57.685,
2026-08-31T04:07:58.697430+00:00,GET,http://localhost:3000/logistics/tenderos/productos-disponibles?tiendaId=bbbbbbbb-bbbb-4bbb-8bbb-bbbbbbbbbbbb&zona=Zona+Norte,200,50.459,
2026-08-31T04:07:58.730897+00:00,GET,http://localhost:3000/logistics/tenderos/productos-disponibles?tiendaId=bbbbbbbb-bbbb-4bbb-8bbb-bbbbbbbbbbbb&zona=Zona+Norte,200,54.069,
2026-08-31T04:07:58.764036+00:00,GET,http://localhost:3000/logistics/tenderos/productos-disponibles?tiendaId=bbbbbbbb-bbbb-4bbb-8bbb-bbbbbbbbbbbb&zona=Zona+Norte,200,56.883,
2026-08-31T04:07:58.797607+00:00,GET,http://localhost:3000/logistics/tenderos/productos-disponibles?tiendaId=bbbbbbbb-bbbb-4bbb-8bbb-bbbbbbbbbbbb&zona=Zona+Norte,200,55.304,
2026-08-31T04:07:58.830671+00:00,GET,http://localhost:3000/logistics/tenderos/productos-disponibles?tiendaId=bbbbbbbb-bbbb-4bbb-8bbb-bbbbbbbbbbbb&zona=Zona+Norte,200,49.857,
2026-08-31T04:07:58.864292+00:00,GET,http://localhost:3000/logistics/tenderos/productos-disponibles?tiendaId=bbbbbbbb-bbbb-4bbb-8bbb-bbbbbbbbbbbb&zona=Zona+Norte,200,55.679,
2026-08-31T04:07:58.897603+00:00,GET,http://localhost:3000/logistics/tenderos/productos-disponibles?tiendaId=bbbbbbbb-bbbb-4bbb-8bbb-bbbbbbbbbbbb&zona=Zona+Norte,200,58.607,
2026-08-31T04:07:58.930677+00:00,GET,http://localhost:3000/logistics/tenderos/productos-disponibles?tiendaId=bbbbbbbb-bbbb-4bbb-8bbb-bbbbbbbbbbbb&zona=Zona+Norte,200,54.951,
2026-08-31T04:07:58.964010+00:00,GET,http://localhost:3000/logistics/tenderos/productos-disponibles?tiendaId=bbbbbbbb-bbbb-4bbb-8bbb-bbbbbbbbbbbb&zona=Zona+Norte,200,51.940,
2026-08-31T04:07:58.996979+00:00,GET,http://localhost:3000/logistics/tenderos/productos-disponibles?tiendaId=bbbbbbbb-bbbb-4bbb-8bbb-bbbbbbbbbbbb&zona=Zona+Norte,200,54.780,
2026-08-31T04:07:59.030955+00:00,GET,http://localhost:3000/logistics/tenderos/productos-disponibles?tiendaId=bbbbbbbb-bbbb-4bbb-8bbb-bbbbbbbbbbbb&zona=Zona+Norte,200,51.810,
2026-08-31T04:07:59.064317+00:00,GET,http://localhost:3000/logistics/tenderos/productos-disponibles?tiendaId=bbbbbbbb-bbbb-4bbb-8bbb-bbbbbbbbbbbb&zona=Zona+Norte,200,62.864,
2026-08-31T04:07:59.097644+00:00,GET,http://localhost:3000/logistics/tenderos/productos-disponibles?tiendaId=bbbbbbbb-bbbb-4bbb-8bbb-bbbbbbbbbbbb&zona=Zona+Norte,200,59.957,
2026-08-31T04:07:59.130292+00:00,GET,http://localhost:3000/logistics/tenderos/productos-disponibles?tiendaId=bbbbbbbb-bbbb-4bbb-8bbb-bbbbbbbbbbbb&zona=Zona+Norte,200,60.325,
2026-08-31T04:07:59.163496+00:00,GET,http://localhost:3000/logistics/tenderos/productos-disponibles?tiendaId=bbbbbbbb-bbbb-4bbb-8bbb-bbbbbbbbbbbb&zona=Zona+Norte,200,51.822,
2026-08-31T04:07:59.197321+00:00,GET,http://localhost:3000/logistics/tenderos/productos-disponibles?tiendaId=bbbbbbbb-bbbb-4bbb-8bbb-bbbbbbbbbbbb&zona=Zona+Norte,200,62.016,
2026-08-31T04:07:59.230944+00:00,GET,http://localhost:3000/logistics/tenderos/productos-disponibles?tiendaId=bbbbbbbb-bbbb-4bbb-8bbb-bbbbbbbbbbbb&zona=Zona+Norte,200,54.693,
2026-08-31T04:07:59.174608+00:00,GET,http://localhost:3000/logistics/tenderos/productos-disponibles?tiendaId=bbbbbbbb-bbbb-4bbb-8bbb-bbbbbbbbbbbb&zona=Zona+Norte,200,63.227,
2026-08-31T04:07:59.208408+00:00,GET,http://localhost:3000/logistics/tenderos/productos-disponibles?tiendaId=bbbbbbbb-bbbb-4bbb-8bbb-bbbbbbbbbbbb&zona=Zona+Norte,200,54.031,
2026-08-31T04:07:59.241100+00:00,GET,http://localhost:3000/logistics/tenderos/productos-disponibles?tiendaId=bbbbbbbb-bbbb-4bbb-8bbb-bbbbbbbbbbbb&zona=Zona+Norte,200,63.352,
2026-08-31T04:07:59.275109+00:00,GET,http://localhost:3000/logistics/tenderos/productos-disponibles?tiendaId=bbbbbbbb-bbbb-4bbb-8bbb-bbbbbbbbbbbb&zona=Zona+Norte,200,53.854,
2026-08-31T04:07:59.307756+00:00,GET,http://localhost:3000/logistics/tenderos/productos-disponibles?tiendaId=bbbbbbbb-bbbb-4bbb-8bbb-bbbbbbbbbbbb&zona=Zona+Norte,200,60.963,
2026-08-31T04:07:59.340765+00:00,GET,http://localhost:3000/logistics/tenderos/productos-disponibles?tiendaId=bbbbbbbb-bbbb-4bbb-8bbb-bbbbbbbbbbbb&zona=Zona+Norte,200,55.980,
2026-08-31T04:07:59.374205+00:00,GET,http://localhost:3000/logistics/tenderos/productos-disponibles?tiendaId=bbbbbbbb-bbbb-4bbb-8bbb-bbbbbbbbbbbb&zona=Zona+Norte,200,60.139,
2026-08-31T04:07:59.408398+00:00,GET,http://localhost:3000/logistics/tenderos/productos-disponibles?tiendaId=bbbbbbbb-bbbb-4bbb-8bbb-bbbbbbbbbbbb&zona=Zona+Norte,200,56.799,
2026-08-31T04:07:59.441439+00:00,GET,http://localhost:3000/logistics/tenderos/productos-disponibles?tiendaId=bbbbbbbb-bbbb-4bbb-8bbb-bbbbbbbbbbbb&zona=Zona+Norte,200,61.214,
2026-08-31T04:07:59.474176+00:00,GET,http://localhost:3000/logistics/tenderos/productos-disponibles?tiendaId=bbbbbbbb-bbbb-4bbb-8bbb-bbbbbbbbbbbb&zona=Zona+Norte,200,56.979,
2026-08-31T04:07:59.507984+00:00,GET,http://localhost:3000/logistics/tenderos/productos-disponibles?tiendaId=bbbbbbbb-bbbb-4bbb-8bbb-bbbbbbbbbbbb&zona=Zona+Norte,200,60.569,
2026-08-31T04:07:59.541761+00:00,GET,http://localhost:3000/logistics/tenderos/productos-disponibles?tiendaId=bbbbbbbb-bbbb-4bbb-8bbb-bbbbbbbbbbbb&zona=Zona+Norte,200,52.727,
2026-08-31T04:07:59.574768+00:00,GET,http://localhost:3000/logistics/tenderos/productos-disponibles?tiendaId=bbbbbbbb-bbbb-4bbb-8bbb-bbbbbbbbbbbb&zona=Zona+Norte,200,62.297,
2026-08-31T04:07:59.608144+00:00,GET,http://localhost:3000/logistics/tenderos/productos-disponibles?tiendaId=bbbbbbbb-bbbb-4bbb-8bbb-bbbbbbbbbbbb&zona=Zona+Norte,200,56.600,
2026-08-31T04:07:59.641175+00:00,GET,http://localhost:3000/logistics/tenderos/productos-disponibles?tiendaId=bbbbbbbb-bbbb-4bbb-8bbb-bbbbbbbbbbbb&zona=Zona+Norte,200,64.771,
2026-08-31T04:07:59.674772+00:00,GET,http://localhost:3000/logistics/tenderos/productos-disponibles?tiendaId=bbbbbbbb-bbbb-4bbb-8bbb-bbbbbbbbbbbb&zona=Zona+Norte,200,55.684,
2026-08-31T04:07:59.707558+00:00,GET,http://localhost:3000/logistics/tenderos/productos-disponibles?tiendaId=bbbbbbbb-bbbb-4bbb-8bbb-bbbbbbbbbbbb&zona=Zona+Norte,200,61.684,
2026-08-31T04:07:59.741737+00:00,GET,http://localhost:3000/logistics/tenderos/productos-disponibles?tiendaId=bbbbbbbb-bbbb-4bbb-8bbb-bbbbbbbbbbbb&zona=Zona+Norte,200,53.448,
2026-08-31T04:07:59.774424+00:00,GET,http://localhost:3000/logistics/tenderos/productos-disponibles?tiendaId=bbbbbbbb-bbbb-4bbb-8bbb-bbbbbbbbbbbb&zona=Zona+Norte,200,60.599,
2026-08-31T04:07:59.808474+00:00,GET,http://localhost:3000/logistics/tenderos/productos-disponibles?tiendaId=bbbbbbbb-bbbb-4bbb-8bbb-bbbbbbbbbbbb&zona=Zona+Norte,200,53.539,
2026-08-31T04:07:59.841480+00:00,GET,http://localhost:3000/logistics/tenderos/productos-disponibles?tiendaId=bbbbbbbb-bbbb-4bbb-8bbb-bbbbbbbbbbbb&zona=Zona+Norte,200,59.563,
2026-08-31T04:07:59.874430+00:00,GET,http://localhost:3000/logistics/tenderos/productos-disponibles?tiendaId=bbbbbbbb-bbbb-4bbb-8bbb-bbbbbbbbbbbb&zona=Zona+Norte,200,51.948,
2026-08-31T04:07:59.908196+00:00,GET,http://localhost:3000/logistics/tenderos/productos-disponibles?tiendaId=bbbbbbbb-bbbb-4bbb-8bbb-bbbbbbbbbbbb&zona=Zona+Norte,200,60.171,
2026-08-31T04:07:59.941759+00:00,GET,http://localhost:3000/logistics/tenderos/productos-disponibles?tiendaId=bbbbbbbb-bbbb-4bbb-8bbb-bbbbbbbbbbbb&zona=Zona+Norte,200,53.427,
2026-08-31T04:07:59.974805+00:00,GET,http://localhost:3000/logistics/tenderos/productos-disponibles?tiendaId=bbbbbbbb-bbbb-4bbb-8bbb-bbbbbbbbbbbb&zona=Zona+Norte,200,61.528,
2026-08-31T04:08:00.007707+00:00,GET,http://localhost:3000/logistics/tenderos/productos-disponibles?tiendaId=bbbbbbbb-bbbb-4bbb-8bbb-bbbbbbbbbbbb&zona=Zona+Norte,200,54.199,
2026-08-31T04:08:00.040933+00:00,GET,http://localhost:3000/logistics/tenderos/productos-disponibles?tiendaId=bbbbbbbb-bbbb-4bbb-8bbb-bbbbbbbbbbbb&zona=Zona+Norte,200,60.435,
2026-08-31T04:08:00.075132+00:00,GET,http://localhost:3000/logistics/tenderos/productos-disponibles?tiendaId=bbbbbbbb-bbbb-4bbb-8bbb-bbbbbbbbbbbb&zona=Zona+Norte,200,53.727,
2026-08-31T04:08:00.108159+00:00,GET,http://localhost:3000/logistics/tenderos/productos-disponibles?tiendaId=bbbbbbbb-bbbb-4bbb-8bbb-bbbbbbbbbbbb&zona=Zona+Norte,200,60.828,
2026-08-31T04:08:00.141765+00:00,GET,http://localhost:3000/logistics/tenderos/productos-disponibles?tiendaId=bbbbbbbb-bbbb-4bbb-8bbb-bbbbbbbbbbbb&zona=Zona+Norte,200,52.848,
2026-08-31T04:08:00.174329+00:00,GET,http://localhost:3000/logistics/tenderos/productos-disponibles?tiendaId=bbbbbbbb-bbbb-4bbb-8bbb-bbbbbbbbbbbb&zona=Zona+Norte,200,60.013,
2026-08-31T04:08:00.207626+00:00,GET,http://localhost:3000/logistics/tenderos/productos-disponibles?tiendaId=bbbbbbbb-bbbb-4bbb-8bbb-bbbbbbbbbbbb&zona=Zona+Norte,200,53.087,
2026-08-31T04:08:00.241598+00:00,GET,http://localhost:3000/logistics/tenderos/productos-disponibles?tiendaId=bbbbbbbb-bbbb-4bbb-8bbb-bbbbbbbbbbbb&zona=Zona+Norte,200,60.977,
2026-08-31T04:08:00.274766+00:00,GET,http://localhost:3000/logistics/tenderos/productos-disponibles?tiendaId=bbbbbbbb-bbbb-4bbb-8bbb-bbbbbbbbbbbb&zona=Zona+Norte,200,60.652,
2026-08-31T04:08:00.307944+00:00,GET,http://localhost:3000/logistics/tenderos/productos-disponibles?tiendaId=bbbbbbbb-bbbb-4bbb-8bbb-bbbbbbbbbbbb&zona=Zona+Norte,200,59.403,
2026-08-31T04:08:00.341063+00:00,GET,http://localhost:3000/logistics/tenderos/productos-disponibles?tiendaId=bbbbbbbb-bbbb-4bbb-8bbb-bbbbbbbbbbbb&zona=Zona+Norte,200,53.541,
2026-08-31T04:08:00.374543+00:00,GET,http://localhost:3000/logistics/tenderos/productos-disponibles?tiendaId=bbbbbbbb-bbbb-4bbb-8bbb-bbbbbbbbbbbb&zona=Zona+Norte,200,56.879,
2026-08-31T04:08:00.408431+00:00,GET,http://localhost:3000/logistics/tenderos/productos-disponibles?tiendaId=bbbbbbbb-bbbb-4bbb-8bbb-bbbbbbbbbbbb&zona=Zona+Norte,200,52.685,
2026-08-31T04:08:00.441776+00:00,GET,http://localhost:3000/logistics/tenderos/productos-disponibles?tiendaId=bbbbbbbb-bbbb-4bbb-8bbb-bbbbbbbbbbbb&zona=Zona+Norte,200,57.014,
2026-08-31T04:08:00.474413+00:00,GET,http://localhost:3000/logistics/tenderos/productos-disponibles?tiendaId=bbbbbbbb-bbbb-4bbb-8bbb-bbbbbbbbbbbb&zona=Zona+Norte,200,53.200,
2026-08-31T04:08:00.507802+00:00,GET,http://localhost:3000/logistics/tenderos/productos-disponibles?tiendaId=bbbbbbbb-bbbb-4bbb-8bbb-bbbbbbbbbbbb&zona=Zona+Norte,200,61.788,
2026-08-31T04:08:00.540939+00:00,GET,http://localhost:3000/logistics/tenderos/productos-disponibles?tiendaId=bbbbbbbb-bbbb-4bbb-8bbb-bbbbbbbbbbbb&zona=Zona+Norte,200,53.529,
2026-08-31T04:08:00.574291+00:00,GET,http://localhost:3000/logistics/tenderos/productos-disponibles?tiendaId=bbbbbbbb-bbbb-4bbb-8bbb-bbbbbbbbbbbb&zona=Zona+Norte,200,59.691,
2026-08-31T04:08:00.608288+00:00,GET,http://localhost:3000/logistics/tenderos/productos-disponibles?tiendaId=bbbbbbbb-bbbb-4bbb-8bbb-bbbbbbbbbbbb&zona=Zona+Norte,200,52.467,
2026-08-31T04:08:00.641318+00:00,GET,http://localhost:3000/logistics/tenderos/productos-disponibles?tiendaId=bbbbbbbb-bbbb-4bbb-8bbb-bbbbbbbbbbbb&zona=Zona+Norte,200,60.279,
2026-08-31T04:08:00.675137+00:00,GET,http://localhost:3000/logistics/tenderos/productos-disponibles?tiendaId=bbbbbbbb-bbbb-4bbb-8bbb-bbbbbbbbbbbb&zona=Zona+Norte,200,53.555,
2026-08-31T04:08:00.708131+00:00,GET,http://localhost:3000/logistics/tenderos/productos-disponibles?tiendaId=bbbbbbbb-bbbb-4bbb-8bbb-bbbbbbbbbbbb&zona=Zona+Norte,200,60.867,
2026-08-31T04:08:00.741545+00:00,GET,http://localhost:3000/logistics/tenderos/productos-disponibles?tiendaId=bbbbbbbb-bbbb-4bbb-8bbb-bbbbbbbbbbbb&zona=Zona+Norte,200,53.347,
2026-08-31T04:08:00.774684+00:00,GET,http://localhost:3000/logistics/tenderos/productos-disponibles?tiendaId=bbbbbbbb-bbbb-4bbb-8bbb-bbbbbbbbbbbb&zona=Zona+Norte,200,57.346,
2026-08-31T04:08:00.808147+00:00,GET,http://localhost:3000/logistics/tenderos/productos-disponibles?tiendaId=bbbbbbbb-bbbb-4bbb-8bbb-bbbbbbbbbbbb&zona=Zona+Norte,200,55.808,
2026-08-31T04:08:00.841565+00:00,GET,http://localhost:3000/logistics/tenderos/productos-disponibles?tiendaId=bbbbbbbb-bbbb-4bbb-8bbb-bbbbbbbbbbbb&zona=Zona+Norte,200,56.585,
2026-08-31T04:08:00.875149+00:00,GET,http://localhost:3000/logistics/tenderos/productos-disponibles?tiendaId=bbbbbbbb-bbbb-4bbb-8bbb-bbbbbbbbbbbb&zona=Zona+Norte,200,60.442,
2026-08-31T04:08:00.907800+00:00,GET,http://localhost:3000/logistics/tenderos/productos-disponibles?tiendaId=bbbbbbbb-bbbb-4bbb-8bbb-bbbbbbbbbbbb&zona=Zona+Norte,200,60.124,
2026-08-31T04:08:00.941406+00:00,GET,http://localhost:3000/logistics/tenderos/productos-disponibles?tiendaId=bbbbbbbb-bbbb-4bbb-8bbb-bbbbbbbbbbbb&zona=Zona+Norte,200,56.905,
2026-08-31T04:08:00.974308+00:00,GET,http://localhost:3000/logistics/tenderos/productos-disponibles?tiendaId=bbbbbbbb-bbbb-4bbb-8bbb-bbbbbbbbbbbb&zona=Zona+Norte,200,55.015,
2026-08-31T04:08:01.007941+00:00,GET,http://localhost:3000/logistics/tenderos/productos-disponibles?tiendaId=bbbbbbbb-bbbb-4bbb-8bbb-bbbbbbbbbbbb&zona=Zona+Norte,200,61.144,
2026-08-31T04:08:01.041172+00:00,GET,http://localhost:3000/logistics/tenderos/productos-disponibles?tiendaId=bbbbbbbb-bbbb-4bbb-8bbb-bbbbbbbbbbbb&zona=Zona+Norte,200,57.958,
2026-08-31T04:08:01.074259+00:00,GET,http://localhost:3000/logistics/tenderos/productos-disponibles?tiendaId=bbbbbbbb-bbbb-4bbb-8bbb-bbbbbbbbbbbb&zona=Zona+Norte,200,59.521,
2026-08-31T04:08:01.108470+00:00,GET,http://localhost:3000/logistics/tenderos/productos-disponibles?tiendaId=bbbbbbbb-bbbb-4bbb-8bbb-bbbbbbbbbbbb&zona=Zona+Norte,200,56.802,
2026-08-31T04:08:01.141655+00:00,GET,http://localhost:3000/logistics/tenderos/productos-disponibles?tiendaId=bbbbbbbb-bbbb-4bbb-8bbb-bbbbbbbbbbbb&zona=Zona+Norte,200,60.001,
2026-08-31T04:08:01.174860+00:00,GET,http://localhost:3000/logistics/tenderos/productos-disponibles?tiendaId=bbbbbbbb-bbbb-4bbb-8bbb-bbbbbbbbbbbb&zona=Zona+Norte,200,56.950,
2026-08-31T04:08:01.208066+00:00,GET,http://localhost:3000/logistics/tenderos/productos-disponibles?tiendaId=bbbbbbbb-bbbb-4bbb-8bbb-bbbbbbbbbbbb&zona=Zona+Norte,200,57.572,
2026-08-31T04:08:01.241419+00:00,GET,http://localhost:3000/logistics/tenderos/productos-disponibles?tiendaId=bbbbbbbb-bbbb-4bbb-8bbb-bbbbbbbbbbbb&zona=Zona+Norte,200,56.544,
2026-08-31T04:08:01.275181+00:00,GET,http://localhost:3000/logistics/tenderos/productos-disponibles?tiendaId=bbbbbbbb-bbbb-4bbb-8bbb-bbbbbbbbbbbb&zona=Zona+Norte,200,56.994,
2026-08-31T04:08:01.307644+00:00,GET,http://localhost:3000/logistics/tenderos/productos-disponibles?tiendaId=bbbbbbbb-bbbb-4bbb-8bbb-bbbbbbbbbbbb&zona=Zona+Norte,200,55.257,
2026-08-31T04:08:01.341786+00:00,GET,http://localhost:3000/logistics/tenderos/productos-disponibles?tiendaId=bbbbbbbb-bbbb-4bbb-8bbb-bbbbbbbbbbbb&zona=Zona+Norte,200,55.726,
2026-08-31T04:08:01.374208+00:00,GET,http://localhost:3000/logistics/tenderos/productos-disponibles?tiendaId=bbbbbbbb-bbbb-4bbb-8bbb-bbbbbbbbbbbb&zona=Zona+Norte,200,58.073,
2026-08-31T04:08:01.408431+00:00,GET,http://localhost:3000/logistics/tenderos/productos-disponibles?tiendaId=bbbbbbbb-bbbb-4bbb-8bbb-bbbbbbbbbbbb&zona=Zona+Norte,200,60.766,
2026-08-31T04:08:01.441458+00:00,GET,http://localhost:3000/logistics/tenderos/productos-disponibles?tiendaId=bbbbbbbb-bbbb-4bbb-8bbb-bbbbbbbbbbbb&zona=Zona+Norte,200,62.264,
2026-08-31T04:08:01.474723+00:00,GET,http://localhost:3000/logistics/tenderos/productos-disponibles?tiendaId=bbbbbbbb-bbbb-4bbb-8bbb-bbbbbbbbbbbb&zona=Zona+Norte,200,62.005,
2026-08-31T04:08:01.507876+00:00,GET,http://localhost:3000/logistics/tenderos/productos-disponibles?tiendaId=bbbbbbbb-bbbb-4bbb-8bbb-bbbbbbbbbbbb&zona=Zona+Norte,200,62.603,
2026-08-31T04:08:01.541262+00:00,GET,http://localhost:3000/logistics/tenderos/productos-disponibles?tiendaId=bbbbbbbb-bbbb-4bbb-8bbb-bbbbbbbbbbbb&zona=Zona+Norte,200,61.790,
2026-08-31T04:08:01.574421+00:00,GET,http://localhost:3000/logistics/tenderos/productos-disponibles?tiendaId=bbbbbbbb-bbbb-4bbb-8bbb-bbbbbbbbbbbb&zona=Zona+Norte,200,60.820,
2026-08-31T04:08:01.608002+00:00,GET,http://localhost:3000/logistics/tenderos/productos-disponibles?tiendaId=bbbbbbbb-bbbb-4bbb-8bbb-bbbbbbbbbbbb&zona=Zona+Norte,200,60.361,
2026-08-31T04:08:01.641488+00:00,GET,http://localhost:3000/logistics/tenderos/productos-disponibles?tiendaId=bbbbbbbb-bbbb-4bbb-8bbb-bbbbbbbbbbbb&zona=Zona+Norte,200,61.772,
2026-08-31T04:08:01.674835+00:00,GET,http://localhost:3000/logistics/tenderos/productos-disponibles?tiendaId=bbbbbbbb-bbbb-4bbb-8bbb-bbbbbbbbbbbb&zona=Zona+Norte,200,58.278,
2026-08-31T04:08:01.707950+00:00,GET,http://localhost:3000/logistics/tenderos/productos-disponibles?tiendaId=bbbbbbbb-bbbb-4bbb-8bbb-bbbbbbbbbbbb&zona=Zona+Norte,200,61.352,
2026-08-31T04:08:01.741722+00:00,GET,http://localhost:3000/logistics/tenderos/productos-disponibles?tiendaId=bbbbbbbb-bbbb-4bbb-8bbb-bbbbbbbbbbbb&zona=Zona+Norte,200,60.852,
2026-08-31T04:08:01.774714+00:00,GET,http://localhost:3000/logistics/tenderos/productos-disponibles?tiendaId=bbbbbbbb-bbbb-4bbb-8bbb-bbbbbbbbbbbb&zona=Zona+Norte,200,61.605,
2026-08-31T04:08:01.808057+00:00,GET,http://localhost:3000/logistics/tenderos/productos-disponibles?tiendaId=bbbbbbbb-bbbb-4bbb-8bbb-bbbbbbbbbbbb&zona=Zona+Norte,200,59.603,
2026-08-31T04:08:01.841378+00:00,GET,http://localhost:3000/logistics/tenderos/productos-disponibles?tiendaId=bbbbbbbb-bbbb-4bbb-8bbb-bbbbbbbbbbbb&zona=Zona+Norte,200,59.423,
2026-08-31T04:08:01.874940+00:00,GET,http://localhost:3000/logistics/tenderos/productos-disponibles?tiendaId=bbbbbbbb-bbbb-4bbb-8bbb-bbbbbbbbbbbb&zona=Zona+Norte,200,61.182,
2026-08-31T04:08:01.908329+00:00,GET,http://localhost:3000/logistics/tenderos/productos-disponibles?tiendaId=bbbbbbbb-bbbb-4bbb-8bbb-bbbbbbbbbbbb&zona=Zona+Norte,200,61.884,
2026-08-31T04:08:01.941367+00:00,GET,http://localhost:3000/logistics/tenderos/productos-disponibles?tiendaId=bbbbbbbb-bbbb-4bbb-8bbb-bbbbbbbbbbbb&zona=Zona+Norte,200,61.894,
2026-08-31T04:08:01.974282+00:00,GET,http://localhost:3000/logistics/tenderos/productos-disponibles?tiendaId=bbbbbbbb-bbbb-4bbb-8bbb-bbbbbbbbbbbb&zona=Zona+Norte,200,58.974,
2026-08-31T04:08:02.007958+00:00,GET,http://localhost:3000/logistics/tenderos/productos-disponibles?tiendaId=bbbbbbbb-bbbb-4bbb-8bbb-bbbbbbbbbbbb&zona=Zona+Norte,200,59.418,
2026-08-31T04:08:02.041750+00:00,GET,http://localhost:3000/logistics/tenderos/productos-disponibles?tiendaId=bbbbbbbb-bbbb-4bbb-8bbb-bbbbbbbbbbbb&zona=Zona+Norte,200,60.042,
2026-08-31T04:08:02.074947+00:00,GET,http://localhost:3000/logistics/tenderos/productos-disponibles?tiendaId=bbbbbbbb-bbbb-4bbb-8bbb-bbbbbbbbbbbb&zona=Zona+Norte,200,62.145,
2026-08-31T04:08:02.108181+00:00,GET,http://localhost:3000/logistics/tenderos/productos-disponibles?tiendaId=bbbbbbbb-bbbb-4bbb-8bbb-bbbbbbbbbbbb&zona=Zona+Norte,200,63.043,
2026-08-31T04:08:02.141241+00:00,GET,http://localhost:3000/logistics/tenderos/productos-disponibles?tiendaId=bbbbbbbb-bbbb-4bbb-8bbb-bbbbbbbbbbbb&zona=Zona+Norte,200,61.092,
2026-08-31T04:08:02.174464+00:00,GET,http://localhost:3000/logistics/tenderos/productos-disponibles?tiendaId=bbbbbbbb-bbbb-4bbb-8bbb-bbbbbbbbbbbb&zona=Zona+Norte,200,65.145,
2026-08-31T04:08:02.208023+00:00,GET,http://localhost:3000/logistics/tenderos/productos-disponibles?tiendaId=bbbbbbbb-bbbb-4bbb-8bbb-bbbbbbbbbbbb&zona=Zona+Norte,200,63.291,
2026-08-31T04:08:02.240844+00:00,GET,http://localhost:3000/logistics/tenderos/productos-disponibles?tiendaId=bbbbbbbb-bbbb-4bbb-8bbb-bbbbbbbbbbbb&zona=Zona+Norte,200,65.858,
2026-08-31T04:08:02.274433+00:00,GET,http://localhost:3000/logistics/tenderos/productos-disponibles?tiendaId=bbbbbbbb-bbbb-4bbb-8bbb-bbbbbbbbbbbb&zona=Zona+Norte,200,68.274,
2026-08-31T04:08:02.307504+00:00,GET,http://localhost:3000/logistics/tenderos/productos-disponibles?tiendaId=bbbbbbbb-bbbb-4bbb-8bbb-bbbbbbbbbbbb&zona=Zona+Norte,200,65.459,
2026-08-31T04:08:02.341067+00:00,GET,http://localhost:3000/logistics/tenderos/productos-disponibles?tiendaId=bbbbbbbb-bbbb-4bbb-8bbb-bbbbbbbbbbbb&zona=Zona+Norte,200,64.222,
2026-08-31T04:08:02.374217+00:00,GET,http://localhost:3000/logistics/tenderos/productos-disponibles?tiendaId=bbbbbbbb-bbbb-4bbb-8bbb-bbbbbbbbbbbb&zona=Zona+Norte,200,63.025,
2026-08-31T04:08:02.407715+00:00,GET,http://localhost:3000/logistics/tenderos/productos-disponibles?tiendaId=bbbbbbbb-bbbb-4bbb-8bbb-bbbbbbbbbbbb&zona=Zona+Norte,200,66.362,
2026-08-31T04:08:02.441212+00:00,GET,http://localhost:3000/logistics/tenderos/productos-disponibles?tiendaId=bbbbbbbb-bbbb-4bbb-8bbb-bbbbbbbbbbbb&zona=Zona+Norte,200,64.865,
2026-08-31T04:08:02.474138+00:00,GET,http://localhost:3000/logistics/tenderos/productos-disponibles?tiendaId=bbbbbbbb-bbbb-4bbb-8bbb-bbbbbbbbbbbb&zona=Zona+Norte,200,61.054,
2026-08-31T04:08:02.507581+00:00,GET,http://localhost:3000/logistics/tenderos/productos-disponibles?tiendaId=bbbbbbbb-bbbb-4bbb-8bbb-bbbbbbbbbbbb&zona=Zona+Norte,200,61.838,
2026-08-31T04:08:02.541375+00:00,GET,http://localhost:3000/logistics/tenderos/productos-disponibles?tiendaId=bbbbbbbb-bbbb-4bbb-8bbb-bbbbbbbbbbbb&zona=Zona+Norte,200,59.906,
2026-08-31T04:08:02.574733+00:00,GET,http://localhost:3000/logistics/tenderos/productos-disponibles?tiendaId=bbbbbbbb-bbbb-4bbb-8bbb-bbbbbbbbbbbb&zona=Zona+Norte,200,54.023,
2026-08-31T04:08:02.608247+00:00,GET,http://localhost:3000/logistics/tenderos/productos-disponibles?tiendaId=bbbbbbbb-bbbb-4bbb-8bbb-bbbbbbbbbbbb&zona=Zona+Norte,200,59.363,
2026-08-31T04:08:02.641826+00:00,GET,http://localhost:3000/logistics/tenderos/productos-disponibles?tiendaId=bbbbbbbb-bbbb-4bbb-8bbb-bbbbbbbbbbbb&zona=Zona+Norte,200,54.882,
2026-08-31T04:08:02.674935+00:00,GET,http://localhost:3000/logistics/tenderos/productos-disponibles?tiendaId=bbbbbbbb-bbbb-4bbb-8bbb-bbbbbbbbbbbb&zona=Zona+Norte,200,55.349,
2026-08-31T04:08:02.708046+00:00,GET,http://localhost:3000/logistics/tenderos/productos-disponibles?tiendaId=bbbbbbbb-bbbb-4bbb-8bbb-bbbbbbbbbbbb&zona=Zona+Norte,200,56.995,
2026-08-31T04:08:02.741832+00:00,GET,http://localhost:3000/logistics/tenderos/productos-disponibles?tiendaId=bbbbbbbb-bbbb-4bbb-8bbb-bbbbbbbbbbbb&zona=Zona+Norte,200,56.528,
2026-08-31T04:08:02.774719+00:00,GET,http://localhost:3000/logistics/tenderos/productos-disponibles?tiendaId=bbbbbbbb-bbbb-4bbb-8bbb-bbbbbbbbbbbb&zona=Zona+Norte,200,57.053,
2026-08-31T04:08:02.808470+00:00,GET,http://localhost:3000/logistics/tenderos/productos-disponibles?tiendaId=bbbbbbbb-bbbb-4bbb-8bbb-bbbbbbbbbbbb&zona=Zona+Norte,200,56.860,
2026-08-31T04:08:02.841836+00:00,GET,http://localhost:3000/logistics/tenderos/productos-disponibles?tiendaId=bbbbbbbb-bbbb-4bbb-8bbb-bbbbbbbbbbbb&zona=Zona+Norte,200,54.679,
2026-08-31T04:08:02.874718+00:00,GET,http://localhost:3000/logistics/tenderos/productos-disponibles?tiendaId=bbbbbbbb-bbbb-4bbb-8bbb-bbbbbbbbbbbb&zona=Zona+Norte,200,58.271,
2026-08-31T04:08:02.908526+00:00,GET,http://localhost:3000/logistics/tenderos/productos-disponibles?tiendaId=bbbbbbbb-bbbb-4bbb-8bbb-bbbbbbbbbbbb&zona=Zona+Norte,200,57.362,
2026-08-31T04:08:02.941367+00:00,GET,http://localhost:3000/logistics/tenderos/productos-disponibles?tiendaId=bbbbbbbb-bbbb-4bbb-8bbb-bbbbbbbbbbbb&zona=Zona+Norte,200,60.263,
2026-08-31T04:08:02.975187+00:00,GET,http://localhost:3000/logistics/tenderos/productos-disponibles?tiendaId=bbbbbbbb-bbbb-4bbb-8bbb-bbbbbbbbbbbb&zona=Zona+Norte,200,56.405,
2026-08-31T04:08:03.008152+00:00,GET,http://localhost:3000/logistics/tenderos/productos-disponibles?tiendaId=bbbbbbbb-bbbb-4bbb-8bbb-bbbbbbbbbbbb&zona=Zona+Norte,200,61.666,
2026-08-31T04:08:03.041824+00:00,GET,http://localhost:3000/logistics/tenderos/productos-disponibles?tiendaId=bbbbbbbb-bbbb-4bbb-8bbb-bbbbbbbbbbbb&zona=Zona+Norte,200,57.125,
2026-08-31T04:08:03.074389+00:00,GET,http://localhost:3000/logistics/tenderos/productos-disponibles?tiendaId=bbbbbbbb-bbbb-4bbb-8bbb-bbbbbbbbbbbb&zona=Zona+Norte,200,56.528,
2026-08-31T04:08:03.107738+00:00,GET,http://localhost:3000/logistics/tenderos/productos-disponibles?tiendaId=bbbbbbbb-bbbb-4bbb-8bbb-bbbbbbbbbbbb&zona=Zona+Norte,200,55.659,
2026-08-31T04:08:03.141828+00:00,GET,http://localhost:3000/logistics/tenderos/productos-disponibles?tiendaId=bbbbbbbb-bbbb-4bbb-8bbb-bbbbbbbbbbbb&zona=Zona+Norte,200,61.985,
2026-08-31T04:08:03.175185+00:00,GET,http://localhost:3000/logistics/tenderos/productos-disponibles?tiendaId=bbbbbbbb-bbbb-4bbb-8bbb-bbbbbbbbbbbb&zona=Zona+Norte,200,61.876,
2026-08-31T04:08:03.207944+00:00,GET,http://localhost:3000/logistics/tenderos/productos-disponibles?tiendaId=bbbbbbbb-bbbb-4bbb-8bbb-bbbbbbbbbbbb&zona=Zona+Norte,200,61.980,
2026-08-31T04:08:03.241179+00:00,GET,http://localhost:3000/logistics/tenderos/productos-disponibles?tiendaId=bbbbbbbb-bbbb-4bbb-8bbb-bbbbbbbbbbbb&zona=Zona+Norte,200,59.352,
2026-08-31T04:08:03.274656+00:00,GET,http://localhost:3000/logistics/tenderos/productos-disponibles?tiendaId=bbbbbbbb-bbbb-4bbb-8bbb-bbbbbbbbbbbb&zona=Zona+Norte,200,59.569,
2026-08-31T04:08:03.307901+00:00,GET,http://localhost:3000/logistics/tenderos/productos-disponibles?tiendaId=bbbbbbbb-bbbb-4bbb-8bbb-bbbbbbbbbbbb&zona=Zona+Norte,200,61.772,
2026-08-31T04:08:03.341617+00:00,GET,http://localhost:3000/logistics/tenderos/productos-disponibles?tiendaId=bbbbbbbb-bbbb-4bbb-8bbb-bbbbbbbbbbbb&zona=Zona+Norte,200,62.383,
2026-08-31T04:08:03.374699+00:00,GET,http://localhost:3000/logistics/tenderos/productos-disponibles?tiendaId=bbbbbbbb-bbbb-4bbb-8bbb-bbbbbbbbbbbb&zona=Zona+Norte,200,64.410,
2026-08-31T04:08:03.407903+00:00,GET,http://localhost:3000/logistics/tenderos/productos-disponibles?tiendaId=bbbbbbbb-bbbb-4bbb-8bbb-bbbbbbbbbbbb&zona=Zona+Norte,200,64.175,
2026-08-31T04:08:03.440972+00:00,GET,http://localhost:3000/logistics/tenderos/productos-disponibles?tiendaId=bbbbbbbb-bbbb-4bbb-8bbb-bbbbbbbbbbbb&zona=Zona+Norte,200,68.044,
2026-08-31T04:08:03.474362+00:00,GET,http://localhost:3000/logistics/tenderos/productos-disponibles?tiendaId=bbbbbbbb-bbbb-4bbb-8bbb-bbbbbbbbbbbb&zona=Zona+Norte,200,65.197,
2026-08-31T04:08:03.507990+00:00,GET,http://localhost:3000/logistics/tenderos/productos-disponibles?tiendaId=bbbbbbbb-bbbb-4bbb-8bbb-bbbbbbbbbbbb&zona=Zona+Norte,200,68.780,
2026-08-31T04:08:03.540919+00:00,GET,http://localhost:3000/logistics/tenderos/productos-disponibles?tiendaId=bbbbbbbb-bbbb-4bbb-8bbb-bbbbbbbbbbbb&zona=Zona+Norte,200,65.969,
2026-08-31T04:08:03.575163+00:00,GET,http://localhost:3000/logistics/tenderos/productos-disponibles?tiendaId=bbbbbbbb-bbbb-4bbb-8bbb-bbbbbbbbbbbb&zona=Zona+Norte,200,63.434,
2026-08-31T04:08:03.607499+00:00,GET,http://localhost:3000/logistics/tenderos/productos-disponibles?tiendaId=bbbbbbbb-bbbb-4bbb-8bbb-bbbbbbbbbbbb&zona=Zona+Norte,200,55.648,
2026-08-31T04:08:03.641060+00:00,GET,http://localhost:3000/logistics/tenderos/productos-disponibles?tiendaId=bbbbbbbb-bbbb-4bbb-8bbb-bbbbbbbbbbbb&zona=Zona+Norte,200,54.414,
2026-08-31T04:08:03.674789+00:00,GET,http://localhost:3000/logistics/tenderos/productos-disponibles?tiendaId=bbbbbbbb-bbbb-4bbb-8bbb-bbbbbbbbbbbb&zona=Zona+Norte,200,57.905,
2026-08-31T04:08:03.708517+00:00,GET,http://localhost:3000/logistics/tenderos/productos-disponibles?tiendaId=bbbbbbbb-bbbb-4bbb-8bbb-bbbbbbbbbbbb&zona=Zona+Norte,200,57.494,
2026-08-31T04:08:03.741361+00:00,GET,http://localhost:3000/logistics/tenderos/productos-disponibles?tiendaId=bbbbbbbb-bbbb-4bbb-8bbb-bbbbbbbbbbbb&zona=Zona+Norte,200,58.724,
2026-08-31T04:08:03.775143+00:00,GET,http://localhost:3000/logistics/tenderos/productos-disponibles?tiendaId=bbbbbbbb-bbbb-4bbb-8bbb-bbbbbbbbbbbb&zona=Zona+Norte,200,66.441,
2026-08-31T04:08:03.808017+00:00,GET,http://localhost:3000/logistics/tenderos/productos-disponibles?tiendaId=bbbbbbbb-bbbb-4bbb-8bbb-bbbbbbbbbbbb&zona=Zona+Norte,200,65.942,
2026-08-31T04:08:03.841091+00:00,GET,http://localhost:3000/logistics/tenderos/productos-disponibles?tiendaId=bbbbbbbb-bbbb-4bbb-8bbb-bbbbbbbbbbbb&zona=Zona+Norte,200,61.618,
2026-08-31T04:08:03.874107+00:00,GET,http://localhost:3000/logistics/tenderos/productos-disponibles?tiendaId=bbbbbbbb-bbbb-4bbb-8bbb-bbbbbbbbbbbb&zona=Zona+Norte,200,60.610,
2026-08-31T04:08:03.908064+00:00,GET,http://localhost:3000/logistics/tenderos/productos-disponibles?tiendaId=bbbbbbbb-bbbb-4bbb-8bbb-bbbbbbbbbbbb&zona=Zona+Norte,200,62.623,
2026-08-31T04:08:03.941338+00:00,GET,http://localhost:3000/logistics/tenderos/productos-disponibles?tiendaId=bbbbbbbb-bbbb-4bbb-8bbb-bbbbbbbbbbbb&zona=Zona+Norte,200,59.157,
2026-08-31T04:08:03.974379+00:00,GET,http://localhost:3000/logistics/tenderos/productos-disponibles?tiendaId=bbbbbbbb-bbbb-4bbb-8bbb-bbbbbbbbbbbb&zona=Zona+Norte,200,58.449,
2026-08-31T04:08:04.007996+00:00,GET,http://localhost:3000/logistics/tenderos/productos-disponibles?tiendaId=bbbbbbbb-bbbb-4bbb-8bbb-bbbbbbbbbbbb&zona=Zona+Norte,200,62.191,
2026-08-31T04:08:04.041690+00:00,GET,http://localhost:3000/logistics/tenderos/productos-disponibles?tiendaId=bbbbbbbb-bbbb-4bbb-8bbb-bbbbbbbbbbbb&zona=Zona+Norte,200,62.750,
2026-08-31T04:08:04.074695+00:00,GET,http://localhost:3000/logistics/tenderos/productos-disponibles?tiendaId=bbbbbbbb-bbbb-4bbb-8bbb-bbbbbbbbbbbb&zona=Zona+Norte,200,63.288,
2026-08-31T04:08:04.107843+00:00,GET,http://localhost:3000/logistics/tenderos/productos-disponibles?tiendaId=bbbbbbbb-bbbb-4bbb-8bbb-bbbbbbbbbbbb&zona=Zona+Norte,200,59.227,
2026-08-31T04:08:04.141141+00:00,GET,http://localhost:3000/logistics/tenderos/productos-disponibles?tiendaId=bbbbbbbb-bbbb-4bbb-8bbb-bbbbbbbbbbbb&zona=Zona+Norte,200,62.196,
2026-08-31T04:08:04.175020+00:00,GET,http://localhost:3000/logistics/tenderos/productos-disponibles?tiendaId=bbbbbbbb-bbbb-4bbb-8bbb-bbbbbbbbbbbb&zona=Zona+Norte,200,61.858,
2026-08-31T04:08:04.207995+00:00,GET,http://localhost:3000/logistics/tenderos/productos-disponibles?tiendaId=bbbbbbbb-bbbb-4bbb-8bbb-bbbbbbbbbbbb&zona=Zona+Norte,200,63.214,
2026-08-31T04:08:04.241283+00:00,GET,http://localhost:3000/logistics/tenderos/productos-disponibles?tiendaId=bbbbbbbb-bbbb-4bbb-8bbb-bbbbbbbbbbbb&zona=Zona+Norte,200,61.893,
2026-08-31T04:08:04.274362+00:00,GET,http://localhost:3000/logistics/tenderos/productos-disponibles?tiendaId=bbbbbbbb-bbbb-4bbb-8bbb-bbbbbbbbbbbb&zona=Zona+Norte,200,58.978,
2026-08-31T04:08:04.308042+00:00,GET,http://localhost:3000/logistics/tenderos/productos-disponibles?tiendaId=bbbbbbbb-bbbb-4bbb-8bbb-bbbbbbbbbbbb&zona=Zona+Norte,200,61.249,
2026-08-31T04:08:04.341067+00:00,GET,http://localhost:3000/logistics/tenderos/productos-disponibles?tiendaId=bbbbbbbb-bbbb-4bbb-8bbb-bbbbbbbbbbbb&zona=Zona+Norte,200,61.875,
2026-08-31T04:08:04.374744+00:00,GET,http://localhost:3000/logistics/tenderos/productos-disponibles?tiendaId=bbbbbbbb-bbbb-4bbb-8bbb-bbbbbbbbbbbb&zona=Zona+Norte,200,63.718,
2026-08-31T04:08:04.408042+00:00,GET,http://localhost:3000/logistics/tenderos/productos-disponibles?tiendaId=bbbbbbbb-bbbb-4bbb-8bbb-bbbbbbbbbbbb&zona=Zona+Norte,200,60.086,
2026-08-31T04:08:04.441090+00:00,GET,http://localhost:3000/logistics/tenderos/productos-disponibles?tiendaId=bbbbbbbb-bbbb-4bbb-8bbb-bbbbbbbbbbbb&zona=Zona+Norte,200,59.120,
2026-08-31T04:08:04.474388+00:00,GET,http://localhost:3000/logistics/tenderos/productos-disponibles?tiendaId=bbbbbbbb-bbbb-4bbb-8bbb-bbbbbbbbbbbb&zona=Zona+Norte,200,63.075,
2026-08-31T04:08:04.507944+00:00,GET,http://localhost:3000/logistics/tenderos/productos-disponibles?tiendaId=bbbbbbbb-bbbb-4bbb-8bbb-bbbbbbbbbbbb&zona=Zona+Norte,200,59.668,
2026-08-31T04:08:04.541233+00:00,GET,http://localhost:3000/logistics/tenderos/productos-disponibles?tiendaId=bbbbbbbb-bbbb-4bbb-8bbb-bbbbbbbbbbbb&zona=Zona+Norte,200,58.929,
2026-08-31T04:08:04.574895+00:00,GET,http://localhost:3000/logistics/tenderos/productos-disponibles?tiendaId=bbbbbbbb-bbbb-4bbb-8bbb-bbbbbbbbbbbb&zona=Zona+Norte,200,62.767,
2026-08-31T04:08:04.608423+00:00,GET,http://localhost:3000/logistics/tenderos/productos-disponibles?tiendaId=bbbbbbbb-bbbb-4bbb-8bbb-bbbbbbbbbbbb&zona=Zona+Norte,200,63.213,
2026-08-31T04:08:04.641189+00:00,GET,http://localhost:3000/logistics/tenderos/productos-disponibles?tiendaId=bbbbbbbb-bbbb-4bbb-8bbb-bbbbbbbbbbbb&zona=Zona+Norte,200,63.374,
2026-08-31T04:08:04.674271+00:00,GET,http://localhost:3000/logistics/tenderos/productos-disponibles?tiendaId=bbbbbbbb-bbbb-4bbb-8bbb-bbbbbbbbbbbb&zona=Zona+Norte,200,62.560,
2026-08-31T04:08:04.707843+00:00,GET,http://localhost:3000/logistics/tenderos/productos-disponibles?tiendaId=bbbbbbbb-bbbb-4bbb-8bbb-bbbbbbbbbbbb&zona=Zona+Norte,200,61.950,
2026-08-31T04:08:04.741300+00:00,GET,http://localhost:3000/logistics/tenderos/productos-disponibles?tiendaId=bbbbbbbb-bbbb-4bbb-8bbb-bbbbbbbbbbbb&zona=Zona+Norte,200,61.134,
2026-08-31T04:08:04.774673+00:00,GET,http://localhost:3000/logistics/tenderos/productos-disponibles?tiendaId=bbbbbbbb-bbbb-4bbb-8bbb-bbbbbbbbbbbb&zona=Zona+Norte,200,61.553,
2026-08-31T04:08:04.808117+00:00,GET,http://localhost:3000/logistics/tenderos/productos-disponibles?tiendaId=bbbbbbbb-bbbb-4bbb-8bbb-bbbbbbbbbbbb&zona=Zona+Norte,200,62.319,
2026-08-31T04:08:04.840895+00:00,GET,http://localhost:3000/logistics/tenderos/productos-disponibles?tiendaId=bbbbbbbb-bbbb-4bbb-8bbb-bbbbbbbbbbbb&zona=Zona+Norte,200,62.089,
2026-08-31T04:08:04.874675+00:00,GET,http://localhost:3000/logistics/tenderos/productos-disponibles?tiendaId=bbbbbbbb-bbbb-4bbb-8bbb-bbbbbbbbbbbb&zona=Zona+Norte,200,57.251,
2026-08-31T04:08:04.908005+00:00,GET,http://localhost:3000/logistics/tenderos/productos-disponibles?tiendaId=bbbbbbbb-bbbb-4bbb-8bbb-bbbbbbbbbbbb&zona=Zona+Norte,200,59.877,
2026-08-31T04:08:04.941811+00:00,GET,http://localhost:3000/logistics/tenderos/productos-disponibles?tiendaId=bbbbbbbb-bbbb-4bbb-8bbb-bbbbbbbbbbbb&zona=Zona+Norte,200,57.689,
2026-08-31T04:08:04.974627+00:00,GET,http://localhost:3000/logistics/tenderos/productos-disponibles?tiendaId=bbbbbbbb-bbbb-4bbb-8bbb-bbbbbbbbbbbb&zona=Zona+Norte,200,57.124,
2026-08-31T04:08:05.007981+00:00,GET,http://localhost:3000/logistics/tenderos/productos-disponibles?tiendaId=bbbbbbbb-bbbb-4bbb-8bbb-bbbbbbbbbbbb&zona=Zona+Norte,200,58.129,
2026-08-31T04:08:05.041868+00:00,GET,http://localhost:3000/logistics/tenderos/productos-disponibles?tiendaId=bbbbbbbb-bbbb-4bbb-8bbb-bbbbbbbbbbbb&zona=Zona+Norte,200,56.624,
2026-08-31T04:08:05.075223+00:00,GET,http://localhost:3000/logistics/tenderos/productos-disponibles?tiendaId=bbbbbbbb-bbbb-4bbb-8bbb-bbbbbbbbbbbb&zona=Zona+Norte,200,60.678,
2026-08-31T04:08:05.108255+00:00,GET,http://localhost:3000/logistics/tenderos/productos-disponibles?tiendaId=bbbbbbbb-bbbb-4bbb-8bbb-bbbbbbbbbbbb&zona=Zona+Norte,200,53.696,
2026-08-31T04:08:05.141433+00:00,GET,http://localhost:3000/logistics/tenderos/productos-disponibles?tiendaId=bbbbbbbb-bbbb-4bbb-8bbb-bbbbbbbbbbbb&zona=Zona+Norte,200,59.299,
2026-08-31T04:08:05.175180+00:00,GET,http://localhost:3000/logistics/tenderos/productos-disponibles?tiendaId=bbbbbbbb-bbbb-4bbb-8bbb-bbbbbbbbbbbb&zona=Zona+Norte,200,53.628,
2026-08-31T04:08:05.208382+00:00,GET,http://localhost:3000/logistics/tenderos/productos-disponibles?tiendaId=bbbbbbbb-bbbb-4bbb-8bbb-bbbbbbbbbbbb&zona=Zona+Norte,200,60.444,
2026-08-31T04:08:05.241879+00:00,GET,http://localhost:3000/logistics/tenderos/productos-disponibles?tiendaId=bbbbbbbb-bbbb-4bbb-8bbb-bbbbbbbbbbbb&zona=Zona+Norte,200,58.816,
2026-08-31T04:08:05.274364+00:00,GET,http://localhost:3000/logistics/tenderos/productos-disponibles?tiendaId=bbbbbbbb-bbbb-4bbb-8bbb-bbbbbbbbbbbb&zona=Zona+Norte,200,56.493,
2026-08-31T04:08:05.308367+00:00,GET,http://localhost:3000/logistics/tenderos/productos-disponibles?tiendaId=bbbbbbbb-bbbb-4bbb-8bbb-bbbbbbbbbbbb&zona=Zona+Norte,200,58.772,
2026-08-31T04:08:05.341846+00:00,GET,http://localhost:3000/logistics/tenderos/productos-disponibles?tiendaId=bbbbbbbb-bbbb-4bbb-8bbb-bbbbbbbbbbbb&zona=Zona+Norte,200,56.542,
2026-08-31T04:08:05.374949+00:00,GET,http://localhost:3000/logistics/tenderos/productos-disponibles?tiendaId=bbbbbbbb-bbbb-4bbb-8bbb-bbbbbbbbbbbb&zona=Zona+Norte,200,58.747,
2026-08-31T04:08:05.407759+00:00,GET,http://localhost:3000/logistics/tenderos/productos-disponibles?tiendaId=bbbbbbbb-bbbb-4bbb-8bbb-bbbbbbbbbbbb&zona=Zona+Norte,200,61.408,
2026-08-31T04:08:05.441300+00:00,GET,http://localhost:3000/logistics/tenderos/productos-disponibles?tiendaId=bbbbbbbb-bbbb-4bbb-8bbb-bbbbbbbbbbbb&zona=Zona+Norte,200,63.509,
2026-08-31T04:08:05.474776+00:00,GET,http://localhost:3000/logistics/tenderos/productos-disponibles?tiendaId=bbbbbbbb-bbbb-4bbb-8bbb-bbbbbbbbbbbb&zona=Zona+Norte,200,62.568,
2026-08-31T04:08:05.507811+00:00,GET,http://localhost:3000/logistics/tenderos/productos-disponibles?tiendaId=bbbbbbbb-bbbb-4bbb-8bbb-bbbbbbbbbbbb&zona=Zona+Norte,200,61.312,
2026-08-31T04:08:05.541239+00:00,GET,http://localhost:3000/logistics/tenderos/productos-disponibles?tiendaId=bbbbbbbb-bbbb-4bbb-8bbb-bbbbbbbbbbbb&zona=Zona+Norte,200,61.513,
2026-08-31T04:08:05.575198+00:00,GET,http://localhost:3000/logistics/tenderos/productos-disponibles?tiendaId=bbbbbbbb-bbbb-4bbb-8bbb-bbbbbbbbbbbb&zona=Zona+Norte,200,62.989,
2026-08-31T04:08:05.608082+00:00,GET,http://localhost:3000/logistics/tenderos/productos-disponibles?tiendaId=bbbbbbbb-bbbb-4bbb-8bbb-bbbbbbbbbbbb&zona=Zona+Norte,200,61.991,
2026-08-31T04:08:05.641137+00:00,GET,http://localhost:3000/logistics/tenderos/productos-disponibles?tiendaId=bbbbbbbb-bbbb-4bbb-8bbb-bbbbbbbbbbbb&zona=Zona+Norte,200,62.037,
2026-08-31T04:08:05.674708+00:00,GET,http://localhost:3000/logistics/tenderos/productos-disponibles?tiendaId=bbbbbbbb-bbbb-4bbb-8bbb-bbbbbbbbbbbb&zona=Zona+Norte,200,62.658,
2026-08-31T04:08:05.708051+00:00,GET,http://localhost:3000/logistics/tenderos/productos-disponibles?tiendaId=bbbbbbbb-bbbb-4bbb-8bbb-bbbbbbbbbbbb&zona=Zona+Norte,200,60.100,
2026-08-31T04:08:05.741255+00:00,GET,http://localhost:3000/logistics/tenderos/productos-disponibles?tiendaId=bbbbbbbb-bbbb-4bbb-8bbb-bbbbbbbbbbbb&zona=Zona+Norte,200,59.818,
2026-08-31T04:08:05.774378+00:00,GET,http://localhost:3000/logistics/tenderos/productos-disponibles?tiendaId=bbbbbbbb-bbbb-4bbb-8bbb-bbbbbbbbbbbb&zona=Zona+Norte,200,60.557,
2026-08-31T04:08:05.807948+00:00,GET,http://localhost:3000/logistics/tenderos/productos-disponibles?tiendaId=bbbbbbbb-bbbb-4bbb-8bbb-bbbbbbbbbbbb&zona=Zona+Norte,200,64.928,
2026-08-31T04:08:05.841077+00:00,GET,http://localhost:3000/logistics/tenderos/productos-disponibles?tiendaId=bbbbbbbb-bbbb-4bbb-8bbb-bbbbbbbbbbbb&zona=Zona+Norte,200,65.111,
2026-08-31T04:08:05.874307+00:00,GET,http://localhost:3000/logistics/tenderos/productos-disponibles?tiendaId=bbbbbbbb-bbbb-4bbb-8bbb-bbbbbbbbbbbb&zona=Zona+Norte,200,62.662,
2026-08-31T04:08:05.907634+00:00,GET,http://localhost:3000/logistics/tenderos/productos-disponibles?tiendaId=bbbbbbbb-bbbb-4bbb-8bbb-bbbbbbbbbbbb&zona=Zona+Norte,200,61.829,
2026-08-31T04:08:05.941312+00:00,GET,http://localhost:3000/logistics/tenderos/productos-disponibles?tiendaId=bbbbbbbb-bbbb-4bbb-8bbb-bbbbbbbbbbbb&zona=Zona+Norte,200,60.103,
2026-08-31T04:08:05.974723+00:00,GET,http://localhost:3000/logistics/tenderos/productos-disponibles?tiendaId=bbbbbbbb-bbbb-4bbb-8bbb-bbbbbbbbbbbb&zona=Zona+Norte,200,56.675,
2026-08-31T04:08:06.008239+00:00,GET,http://localhost:3000/logistics/tenderos/productos-disponibles?tiendaId=bbbbbbbb-bbbb-4bbb-8bbb-bbbbbbbbbbbb&zona=Zona+Norte,200,61.336,
2026-08-31T04:08:06.041272+00:00,GET,http://localhost:3000/logistics/tenderos/productos-disponibles?tiendaId=bbbbbbbb-bbbb-4bbb-8bbb-bbbbbbbbbbbb&zona=Zona+Norte,200,59.696,
2026-08-31T04:08:06.074795+00:00,GET,http://localhost:3000/logistics/tenderos/productos-disponibles?tiendaId=bbbbbbbb-bbbb-4bbb-8bbb-bbbbbbbbbbbb&zona=Zona+Norte,200,57.978,
2026-08-31T04:08:06.107951+00:00,GET,http://localhost:3000/logistics/tenderos/productos-disponibles?tiendaId=bbbbbbbb-bbbb-4bbb-8bbb-bbbbbbbbbbbb&zona=Zona+Norte,200,58.079,
2026-08-31T04:08:06.141819+00:00,GET,http://localhost:3000/logistics/tenderos/productos-disponibles?tiendaId=bbbbbbbb-bbbb-4bbb-8bbb-bbbbbbbbbbbb&zona=Zona+Norte,200,59.895,
2026-08-31T04:08:06.174350+00:00,GET,http://localhost:3000/logistics/tenderos/productos-disponibles?tiendaId=bbbbbbbb-bbbb-4bbb-8bbb-bbbbbbbbbbbb&zona=Zona+Norte,200,57.869,
2026-08-31T04:08:06.208198+00:00,GET,http://localhost:3000/logistics/tenderos/productos-disponibles?tiendaId=bbbbbbbb-bbbb-4bbb-8bbb-bbbbbbbbbbbb&zona=Zona+Norte,200,60.067,
2026-08-31T04:08:06.241689+00:00,GET,http://localhost:3000/logistics/tenderos/productos-disponibles?tiendaId=bbbbbbbb-bbbb-4bbb-8bbb-bbbbbbbbbbbb&zona=Zona+Norte,200,60.952,
2026-08-31T04:08:06.274911+00:00,GET,http://localhost:3000/logistics/tenderos/productos-disponibles?tiendaId=bbbbbbbb-bbbb-4bbb-8bbb-bbbbbbbbbbbb&zona=Zona+Norte,200,60.375,
2026-08-31T04:08:06.308092+00:00,GET,http://localhost:3000/logistics/tenderos/productos-disponibles?tiendaId=bbbbbbbb-bbbb-4bbb-8bbb-bbbbbbbbbbbb&zona=Zona+Norte,200,59.666,
2026-08-31T04:08:06.341538+00:00,GET,http://localhost:3000/logistics/tenderos/productos-disponibles?tiendaId=bbbbbbbb-bbbb-4bbb-8bbb-bbbbbbbbbbbb&zona=Zona+Norte,200,61.821,
2026-08-31T04:08:06.375005+00:00,GET,http://localhost:3000/logistics/tenderos/productos-disponibles?tiendaId=bbbbbbbb-bbbb-4bbb-8bbb-bbbbbbbbbbbb&zona=Zona+Norte,200,62.392,
2026-08-31T04:08:06.407999+00:00,GET,http://localhost:3000/logistics/tenderos/productos-disponibles?tiendaId=bbbbbbbb-bbbb-4bbb-8bbb-bbbbbbbbbbbb&zona=Zona+Norte,200,57.956,
2026-08-31T04:08:06.440880+00:00,GET,http://localhost:3000/logistics/tenderos/productos-disponibles?tiendaId=bbbbbbbb-bbbb-4bbb-8bbb-bbbbbbbbbbbb&zona=Zona+Norte,200,57.879,
2026-08-31T04:08:06.475196+00:00,GET,http://localhost:3000/logistics/tenderos/productos-disponibles?tiendaId=bbbbbbbb-bbbb-4bbb-8bbb-bbbbbbbbbbbb&zona=Zona+Norte,200,57.452,
2026-08-31T04:08:06.508553+00:00,GET,http://localhost:3000/logistics/tenderos/productos-disponibles?tiendaId=bbbbbbbb-bbbb-4bbb-8bbb-bbbbbbbbbbbb&zona=Zona+Norte,200,60.965,
2026-08-31T04:08:06.541159+00:00,GET,http://localhost:3000/logistics/tenderos/productos-disponibles?tiendaId=bbbbbbbb-bbbb-4bbb-8bbb-bbbbbbbbbbbb&zona=Zona+Norte,200,55.704,
2026-08-31T04:08:06.574868+00:00,GET,http://localhost:3000/logistics/tenderos/productos-disponibles?tiendaId=bbbbbbbb-bbbb-4bbb-8bbb-bbbbbbbbbbbb&zona=Zona+Norte,200,56.050,
2026-08-31T04:08:06.607950+00:00,GET,http://localhost:3000/logistics/tenderos/productos-disponibles?tiendaId=bbbbbbbb-bbbb-4bbb-8bbb-bbbbbbbbbbbb&zona=Zona+Norte,200,55.689,
2026-08-31T04:08:06.641364+00:00,GET,http://localhost:3000/logistics/tenderos/productos-disponibles?tiendaId=bbbbbbbb-bbbb-4bbb-8bbb-bbbbbbbbbbbb&zona=Zona+Norte,200,58.258,
2026-08-31T04:08:06.675220+00:00,GET,http://localhost:3000/logistics/tenderos/productos-disponibles?tiendaId=bbbbbbbb-bbbb-4bbb-8bbb-bbbbbbbbbbbb&zona=Zona+Norte,200,55.917,
2026-08-31T04:08:06.708502+00:00,GET,http://localhost:3000/logistics/tenderos/productos-disponibles?tiendaId=bbbbbbbb-bbbb-4bbb-8bbb-bbbbbbbbbbbb&zona=Zona+Norte,200,56.245,
2026-08-31T04:08:06.741913+00:00,GET,http://localhost:3000/logistics/tenderos/productos-disponibles?tiendaId=bbbbbbbb-bbbb-4bbb-8bbb-bbbbbbbbbbbb&zona=Zona+Norte,200,56.439,
2026-08-31T04:08:06.774654+00:00,GET,http://localhost:3000/logistics/tenderos/productos-disponibles?tiendaId=bbbbbbbb-bbbb-4bbb-8bbb-bbbbbbbbbbbb&zona=Zona+Norte,200,58.246,
2026-08-31T04:08:06.808517+00:00,GET,http://localhost:3000/logistics/tenderos/productos-disponibles?tiendaId=bbbbbbbb-bbbb-4bbb-8bbb-bbbbbbbbbbbb&zona=Zona+Norte,200,55.260,
2026-08-31T04:08:06.841865+00:00,GET,http://localhost:3000/logistics/tenderos/productos-disponibles?tiendaId=bbbbbbbb-bbbb-4bbb-8bbb-bbbbbbbbbbbb&zona=Zona+Norte,200,58.300,
2026-08-31T04:08:06.875213+00:00,GET,http://localhost:3000/logistics/tenderos/productos-disponibles?tiendaId=bbbbbbbb-bbbb-4bbb-8bbb-bbbbbbbbbbbb&zona=Zona+Norte,200,57.451,
2026-08-31T04:08:06.907961+00:00,GET,http://localhost:3000/logistics/tenderos/productos-disponibles?tiendaId=bbbbbbbb-bbbb-4bbb-8bbb-bbbbbbbbbbbb&zona=Zona+Norte,200,59.987,
2026-08-31T04:08:06.941858+00:00,GET,http://localhost:3000/logistics/tenderos/productos-disponibles?tiendaId=bbbbbbbb-bbbb-4bbb-8bbb-bbbbbbbbbbbb&zona=Zona+Norte,200,62.983,
2026-08-31T04:08:06.974981+00:00,GET,http://localhost:3000/logistics/tenderos/productos-disponibles?tiendaId=bbbbbbbb-bbbb-4bbb-8bbb-bbbbbbbbbbbb&zona=Zona+Norte,200,62.141,
2026-08-31T04:08:07.007832+00:00,GET,http://localhost:3000/logistics/tenderos/productos-disponibles?tiendaId=bbbbbbbb-bbbb-4bbb-8bbb-bbbbbbbbbbbb&zona=Zona+Norte,200,65.367,
2026-08-31T04:08:07.041307+00:00,GET,http://localhost:3000/logistics/tenderos/productos-disponibles?tiendaId=bbbbbbbb-bbbb-4bbb-8bbb-bbbbbbbbbbbb&zona=Zona+Norte,200,61.454,
2026-08-31T04:08:07.074281+00:00,GET,http://localhost:3000/logistics/tenderos/productos-disponibles?tiendaId=bbbbbbbb-bbbb-4bbb-8bbb-bbbbbbbbbbbb&zona=Zona+Norte,200,60.476,
2026-08-31T04:08:07.108101+00:00,GET,http://localhost:3000/logistics/tenderos/productos-disponibles?tiendaId=bbbbbbbb-bbbb-4bbb-8bbb-bbbbbbbbbbbb&zona=Zona+Norte,200,63.771,
2026-08-31T04:08:07.141600+00:00,GET,http://localhost:3000/logistics/tenderos/productos-disponibles?tiendaId=bbbbbbbb-bbbb-4bbb-8bbb-bbbbbbbbbbbb&zona=Zona+Norte,200,60.607,
2026-08-31T04:08:07.174350+00:00,GET,http://localhost:3000/logistics/tenderos/productos-disponibles?tiendaId=bbbbbbbb-bbbb-4bbb-8bbb-bbbbbbbbbbbb&zona=Zona+Norte,200,59.669,
2026-08-31T04:08:07.208209+00:00,GET,http://localhost:3000/logistics/tenderos/productos-disponibles?tiendaId=bbbbbbbb-bbbb-4bbb-8bbb-bbbbbbbbbbbb&zona=Zona+Norte,200,59.075,
2026-08-31T04:08:07.241708+00:00,GET,http://localhost:3000/logistics/tenderos/productos-disponibles?tiendaId=bbbbbbbb-bbbb-4bbb-8bbb-bbbbbbbbbbbb&zona=Zona+Norte,200,60.385,
2026-08-31T04:08:07.275141+00:00,GET,http://localhost:3000/logistics/tenderos/productos-disponibles?tiendaId=bbbbbbbb-bbbb-4bbb-8bbb-bbbbbbbbbbbb&zona=Zona+Norte,200,64.179,
2026-08-31T04:08:07.308193+00:00,GET,http://localhost:3000/logistics/tenderos/productos-disponibles?tiendaId=bbbbbbbb-bbbb-4bbb-8bbb-bbbbbbbbbbbb&zona=Zona+Norte,200,62.728,
2026-08-31T04:08:07.340987+00:00,GET,http://localhost:3000/logistics/tenderos/productos-disponibles?tiendaId=bbbbbbbb-bbbb-4bbb-8bbb-bbbbbbbbbbbb&zona=Zona+Norte,200,61.883,
2026-08-31T04:08:07.374628+00:00,GET,http://localhost:3000/logistics/tenderos/productos-disponibles?tiendaId=bbbbbbbb-bbbb-4bbb-8bbb-bbbbbbbbbbbb&zona=Zona+Norte,200,61.818,
2026-08-31T04:08:07.408070+00:00,GET,http://localhost:3000/logistics/tenderos/productos-disponibles?tiendaId=bbbbbbbb-bbbb-4bbb-8bbb-bbbbbbbbbbbb&zona=Zona+Norte,200,61.767,
2026-08-31T04:08:07.441395+00:00,GET,http://localhost:3000/logistics/tenderos/productos-disponibles?tiendaId=bbbbbbbb-bbbb-4bbb-8bbb-bbbbbbbbbbbb&zona=Zona+Norte,200,58.819,
2026-08-31T04:08:07.474594+00:00,GET,http://localhost:3000/logistics/tenderos/productos-disponibles?tiendaId=bbbbbbbb-bbbb-4bbb-8bbb-bbbbbbbbbbbb&zona=Zona+Norte,200,60.273,
2026-08-31T04:08:07.508411+00:00,GET,http://localhost:3000/logistics/tenderos/productos-disponibles?tiendaId=bbbbbbbb-bbbb-4bbb-8bbb-bbbbbbbbbbbb&zona=Zona+Norte,200,61.516,
2026-08-31T04:08:07.541637+00:00,GET,http://localhost:3000/logistics/tenderos/productos-disponibles?tiendaId=bbbbbbbb-bbbb-4bbb-8bbb-bbbbbbbbbbbb&zona=Zona+Norte,200,66.029,
2026-08-31T04:08:07.574882+00:00,GET,http://localhost:3000/logistics/tenderos/productos-disponibles?tiendaId=bbbbbbbb-bbbb-4bbb-8bbb-bbbbbbbbbbbb&zona=Zona+Norte,200,72.420,
2026-08-31T04:08:07.607709+00:00,GET,http://localhost:3000/logistics/tenderos/productos-disponibles?tiendaId=bbbbbbbb-bbbb-4bbb-8bbb-bbbbbbbbbbbb&zona=Zona+Norte,200,69.877,
2026-08-31T04:08:07.641226+00:00,GET,http://localhost:3000/logistics/tenderos/productos-disponibles?tiendaId=bbbbbbbb-bbbb-4bbb-8bbb-bbbbbbbbbbbb&zona=Zona+Norte,200,62.757,
2026-08-31T04:08:07.674312+00:00,GET,http://localhost:3000/logistics/tenderos/productos-disponibles?tiendaId=bbbbbbbb-bbbb-4bbb-8bbb-bbbbbbbbbbbb&zona=Zona+Norte,200,62.698,
2026-08-31T04:08:07.707919+00:00,GET,http://localhost:3000/logistics/tenderos/productos-disponibles?tiendaId=bbbbbbbb-bbbb-4bbb-8bbb-bbbbbbbbbbbb&zona=Zona+Norte,200,61.411,
2026-08-31T04:08:07.741291+00:00,GET,http://localhost:3000/logistics/tenderos/productos-disponibles?tiendaId=bbbbbbbb-bbbb-4bbb-8bbb-bbbbbbbbbbbb&zona=Zona+Norte,200,64.740,
2026-08-31T04:08:07.774755+00:00,GET,http://localhost:3000/logistics/tenderos/productos-disponibles?tiendaId=bbbbbbbb-bbbb-4bbb-8bbb-bbbbbbbbbbbb&zona=Zona+Norte,200,57.467,
2026-08-31T04:08:07.807608+00:00,GET,http://localhost:3000/logistics/tenderos/productos-disponibles?tiendaId=bbbbbbbb-bbbb-4bbb-8bbb-bbbbbbbbbbbb&zona=Zona+Norte,200,56.474,
2026-08-31T04:08:07.841004+00:00,GET,http://localhost:3000/logistics/tenderos/productos-disponibles?tiendaId=bbbbbbbb-bbbb-4bbb-8bbb-bbbbbbbbbbbb&zona=Zona+Norte,200,60.446,
2026-08-31T04:08:07.875190+00:00,GET,http://localhost:3000/logistics/tenderos/productos-disponibles?tiendaId=bbbbbbbb-bbbb-4bbb-8bbb-bbbbbbbbbbbb&zona=Zona+Norte,200,61.820,
2026-08-31T04:08:07.907787+00:00,GET,http://localhost:3000/logistics/tenderos/productos-disponibles?tiendaId=bbbbbbbb-bbbb-4bbb-8bbb-bbbbbbbbbbbb&zona=Zona+Norte,200,66.389,
2026-08-31T04:08:07.941234+00:00,GET,http://localhost:3000/logistics/tenderos/productos-disponibles?tiendaId=bbbbbbbb-bbbb-4bbb-8bbb-bbbbbbbbbbbb&zona=Zona+Norte,200,67.485,
2026-08-31T04:08:07.974215+00:00,GET,http://localhost:3000/logistics/tenderos/productos-disponibles?tiendaId=bbbbbbbb-bbbb-4bbb-8bbb-bbbbbbbbbbbb&zona=Zona+Norte,200,60.754,
2026-08-31T04:08:08.008531+00:00,GET,http://localhost:3000/logistics/tenderos/productos-disponibles?tiendaId=bbbbbbbb-bbbb-4bbb-8bbb-bbbbbbbbbbbb&zona=Zona+Norte,200,60.595,
2026-08-31T04:08:08.041577+00:00,GET,http://localhost:3000/logistics/tenderos/productos-disponibles?tiendaId=bbbbbbbb-bbbb-4bbb-8bbb-bbbbbbbbbbbb&zona=Zona+Norte,200,58.188,
2026-08-31T04:08:08.074821+00:00,GET,http://localhost:3000/logistics/tenderos/productos-disponibles?tiendaId=bbbbbbbb-bbbb-4bbb-8bbb-bbbbbbbbbbbb&zona=Zona+Norte,200,57.927,
2026-08-31T04:08:08.108534+00:00,GET,http://localhost:3000/logistics/tenderos/productos-disponibles?tiendaId=bbbbbbbb-bbbb-4bbb-8bbb-bbbbbbbbbbbb&zona=Zona+Norte,200,58.591,
2026-08-31T04:08:08.141876+00:00,GET,http://localhost:3000/logistics/tenderos/productos-disponibles?tiendaId=bbbbbbbb-bbbb-4bbb-8bbb-bbbbbbbbbbbb&zona=Zona+Norte,200,59.464,
2026-08-31T04:08:08.175068+00:00,GET,http://localhost:3000/logistics/tenderos/productos-disponibles?tiendaId=bbbbbbbb-bbbb-4bbb-8bbb-bbbbbbbbbbbb&zona=Zona+Norte,200,55.789,
2026-08-31T04:08:08.207869+00:00,GET,http://localhost:3000/logistics/tenderos/productos-disponibles?tiendaId=bbbbbbbb-bbbb-4bbb-8bbb-bbbbbbbbbbbb&zona=Zona+Norte,200,59.660,
2026-08-31T04:08:08.241221+00:00,GET,http://localhost:3000/logistics/tenderos/productos-disponibles?tiendaId=bbbbbbbb-bbbb-4bbb-8bbb-bbbbbbbbbbbb&zona=Zona+Norte,200,61.802,
2026-08-31T04:08:08.274302+00:00,GET,http://localhost:3000/logistics/tenderos/productos-disponibles?tiendaId=bbbbbbbb-bbbb-4bbb-8bbb-bbbbbbbbbbbb&zona=Zona+Norte,200,58.494,
2026-08-31T04:08:08.308096+00:00,GET,http://localhost:3000/logistics/tenderos/productos-disponibles?tiendaId=bbbbbbbb-bbbb-4bbb-8bbb-bbbbbbbbbbbb&zona=Zona+Norte,200,58.498,
2026-08-31T04:08:08.341849+00:00,GET,http://localhost:3000/logistics/tenderos/productos-disponibles?tiendaId=bbbbbbbb-bbbb-4bbb-8bbb-bbbbbbbbbbbb&zona=Zona+Norte,200,58.010,
2026-08-31T04:08:08.375165+00:00,GET,http://localhost:3000/logistics/tenderos/productos-disponibles?tiendaId=bbbbbbbb-bbbb-4bbb-8bbb-bbbbbbbbbbbb&zona=Zona+Norte,200,60.098,
2026-08-31T04:08:08.408462+00:00,GET,http://localhost:3000/logistics/tenderos/productos-disponibles?tiendaId=bbbbbbbb-bbbb-4bbb-8bbb-bbbbbbbbbbbb&zona=Zona+Norte,200,60.235,
2026-08-31T04:08:08.441538+00:00,GET,http://localhost:3000/logistics/tenderos/productos-disponibles?tiendaId=bbbbbbbb-bbbb-4bbb-8bbb-bbbbbbbbbbbb&zona=Zona+Norte,200,62.353,
2026-08-31T04:08:08.474861+00:00,GET,http://localhost:3000/logistics/tenderos/productos-disponibles?tiendaId=bbbbbbbb-bbbb-4bbb-8bbb-bbbbbbbbbbbb&zona=Zona+Norte,200,59.002,
2026-08-31T04:08:08.507959+00:00,GET,http://localhost:3000/logistics/tenderos/productos-disponibles?tiendaId=bbbbbbbb-bbbb-4bbb-8bbb-bbbbbbbbbbbb&zona=Zona+Norte,200,57.915,
2026-08-31T04:08:08.541718+00:00,GET,http://localhost:3000/logistics/tenderos/productos-disponibles?tiendaId=bbbbbbbb-bbbb-4bbb-8bbb-bbbbbbbbbbbb&zona=Zona+Norte,200,57.533,
2026-08-31T04:08:08.575306+00:00,GET,http://localhost:3000/logistics/tenderos/productos-disponibles?tiendaId=bbbbbbbb-bbbb-4bbb-8bbb-bbbbbbbbbbbb&zona=Zona+Norte,200,58.385,
2026-08-31T04:08:08.608529+00:00,GET,http://localhost:3000/logistics/tenderos/productos-disponibles?tiendaId=bbbbbbbb-bbbb-4bbb-8bbb-bbbbbbbbbbbb&zona=Zona+Norte,200,57.846,
2026-08-31T04:08:08.641759+00:00,GET,http://localhost:3000/logistics/tenderos/productos-disponibles?tiendaId=bbbbbbbb-bbbb-4bbb-8bbb-bbbbbbbbbbbb&zona=Zona+Norte,200,57.784,
2026-08-31T04:08:08.675185+00:00,GET,http://localhost:3000/logistics/tenderos/productos-disponibles?tiendaId=bbbbbbbb-bbbb-4bbb-8bbb-bbbbbbbbbbbb&zona=Zona+Norte,200,59.697,
2026-08-31T04:08:08.708125+00:00,GET,http://localhost:3000/logistics/tenderos/productos-disponibles?tiendaId=bbbbbbbb-bbbb-4bbb-8bbb-bbbbbbbbbbbb&zona=Zona+Norte,200,60.518,
2026-08-31T04:08:08.741630+00:00,GET,http://localhost:3000/logistics/tenderos/productos-disponibles?tiendaId=bbbbbbbb-bbbb-4bbb-8bbb-bbbbbbbbbbbb&zona=Zona+Norte,200,61.235,
2026-08-31T04:08:08.774543+00:00,GET,http://localhost:3000/logistics/tenderos/productos-disponibles?tiendaId=bbbbbbbb-bbbb-4bbb-8bbb-bbbbbbbbbbbb&zona=Zona+Norte,200,57.356,
2026-08-31T04:08:08.808099+00:00,GET,http://localhost:3000/logistics/tenderos/productos-disponibles?tiendaId=bbbbbbbb-bbbb-4bbb-8bbb-bbbbbbbbbbbb&zona=Zona+Norte,200,59.499,
2026-08-31T04:08:08.841730+00:00,GET,http://localhost:3000/logistics/tenderos/productos-disponibles?tiendaId=bbbbbbbb-bbbb-4bbb-8bbb-bbbbbbbbbbbb&zona=Zona+Norte,200,58.850,
2026-08-31T04:08:08.874547+00:00,GET,http://localhost:3000/logistics/tenderos/productos-disponibles?tiendaId=bbbbbbbb-bbbb-4bbb-8bbb-bbbbbbbbbbbb&zona=Zona+Norte,200,58.176,
2026-08-31T04:08:08.908378+00:00,GET,http://localhost:3000/logistics/tenderos/productos-disponibles?tiendaId=bbbbbbbb-bbbb-4bbb-8bbb-bbbbbbbbbbbb&zona=Zona+Norte,200,61.478,
2026-08-31T04:08:08.941874+00:00,GET,http://localhost:3000/logistics/tenderos/productos-disponibles?tiendaId=bbbbbbbb-bbbb-4bbb-8bbb-bbbbbbbbbbbb&zona=Zona+Norte,200,56.692,
2026-08-31T04:08:08.974739+00:00,GET,http://localhost:3000/logistics/tenderos/productos-disponibles?tiendaId=bbbbbbbb-bbbb-4bbb-8bbb-bbbbbbbbbbbb&zona=Zona+Norte,200,55.904,
2026-08-31T04:08:09.008542+00:00,GET,http://localhost:3000/logistics/tenderos/productos-disponibles?tiendaId=bbbbbbbb-bbbb-4bbb-8bbb-bbbbbbbbbbbb&zona=Zona+Norte,200,58.669,
2026-08-31T04:08:09.041647+00:00,GET,http://localhost:3000/logistics/tenderos/productos-disponibles?tiendaId=bbbbbbbb-bbbb-4bbb-8bbb-bbbbbbbbbbbb&zona=Zona+Norte,200,59.033,
2026-08-31T04:08:09.075088+00:00,GET,http://localhost:3000/logistics/tenderos/productos-disponibles?tiendaId=bbbbbbbb-bbbb-4bbb-8bbb-bbbbbbbbbbbb&zona=Zona+Norte,200,59.520,
2026-08-31T04:08:09.108022+00:00,GET,http://localhost:3000/logistics/tenderos/productos-disponibles?tiendaId=bbbbbbbb-bbbb-4bbb-8bbb-bbbbbbbbbbbb&zona=Zona+Norte,200,56.115,
2026-08-31T04:08:09.141676+00:00,GET,http://localhost:3000/logistics/tenderos/productos-disponibles?tiendaId=bbbbbbbb-bbbb-4bbb-8bbb-bbbbbbbbbbbb&zona=Zona+Norte,200,60.424,
2026-08-31T04:08:09.175227+00:00,GET,http://localhost:3000/logistics/tenderos/productos-disponibles?tiendaId=bbbbbbbb-bbbb-4bbb-8bbb-bbbbbbbbbbbb&zona=Zona+Norte,200,55.650,
2026-08-31T04:08:09.208195+00:00,GET,http://localhost:3000/logistics/tenderos/productos-disponibles?tiendaId=bbbbbbbb-bbbb-4bbb-8bbb-bbbbbbbbbbbb&zona=Zona+Norte,200,58.781,
2026-08-31T04:08:09.241297+00:00,GET,http://localhost:3000/logistics/tenderos/productos-disponibles?tiendaId=bbbbbbbb-bbbb-4bbb-8bbb-bbbbbbbbbbbb&zona=Zona+Norte,200,61.025,
2026-08-31T04:08:09.275037+00:00,GET,http://localhost:3000/logistics/tenderos/productos-disponibles?tiendaId=bbbbbbbb-bbbb-4bbb-8bbb-bbbbbbbbbbbb&zona=Zona+Norte,200,58.768,
2026-08-31T04:08:09.308180+00:00,GET,http://localhost:3000/logistics/tenderos/productos-disponibles?tiendaId=bbbbbbbb-bbbb-4bbb-8bbb-bbbbbbbbbbbb&zona=Zona+Norte,200,61.958,
2026-08-31T04:08:09.341745+00:00,GET,http://localhost:3000/logistics/tenderos/productos-disponibles?tiendaId=bbbbbbbb-bbbb-4bbb-8bbb-bbbbbbbbbbbb&zona=Zona+Norte,200,56.676,
2026-08-31T04:08:09.374314+00:00,GET,http://localhost:3000/logistics/tenderos/productos-disponibles?tiendaId=bbbbbbbb-bbbb-4bbb-8bbb-bbbbbbbbbbbb&zona=Zona+Norte,200,56.755,
2026-08-31T04:08:09.408196+00:00,GET,http://localhost:3000/logistics/tenderos/productos-disponibles?tiendaId=bbbbbbbb-bbbb-4bbb-8bbb-bbbbbbbbbbbb&zona=Zona+Norte,200,58.322,
2026-08-31T04:08:09.441906+00:00,GET,http://localhost:3000/logistics/tenderos/productos-disponibles?tiendaId=bbbbbbbb-bbbb-4bbb-8bbb-bbbbbbbbbbbb&zona=Zona+Norte,200,54.474,
2026-08-31T04:08:09.474559+00:00,GET,http://localhost:3000/logistics/tenderos/productos-disponibles?tiendaId=bbbbbbbb-bbbb-4bbb-8bbb-bbbbbbbbbbbb&zona=Zona+Norte,200,55.538,
2026-08-31T04:08:09.508591+00:00,GET,http://localhost:3000/logistics/tenderos/productos-disponibles?tiendaId=bbbbbbbb-bbbb-4bbb-8bbb-bbbbbbbbbbbb&zona=Zona+Norte,200,56.676,
2026-08-31T04:08:09.541884+00:00,GET,http://localhost:3000/logistics/tenderos/productos-disponibles?tiendaId=bbbbbbbb-bbbb-4bbb-8bbb-bbbbbbbbbbbb&zona=Zona+Norte,200,61.608,
2026-08-31T04:08:09.574741+00:00,GET,http://localhost:3000/logistics/tenderos/productos-disponibles?tiendaId=bbbbbbbb-bbbb-4bbb-8bbb-bbbbbbbbbbbb&zona=Zona+Norte,200,61.753,
2026-08-31T04:08:09.607755+00:00,GET,http://localhost:3000/logistics/tenderos/productos-disponibles?tiendaId=bbbbbbbb-bbbb-4bbb-8bbb-bbbbbbbbbbbb&zona=Zona+Norte,200,62.092,
2026-08-31T04:08:09.641416+00:00,GET,http://localhost:3000/logistics/tenderos/productos-disponibles?tiendaId=bbbbbbbb-bbbb-4bbb-8bbb-bbbbbbbbbbbb&zona=Zona+Norte,200,59.502,
2026-08-31T04:08:09.674742+00:00,GET,http://localhost:3000/logistics/tenderos/productos-disponibles?tiendaId=bbbbbbbb-bbbb-4bbb-8bbb-bbbbbbbbbbbb&zona=Zona+Norte,200,63.190,
2026-08-31T04:08:09.708372+00:00,GET,http://localhost:3000/logistics/tenderos/productos-disponibles?tiendaId=bbbbbbbb-bbbb-4bbb-8bbb-bbbbbbbbbbbb&zona=Zona+Norte,200,59.837,
2026-08-31T04:08:09.741168+00:00,GET,http://localhost:3000/logistics/tenderos/productos-disponibles?tiendaId=bbbbbbbb-bbbb-4bbb-8bbb-bbbbbbbbbbbb&zona=Zona+Norte,200,58.279,
2026-08-31T04:08:09.774838+00:00,GET,http://localhost:3000/logistics/tenderos/productos-disponibles?tiendaId=bbbbbbbb-bbbb-4bbb-8bbb-bbbbbbbbbbbb&zona=Zona+Norte,200,63.157,
2026-08-31T04:08:09.807621+00:00,GET,http://localhost:3000/logistics/tenderos/productos-disponibles?tiendaId=bbbbbbbb-bbbb-4bbb-8bbb-bbbbbbbbbbbb&zona=Zona+Norte,200,62.525,
2026-08-31T04:08:09.841198+00:00,GET,http://localhost:3000/logistics/tenderos/productos-disponibles?tiendaId=bbbbbbbb-bbbb-4bbb-8bbb-bbbbbbbbbbbb&zona=Zona+Norte,200,59.756,
2026-08-31T04:08:09.874711+00:00,GET,http://localhost:3000/logistics/tenderos/productos-disponibles?tiendaId=bbbbbbbb-bbbb-4bbb-8bbb-bbbbbbbbbbbb&zona=Zona+Norte,200,62.807,
2026-08-31T04:08:09.908356+00:00,GET,http://localhost:3000/logistics/tenderos/productos-disponibles?tiendaId=bbbbbbbb-bbbb-4bbb-8bbb-bbbbbbbbbbbb&zona=Zona+Norte,200,63.176,
2026-08-31T04:08:09.941277+00:00,GET,http://localhost:3000/logistics/tenderos/productos-disponibles?tiendaId=bbbbbbbb-bbbb-4bbb-8bbb-bbbbbbbbbbbb&zona=Zona+Norte,200,63.756,
2026-08-31T04:08:09.974299+00:00,GET,http://localhost:3000/logistics/tenderos/productos-disponibles?tiendaId=bbbbbbbb-bbbb-4bbb-8bbb-bbbbbbbbbbbb&zona=Zona+Norte,200,61.627,
2026-08-31T04:08:10.007858+00:00,GET,http://localhost:3000/logistics/tenderos/productos-disponibles?tiendaId=bbbbbbbb-bbbb-4bbb-8bbb-bbbbbbbbbbbb&zona=Zona+Norte,200,60.449,
2026-08-31T04:08:10.041461+00:00,GET,http://localhost:3000/logistics/tenderos/productos-disponibles?tiendaId=bbbbbbbb-bbbb-4bbb-8bbb-bbbbbbbbbbbb&zona=Zona+Norte,200,60.006,
2026-08-31T04:08:10.074568+00:00,GET,http://localhost:3000/logistics/tenderos/productos-disponibles?tiendaId=bbbbbbbb-bbbb-4bbb-8bbb-bbbbbbbbbbbb&zona=Zona+Norte,200,60.417,
2026-08-31T04:08:10.107919+00:00,GET,http://localhost:3000/logistics/tenderos/productos-disponibles?tiendaId=bbbbbbbb-bbbb-4bbb-8bbb-bbbbbbbbbbbb&zona=Zona+Norte,200,61.958,
2026-08-31T04:08:10.141612+00:00,GET,http://localhost:3000/logistics/tenderos/productos-disponibles?tiendaId=bbbbbbbb-bbbb-4bbb-8bbb-bbbbbbbbbbbb&zona=Zona+Norte,200,63.756,
2026-08-31T04:08:10.174290+00:00,GET,http://localhost:3000/logistics/tenderos/productos-disponibles?tiendaId=bbbbbbbb-bbbb-4bbb-8bbb-bbbbbbbbbbbb&zona=Zona+Norte,200,61.729,
2026-08-31T04:08:10.207840+00:00,GET,http://localhost:3000/logistics/tenderos/productos-disponibles?tiendaId=bbbbbbbb-bbbb-4bbb-8bbb-bbbbbbbbbbbb&zona=Zona+Norte,200,60.741,
2026-08-31T04:08:10.241148+00:00,GET,http://localhost:3000/logistics/tenderos/productos-disponibles?tiendaId=bbbbbbbb-bbbb-4bbb-8bbb-bbbbbbbbbbbb&zona=Zona+Norte,200,63.486,
2026-08-31T04:08:10.274929+00:00,GET,http://localhost:3000/logistics/tenderos/productos-disponibles?tiendaId=bbbbbbbb-bbbb-4bbb-8bbb-bbbbbbbbbbbb&zona=Zona+Norte,200,62.943,
2026-08-31T04:08:10.307919+00:00,GET,http://localhost:3000/logistics/tenderos/productos-disponibles?tiendaId=bbbbbbbb-bbbb-4bbb-8bbb-bbbbbbbbbbbb&zona=Zona+Norte,200,62.984,
2026-08-31T04:08:10.341239+00:00,GET,http://localhost:3000/logistics/tenderos/productos-disponibles?tiendaId=bbbbbbbb-bbbb-4bbb-8bbb-bbbbbbbbbbbb&zona=Zona+Norte,200,61.534,
2026-08-31T04:08:10.374649+00:00,GET,http://localhost:3000/logistics/tenderos/productos-disponibles?tiendaId=bbbbbbbb-bbbb-4bbb-8bbb-bbbbbbbbbbbb&zona=Zona+Norte,200,63.349,
2026-08-31T04:08:10.408148+00:00,GET,http://localhost:3000/logistics/tenderos/productos-disponibles?tiendaId=bbbbbbbb-bbbb-4bbb-8bbb-bbbbbbbbbbbb&zona=Zona+Norte,200,63.190,
2026-08-31T04:08:10.441210+00:00,GET,http://localhost:3000/logistics/tenderos/productos-disponibles?tiendaId=bbbbbbbb-bbbb-4bbb-8bbb-bbbbbbbbbbbb&zona=Zona+Norte,200,60.200,
2026-08-31T04:08:10.474310+00:00,GET,http://localhost:3000/logistics/tenderos/productos-disponibles?tiendaId=bbbbbbbb-bbbb-4bbb-8bbb-bbbbbbbbbbbb&zona=Zona+Norte,200,62.670,
2026-08-31T04:08:10.508306+00:00,GET,http://localhost:3000/logistics/tenderos/productos-disponibles?tiendaId=bbbbbbbb-bbbb-4bbb-8bbb-bbbbbbbbbbbb&zona=Zona+Norte,200,60.378,
2026-08-31T04:08:10.541205+00:00,GET,http://localhost:3000/logistics/tenderos/productos-disponibles?tiendaId=bbbbbbbb-bbbb-4bbb-8bbb-bbbbbbbbbbbb&zona=Zona+Norte,200,61.935,
2026-08-31T04:08:10.574985+00:00,GET,http://localhost:3000/logistics/tenderos/productos-disponibles?tiendaId=bbbbbbbb-bbbb-4bbb-8bbb-bbbbbbbbbbbb&zona=Zona+Norte,200,58.723,
2026-08-31T04:08:10.608084+00:00,GET,http://localhost:3000/logistics/tenderos/productos-disponibles?tiendaId=bbbbbbbb-bbbb-4bbb-8bbb-bbbbbbbbbbbb&zona=Zona+Norte,200,57.827,
2026-08-31T04:08:10.641049+00:00,GET,http://localhost:3000/logistics/tenderos/productos-disponibles?tiendaId=bbbbbbbb-bbbb-4bbb-8bbb-bbbbbbbbbbbb&zona=Zona+Norte,200,57.040,
2026-08-31T04:08:10.674526+00:00,GET,http://localhost:3000/logistics/tenderos/productos-disponibles?tiendaId=bbbbbbbb-bbbb-4bbb-8bbb-bbbbbbbbbbbb&zona=Zona+Norte,200,58.751,
2026-08-31T04:08:10.708583+00:00,GET,http://localhost:3000/logistics/tenderos/productos-disponibles?tiendaId=bbbbbbbb-bbbb-4bbb-8bbb-bbbbbbbbbbbb&zona=Zona+Norte,200,55.331,
2026-08-31T04:08:10.741868+00:00,GET,http://localhost:3000/logistics/tenderos/productos-disponibles?tiendaId=bbbbbbbb-bbbb-4bbb-8bbb-bbbbbbbbbbbb&zona=Zona+Norte,200,55.779,
2026-08-31T04:08:10.774310+00:00,GET,http://localhost:3000/logistics/tenderos/productos-disponibles?tiendaId=bbbbbbbb-bbbb-4bbb-8bbb-bbbbbbbbbbbb&zona=Zona+Norte,200,59.241,
2026-08-31T04:08:10.807835+00:00,GET,http://localhost:3000/logistics/tenderos/productos-disponibles?tiendaId=bbbbbbbb-bbbb-4bbb-8bbb-bbbbbbbbbbbb&zona=Zona+Norte,200,55.912,
2026-08-31T04:08:10.841027+00:00,GET,http://localhost:3000/logistics/tenderos/productos-disponibles?tiendaId=bbbbbbbb-bbbb-4bbb-8bbb-bbbbbbbbbbbb&zona=Zona+Norte,200,58.431,
2026-08-31T04:08:10.874322+00:00,GET,http://localhost:3000/logistics/tenderos/productos-disponibles?tiendaId=bbbbbbbb-bbbb-4bbb-8bbb-bbbbbbbbbbbb&zona=Zona+Norte,200,60.192,
2026-08-31T04:08:10.907785+00:00,GET,http://localhost:3000/logistics/tenderos/productos-disponibles?tiendaId=bbbbbbbb-bbbb-4bbb-8bbb-bbbbbbbbbbbb&zona=Zona+Norte,200,60.563,
2026-08-31T04:08:10.941679+00:00,GET,http://localhost:3000/logistics/tenderos/productos-disponibles?tiendaId=bbbbbbbb-bbbb-4bbb-8bbb-bbbbbbbbbbbb&zona=Zona+Norte,200,61.658,
2026-08-31T04:08:10.974316+00:00,GET,http://localhost:3000/logistics/tenderos/productos-disponibles?tiendaId=bbbbbbbb-bbbb-4bbb-8bbb-bbbbbbbbbbbb&zona=Zona+Norte,200,61.568,
2026-08-31T04:08:11.008102+00:00,GET,http://localhost:3000/logistics/tenderos/productos-disponibles?tiendaId=bbbbbbbb-bbbb-4bbb-8bbb-bbbbbbbbbbbb&zona=Zona+Norte,200,58.883,
2026-08-31T04:08:11.041075+00:00,GET,http://localhost:3000/logistics/tenderos/productos-disponibles?tiendaId=bbbbbbbb-bbbb-4bbb-8bbb-bbbbbbbbbbbb&zona=Zona+Norte,200,60.121,
2026-08-31T04:08:11.074535+00:00,GET,http://localhost:3000/logistics/tenderos/productos-disponibles?tiendaId=bbbbbbbb-bbbb-4bbb-8bbb-bbbbbbbbbbbb&zona=Zona+Norte,200,61.073,
2026-08-31T04:08:11.108377+00:00,GET,http://localhost:3000/logistics/tenderos/productos-disponibles?tiendaId=bbbbbbbb-bbbb-4bbb-8bbb-bbbbbbbbbbbb&zona=Zona+Norte,200,63.504,
2026-08-31T04:08:11.141575+00:00,GET,http://localhost:3000/logistics/tenderos/productos-disponibles?tiendaId=bbbbbbbb-bbbb-4bbb-8bbb-bbbbbbbbbbbb&zona=Zona+Norte,200,63.621,
2026-08-31T04:08:11.174332+00:00,GET,http://localhost:3000/logistics/tenderos/productos-disponibles?tiendaId=bbbbbbbb-bbbb-4bbb-8bbb-bbbbbbbbbbbb&zona=Zona+Norte,200,59.557,
2026-08-31T04:08:11.207894+00:00,GET,http://localhost:3000/logistics/tenderos/productos-disponibles?tiendaId=bbbbbbbb-bbbb-4bbb-8bbb-bbbbbbbbbbbb&zona=Zona+Norte,200,58.461,
2026-08-31T04:08:11.241813+00:00,GET,http://localhost:3000/logistics/tenderos/productos-disponibles?tiendaId=bbbbbbbb-bbbb-4bbb-8bbb-bbbbbbbbbbbb&zona=Zona+Norte,200,62.111,
2026-08-31T04:08:11.275294+00:00,GET,http://localhost:3000/logistics/tenderos/productos-disponibles?tiendaId=bbbbbbbb-bbbb-4bbb-8bbb-bbbbbbbbbbbb&zona=Zona+Norte,200,63.755,
2026-08-31T04:08:11.308005+00:00,GET,http://localhost:3000/logistics/tenderos/productos-disponibles?tiendaId=bbbbbbbb-bbbb-4bbb-8bbb-bbbbbbbbbbbb&zona=Zona+Norte,200,62.092,
2026-08-31T04:08:11.341125+00:00,GET,http://localhost:3000/logistics/tenderos/productos-disponibles?tiendaId=bbbbbbbb-bbbb-4bbb-8bbb-bbbbbbbbbbbb&zona=Zona+Norte,200,62.649,
2026-08-31T04:08:11.374279+00:00,GET,http://localhost:3000/logistics/tenderos/productos-disponibles?tiendaId=bbbbbbbb-bbbb-4bbb-8bbb-bbbbbbbbbbbb&zona=Zona+Norte,200,60.112,
2026-08-31T04:08:11.407787+00:00,GET,http://localhost:3000/logistics/tenderos/productos-disponibles?tiendaId=bbbbbbbb-bbbb-4bbb-8bbb-bbbbbbbbbbbb&zona=Zona+Norte,200,59.547,
2026-08-31T04:08:11.441047+00:00,GET,http://localhost:3000/logistics/tenderos/productos-disponibles?tiendaId=bbbbbbbb-bbbb-4bbb-8bbb-bbbbbbbbbbbb&zona=Zona+Norte,200,59.606,
2026-08-31T04:08:11.474296+00:00,GET,http://localhost:3000/logistics/tenderos/productos-disponibles?tiendaId=bbbbbbbb-bbbb-4bbb-8bbb-bbbbbbbbbbbb&zona=Zona+Norte,200,62.388,
2026-08-31T04:08:11.508399+00:00,GET,http://localhost:3000/logistics/tenderos/productos-disponibles?tiendaId=bbbbbbbb-bbbb-4bbb-8bbb-bbbbbbbbbbbb&zona=Zona+Norte,200,61.920,
2026-08-31T04:08:11.541421+00:00,GET,http://localhost:3000/logistics/tenderos/productos-disponibles?tiendaId=bbbbbbbb-bbbb-4bbb-8bbb-bbbbbbbbbbbb&zona=Zona+Norte,200,60.290,
2026-08-31T04:08:11.574845+00:00,GET,http://localhost:3000/logistics/tenderos/productos-disponibles?tiendaId=bbbbbbbb-bbbb-4bbb-8bbb-bbbbbbbbbbbb&zona=Zona+Norte,200,65.215,
2026-08-31T04:08:11.608200+00:00,GET,http://localhost:3000/logistics/tenderos/productos-disponibles?tiendaId=bbbbbbbb-bbbb-4bbb-8bbb-bbbbbbbbbbbb&zona=Zona+Norte,200,61.497,
2026-08-31T04:08:11.640987+00:00,GET,http://localhost:3000/logistics/tenderos/productos-disponibles?tiendaId=bbbbbbbb-bbbb-4bbb-8bbb-bbbbbbbbbbbb&zona=Zona+Norte,200,60.605,
2026-08-31T04:08:11.674835+00:00,GET,http://localhost:3000/logistics/tenderos/productos-disponibles?tiendaId=bbbbbbbb-bbbb-4bbb-8bbb-bbbbbbbbbbbb&zona=Zona+Norte,200,61.562,
2026-08-31T04:08:11.707817+00:00,GET,http://localhost:3000/logistics/tenderos/productos-disponibles?tiendaId=bbbbbbbb-bbbb-4bbb-8bbb-bbbbbbbbbbbb&zona=Zona+Norte,200,63.160,
2026-08-31T04:08:11.741461+00:00,GET,http://localhost:3000/logistics/tenderos/productos-disponibles?tiendaId=bbbbbbbb-bbbb-4bbb-8bbb-bbbbbbbbbbbb&zona=Zona+Norte,200,59.578,
2026-08-31T04:08:11.774688+00:00,GET,http://localhost:3000/logistics/tenderos/productos-disponibles?tiendaId=bbbbbbbb-bbbb-4bbb-8bbb-bbbbbbbbbbbb&zona=Zona+Norte,200,62.917,
2026-08-31T04:08:11.808409+00:00,GET,http://localhost:3000/logistics/tenderos/productos-disponibles?tiendaId=bbbbbbbb-bbbb-4bbb-8bbb-bbbbbbbbbbbb&zona=Zona+Norte,200,63.301,
2026-08-31T04:08:11.841108+00:00,GET,http://localhost:3000/logistics/tenderos/productos-disponibles?tiendaId=bbbbbbbb-bbbb-4bbb-8bbb-bbbbbbbbbbbb&zona=Zona+Norte,200,62.110,
2026-08-31T04:08:11.874538+00:00,GET,http://localhost:3000/logistics/tenderos/productos-disponibles?tiendaId=bbbbbbbb-bbbb-4bbb-8bbb-bbbbbbbbbbbb&zona=Zona+Norte,200,58.635,
2026-08-31T04:08:11.907854+00:00,GET,http://localhost:3000/logistics/tenderos/productos-disponibles?tiendaId=bbbbbbbb-bbbb-4bbb-8bbb-bbbbbbbbbbbb&zona=Zona+Norte,200,63.163,
2026-08-31T04:08:11.941871+00:00,GET,http://localhost:3000/logistics/tenderos/productos-disponibles?tiendaId=bbbbbbbb-bbbb-4bbb-8bbb-bbbbbbbbbbbb&zona=Zona+Norte,200,62.171,
2026-08-31T04:08:11.974674+00:00,GET,http://localhost:3000/logistics/tenderos/productos-disponibles?tiendaId=bbbbbbbb-bbbb-4bbb-8bbb-bbbbbbbbbbbb&zona=Zona+Norte,200,63.168,
2026-08-31T04:08:12.008034+00:00,GET,http://localhost:3000/logistics/tenderos/productos-disponibles?tiendaId=bbbbbbbb-bbbb-4bbb-8bbb-bbbbbbbbbbbb&zona=Zona+Norte,200,62.164,
2026-08-31T04:08:12.041306+00:00,GET,http://localhost:3000/logistics/tenderos/productos-disponibles?tiendaId=bbbbbbbb-bbbb-4bbb-8bbb-bbbbbbbbbbbb&zona=Zona+Norte,200,59.837,
2026-08-31T04:08:12.074543+00:00,GET,http://localhost:3000/logistics/tenderos/productos-disponibles?tiendaId=bbbbbbbb-bbbb-4bbb-8bbb-bbbbbbbbbbbb&zona=Zona+Norte,200,60.897,
2026-08-31T04:08:12.107801+00:00,GET,http://localhost:3000/logistics/tenderos/productos-disponibles?tiendaId=bbbbbbbb-bbbb-4bbb-8bbb-bbbbbbbbbbbb&zona=Zona+Norte,200,63.186,
2026-08-31T04:08:12.141434+00:00,GET,http://localhost:3000/logistics/tenderos/productos-disponibles?tiendaId=bbbbbbbb-bbbb-4bbb-8bbb-bbbbbbbbbbbb&zona=Zona+Norte,200,62.586,
2026-08-31T04:08:12.174457+00:00,GET,http://localhost:3000/logistics/tenderos/productos-disponibles?tiendaId=bbbbbbbb-bbbb-4bbb-8bbb-bbbbbbbbbbbb&zona=Zona+Norte,200,58.694,
2026-08-31T04:08:12.208044+00:00,GET,http://localhost:3000/logistics/tenderos/productos-disponibles?tiendaId=bbbbbbbb-bbbb-4bbb-8bbb-bbbbbbbbbbbb&zona=Zona+Norte,200,64.490,
2026-08-31T04:08:12.241940+00:00,GET,http://localhost:3000/logistics/tenderos/productos-disponibles?tiendaId=bbbbbbbb-bbbb-4bbb-8bbb-bbbbbbbbbbbb&zona=Zona+Norte,200,60.321,
2026-08-31T04:08:12.274477+00:00,GET,http://localhost:3000/logistics/tenderos/productos-disponibles?tiendaId=bbbbbbbb-bbbb-4bbb-8bbb-bbbbbbbbbbbb&zona=Zona+Norte,200,61.452,
2026-08-31T04:08:12.307794+00:00,GET,http://localhost:3000/logistics/tenderos/productos-disponibles?tiendaId=bbbbbbbb-bbbb-4bbb-8bbb-bbbbbbbbbbbb&zona=Zona+Norte,200,60.046,
2026-08-31T04:08:12.341539+00:00,GET,http://localhost:3000/logistics/tenderos/productos-disponibles?tiendaId=bbbbbbbb-bbbb-4bbb-8bbb-bbbbbbbbbbbb&zona=Zona+Norte,200,63.508,
2026-08-31T04:08:12.374509+00:00,GET,http://localhost:3000/logistics/tenderos/productos-disponibles?tiendaId=bbbbbbbb-bbbb-4bbb-8bbb-bbbbbbbbbbbb&zona=Zona+Norte,200,63.779,
2026-08-31T04:08:12.407931+00:00,GET,http://localhost:3000/logistics/tenderos/productos-disponibles?tiendaId=bbbbbbbb-bbbb-4bbb-8bbb-bbbbbbbbbbbb&zona=Zona+Norte,200,62.846,
2026-08-31T04:08:12.441001+00:00,GET,http://localhost:3000/logistics/tenderos/productos-disponibles?tiendaId=bbbbbbbb-bbbb-4bbb-8bbb-bbbbbbbbbbbb&zona=Zona+Norte,200,59.824,
2026-08-31T04:08:12.474721+00:00,GET,http://localhost:3000/logistics/tenderos/productos-disponibles?tiendaId=bbbbbbbb-bbbb-4bbb-8bbb-bbbbbbbbbbbb&zona=Zona+Norte,200,61.948,
2026-08-31T04:08:12.507746+00:00,GET,http://localhost:3000/logistics/tenderos/productos-disponibles?tiendaId=bbbbbbbb-bbbb-4bbb-8bbb-bbbbbbbbbbbb&zona=Zona+Norte,200,61.093,
2026-08-31T04:08:12.541466+00:00,GET,http://localhost:3000/logistics/tenderos/productos-disponibles?tiendaId=bbbbbbbb-bbbb-4bbb-8bbb-bbbbbbbbbbbb&zona=Zona+Norte,200,62.091,
2026-08-31T04:08:12.575071+00:00,GET,http://localhost:3000/logistics/tenderos/productos-disponibles?tiendaId=bbbbbbbb-bbbb-4bbb-8bbb-bbbbbbbbbbbb&zona=Zona+Norte,200,60.372,
2026-08-31T04:08:12.608146+00:00,GET,http://localhost:3000/logistics/tenderos/productos-disponibles?tiendaId=bbbbbbbb-bbbb-4bbb-8bbb-bbbbbbbbbbbb&zona=Zona+Norte,200,59.292,
2026-08-31T04:08:12.641674+00:00,GET,http://localhost:3000/logistics/tenderos/productos-disponibles?tiendaId=bbbbbbbb-bbbb-4bbb-8bbb-bbbbbbbbbbbb&zona=Zona+Norte,200,63.468,
2026-08-31T04:08:12.675182+00:00,GET,http://localhost:3000/logistics/tenderos/productos-disponibles?tiendaId=bbbbbbbb-bbbb-4bbb-8bbb-bbbbbbbbbbbb&zona=Zona+Norte,200,60.181,
2026-08-31T04:08:12.707920+00:00,GET,http://localhost:3000/logistics/tenderos/productos-disponibles?tiendaId=bbbbbbbb-bbbb-4bbb-8bbb-bbbbbbbbbbbb&zona=Zona+Norte,200,63.177,
2026-08-31T04:08:12.741099+00:00,GET,http://localhost:3000/logistics/tenderos/productos-disponibles?tiendaId=bbbbbbbb-bbbb-4bbb-8bbb-bbbbbbbbbbbb&zona=Zona+Norte,200,62.938,
2026-08-31T04:08:12.774448+00:00,GET,http://localhost:3000/logistics/tenderos/productos-disponibles?tiendaId=bbbbbbbb-bbbb-4bbb-8bbb-bbbbbbbbbbbb&zona=Zona+Norte,200,64.462,
2026-08-31T04:08:12.808057+00:00,GET,http://localhost:3000/logistics/tenderos/productos-disponibles?tiendaId=bbbbbbbb-bbbb-4bbb-8bbb-bbbbbbbbbbbb&zona=Zona+Norte,200,60.493,
2026-08-31T04:08:12.841218+00:00,GET,http://localhost:3000/logistics/tenderos/productos-disponibles?tiendaId=bbbbbbbb-bbbb-4bbb-8bbb-bbbbbbbbbbbb&zona=Zona+Norte,200,62.042,
2026-08-31T04:08:12.874989+00:00,GET,http://localhost:3000/logistics/tenderos/productos-disponibles?tiendaId=bbbbbbbb-bbbb-4bbb-8bbb-bbbbbbbbbbbb&zona=Zona+Norte,200,63.299,
2026-08-31T04:08:12.907747+00:00,GET,http://localhost:3000/logistics/tenderos/productos-disponibles?tiendaId=bbbbbbbb-bbbb-4bbb-8bbb-bbbbbbbbbbbb&zona=Zona+Norte,200,63.710,
2026-08-31T04:08:12.941325+00:00,GET,http://localhost:3000/logistics/tenderos/productos-disponibles?tiendaId=bbbbbbbb-bbbb-4bbb-8bbb-bbbbbbbbbbbb&zona=Zona+Norte,200,61.523,
2026-08-31T04:08:12.974454+00:00,GET,http://localhost:3000/logistics/tenderos/productos-disponibles?tiendaId=bbbbbbbb-bbbb-4bbb-8bbb-bbbbbbbbbbbb&zona=Zona+Norte,200,60.660,
2026-08-31T04:08:13.008216+00:00,GET,http://localhost:3000/logistics/tenderos/productos-disponibles?tiendaId=bbbbbbbb-bbbb-4bbb-8bbb-bbbbbbbbbbbb&zona=Zona+Norte,200,55.137,
2026-08-31T04:08:13.041710+00:00,GET,http://localhost:3000/logistics/tenderos/productos-disponibles?tiendaId=bbbbbbbb-bbbb-4bbb-8bbb-bbbbbbbbbbbb&zona=Zona+Norte,200,59.852,
2026-08-31T04:08:13.074448+00:00,GET,http://localhost:3000/logistics/tenderos/productos-disponibles?tiendaId=bbbbbbbb-bbbb-4bbb-8bbb-bbbbbbbbbbbb&zona=Zona+Norte,200,57.242,
2026-08-31T04:08:13.108428+00:00,GET,http://localhost:3000/logistics/tenderos/productos-disponibles?tiendaId=bbbbbbbb-bbbb-4bbb-8bbb-bbbbbbbbbbbb&zona=Zona+Norte,200,60.744,
2026-08-31T04:08:13.141797+00:00,GET,http://localhost:3000/logistics/tenderos/productos-disponibles?tiendaId=bbbbbbbb-bbbb-4bbb-8bbb-bbbbbbbbbbbb&zona=Zona+Norte,200,55.626,
2026-08-31T04:08:13.174932+00:00,GET,http://localhost:3000/logistics/tenderos/productos-disponibles?tiendaId=bbbbbbbb-bbbb-4bbb-8bbb-bbbbbbbbbbbb&zona=Zona+Norte,200,59.217,
2026-08-31T04:08:13.208455+00:00,GET,http://localhost:3000/logistics/tenderos/productos-disponibles?tiendaId=bbbbbbbb-bbbb-4bbb-8bbb-bbbbbbbbbbbb&zona=Zona+Norte,200,55.447,
2026-08-31T04:08:13.241105+00:00,GET,http://localhost:3000/logistics/tenderos/productos-disponibles?tiendaId=bbbbbbbb-bbbb-4bbb-8bbb-bbbbbbbbbbbb&zona=Zona+Norte,200,58.494,
2026-08-31T04:08:13.275213+00:00,GET,http://localhost:3000/logistics/tenderos/productos-disponibles?tiendaId=bbbbbbbb-bbbb-4bbb-8bbb-bbbbbbbbbbbb&zona=Zona+Norte,200,58.422,
2026-08-31T04:08:13.308257+00:00,GET,http://localhost:3000/logistics/tenderos/productos-disponibles?tiendaId=bbbbbbbb-bbbb-4bbb-8bbb-bbbbbbbbbbbb&zona=Zona+Norte,200,58.458,
2026-08-31T04:08:13.341558+00:00,GET,http://localhost:3000/logistics/tenderos/productos-disponibles?tiendaId=bbbbbbbb-bbbb-4bbb-8bbb-bbbbbbbbbbbb&zona=Zona+Norte,200,53.569,
2026-08-31T04:08:13.375155+00:00,GET,http://localhost:3000/logistics/tenderos/productos-disponibles?tiendaId=bbbbbbbb-bbbb-4bbb-8bbb-bbbbbbbbbbbb&zona=Zona+Norte,200,56.711,
2026-08-31T04:08:13.407774+00:00,GET,http://localhost:3000/logistics/tenderos/productos-disponibles?tiendaId=bbbbbbbb-bbbb-4bbb-8bbb-bbbbbbbbbbbb&zona=Zona+Norte,200,55.389,
2026-08-31T04:08:13.442006+00:00,GET,http://localhost:3000/logistics/tenderos/productos-disponibles?tiendaId=bbbbbbbb-bbbb-4bbb-8bbb-bbbbbbbbbbbb&zona=Zona+Norte,200,60.461,
2026-08-31T04:08:13.475329+00:00,GET,http://localhost:3000/logistics/tenderos/productos-disponibles?tiendaId=bbbbbbbb-bbbb-4bbb-8bbb-bbbbbbbbbbbb&zona=Zona+Norte,200,54.645,
2026-08-31T04:08:13.508261+00:00,GET,http://localhost:3000/logistics/tenderos/productos-disponibles?tiendaId=bbbbbbbb-bbbb-4bbb-8bbb-bbbbbbbbbbbb&zona=Zona+Norte,200,58.771,
2026-08-31T04:08:13.541109+00:00,GET,http://localhost:3000/logistics/tenderos/productos-disponibles?tiendaId=bbbbbbbb-bbbb-4bbb-8bbb-bbbbbbbbbbbb&zona=Zona+Norte,200,59.293,
2026-08-31T04:08:13.575307+00:00,GET,http://localhost:3000/logistics/tenderos/productos-disponibles?tiendaId=bbbbbbbb-bbbb-4bbb-8bbb-bbbbbbbbbbbb&zona=Zona+Norte,200,56.093,
2026-08-31T04:08:13.608530+00:00,GET,http://localhost:3000/logistics/tenderos/productos-disponibles?tiendaId=bbbbbbbb-bbbb-4bbb-8bbb-bbbbbbbbbbbb&zona=Zona+Norte,200,55.509,
2026-08-31T04:08:13.642032+00:00,GET,http://localhost:3000/logistics/tenderos/productos-disponibles?tiendaId=bbbbbbbb-bbbb-4bbb-8bbb-bbbbbbbbbbbb&zona=Zona+Norte,200,56.667,
2026-08-31T04:08:13.675364+00:00,GET,http://localhost:3000/logistics/tenderos/productos-disponibles?tiendaId=bbbbbbbb-bbbb-4bbb-8bbb-bbbbbbbbbbbb&zona=Zona+Norte,200,60.851,
2026-08-31T04:08:13.707809+00:00,GET,http://localhost:3000/logistics/tenderos/productos-disponibles?tiendaId=bbbbbbbb-bbbb-4bbb-8bbb-bbbbbbbbbbbb&zona=Zona+Norte,200,62.644,
2026-08-31T04:08:13.741543+00:00,GET,http://localhost:3000/logistics/tenderos/productos-disponibles?tiendaId=bbbbbbbb-bbbb-4bbb-8bbb-bbbbbbbbbbbb&zona=Zona+Norte,200,62.824,
2026-08-31T04:08:13.774812+00:00,GET,http://localhost:3000/logistics/tenderos/productos-disponibles?tiendaId=bbbbbbbb-bbbb-4bbb-8bbb-bbbbbbbbbbbb&zona=Zona+Norte,200,67.986,
2026-08-31T04:08:13.808027+00:00,GET,http://localhost:3000/logistics/tenderos/productos-disponibles?tiendaId=bbbbbbbb-bbbb-4bbb-8bbb-bbbbbbbbbbbb&zona=Zona+Norte,200,63.657,
2026-08-31T04:08:13.841596+00:00,GET,http://localhost:3000/logistics/tenderos/productos-disponibles?tiendaId=bbbbbbbb-bbbb-4bbb-8bbb-bbbbbbbbbbbb&zona=Zona+Norte,200,64.270,
2026-08-31T04:08:13.874612+00:00,GET,http://localhost:3000/logistics/tenderos/productos-disponibles?tiendaId=bbbbbbbb-bbbb-4bbb-8bbb-bbbbbbbbbbbb&zona=Zona+Norte,200,63.999,
2026-08-31T04:08:13.907685+00:00,GET,http://localhost:3000/logistics/tenderos/productos-disponibles?tiendaId=bbbbbbbb-bbbb-4bbb-8bbb-bbbbbbbbbbbb&zona=Zona+Norte,200,64.113,
2026-08-31T04:08:13.941254+00:00,GET,http://localhost:3000/logistics/tenderos/productos-disponibles?tiendaId=bbbbbbbb-bbbb-4bbb-8bbb-bbbbbbbbbbbb&zona=Zona+Norte,200,63.044,
2026-08-31T04:08:13.974399+00:00,GET,http://localhost:3000/logistics/tenderos/productos-disponibles?tiendaId=bbbbbbbb-bbbb-4bbb-8bbb-bbbbbbbbbbbb&zona=Zona+Norte,200,60.802,
2026-08-31T04:08:14.007720+00:00,GET,http://localhost:3000/logistics/tenderos/productos-disponibles?tiendaId=bbbbbbbb-bbbb-4bbb-8bbb-bbbbbbbbbbbb&zona=Zona+Norte,200,59.369,
2026-08-31T04:08:14.041656+00:00,GET,http://localhost:3000/logistics/tenderos/productos-disponibles?tiendaId=bbbbbbbb-bbbb-4bbb-8bbb-bbbbbbbbbbbb&zona=Zona+Norte,200,61.592,
2026-08-31T04:08:14.074589+00:00,GET,http://localhost:3000/logistics/tenderos/productos-disponibles?tiendaId=bbbbbbbb-bbbb-4bbb-8bbb-bbbbbbbbbbbb&zona=Zona+Norte,200,62.423,
2026-08-31T04:08:14.107913+00:00,GET,http://localhost:3000/logistics/tenderos/productos-disponibles?tiendaId=bbbbbbbb-bbbb-4bbb-8bbb-bbbbbbbbbbbb&zona=Zona+Norte,200,63.164,
2026-08-31T04:08:14.141461+00:00,GET,http://localhost:3000/logistics/tenderos/productos-disponibles?tiendaId=bbbbbbbb-bbbb-4bbb-8bbb-bbbbbbbbbbbb&zona=Zona+Norte,200,62.925,
2026-08-31T04:08:14.174706+00:00,GET,http://localhost:3000/logistics/tenderos/productos-disponibles?tiendaId=bbbbbbbb-bbbb-4bbb-8bbb-bbbbbbbbbbbb&zona=Zona+Norte,200,62.668,
2026-08-31T04:08:14.208032+00:00,GET,http://localhost:3000/logistics/tenderos/productos-disponibles?tiendaId=bbbbbbbb-bbbb-4bbb-8bbb-bbbbbbbbbbbb&zona=Zona+Norte,200,62.898,
2026-08-31T04:08:14.241403+00:00,GET,http://localhost:3000/logistics/tenderos/productos-disponibles?tiendaId=bbbbbbbb-bbbb-4bbb-8bbb-bbbbbbbbbbbb&zona=Zona+Norte,200,61.585,
2026-08-31T04:08:14.274734+00:00,GET,http://localhost:3000/logistics/tenderos/productos-disponibles?tiendaId=bbbbbbbb-bbbb-4bbb-8bbb-bbbbbbbbbbbb&zona=Zona+Norte,200,63.979,
2026-08-31T04:08:14.307717+00:00,GET,http://localhost:3000/logistics/tenderos/productos-disponibles?tiendaId=bbbbbbbb-bbbb-4bbb-8bbb-bbbbbbbbbbbb&zona=Zona+Norte,200,59.898,
2026-08-31T04:08:14.341219+00:00,GET,http://localhost:3000/logistics/tenderos/productos-disponibles?tiendaId=bbbbbbbb-bbbb-4bbb-8bbb-bbbbbbbbbbbb&zona=Zona+Norte,200,59.746,
2026-08-31T04:08:14.374650+00:00,GET,http://localhost:3000/logistics/tenderos/productos-disponibles?tiendaId=bbbbbbbb-bbbb-4bbb-8bbb-bbbbbbbbbbbb&zona=Zona+Norte,200,62.046,
2026-08-31T04:08:14.408124+00:00,GET,http://localhost:3000/logistics/tenderos/productos-disponibles?tiendaId=bbbbbbbb-bbbb-4bbb-8bbb-bbbbbbbbbbbb&zona=Zona+Norte,200,59.069,
2026-08-31T04:08:14.441526+00:00,GET,http://localhost:3000/logistics/tenderos/productos-disponibles?tiendaId=bbbbbbbb-bbbb-4bbb-8bbb-bbbbbbbbbbbb&zona=Zona+Norte,200,63.323,
2026-08-31T04:08:14.474566+00:00,GET,http://localhost:3000/logistics/tenderos/productos-disponibles?tiendaId=bbbbbbbb-bbbb-4bbb-8bbb-bbbbbbbbbbbb&zona=Zona+Norte,200,61.060,
2026-08-31T04:08:14.508006+00:00,GET,http://localhost:3000/logistics/tenderos/productos-disponibles?tiendaId=bbbbbbbb-bbbb-4bbb-8bbb-bbbbbbbbbbbb&zona=Zona+Norte,200,63.154,
2026-08-31T04:08:14.541639+00:00,GET,http://localhost:3000/logistics/tenderos/productos-disponibles?tiendaId=bbbbbbbb-bbbb-4bbb-8bbb-bbbbbbbbbbbb&zona=Zona+Norte,200,57.730,
2026-08-31T04:08:14.574829+00:00,GET,http://localhost:3000/logistics/tenderos/productos-disponibles?tiendaId=bbbbbbbb-bbbb-4bbb-8bbb-bbbbbbbbbbbb&zona=Zona+Norte,200,61.661,
2026-08-31T04:08:14.608694+00:00,GET,http://localhost:3000/logistics/tenderos/productos-disponibles?tiendaId=bbbbbbbb-bbbb-4bbb-8bbb-bbbbbbbbbbbb&zona=Zona+Norte,200,59.930,
2026-08-31T04:08:14.641568+00:00,GET,http://localhost:3000/logistics/tenderos/productos-disponibles?tiendaId=bbbbbbbb-bbbb-4bbb-8bbb-bbbbbbbbbbbb&zona=Zona+Norte,200,56.194,
2026-08-31T04:08:14.675132+00:00,GET,http://localhost:3000/logistics/tenderos/productos-disponibles?tiendaId=bbbbbbbb-bbbb-4bbb-8bbb-bbbbbbbbbbbb&zona=Zona+Norte,200,60.366,
2026-08-31T04:08:14.707785+00:00,GET,http://localhost:3000/logistics/tenderos/productos-disponibles?tiendaId=bbbbbbbb-bbbb-4bbb-8bbb-bbbbbbbbbbbb&zona=Zona+Norte,200,55.696,
2026-08-31T04:08:14.741696+00:00,GET,http://localhost:3000/logistics/tenderos/productos-disponibles?tiendaId=bbbbbbbb-bbbb-4bbb-8bbb-bbbbbbbbbbbb&zona=Zona+Norte,200,57.464,
2026-08-31T04:08:14.775421+00:00,GET,http://localhost:3000/logistics/tenderos/productos-disponibles?tiendaId=bbbbbbbb-bbbb-4bbb-8bbb-bbbbbbbbbbbb&zona=Zona+Norte,200,58.452,
2026-08-31T04:08:14.807819+00:00,GET,http://localhost:3000/logistics/tenderos/productos-disponibles?tiendaId=bbbbbbbb-bbbb-4bbb-8bbb-bbbbbbbbbbbb&zona=Zona+Norte,200,61.242,
2026-08-31T04:08:14.841890+00:00,GET,http://localhost:3000/logistics/tenderos/productos-disponibles?tiendaId=bbbbbbbb-bbbb-4bbb-8bbb-bbbbbbbbbbbb&zona=Zona+Norte,200,60.071,
2026-08-31T04:08:14.874975+00:00,GET,http://localhost:3000/logistics/tenderos/productos-disponibles?tiendaId=bbbbbbbb-bbbb-4bbb-8bbb-bbbbbbbbbbbb&zona=Zona+Norte,200,67.075,
2026-08-31T04:08:14.908387+00:00,GET,http://localhost:3000/logistics/tenderos/productos-disponibles?tiendaId=bbbbbbbb-bbbb-4bbb-8bbb-bbbbbbbbbbbb&zona=Zona+Norte,200,61.387,
2026-08-31T04:08:14.941419+00:00,GET,http://localhost:3000/logistics/tenderos/productos-disponibles?tiendaId=bbbbbbbb-bbbb-4bbb-8bbb-bbbbbbbbbbbb&zona=Zona+Norte,200,60.631,
2026-08-31T04:08:14.974413+00:00,GET,http://localhost:3000/logistics/tenderos/productos-disponibles?tiendaId=bbbbbbbb-bbbb-4bbb-8bbb-bbbbbbbbbbbb&zona=Zona+Norte,200,60.672,
2026-08-31T04:08:15.008334+00:00,GET,http://localhost:3000/logistics/tenderos/productos-disponibles?tiendaId=bbbbbbbb-bbbb-4bbb-8bbb-bbbbbbbbbbbb&zona=Zona+Norte,200,59.735,
2026-08-31T04:08:15.041738+00:00,GET,http://localhost:3000/logistics/tenderos/productos-disponibles?tiendaId=bbbbbbbb-bbbb-4bbb-8bbb-bbbbbbbbbbbb&zona=Zona+Norte,200,60.792,
2026-08-31T04:08:15.074754+00:00,GET,http://localhost:3000/logistics/tenderos/productos-disponibles?tiendaId=bbbbbbbb-bbbb-4bbb-8bbb-bbbbbbbbbbbb&zona=Zona+Norte,200,64.098,
2026-08-31T04:08:15.107773+00:00,GET,http://localhost:3000/logistics/tenderos/productos-disponibles?tiendaId=bbbbbbbb-bbbb-4bbb-8bbb-bbbbbbbbbbbb&zona=Zona+Norte,200,60.094,
2026-08-31T04:08:15.141268+00:00,GET,http://localhost:3000/logistics/tenderos/productos-disponibles?tiendaId=bbbbbbbb-bbbb-4bbb-8bbb-bbbbbbbbbbbb&zona=Zona+Norte,200,63.667,
2026-08-31T04:08:15.174451+00:00,GET,http://localhost:3000/logistics/tenderos/productos-disponibles?tiendaId=bbbbbbbb-bbbb-4bbb-8bbb-bbbbbbbbbbbb&zona=Zona+Norte,200,60.678,
2026-08-31T04:08:15.207897+00:00,GET,http://localhost:3000/logistics/tenderos/productos-disponibles?tiendaId=bbbbbbbb-bbbb-4bbb-8bbb-bbbbbbbbbbbb&zona=Zona+Norte,200,61.894,
2026-08-31T04:08:15.241737+00:00,GET,http://localhost:3000/logistics/tenderos/productos-disponibles?tiendaId=bbbbbbbb-bbbb-4bbb-8bbb-bbbbbbbbbbbb&zona=Zona+Norte,200,60.399,
2026-08-31T04:08:15.274918+00:00,GET,http://localhost:3000/logistics/tenderos/productos-disponibles?tiendaId=bbbbbbbb-bbbb-4bbb-8bbb-bbbbbbbbbbbb&zona=Zona+Norte,200,61.632,
2026-08-31T04:08:15.307736+00:00,GET,http://localhost:3000/logistics/tenderos/productos-disponibles?tiendaId=bbbbbbbb-bbbb-4bbb-8bbb-bbbbbbbbbbbb&zona=Zona+Norte,200,61.003,
2026-08-31T04:08:15.341585+00:00,GET,http://localhost:3000/logistics/tenderos/productos-disponibles?tiendaId=bbbbbbbb-bbbb-4bbb-8bbb-bbbbbbbbbbbb&zona=Zona+Norte,200,64.217,
2026-08-31T04:08:15.375123+00:00,GET,http://localhost:3000/logistics/tenderos/productos-disponibles?tiendaId=bbbbbbbb-bbbb-4bbb-8bbb-bbbbbbbbbbbb&zona=Zona+Norte,200,63.776,
2026-08-31T04:08:15.407766+00:00,GET,http://localhost:3000/logistics/tenderos/productos-disponibles?tiendaId=bbbbbbbb-bbbb-4bbb-8bbb-bbbbbbbbbbbb&zona=Zona+Norte,200,59.176,
2026-08-31T04:08:15.441260+00:00,GET,http://localhost:3000/logistics/tenderos/productos-disponibles?tiendaId=bbbbbbbb-bbbb-4bbb-8bbb-bbbbbbbbbbbb&zona=Zona+Norte,200,63.145,
2026-08-31T04:08:15.475340+00:00,GET,http://localhost:3000/logistics/tenderos/productos-disponibles?tiendaId=bbbbbbbb-bbbb-4bbb-8bbb-bbbbbbbbbbbb&zona=Zona+Norte,200,64.738,
2026-08-31T04:08:15.508024+00:00,GET,http://localhost:3000/logistics/tenderos/productos-disponibles?tiendaId=bbbbbbbb-bbbb-4bbb-8bbb-bbbbbbbbbbbb&zona=Zona+Norte,200,64.154,
2026-08-31T04:08:15.541074+00:00,GET,http://localhost:3000/logistics/tenderos/productos-disponibles?tiendaId=bbbbbbbb-bbbb-4bbb-8bbb-bbbbbbbbbbbb&zona=Zona+Norte,200,63.363,
2026-08-31T04:08:15.574670+00:00,GET,http://localhost:3000/logistics/tenderos/productos-disponibles?tiendaId=bbbbbbbb-bbbb-4bbb-8bbb-bbbbbbbbbbbb&zona=Zona+Norte,200,61.004,
2026-08-31T04:08:15.608069+00:00,GET,http://localhost:3000/logistics/tenderos/productos-disponibles?tiendaId=bbbbbbbb-bbbb-4bbb-8bbb-bbbbbbbbbbbb&zona=Zona+Norte,200,60.117,
2026-08-31T04:08:15.641674+00:00,GET,http://localhost:3000/logistics/tenderos/productos-disponibles?tiendaId=bbbbbbbb-bbbb-4bbb-8bbb-bbbbbbbbbbbb&zona=Zona+Norte,200,63.073,
2026-08-31T04:08:15.675144+00:00,GET,http://localhost:3000/logistics/tenderos/productos-disponibles?tiendaId=bbbbbbbb-bbbb-4bbb-8bbb-bbbbbbbbbbbb&zona=Zona+Norte,200,63.006,
2026-08-31T04:08:15.708010+00:00,GET,http://localhost:3000/logistics/tenderos/productos-disponibles?tiendaId=bbbbbbbb-bbbb-4bbb-8bbb-bbbbbbbbbbbb&zona=Zona+Norte,200,63.603,
2026-08-31T04:08:15.741360+00:00,GET,http://localhost:3000/logistics/tenderos/productos-disponibles?tiendaId=bbbbbbbb-bbbb-4bbb-8bbb-bbbbbbbbbbbb&zona=Zona+Norte,200,61.810,
2026-08-31T04:08:15.774366+00:00,GET,http://localhost:3000/logistics/tenderos/productos-disponibles?tiendaId=bbbbbbbb-bbbb-4bbb-8bbb-bbbbbbbbbbbb&zona=Zona+Norte,200,64.196,
2026-08-31T04:08:15.808236+00:00,GET,http://localhost:3000/logistics/tenderos/productos-disponibles?tiendaId=bbbbbbbb-bbbb-4bbb-8bbb-bbbbbbbbbbbb&zona=Zona+Norte,200,62.924,
2026-08-31T04:08:15.841281+00:00,GET,http://localhost:3000/logistics/tenderos/productos-disponibles?tiendaId=bbbbbbbb-bbbb-4bbb-8bbb-bbbbbbbbbbbb&zona=Zona+Norte,200,63.384,
2026-08-31T04:08:15.874730+00:00,GET,http://localhost:3000/logistics/tenderos/productos-disponibles?tiendaId=bbbbbbbb-bbbb-4bbb-8bbb-bbbbbbbbbbbb&zona=Zona+Norte,200,63.949,
2026-08-31T04:08:15.908011+00:00,GET,http://localhost:3000/logistics/tenderos/productos-disponibles?tiendaId=bbbbbbbb-bbbb-4bbb-8bbb-bbbbbbbbbbbb&zona=Zona+Norte,200,63.758,
2026-08-31T04:08:15.941289+00:00,GET,http://localhost:3000/logistics/tenderos/productos-disponibles?tiendaId=bbbbbbbb-bbbb-4bbb-8bbb-bbbbbbbbbbbb&zona=Zona+Norte,200,59.920,
2026-08-31T04:08:15.974707+00:00,GET,http://localhost:3000/logistics/tenderos/productos-disponibles?tiendaId=bbbbbbbb-bbbb-4bbb-8bbb-bbbbbbbbbbbb&zona=Zona+Norte,200,60.835,
2026-08-31T04:08:16.008481+00:00,GET,http://localhost:3000/logistics/tenderos/productos-disponibles?tiendaId=bbbbbbbb-bbbb-4bbb-8bbb-bbbbbbbbbbbb&zona=Zona+Norte,200,63.265,
2026-08-31T04:08:16.041684+00:00,GET,http://localhost:3000/logistics/tenderos/productos-disponibles?tiendaId=bbbbbbbb-bbbb-4bbb-8bbb-bbbbbbbbbbbb&zona=Zona+Norte,200,62.908,
2026-08-31T04:08:16.074634+00:00,GET,http://localhost:3000/logistics/tenderos/productos-disponibles?tiendaId=bbbbbbbb-bbbb-4bbb-8bbb-bbbbbbbbbbbb&zona=Zona+Norte,200,64.556,
2026-08-31T04:08:16.108041+00:00,GET,http://localhost:3000/logistics/tenderos/productos-disponibles?tiendaId=bbbbbbbb-bbbb-4bbb-8bbb-bbbbbbbbbbbb&zona=Zona+Norte,200,60.754,
2026-08-31T04:08:16.141207+00:00,GET,http://localhost:3000/logistics/tenderos/productos-disponibles?tiendaId=bbbbbbbb-bbbb-4bbb-8bbb-bbbbbbbbbbbb&zona=Zona+Norte,200,58.974,
2026-08-31T04:08:16.175047+00:00,GET,http://localhost:3000/logistics/tenderos/productos-disponibles?tiendaId=bbbbbbbb-bbbb-4bbb-8bbb-bbbbbbbbbbbb&zona=Zona+Norte,200,60.388,
2026-08-31T04:08:16.208615+00:00,GET,http://localhost:3000/logistics/tenderos/productos-disponibles?tiendaId=bbbbbbbb-bbbb-4bbb-8bbb-bbbbbbbbbbbb&zona=Zona+Norte,200,59.884,
2026-08-31T04:08:16.241430+00:00,GET,http://localhost:3000/logistics/tenderos/productos-disponibles?tiendaId=bbbbbbbb-bbbb-4bbb-8bbb-bbbbbbbbbbbb&zona=Zona+Norte,200,64.321,
2026-08-31T04:08:16.275136+00:00,GET,http://localhost:3000/logistics/tenderos/productos-disponibles?tiendaId=bbbbbbbb-bbbb-4bbb-8bbb-bbbbbbbbbbbb&zona=Zona+Norte,200,63.201,
2026-08-31T04:08:16.307930+00:00,GET,http://localhost:3000/logistics/tenderos/productos-disponibles?tiendaId=bbbbbbbb-bbbb-4bbb-8bbb-bbbbbbbbbbbb&zona=Zona+Norte,200,62.598,
2026-08-31T04:08:16.341323+00:00,GET,http://localhost:3000/logistics/tenderos/productos-disponibles?tiendaId=bbbbbbbb-bbbb-4bbb-8bbb-bbbbbbbbbbbb&zona=Zona+Norte,200,63.590,
2026-08-31T04:08:16.374835+00:00,GET,http://localhost:3000/logistics/tenderos/productos-disponibles?tiendaId=bbbbbbbb-bbbb-4bbb-8bbb-bbbbbbbbbbbb&zona=Zona+Norte,200,60.672,
2026-08-31T04:08:16.408043+00:00,GET,http://localhost:3000/logistics/tenderos/productos-disponibles?tiendaId=bbbbbbbb-bbbb-4bbb-8bbb-bbbbbbbbbbbb&zona=Zona+Norte,200,63.741,
2026-08-31T04:08:16.441535+00:00,GET,http://localhost:3000/logistics/tenderos/productos-disponibles?tiendaId=bbbbbbbb-bbbb-4bbb-8bbb-bbbbbbbbbbbb&zona=Zona+Norte,200,63.155,
2026-08-31T04:08:16.474655+00:00,GET,http://localhost:3000/logistics/tenderos/productos-disponibles?tiendaId=bbbbbbbb-bbbb-4bbb-8bbb-bbbbbbbbbbbb&zona=Zona+Norte,200,62.524,
2026-08-31T04:08:16.508057+00:00,GET,http://localhost:3000/logistics/tenderos/productos-disponibles?tiendaId=bbbbbbbb-bbbb-4bbb-8bbb-bbbbbbbbbbbb&zona=Zona+Norte,200,62.878,
2026-08-31T04:08:16.541526+00:00,GET,http://localhost:3000/logistics/tenderos/productos-disponibles?tiendaId=bbbbbbbb-bbbb-4bbb-8bbb-bbbbbbbbbbbb&zona=Zona+Norte,200,63.958,
2026-08-31T04:08:16.575057+00:00,GET,http://localhost:3000/logistics/tenderos/productos-disponibles?tiendaId=bbbbbbbb-bbbb-4bbb-8bbb-bbbbbbbbbbbb&zona=Zona+Norte,200,61.847,
2026-08-31T04:08:16.607956+00:00,GET,http://localhost:3000/logistics/tenderos/productos-disponibles?tiendaId=bbbbbbbb-bbbb-4bbb-8bbb-bbbbbbbbbbbb&zona=Zona+Norte,200,63.639,
2026-08-31T04:08:16.641484+00:00,GET,http://localhost:3000/logistics/tenderos/productos-disponibles?tiendaId=bbbbbbbb-bbbb-4bbb-8bbb-bbbbbbbbbbbb&zona=Zona+Norte,200,64.716,
2026-08-31T04:08:16.674684+00:00,GET,http://localhost:3000/logistics/tenderos/productos-disponibles?tiendaId=bbbbbbbb-bbbb-4bbb-8bbb-bbbbbbbbbbbb&zona=Zona+Norte,200,61.450,
2026-08-31T04:08:16.707820+00:00,GET,http://localhost:3000/logistics/tenderos/productos-disponibles?tiendaId=bbbbbbbb-bbbb-4bbb-8bbb-bbbbbbbbbbbb&zona=Zona+Norte,200,61.570,
2026-08-31T04:08:16.741627+00:00,GET,http://localhost:3000/logistics/tenderos/productos-disponibles?tiendaId=bbbbbbbb-bbbb-4bbb-8bbb-bbbbbbbbbbbb&zona=Zona+Norte,200,60.151,
2026-08-31T04:08:16.774991+00:00,GET,http://localhost:3000/logistics/tenderos/productos-disponibles?tiendaId=bbbbbbbb-bbbb-4bbb-8bbb-bbbbbbbbbbbb&zona=Zona+Norte,200,63.353,
2026-08-31T04:08:16.808396+00:00,GET,http://localhost:3000/logistics/tenderos/productos-disponibles?tiendaId=bbbbbbbb-bbbb-4bbb-8bbb-bbbbbbbbbbbb&zona=Zona+Norte,200,60.245,
2026-08-31T04:08:16.841332+00:00,GET,http://localhost:3000/logistics/tenderos/productos-disponibles?tiendaId=bbbbbbbb-bbbb-4bbb-8bbb-bbbbbbbbbbbb&zona=Zona+Norte,200,63.965,
2026-08-31T04:08:16.875067+00:00,GET,http://localhost:3000/logistics/tenderos/productos-disponibles?tiendaId=bbbbbbbb-bbbb-4bbb-8bbb-bbbbbbbbbbbb&zona=Zona+Norte,200,67.401,
2026-08-31T04:08:16.907971+00:00,GET,http://localhost:3000/logistics/tenderos/productos-disponibles?tiendaId=bbbbbbbb-bbbb-4bbb-8bbb-bbbbbbbbbbbb&zona=Zona+Norte,200,69.502,
2026-08-31T04:08:16.941399+00:00,GET,http://localhost:3000/logistics/tenderos/productos-disponibles?tiendaId=bbbbbbbb-bbbb-4bbb-8bbb-bbbbbbbbbbbb&zona=Zona+Norte,200,68.177,
2026-08-31T04:08:16.975340+00:00,GET,http://localhost:3000/logistics/tenderos/productos-disponibles?tiendaId=bbbbbbbb-bbbb-4bbb-8bbb-bbbbbbbbbbbb&zona=Zona+Norte,200,65.640,
2026-08-31T04:08:17.008115+00:00,GET,http://localhost:3000/logistics/tenderos/productos-disponibles?tiendaId=bbbbbbbb-bbbb-4bbb-8bbb-bbbbbbbbbbbb&zona=Zona+Norte,200,60.351,
2026-08-31T04:08:17.041075+00:00,GET,http://localhost:3000/logistics/tenderos/productos-disponibles?tiendaId=bbbbbbbb-bbbb-4bbb-8bbb-bbbbbbbbbbbb&zona=Zona+Norte,200,59.867,
2026-08-31T04:08:17.075112+00:00,GET,http://localhost:3000/logistics/tenderos/productos-disponibles?tiendaId=bbbbbbbb-bbbb-4bbb-8bbb-bbbbbbbbbbbb&zona=Zona+Norte,200,62.486,
2026-08-31T04:08:17.108033+00:00,GET,http://localhost:3000/logistics/tenderos/productos-disponibles?tiendaId=bbbbbbbb-bbbb-4bbb-8bbb-bbbbbbbbbbbb&zona=Zona+Norte,200,58.101,
2026-08-31T04:08:17.141427+00:00,GET,http://localhost:3000/logistics/tenderos/productos-disponibles?tiendaId=bbbbbbbb-bbbb-4bbb-8bbb-bbbbbbbbbbbb&zona=Zona+Norte,200,58.556,
2026-08-31T04:08:17.175360+00:00,GET,http://localhost:3000/logistics/tenderos/productos-disponibles?tiendaId=bbbbbbbb-bbbb-4bbb-8bbb-bbbbbbbbbbbb&zona=Zona+Norte,200,55.070,
2026-08-31T04:08:17.208626+00:00,GET,http://localhost:3000/logistics/tenderos/productos-disponibles?tiendaId=bbbbbbbb-bbbb-4bbb-8bbb-bbbbbbbbbbbb&zona=Zona+Norte,200,59.477,
2026-08-31T04:08:17.242030+00:00,GET,http://localhost:3000/logistics/tenderos/productos-disponibles?tiendaId=bbbbbbbb-bbbb-4bbb-8bbb-bbbbbbbbbbbb&zona=Zona+Norte,200,56.412,
2026-08-31T04:08:17.275120+00:00,GET,http://localhost:3000/logistics/tenderos/productos-disponibles?tiendaId=bbbbbbbb-bbbb-4bbb-8bbb-bbbbbbbbbbbb&zona=Zona+Norte,200,58.765,
2026-08-31T04:08:17.308706+00:00,GET,http://localhost:3000/logistics/tenderos/productos-disponibles?tiendaId=bbbbbbbb-bbbb-4bbb-8bbb-bbbbbbbbbbbb&zona=Zona+Norte,200,60.438,
2026-08-31T04:08:17.341934+00:00,GET,http://localhost:3000/logistics/tenderos/productos-disponibles?tiendaId=bbbbbbbb-bbbb-4bbb-8bbb-bbbbbbbbbbbb&zona=Zona+Norte,200,55.668,
2026-08-31T04:08:17.375011+00:00,GET,http://localhost:3000/logistics/tenderos/productos-disponibles?tiendaId=bbbbbbbb-bbbb-4bbb-8bbb-bbbbbbbbbbbb&zona=Zona+Norte,200,60.475,
2026-08-31T04:08:17.408707+00:00,GET,http://localhost:3000/logistics/tenderos/productos-disponibles?tiendaId=bbbbbbbb-bbbb-4bbb-8bbb-bbbbbbbbbbbb&zona=Zona+Norte,200,58.625,
2026-08-31T04:08:17.441727+00:00,GET,http://localhost:3000/logistics/tenderos/productos-disponibles?tiendaId=bbbbbbbb-bbbb-4bbb-8bbb-bbbbbbbbbbbb&zona=Zona+Norte,200,57.428,
2026-08-31T04:08:17.474437+00:00,GET,http://localhost:3000/logistics/tenderos/productos-disponibles?tiendaId=bbbbbbbb-bbbb-4bbb-8bbb-bbbbbbbbbbbb&zona=Zona+Norte,200,60.540,
2026-08-31T04:08:17.508696+00:00,GET,http://localhost:3000/logistics/tenderos/productos-disponibles?tiendaId=bbbbbbbb-bbbb-4bbb-8bbb-bbbbbbbbbbbb&zona=Zona+Norte,200,58.923,
2026-08-31T04:08:17.541772+00:00,GET,http://localhost:3000/logistics/tenderos/productos-disponibles?tiendaId=bbbbbbbb-bbbb-4bbb-8bbb-bbbbbbbbbbbb&zona=Zona+Norte,200,58.045,
2026-08-31T04:08:17.575416+00:00,GET,http://localhost:3000/logistics/tenderos/productos-disponibles?tiendaId=bbbbbbbb-bbbb-4bbb-8bbb-bbbbbbbbbbbb&zona=Zona+Norte,200,62.085,
2026-08-31T04:08:17.608658+00:00,GET,http://localhost:3000/logistics/tenderos/productos-disponibles?tiendaId=bbbbbbbb-bbbb-4bbb-8bbb-bbbbbbbbbbbb&zona=Zona+Norte,200,58.421,
2026-08-31T04:08:17.641392+00:00,GET,http://localhost:3000/logistics/tenderos/productos-disponibles?tiendaId=bbbbbbbb-bbbb-4bbb-8bbb-bbbbbbbbbbbb&zona=Zona+Norte,200,57.675,
2026-08-31T04:08:17.674924+00:00,GET,http://localhost:3000/logistics/tenderos/productos-disponibles?tiendaId=bbbbbbbb-bbbb-4bbb-8bbb-bbbbbbbbbbbb&zona=Zona+Norte,200,63.390,
2026-08-31T04:08:17.708721+00:00,GET,http://localhost:3000/logistics/tenderos/productos-disponibles?tiendaId=bbbbbbbb-bbbb-4bbb-8bbb-bbbbbbbbbbbb&zona=Zona+Norte,200,54.783,
2026-08-31T04:08:17.741372+00:00,GET,http://localhost:3000/logistics/tenderos/productos-disponibles?tiendaId=bbbbbbbb-bbbb-4bbb-8bbb-bbbbbbbbbbbb&zona=Zona+Norte,200,59.947,
2026-08-31T04:08:17.775187+00:00,GET,http://localhost:3000/logistics/tenderos/productos-disponibles?tiendaId=bbbbbbbb-bbbb-4bbb-8bbb-bbbbbbbbbbbb&zona=Zona+Norte,200,60.440,
2026-08-31T04:08:17.808463+00:00,GET,http://localhost:3000/logistics/tenderos/productos-disponibles?tiendaId=bbbbbbbb-bbbb-4bbb-8bbb-bbbbbbbbbbbb&zona=Zona+Norte,200,57.884,
2026-08-31T04:08:17.841545+00:00,GET,http://localhost:3000/logistics/tenderos/productos-disponibles?tiendaId=bbbbbbbb-bbbb-4bbb-8bbb-bbbbbbbbbbbb&zona=Zona+Norte,200,60.125,
2026-08-31T04:08:17.875329+00:00,GET,http://localhost:3000/logistics/tenderos/productos-disponibles?tiendaId=bbbbbbbb-bbbb-4bbb-8bbb-bbbbbbbbbbbb&zona=Zona+Norte,200,59.867,
2026-08-31T04:08:17.908424+00:00,GET,http://localhost:3000/logistics/tenderos/productos-disponibles?tiendaId=bbbbbbbb-bbbb-4bbb-8bbb-bbbbbbbbbbbb&zona=Zona+Norte,200,58.558,
2026-08-31T04:08:17.941735+00:00,GET,http://localhost:3000/logistics/tenderos/productos-disponibles?tiendaId=bbbbbbbb-bbbb-4bbb-8bbb-bbbbbbbbbbbb&zona=Zona+Norte,200,58.088,
2026-08-31T04:08:17.975270+00:00,GET,http://localhost:3000/logistics/tenderos/productos-disponibles?tiendaId=bbbbbbbb-bbbb-4bbb-8bbb-bbbbbbbbbbbb&zona=Zona+Norte,200,61.726,
2026-08-31T04:08:18.008652+00:00,GET,http://localhost:3000/logistics/tenderos/productos-disponibles?tiendaId=bbbbbbbb-bbbb-4bbb-8bbb-bbbbbbbbbbbb&zona=Zona+Norte,200,62.002,
2026-08-31T04:08:18.041523+00:00,GET,http://localhost:3000/logistics/tenderos/productos-disponibles?tiendaId=bbbbbbbb-bbbb-4bbb-8bbb-bbbbbbbbbbbb&zona=Zona+Norte,200,61.456,
2026-08-31T04:08:18.074834+00:00,GET,http://localhost:3000/logistics/tenderos/productos-disponibles?tiendaId=bbbbbbbb-bbbb-4bbb-8bbb-bbbbbbbbbbbb&zona=Zona+Norte,200,58.229,
2026-08-31T04:08:18.108287+00:00,GET,http://localhost:3000/logistics/tenderos/productos-disponibles?tiendaId=bbbbbbbb-bbbb-4bbb-8bbb-bbbbbbbbbbbb&zona=Zona+Norte,200,57.416,
2026-08-31T04:08:18.141845+00:00,GET,http://localhost:3000/logistics/tenderos/productos-disponibles?tiendaId=bbbbbbbb-bbbb-4bbb-8bbb-bbbbbbbbbbbb&zona=Zona+Norte,200,61.709,
2026-08-31T04:08:18.175356+00:00,GET,http://localhost:3000/logistics/tenderos/productos-disponibles?tiendaId=bbbbbbbb-bbbb-4bbb-8bbb-bbbbbbbbbbbb&zona=Zona+Norte,200,60.685,
2026-08-31T04:08:18.208189+00:00,GET,http://localhost:3000/logistics/tenderos/productos-disponibles?tiendaId=bbbbbbbb-bbbb-4bbb-8bbb-bbbbbbbbbbbb&zona=Zona+Norte,200,61.208,
2026-08-31T04:08:18.241627+00:00,GET,http://localhost:3000/logistics/tenderos/productos-disponibles?tiendaId=bbbbbbbb-bbbb-4bbb-8bbb-bbbbbbbbbbbb&zona=Zona+Norte,200,58.274,
2026-08-31T04:08:18.274961+00:00,GET,http://localhost:3000/logistics/tenderos/productos-disponibles?tiendaId=bbbbbbbb-bbbb-4bbb-8bbb-bbbbbbbbbbbb&zona=Zona+Norte,200,61.298,
2026-08-31T04:08:18.308656+00:00,GET,http://localhost:3000/logistics/tenderos/productos-disponibles?tiendaId=bbbbbbbb-bbbb-4bbb-8bbb-bbbbbbbbbbbb&zona=Zona+Norte,200,57.737,
2026-08-31T04:08:18.341606+00:00,GET,http://localhost:3000/logistics/tenderos/productos-disponibles?tiendaId=bbbbbbbb-bbbb-4bbb-8bbb-bbbbbbbbbbbb&zona=Zona+Norte,200,58.936,
2026-08-31T04:08:18.375353+00:00,GET,http://localhost:3000/logistics/tenderos/productos-disponibles?tiendaId=bbbbbbbb-bbbb-4bbb-8bbb-bbbbbbbbbbbb&zona=Zona+Norte,200,61.741,
2026-08-31T04:08:18.408565+00:00,GET,http://localhost:3000/logistics/tenderos/productos-disponibles?tiendaId=bbbbbbbb-bbbb-4bbb-8bbb-bbbbbbbbbbbb&zona=Zona+Norte,200,58.226,
2026-08-31T04:08:18.441492+00:00,GET,http://localhost:3000/logistics/tenderos/productos-disponibles?tiendaId=bbbbbbbb-bbbb-4bbb-8bbb-bbbbbbbbbbbb&zona=Zona+Norte,200,58.231,
2026-08-31T04:08:18.475292+00:00,GET,http://localhost:3000/logistics/tenderos/productos-disponibles?tiendaId=bbbbbbbb-bbbb-4bbb-8bbb-bbbbbbbbbbbb&zona=Zona+Norte,200,61.812,
2026-08-31T04:08:18.508677+00:00,GET,http://localhost:3000/logistics/tenderos/productos-disponibles?tiendaId=bbbbbbbb-bbbb-4bbb-8bbb-bbbbbbbbbbbb&zona=Zona+Norte,200,58.238,
2026-08-31T04:08:18.541502+00:00,GET,http://localhost:3000/logistics/tenderos/productos-disponibles?tiendaId=bbbbbbbb-bbbb-4bbb-8bbb-bbbbbbbbbbbb&zona=Zona+Norte,200,56.206,
2026-08-31T04:08:18.574552+00:00,GET,http://localhost:3000/logistics/tenderos/productos-disponibles?tiendaId=bbbbbbbb-bbbb-4bbb-8bbb-bbbbbbbbbbbb&zona=Zona+Norte,200,54.738,
2026-08-31T04:08:18.608066+00:00,GET,http://localhost:3000/logistics/tenderos/productos-disponibles?tiendaId=bbbbbbbb-bbbb-4bbb-8bbb-bbbbbbbbbbbb&zona=Zona+Norte,200,55.626,
2026-08-31T04:08:18.642100+00:00,GET,http://localhost:3000/logistics/tenderos/productos-disponibles?tiendaId=bbbbbbbb-bbbb-4bbb-8bbb-bbbbbbbbbbbb&zona=Zona+Norte,200,56.140,
2026-08-31T04:08:18.675405+00:00,GET,http://localhost:3000/logistics/tenderos/productos-disponibles?tiendaId=bbbbbbbb-bbbb-4bbb-8bbb-bbbbbbbbbbbb&zona=Zona+Norte,200,58.006,
2026-08-31T04:08:18.708730+00:00,GET,http://localhost:3000/logistics/tenderos/productos-disponibles?tiendaId=bbbbbbbb-bbbb-4bbb-8bbb-bbbbbbbbbbbb&zona=Zona+Norte,200,63.989,
2026-08-31T04:08:18.742033+00:00,GET,http://localhost:3000/logistics/tenderos/productos-disponibles?tiendaId=bbbbbbbb-bbbb-4bbb-8bbb-bbbbbbbbbbbb&zona=Zona+Norte,200,59.894,
2026-08-31T04:08:18.774526+00:00,GET,http://localhost:3000/logistics/tenderos/productos-disponibles?tiendaId=bbbbbbbb-bbbb-4bbb-8bbb-bbbbbbbbbbbb&zona=Zona+Norte,200,58.736,
2026-08-31T04:08:18.808410+00:00,GET,http://localhost:3000/logistics/tenderos/productos-disponibles?tiendaId=bbbbbbbb-bbbb-4bbb-8bbb-bbbbbbbbbbbb&zona=Zona+Norte,200,62.426,
2026-08-31T04:08:18.842010+00:00,GET,http://localhost:3000/logistics/tenderos/productos-disponibles?tiendaId=bbbbbbbb-bbbb-4bbb-8bbb-bbbbbbbbbbbb&zona=Zona+Norte,200,62.672,
2026-08-31T04:08:18.874804+00:00,GET,http://localhost:3000/logistics/tenderos/productos-disponibles?tiendaId=bbbbbbbb-bbbb-4bbb-8bbb-bbbbbbbbbbbb&zona=Zona+Norte,200,59.803,
2026-08-31T04:08:18.908090+00:00,GET,http://localhost:3000/logistics/tenderos/productos-disponibles?tiendaId=bbbbbbbb-bbbb-4bbb-8bbb-bbbbbbbbbbbb&zona=Zona+Norte,200,59.053,
2026-08-31T04:08:18.941863+00:00,GET,http://localhost:3000/logistics/tenderos/productos-disponibles?tiendaId=bbbbbbbb-bbbb-4bbb-8bbb-bbbbbbbbbbbb&zona=Zona+Norte,200,62.297,
2026-08-31T04:08:18.975333+00:00,GET,http://localhost:3000/logistics/tenderos/productos-disponibles?tiendaId=bbbbbbbb-bbbb-4bbb-8bbb-bbbbbbbbbbbb&zona=Zona+Norte,200,63.866,
2026-08-31T04:08:19.008125+00:00,GET,http://localhost:3000/logistics/tenderos/productos-disponibles?tiendaId=bbbbbbbb-bbbb-4bbb-8bbb-bbbbbbbbbbbb&zona=Zona+Norte,200,60.771,
2026-08-31T04:08:19.041270+00:00,GET,http://localhost:3000/logistics/tenderos/productos-disponibles?tiendaId=bbbbbbbb-bbbb-4bbb-8bbb-bbbbbbbbbbbb&zona=Zona+Norte,200,62.689,
2026-08-31T04:08:19.075086+00:00,GET,http://localhost:3000/logistics/tenderos/productos-disponibles?tiendaId=bbbbbbbb-bbbb-4bbb-8bbb-bbbbbbbbbbbb&zona=Zona+Norte,200,63.423,
2026-08-31T04:08:19.108175+00:00,GET,http://localhost:3000/logistics/tenderos/productos-disponibles?tiendaId=bbbbbbbb-bbbb-4bbb-8bbb-bbbbbbbbbbbb&zona=Zona+Norte,200,59.208,
2026-08-31T04:08:19.141330+00:00,GET,http://localhost:3000/logistics/tenderos/productos-disponibles?tiendaId=bbbbbbbb-bbbb-4bbb-8bbb-bbbbbbbbbbbb&zona=Zona+Norte,200,62.539,
2026-08-31T04:08:19.175249+00:00,GET,http://localhost:3000/logistics/tenderos/productos-disponibles?tiendaId=bbbbbbbb-bbbb-4bbb-8bbb-bbbbbbbbbbbb&zona=Zona+Norte,200,59.640,
2026-08-31T04:08:19.208216+00:00,GET,http://localhost:3000/logistics/tenderos/productos-disponibles?tiendaId=bbbbbbbb-bbbb-4bbb-8bbb-bbbbbbbbbbbb&zona=Zona+Norte,200,63.636,
2026-08-31T04:08:19.241831+00:00,GET,http://localhost:3000/logistics/tenderos/productos-disponibles?tiendaId=bbbbbbbb-bbbb-4bbb-8bbb-bbbbbbbbbbbb&zona=Zona+Norte,200,62.893,
2026-08-31T04:08:19.274702+00:00,GET,http://localhost:3000/logistics/tenderos/productos-disponibles?tiendaId=bbbbbbbb-bbbb-4bbb-8bbb-bbbbbbbbbbbb&zona=Zona+Norte,200,63.980,
2026-08-31T04:08:19.308043+00:00,GET,http://localhost:3000/logistics/tenderos/productos-disponibles?tiendaId=bbbbbbbb-bbbb-4bbb-8bbb-bbbbbbbbbbbb&zona=Zona+Norte,200,63.267,
2026-08-31T04:08:19.341336+00:00,GET,http://localhost:3000/logistics/tenderos/productos-disponibles?tiendaId=bbbbbbbb-bbbb-4bbb-8bbb-bbbbbbbbbbbb&zona=Zona+Norte,200,59.313,
2026-08-31T04:08:19.374743+00:00,GET,http://localhost:3000/logistics/tenderos/productos-disponibles?tiendaId=bbbbbbbb-bbbb-4bbb-8bbb-bbbbbbbbbbbb&zona=Zona+Norte,200,58.800,
2026-08-31T04:08:19.408577+00:00,GET,http://localhost:3000/logistics/tenderos/productos-disponibles?tiendaId=bbbbbbbb-bbbb-4bbb-8bbb-bbbbbbbbbbbb&zona=Zona+Norte,200,58.599,
2026-08-31T04:08:19.441296+00:00,GET,http://localhost:3000/logistics/tenderos/productos-disponibles?tiendaId=bbbbbbbb-bbbb-4bbb-8bbb-bbbbbbbbbbbb&zona=Zona+Norte,200,58.700,
2026-08-31T04:08:19.475261+00:00,GET,http://localhost:3000/logistics/tenderos/productos-disponibles?tiendaId=bbbbbbbb-bbbb-4bbb-8bbb-bbbbbbbbbbbb&zona=Zona+Norte,200,61.196,
2026-08-31T04:08:19.508655+00:00,GET,http://localhost:3000/logistics/tenderos/productos-disponibles?tiendaId=bbbbbbbb-bbbb-4bbb-8bbb-bbbbbbbbbbbb&zona=Zona+Norte,200,61.578,
2026-08-31T04:08:19.541616+00:00,GET,http://localhost:3000/logistics/tenderos/productos-disponibles?tiendaId=bbbbbbbb-bbbb-4bbb-8bbb-bbbbbbbbbbbb&zona=Zona+Norte,200,62.078,
2026-08-31T04:08:19.574961+00:00,GET,http://localhost:3000/logistics/tenderos/productos-disponibles?tiendaId=bbbbbbbb-bbbb-4bbb-8bbb-bbbbbbbbbbbb&zona=Zona+Norte,200,61.824,
2026-08-31T04:08:19.608199+00:00,GET,http://localhost:3000/logistics/tenderos/productos-disponibles?tiendaId=bbbbbbbb-bbbb-4bbb-8bbb-bbbbbbbbbbbb&zona=Zona+Norte,200,57.618,
2026-08-31T04:08:19.641544+00:00,GET,http://localhost:3000/logistics/tenderos/productos-disponibles?tiendaId=bbbbbbbb-bbbb-4bbb-8bbb-bbbbbbbbbbbb&zona=Zona+Norte,200,58.503,
2026-08-31T04:08:19.675219+00:00,GET,http://localhost:3000/logistics/tenderos/productos-disponibles?tiendaId=bbbbbbbb-bbbb-4bbb-8bbb-bbbbbbbbbbbb&zona=Zona+Norte,200,60.612,
2026-08-31T04:08:19.708661+00:00,GET,http://localhost:3000/logistics/tenderos/productos-disponibles?tiendaId=bbbbbbbb-bbbb-4bbb-8bbb-bbbbbbbbbbbb&zona=Zona+Norte,200,60.295,
2026-08-31T04:08:19.741680+00:00,GET,http://localhost:3000/logistics/tenderos/productos-disponibles?tiendaId=bbbbbbbb-bbbb-4bbb-8bbb-bbbbbbbbbbbb&zona=Zona+Norte,200,60.905,
2026-08-31T04:08:19.775030+00:00,GET,http://localhost:3000/logistics/tenderos/productos-disponibles?tiendaId=bbbbbbbb-bbbb-4bbb-8bbb-bbbbbbbbbbbb&zona=Zona+Norte,200,57.717,
2026-08-31T04:08:19.808354+00:00,GET,http://localhost:3000/logistics/tenderos/productos-disponibles?tiendaId=bbbbbbbb-bbbb-4bbb-8bbb-bbbbbbbbbbbb&zona=Zona+Norte,200,58.602,
2026-08-31T04:08:19.842061+00:00,GET,http://localhost:3000/logistics/tenderos/productos-disponibles?tiendaId=bbbbbbbb-bbbb-4bbb-8bbb-bbbbbbbbbbbb&zona=Zona+Norte,200,61.764,
2026-08-31T04:08:19.874799+00:00,GET,http://localhost:3000/logistics/tenderos/productos-disponibles?tiendaId=bbbbbbbb-bbbb-4bbb-8bbb-bbbbbbbbbbbb&zona=Zona+Norte,200,58.070,
2026-08-31T04:08:19.908177+00:00,GET,http://localhost:3000/logistics/tenderos/productos-disponibles?tiendaId=bbbbbbbb-bbbb-4bbb-8bbb-bbbbbbbbbbbb&zona=Zona+Norte,200,61.128,
2026-08-31T04:08:19.942036+00:00,GET,http://localhost:3000/logistics/tenderos/productos-disponibles?tiendaId=bbbbbbbb-bbbb-4bbb-8bbb-bbbbbbbbbbbb&zona=Zona+Norte,200,57.354,
2026-08-31T04:08:19.975016+00:00,GET,http://localhost:3000/logistics/tenderos/productos-disponibles?tiendaId=bbbbbbbb-bbbb-4bbb-8bbb-bbbbbbbbbbbb&zona=Zona+Norte,200,60.709,
2026-08-31T04:08:20.008705+00:00,GET,http://localhost:3000/logistics/tenderos/productos-disponibles?tiendaId=bbbbbbbb-bbbb-4bbb-8bbb-bbbbbbbbbbbb&zona=Zona+Norte,200,57.747,
2026-08-31T04:08:20.041686+00:00,GET,http://localhost:3000/logistics/tenderos/productos-disponibles?tiendaId=bbbbbbbb-bbbb-4bbb-8bbb-bbbbbbbbbbbb&zona=Zona+Norte,200,57.849,
2026-08-31T04:08:20.075309+00:00,GET,http://localhost:3000/logistics/tenderos/productos-disponibles?tiendaId=bbbbbbbb-bbbb-4bbb-8bbb-bbbbbbbbbbbb&zona=Zona+Norte,200,60.876,
2026-08-31T04:08:20.108732+00:00,GET,http://localhost:3000/logistics/tenderos/productos-disponibles?tiendaId=bbbbbbbb-bbbb-4bbb-8bbb-bbbbbbbbbbbb&zona=Zona+Norte,200,61.521,
2026-08-31T04:08:20.141623+00:00,GET,http://localhost:3000/logistics/tenderos/productos-disponibles?tiendaId=bbbbbbbb-bbbb-4bbb-8bbb-bbbbbbbbbbbb&zona=Zona+Norte,200,58.903,
2026-08-31T04:08:20.174895+00:00,GET,http://localhost:3000/logistics/tenderos/productos-disponibles?tiendaId=bbbbbbbb-bbbb-4bbb-8bbb-bbbbbbbbbbbb&zona=Zona+Norte,200,58.253,
2026-08-31T04:08:20.208581+00:00,GET,http://localhost:3000/logistics/tenderos/productos-disponibles?tiendaId=bbbbbbbb-bbbb-4bbb-8bbb-bbbbbbbbbbbb&zona=Zona+Norte,200,59.858,
2026-08-31T04:08:20.242029+00:00,GET,http://localhost:3000/logistics/tenderos/productos-disponibles?tiendaId=bbbbbbbb-bbbb-4bbb-8bbb-bbbbbbbbbbbb&zona=Zona+Norte,200,60.620,
2026-08-31T04:08:20.275166+00:00,GET,http://localhost:3000/logistics/tenderos/productos-disponibles?tiendaId=bbbbbbbb-bbbb-4bbb-8bbb-bbbbbbbbbbbb&zona=Zona+Norte,200,61.060,
2026-08-31T04:08:20.308342+00:00,GET,http://localhost:3000/logistics/tenderos/productos-disponibles?tiendaId=bbbbbbbb-bbbb-4bbb-8bbb-bbbbbbbbbbbb&zona=Zona+Norte,200,61.113,
2026-08-31T04:08:20.341642+00:00,GET,http://localhost:3000/logistics/tenderos/productos-disponibles?tiendaId=bbbbbbbb-bbbb-4bbb-8bbb-bbbbbbbbbbbb&zona=Zona+Norte,200,57.131,
2026-08-31T04:08:20.374977+00:00,GET,http://localhost:3000/logistics/tenderos/productos-disponibles?tiendaId=bbbbbbbb-bbbb-4bbb-8bbb-bbbbbbbbbbbb&zona=Zona+Norte,200,61.484,
2026-08-31T04:08:20.408712+00:00,GET,http://localhost:3000/logistics/tenderos/productos-disponibles?tiendaId=bbbbbbbb-bbbb-4bbb-8bbb-bbbbbbbbbbbb&zona=Zona+Norte,200,61.052,
2026-08-31T04:08:20.441615+00:00,GET,http://localhost:3000/logistics/tenderos/productos-disponibles?tiendaId=bbbbbbbb-bbbb-4bbb-8bbb-bbbbbbbbbbbb&zona=Zona+Norte,200,60.940,
2026-08-31T04:08:20.474947+00:00,GET,http://localhost:3000/logistics/tenderos/productos-disponibles?tiendaId=bbbbbbbb-bbbb-4bbb-8bbb-bbbbbbbbbbbb&zona=Zona+Norte,200,56.960,
2026-08-31T04:08:20.508337+00:00,GET,http://localhost:3000/logistics/tenderos/productos-disponibles?tiendaId=bbbbbbbb-bbbb-4bbb-8bbb-bbbbbbbbbbbb&zona=Zona+Norte,200,60.111,
2026-08-31T04:08:20.542053+00:00,GET,http://localhost:3000/logistics/tenderos/productos-disponibles?tiendaId=bbbbbbbb-bbbb-4bbb-8bbb-bbbbbbbbbbbb&zona=Zona+Norte,200,58.330,
2026-08-31T04:08:20.575187+00:00,GET,http://localhost:3000/logistics/tenderos/productos-disponibles?tiendaId=bbbbbbbb-bbbb-4bbb-8bbb-bbbbbbbbbbbb&zona=Zona+Norte,200,58.116,
2026-08-31T04:08:20.608640+00:00,GET,http://localhost:3000/logistics/tenderos/productos-disponibles?tiendaId=bbbbbbbb-bbbb-4bbb-8bbb-bbbbbbbbbbbb&zona=Zona+Norte,200,57.040,
2026-08-31T04:08:20.642009+00:00,GET,http://localhost:3000/logistics/tenderos/productos-disponibles?tiendaId=bbbbbbbb-bbbb-4bbb-8bbb-bbbbbbbbbbbb&zona=Zona+Norte,200,60.547,
2026-08-31T04:08:20.675381+00:00,GET,http://localhost:3000/logistics/tenderos/productos-disponibles?tiendaId=bbbbbbbb-bbbb-4bbb-8bbb-bbbbbbbbbbbb&zona=Zona+Norte,200,57.891,
2026-08-31T04:08:20.708354+00:00,GET,http://localhost:3000/logistics/tenderos/productos-disponibles?tiendaId=bbbbbbbb-bbbb-4bbb-8bbb-bbbbbbbbbbbb&zona=Zona+Norte,200,58.232,
2026-08-31T04:08:20.742009+00:00,GET,http://localhost:3000/logistics/tenderos/productos-disponibles?tiendaId=bbbbbbbb-bbbb-4bbb-8bbb-bbbbbbbbbbbb&zona=Zona+Norte,200,61.031,
2026-08-31T04:08:20.775361+00:00,GET,http://localhost:3000/logistics/tenderos/productos-disponibles?tiendaId=bbbbbbbb-bbbb-4bbb-8bbb-bbbbbbbbbbbb&zona=Zona+Norte,200,57.749,
2026-08-31T04:08:20.808310+00:00,GET,http://localhost:3000/logistics/tenderos/productos-disponibles?tiendaId=bbbbbbbb-bbbb-4bbb-8bbb-bbbbbbbbbbbb&zona=Zona+Norte,200,60.112,
2026-08-31T04:08:20.841944+00:00,GET,http://localhost:3000/logistics/tenderos/productos-disponibles?tiendaId=bbbbbbbb-bbbb-4bbb-8bbb-bbbbbbbbbbbb&zona=Zona+Norte,200,58.243,
2026-08-31T04:08:20.875135+00:00,GET,http://localhost:3000/logistics/tenderos/productos-disponibles?tiendaId=bbbbbbbb-bbbb-4bbb-8bbb-bbbbbbbbbbbb&zona=Zona+Norte,200,58.463,
2026-08-31T04:08:20.908641+00:00,GET,http://localhost:3000/logistics/tenderos/productos-disponibles?tiendaId=bbbbbbbb-bbbb-4bbb-8bbb-bbbbbbbbbbbb&zona=Zona+Norte,200,58.439,
2026-08-31T04:08:20.941985+00:00,GET,http://localhost:3000/logistics/tenderos/productos-disponibles?tiendaId=bbbbbbbb-bbbb-4bbb-8bbb-bbbbbbbbbbbb&zona=Zona+Norte,200,59.623,
2026-08-31T04:08:20.974496+00:00,GET,http://localhost:3000/logistics/tenderos/productos-disponibles?tiendaId=bbbbbbbb-bbbb-4bbb-8bbb-bbbbbbbbbbbb&zona=Zona+Norte,200,57.119,
2026-08-31T04:08:21.008489+00:00,GET,http://localhost:3000/logistics/tenderos/productos-disponibles?tiendaId=bbbbbbbb-bbbb-4bbb-8bbb-bbbbbbbbbbbb&zona=Zona+Norte,200,54.514,
2026-08-31T04:08:21.042104+00:00,GET,http://localhost:3000/logistics/tenderos/productos-disponibles?tiendaId=bbbbbbbb-bbbb-4bbb-8bbb-bbbbbbbbbbbb&zona=Zona+Norte,200,59.256,
2026-08-31T04:08:21.075427+00:00,GET,http://localhost:3000/logistics/tenderos/productos-disponibles?tiendaId=bbbbbbbb-bbbb-4bbb-8bbb-bbbbbbbbbbbb&zona=Zona+Norte,200,58.785,
2026-08-31T04:08:21.108519+00:00,GET,http://localhost:3000/logistics/tenderos/productos-disponibles?tiendaId=bbbbbbbb-bbbb-4bbb-8bbb-bbbbbbbbbbbb&zona=Zona+Norte,200,58.850,
2026-08-31T04:08:21.141924+00:00,GET,http://localhost:3000/logistics/tenderos/productos-disponibles?tiendaId=bbbbbbbb-bbbb-4bbb-8bbb-bbbbbbbbbbbb&zona=Zona+Norte,200,55.833,
2026-08-31T04:08:21.174767+00:00,GET,http://localhost:3000/logistics/tenderos/productos-disponibles?tiendaId=bbbbbbbb-bbbb-4bbb-8bbb-bbbbbbbbbbbb&zona=Zona+Norte,200,56.008,
2026-08-31T04:08:21.208043+00:00,GET,http://localhost:3000/logistics/tenderos/productos-disponibles?tiendaId=bbbbbbbb-bbbb-4bbb-8bbb-bbbbbbbbbbbb&zona=Zona+Norte,200,60.521,
2026-08-31T04:08:21.242115+00:00,GET,http://localhost:3000/logistics/tenderos/productos-disponibles?tiendaId=bbbbbbbb-bbbb-4bbb-8bbb-bbbbbbbbbbbb&zona=Zona+Norte,200,56.113,
2026-08-31T04:08:21.275139+00:00,GET,http://localhost:3000/logistics/tenderos/productos-disponibles?tiendaId=bbbbbbbb-bbbb-4bbb-8bbb-bbbbbbbbbbbb&zona=Zona+Norte,200,55.494,
2026-08-31T04:08:21.308162+00:00,GET,http://localhost:3000/logistics/tenderos/productos-disponibles?tiendaId=bbbbbbbb-bbbb-4bbb-8bbb-bbbbbbbbbbbb&zona=Zona+Norte,200,59.201,
2026-08-31T04:08:21.342080+00:00,GET,http://localhost:3000/logistics/tenderos/productos-disponibles?tiendaId=bbbbbbbb-bbbb-4bbb-8bbb-bbbbbbbbbbbb&zona=Zona+Norte,200,54.945,
2026-08-31T04:08:21.375204+00:00,GET,http://localhost:3000/logistics/tenderos/productos-disponibles?tiendaId=bbbbbbbb-bbbb-4bbb-8bbb-bbbbbbbbbbbb&zona=Zona+Norte,200,55.526,
2026-08-31T04:08:21.408755+00:00,GET,http://localhost:3000/logistics/tenderos/productos-disponibles?tiendaId=bbbbbbbb-bbbb-4bbb-8bbb-bbbbbbbbbbbb&zona=Zona+Norte,200,55.721,
2026-08-31T04:08:21.442163+00:00,GET,http://localhost:3000/logistics/tenderos/productos-disponibles?tiendaId=bbbbbbbb-bbbb-4bbb-8bbb-bbbbbbbbbbbb&zona=Zona+Norte,200,58.952,
2026-08-31T04:08:21.475442+00:00,GET,http://localhost:3000/logistics/tenderos/productos-disponibles?tiendaId=bbbbbbbb-bbbb-4bbb-8bbb-bbbbbbbbbbbb&zona=Zona+Norte,200,56.461,
2026-08-31T04:08:21.508559+00:00,GET,http://localhost:3000/logistics/tenderos/productos-disponibles?tiendaId=bbbbbbbb-bbbb-4bbb-8bbb-bbbbbbbbbbbb&zona=Zona+Norte,200,58.322,
2026-08-31T04:08:21.542103+00:00,GET,http://localhost:3000/logistics/tenderos/productos-disponibles?tiendaId=bbbbbbbb-bbbb-4bbb-8bbb-bbbbbbbbbbbb&zona=Zona+Norte,200,56.809,
2026-08-31T04:08:21.575438+00:00,GET,http://localhost:3000/logistics/tenderos/productos-disponibles?tiendaId=bbbbbbbb-bbbb-4bbb-8bbb-bbbbbbbbbbbb&zona=Zona+Norte,200,61.379,
2026-08-31T04:08:21.608765+00:00,GET,http://localhost:3000/logistics/tenderos/productos-disponibles?tiendaId=bbbbbbbb-bbbb-4bbb-8bbb-bbbbbbbbbbbb&zona=Zona+Norte,200,58.329,
2026-08-31T04:08:21.641220+00:00,GET,http://localhost:3000/logistics/tenderos/productos-disponibles?tiendaId=bbbbbbbb-bbbb-4bbb-8bbb-bbbbbbbbbbbb&zona=Zona+Norte,200,63.336,
2026-08-31T04:08:21.675321+00:00,GET,http://localhost:3000/logistics/tenderos/productos-disponibles?tiendaId=bbbbbbbb-bbbb-4bbb-8bbb-bbbbbbbbbbbb&zona=Zona+Norte,200,63.757,
2026-08-31T04:08:21.708133+00:00,GET,http://localhost:3000/logistics/tenderos/productos-disponibles?tiendaId=bbbbbbbb-bbbb-4bbb-8bbb-bbbbbbbbbbbb&zona=Zona+Norte,200,65.596,
2026-08-31T04:08:21.741338+00:00,GET,http://localhost:3000/logistics/tenderos/productos-disponibles?tiendaId=bbbbbbbb-bbbb-4bbb-8bbb-bbbbbbbbbbbb&zona=Zona+Norte,200,64.314,
2026-08-31T04:08:21.774471+00:00,GET,http://localhost:3000/logistics/tenderos/productos-disponibles?tiendaId=bbbbbbbb-bbbb-4bbb-8bbb-bbbbbbbbbbbb&zona=Zona+Norte,200,61.532,
2026-08-31T04:08:21.807973+00:00,GET,http://localhost:3000/logistics/tenderos/productos-disponibles?tiendaId=bbbbbbbb-bbbb-4bbb-8bbb-bbbbbbbbbbbb&zona=Zona+Norte,200,64.015,
2026-08-31T04:08:21.841738+00:00,GET,http://localhost:3000/logistics/tenderos/productos-disponibles?tiendaId=bbbbbbbb-bbbb-4bbb-8bbb-bbbbbbbbbbbb&zona=Zona+Norte,200,63.174,
2026-08-31T04:08:21.874723+00:00,GET,http://localhost:3000/logistics/tenderos/productos-disponibles?tiendaId=bbbbbbbb-bbbb-4bbb-8bbb-bbbbbbbbbbbb&zona=Zona+Norte,200,62.181,
2026-08-31T04:08:21.908089+00:00,GET,http://localhost:3000/logistics/tenderos/productos-disponibles?tiendaId=bbbbbbbb-bbbb-4bbb-8bbb-bbbbbbbbbbbb&zona=Zona+Norte,200,58.120,
2026-08-31T04:08:21.941622+00:00,GET,http://localhost:3000/logistics/tenderos/productos-disponibles?tiendaId=bbbbbbbb-bbbb-4bbb-8bbb-bbbbbbbbbbbb&zona=Zona+Norte,200,63.061,
2026-08-31T04:08:21.975436+00:00,GET,http://localhost:3000/logistics/tenderos/productos-disponibles?tiendaId=bbbbbbbb-bbbb-4bbb-8bbb-bbbbbbbbbbbb&zona=Zona+Norte,200,59.446,
2026-08-31T04:08:22.008161+00:00,GET,http://localhost:3000/logistics/tenderos/productos-disponibles?tiendaId=bbbbbbbb-bbbb-4bbb-8bbb-bbbbbbbbbbbb&zona=Zona+Norte,200,62.842,
2026-08-31T04:08:22.041810+00:00,GET,http://localhost:3000/logistics/tenderos/productos-disponibles?tiendaId=bbbbbbbb-bbbb-4bbb-8bbb-bbbbbbbbbbbb&zona=Zona+Norte,200,59.439,
2026-08-31T04:08:22.074816+00:00,GET,http://localhost:3000/logistics/tenderos/productos-disponibles?tiendaId=bbbbbbbb-bbbb-4bbb-8bbb-bbbbbbbbbbbb&zona=Zona+Norte,200,64.072,
2026-08-31T04:08:22.108579+00:00,GET,http://localhost:3000/logistics/tenderos/productos-disponibles?tiendaId=bbbbbbbb-bbbb-4bbb-8bbb-bbbbbbbbbbbb&zona=Zona+Norte,200,59.675,
2026-08-31T04:08:22.141331+00:00,GET,http://localhost:3000/logistics/tenderos/productos-disponibles?tiendaId=bbbbbbbb-bbbb-4bbb-8bbb-bbbbbbbbbbbb&zona=Zona+Norte,200,63.441,
2026-08-31T04:08:22.176085+00:00,GET,http://localhost:3000/logistics/tenderos/productos-disponibles?tiendaId=bbbbbbbb-bbbb-4bbb-8bbb-bbbbbbbbbbbb&zona=Zona+Norte,200,62.166,
2026-08-31T04:08:22.208105+00:00,GET,http://localhost:3000/logistics/tenderos/productos-disponibles?tiendaId=bbbbbbbb-bbbb-4bbb-8bbb-bbbbbbbbbbbb&zona=Zona+Norte,200,60.498,
2026-08-31T04:08:22.241424+00:00,GET,http://localhost:3000/logistics/tenderos/productos-disponibles?tiendaId=bbbbbbbb-bbbb-4bbb-8bbb-bbbbbbbbbbbb&zona=Zona+Norte,200,64.307,
2026-08-31T04:08:22.275181+00:00,GET,http://localhost:3000/logistics/tenderos/productos-disponibles?tiendaId=bbbbbbbb-bbbb-4bbb-8bbb-bbbbbbbbbbbb&zona=Zona+Norte,200,63.544,
2026-08-31T04:08:22.307967+00:00,GET,http://localhost:3000/logistics/tenderos/productos-disponibles?tiendaId=bbbbbbbb-bbbb-4bbb-8bbb-bbbbbbbbbbbb&zona=Zona+Norte,200,64.432,
2026-08-31T04:08:22.341378+00:00,GET,http://localhost:3000/logistics/tenderos/productos-disponibles?tiendaId=bbbbbbbb-bbbb-4bbb-8bbb-bbbbbbbbbbbb&zona=Zona+Norte,200,58.434,
2026-08-31T04:08:22.374672+00:00,GET,http://localhost:3000/logistics/tenderos/productos-disponibles?tiendaId=bbbbbbbb-bbbb-4bbb-8bbb-bbbbbbbbbbbb&zona=Zona+Norte,200,63.986,
2026-08-31T04:08:22.408739+00:00,GET,http://localhost:3000/logistics/tenderos/productos-disponibles?tiendaId=bbbbbbbb-bbbb-4bbb-8bbb-bbbbbbbbbbbb&zona=Zona+Norte,200,60.488,
2026-08-31T04:08:22.441354+00:00,GET,http://localhost:3000/logistics/tenderos/productos-disponibles?tiendaId=bbbbbbbb-bbbb-4bbb-8bbb-bbbbbbbbbbbb&zona=Zona+Norte,200,59.903,
2026-08-31T04:08:22.475129+00:00,GET,http://localhost:3000/logistics/tenderos/productos-disponibles?tiendaId=bbbbbbbb-bbbb-4bbb-8bbb-bbbbbbbbbbbb&zona=Zona+Norte,200,62.291,
2026-08-31T04:08:22.508013+00:00,GET,http://localhost:3000/logistics/tenderos/productos-disponibles?tiendaId=bbbbbbbb-bbbb-4bbb-8bbb-bbbbbbbbbbbb&zona=Zona+Norte,200,62.993,
2026-08-31T04:08:22.541508+00:00,GET,http://localhost:3000/logistics/tenderos/productos-disponibles?tiendaId=bbbbbbbb-bbbb-4bbb-8bbb-bbbbbbbbbbbb&zona=Zona+Norte,200,60.025,
2026-08-31T04:08:22.574950+00:00,GET,http://localhost:3000/logistics/tenderos/productos-disponibles?tiendaId=bbbbbbbb-bbbb-4bbb-8bbb-bbbbbbbbbbbb&zona=Zona+Norte,200,63.356,
2026-08-31T04:08:22.608142+00:00,GET,http://localhost:3000/logistics/tenderos/productos-disponibles?tiendaId=bbbbbbbb-bbbb-4bbb-8bbb-bbbbbbbbbbbb&zona=Zona+Norte,200,65.314,
2026-08-31T04:08:22.641433+00:00,GET,http://localhost:3000/logistics/tenderos/productos-disponibles?tiendaId=bbbbbbbb-bbbb-4bbb-8bbb-bbbbbbbbbbbb&zona=Zona+Norte,200,63.853,
2026-08-31T04:08:22.674532+00:00,GET,http://localhost:3000/logistics/tenderos/productos-disponibles?tiendaId=bbbbbbbb-bbbb-4bbb-8bbb-bbbbbbbbbbbb&zona=Zona+Norte,200,62.853,
2026-08-31T04:08:22.708064+00:00,GET,http://localhost:3000/logistics/tenderos/productos-disponibles?tiendaId=bbbbbbbb-bbbb-4bbb-8bbb-bbbbbbbbbbbb&zona=Zona+Norte,200,61.617,
2026-08-31T04:08:22.741529+00:00,GET,http://localhost:3000/logistics/tenderos/productos-disponibles?tiendaId=bbbbbbbb-bbbb-4bbb-8bbb-bbbbbbbbbbbb&zona=Zona+Norte,200,60.464,
2026-08-31T04:08:22.775032+00:00,GET,http://localhost:3000/logistics/tenderos/productos-disponibles?tiendaId=bbbbbbbb-bbbb-4bbb-8bbb-bbbbbbbbbbbb&zona=Zona+Norte,200,56.869,
2026-08-31T04:08:22.808477+00:00,GET,http://localhost:3000/logistics/tenderos/productos-disponibles?tiendaId=bbbbbbbb-bbbb-4bbb-8bbb-bbbbbbbbbbbb&zona=Zona+Norte,200,57.625,
2026-08-31T04:08:22.842111+00:00,GET,http://localhost:3000/logistics/tenderos/productos-disponibles?tiendaId=bbbbbbbb-bbbb-4bbb-8bbb-bbbbbbbbbbbb&zona=Zona+Norte,200,55.344,
2026-08-31T04:08:22.875430+00:00,GET,http://localhost:3000/logistics/tenderos/productos-disponibles?tiendaId=bbbbbbbb-bbbb-4bbb-8bbb-bbbbbbbbbbbb&zona=Zona+Norte,200,55.825,
2026-08-31T04:08:22.908774+00:00,GET,http://localhost:3000/logistics/tenderos/productos-disponibles?tiendaId=bbbbbbbb-bbbb-4bbb-8bbb-bbbbbbbbbbbb&zona=Zona+Norte,200,54.065,
2026-08-31T04:08:22.942100+00:00,GET,http://localhost:3000/logistics/tenderos/productos-disponibles?tiendaId=bbbbbbbb-bbbb-4bbb-8bbb-bbbbbbbbbbbb&zona=Zona+Norte,200,58.555,
2026-08-31T04:08:22.975454+00:00,GET,http://localhost:3000/logistics/tenderos/productos-disponibles?tiendaId=bbbbbbbb-bbbb-4bbb-8bbb-bbbbbbbbbbbb&zona=Zona+Norte,200,56.179,
2026-08-31T04:08:23.008630+00:00,GET,http://localhost:3000/logistics/tenderos/productos-disponibles?tiendaId=bbbbbbbb-bbbb-4bbb-8bbb-bbbbbbbbbbbb&zona=Zona+Norte,200,59.513,
2026-08-31T04:08:23.042102+00:00,GET,http://localhost:3000/logistics/tenderos/productos-disponibles?tiendaId=bbbbbbbb-bbbb-4bbb-8bbb-bbbbbbbbbbbb&zona=Zona+Norte,200,58.056,
2026-08-31T04:08:23.075200+00:00,GET,http://localhost:3000/logistics/tenderos/productos-disponibles?tiendaId=bbbbbbbb-bbbb-4bbb-8bbb-bbbbbbbbbbbb&zona=Zona+Norte,200,56.137,
2026-08-31T04:08:23.108618+00:00,GET,http://localhost:3000/logistics/tenderos/productos-disponibles?tiendaId=bbbbbbbb-bbbb-4bbb-8bbb-bbbbbbbbbbbb&zona=Zona+Norte,200,57.339,
2026-08-31T04:08:23.142109+00:00,GET,http://localhost:3000/logistics/tenderos/productos-disponibles?tiendaId=bbbbbbbb-bbbb-4bbb-8bbb-bbbbbbbbbbbb&zona=Zona+Norte,200,58.559,
2026-08-31T04:08:23.175446+00:00,GET,http://localhost:3000/logistics/tenderos/productos-disponibles?tiendaId=bbbbbbbb-bbbb-4bbb-8bbb-bbbbbbbbbbbb&zona=Zona+Norte,200,62.505,
2026-08-31T04:08:23.208659+00:00,GET,http://localhost:3000/logistics/tenderos/productos-disponibles?tiendaId=bbbbbbbb-bbbb-4bbb-8bbb-bbbbbbbbbbbb&zona=Zona+Norte,200,63.080,
2026-08-31T04:08:23.241470+00:00,GET,http://localhost:3000/logistics/tenderos/productos-disponibles?tiendaId=bbbbbbbb-bbbb-4bbb-8bbb-bbbbbbbbbbbb&zona=Zona+Norte,200,63.804,
2026-08-31T04:08:23.274749+00:00,GET,http://localhost:3000/logistics/tenderos/productos-disponibles?tiendaId=bbbbbbbb-bbbb-4bbb-8bbb-bbbbbbbbbbbb&zona=Zona+Norte,200,63.590,
2026-08-31T04:08:23.308045+00:00,GET,http://localhost:3000/logistics/tenderos/productos-disponibles?tiendaId=bbbbbbbb-bbbb-4bbb-8bbb-bbbbbbbbbbbb&zona=Zona+Norte,200,60.669,
2026-08-31T04:08:23.341465+00:00,GET,http://localhost:3000/logistics/tenderos/productos-disponibles?tiendaId=bbbbbbbb-bbbb-4bbb-8bbb-bbbbbbbbbbbb&zona=Zona+Norte,200,63.789,
2026-08-31T04:08:23.375314+00:00,GET,http://localhost:3000/logistics/tenderos/productos-disponibles?tiendaId=bbbbbbbb-bbbb-4bbb-8bbb-bbbbbbbbbbbb&zona=Zona+Norte,200,64.031,
2026-08-31T04:08:23.408074+00:00,GET,http://localhost:3000/logistics/tenderos/productos-disponibles?tiendaId=bbbbbbbb-bbbb-4bbb-8bbb-bbbbbbbbbbbb&zona=Zona+Norte,200,60.781,
2026-08-31T04:08:23.441288+00:00,GET,http://localhost:3000/logistics/tenderos/productos-disponibles?tiendaId=bbbbbbbb-bbbb-4bbb-8bbb-bbbbbbbbbbbb&zona=Zona+Norte,200,64.066,
2026-08-31T04:08:23.475118+00:00,GET,http://localhost:3000/logistics/tenderos/productos-disponibles?tiendaId=bbbbbbbb-bbbb-4bbb-8bbb-bbbbbbbbbbbb&zona=Zona+Norte,200,62.486,
2026-08-31T04:08:23.508047+00:00,GET,http://localhost:3000/logistics/tenderos/productos-disponibles?tiendaId=bbbbbbbb-bbbb-4bbb-8bbb-bbbbbbbbbbbb&zona=Zona+Norte,200,64.335,
2026-08-31T04:08:23.541537+00:00,GET,http://localhost:3000/logistics/tenderos/productos-disponibles?tiendaId=bbbbbbbb-bbbb-4bbb-8bbb-bbbbbbbbbbbb&zona=Zona+Norte,200,59.385,
2026-08-31T04:08:23.574772+00:00,GET,http://localhost:3000/logistics/tenderos/productos-disponibles?tiendaId=bbbbbbbb-bbbb-4bbb-8bbb-bbbbbbbbbbbb&zona=Zona+Norte,200,60.891,
2026-08-31T04:08:23.608590+00:00,GET,http://localhost:3000/logistics/tenderos/productos-disponibles?tiendaId=bbbbbbbb-bbbb-4bbb-8bbb-bbbbbbbbbbbb&zona=Zona+Norte,200,62.800,
2026-08-31T04:08:23.641756+00:00,GET,http://localhost:3000/logistics/tenderos/productos-disponibles?tiendaId=bbbbbbbb-bbbb-4bbb-8bbb-bbbbbbbbbbbb&zona=Zona+Norte,200,59.007,
2026-08-31T04:08:23.674834+00:00,GET,http://localhost:3000/logistics/tenderos/productos-disponibles?tiendaId=bbbbbbbb-bbbb-4bbb-8bbb-bbbbbbbbbbbb&zona=Zona+Norte,200,60.377,
2026-08-31T04:08:23.708639+00:00,GET,http://localhost:3000/logistics/tenderos/productos-disponibles?tiendaId=bbbbbbbb-bbbb-4bbb-8bbb-bbbbbbbbbbbb&zona=Zona+Norte,200,63.524,
2026-08-31T04:08:23.741854+00:00,GET,http://localhost:3000/logistics/tenderos/productos-disponibles?tiendaId=bbbbbbbb-bbbb-4bbb-8bbb-bbbbbbbbbbbb&zona=Zona+Norte,200,62.801,
2026-08-31T04:08:23.774712+00:00,GET,http://localhost:3000/logistics/tenderos/productos-disponibles?tiendaId=bbbbbbbb-bbbb-4bbb-8bbb-bbbbbbbbbbbb&zona=Zona+Norte,200,67.641,
2026-08-31T04:08:23.808158+00:00,GET,http://localhost:3000/logistics/tenderos/productos-disponibles?tiendaId=bbbbbbbb-bbbb-4bbb-8bbb-bbbbbbbbbbbb&zona=Zona+Norte,200,66.369,
2026-08-31T04:08:23.841281+00:00,GET,http://localhost:3000/logistics/tenderos/productos-disponibles?tiendaId=bbbbbbbb-bbbb-4bbb-8bbb-bbbbbbbbbbbb&zona=Zona+Norte,200,66.064,
2026-08-31T04:08:23.874557+00:00,GET,http://localhost:3000/logistics/tenderos/productos-disponibles?tiendaId=bbbbbbbb-bbbb-4bbb-8bbb-bbbbbbbbbbbb&zona=Zona+Norte,200,60.522,
2026-08-31T04:08:23.907764+00:00,GET,http://localhost:3000/logistics/tenderos/productos-disponibles?tiendaId=bbbbbbbb-bbbb-4bbb-8bbb-bbbbbbbbbbbb&zona=Zona+Norte,200,63.265,
2026-08-31T04:08:23.941843+00:00,GET,http://localhost:3000/logistics/tenderos/productos-disponibles?tiendaId=bbbbbbbb-bbbb-4bbb-8bbb-bbbbbbbbbbbb&zona=Zona+Norte,200,61.864,
2026-08-31T04:08:23.974550+00:00,GET,http://localhost:3000/logistics/tenderos/productos-disponibles?tiendaId=bbbbbbbb-bbbb-4bbb-8bbb-bbbbbbbbbbbb&zona=Zona+Norte,200,63.674,
2026-08-31T04:08:24.008113+00:00,GET,http://localhost:3000/logistics/tenderos/productos-disponibles?tiendaId=bbbbbbbb-bbbb-4bbb-8bbb-bbbbbbbbbbbb&zona=Zona+Norte,200,60.598,
2026-08-31T04:08:24.041492+00:00,GET,http://localhost:3000/logistics/tenderos/productos-disponibles?tiendaId=bbbbbbbb-bbbb-4bbb-8bbb-bbbbbbbbbbbb&zona=Zona+Norte,200,62.295,
2026-08-31T04:08:24.074586+00:00,GET,http://localhost:3000/logistics/tenderos/productos-disponibles?tiendaId=bbbbbbbb-bbbb-4bbb-8bbb-bbbbbbbbbbbb&zona=Zona+Norte,200,64.191,
2026-08-31T04:08:24.108242+00:00,GET,http://localhost:3000/logistics/tenderos/productos-disponibles?tiendaId=bbbbbbbb-bbbb-4bbb-8bbb-bbbbbbbbbbbb&zona=Zona+Norte,200,64.042,
2026-08-31T04:08:24.141371+00:00,GET,http://localhost:3000/logistics/tenderos/productos-disponibles?tiendaId=bbbbbbbb-bbbb-4bbb-8bbb-bbbbbbbbbbbb&zona=Zona+Norte,200,59.926,
2026-08-31T04:08:24.174724+00:00,GET,http://localhost:3000/logistics/tenderos/productos-disponibles?tiendaId=bbbbbbbb-bbbb-4bbb-8bbb-bbbbbbbbbbbb&zona=Zona+Norte,200,62.835,
2026-08-31T04:08:24.208369+00:00,GET,http://localhost:3000/logistics/tenderos/productos-disponibles?tiendaId=bbbbbbbb-bbbb-4bbb-8bbb-bbbbbbbbbbbb&zona=Zona+Norte,200,63.602,
2026-08-31T04:08:24.241477+00:00,GET,http://localhost:3000/logistics/tenderos/productos-disponibles?tiendaId=bbbbbbbb-bbbb-4bbb-8bbb-bbbbbbbbbbbb&zona=Zona+Norte,200,59.258,
2026-08-31T04:08:24.274775+00:00,GET,http://localhost:3000/logistics/tenderos/productos-disponibles?tiendaId=bbbbbbbb-bbbb-4bbb-8bbb-bbbbbbbbbbbb&zona=Zona+Norte,200,63.095,
2026-08-31T04:08:24.308674+00:00,GET,http://localhost:3000/logistics/tenderos/productos-disponibles?tiendaId=bbbbbbbb-bbbb-4bbb-8bbb-bbbbbbbbbbbb&zona=Zona+Norte,200,59.393,
2026-08-31T04:08:24.341527+00:00,GET,http://localhost:3000/logistics/tenderos/productos-disponibles?tiendaId=bbbbbbbb-bbbb-4bbb-8bbb-bbbbbbbbbbbb&zona=Zona+Norte,200,63.517,
2026-08-31T04:08:24.375352+00:00,GET,http://localhost:3000/logistics/tenderos/productos-disponibles?tiendaId=bbbbbbbb-bbbb-4bbb-8bbb-bbbbbbbbbbbb&zona=Zona+Norte,200,62.814,
2026-08-31T04:08:24.408101+00:00,GET,http://localhost:3000/logistics/tenderos/productos-disponibles?tiendaId=bbbbbbbb-bbbb-4bbb-8bbb-bbbbbbbbbbbb&zona=Zona+Norte,200,60.971,
2026-08-31T04:08:24.441471+00:00,GET,http://localhost:3000/logistics/tenderos/productos-disponibles?tiendaId=bbbbbbbb-bbbb-4bbb-8bbb-bbbbbbbbbbbb&zona=Zona+Norte,200,58.481,
2026-08-31T04:08:24.475094+00:00,GET,http://localhost:3000/logistics/tenderos/productos-disponibles?tiendaId=bbbbbbbb-bbbb-4bbb-8bbb-bbbbbbbbbbbb&zona=Zona+Norte,200,59.091,
2026-08-31T04:08:24.508741+00:00,GET,http://localhost:3000/logistics/tenderos/productos-disponibles?tiendaId=bbbbbbbb-bbbb-4bbb-8bbb-bbbbbbbbbbbb&zona=Zona+Norte,200,58.363,
2026-08-31T04:08:24.541950+00:00,GET,http://localhost:3000/logistics/tenderos/productos-disponibles?tiendaId=bbbbbbbb-bbbb-4bbb-8bbb-bbbbbbbbbbbb&zona=Zona+Norte,200,62.370,
2026-08-31T04:08:24.575207+00:00,GET,http://localhost:3000/logistics/tenderos/productos-disponibles?tiendaId=bbbbbbbb-bbbb-4bbb-8bbb-bbbbbbbbbbbb&zona=Zona+Norte,200,57.812,
2026-08-31T04:08:24.608002+00:00,GET,http://localhost:3000/logistics/tenderos/productos-disponibles?tiendaId=bbbbbbbb-bbbb-4bbb-8bbb-bbbbbbbbbbbb&zona=Zona+Norte,200,61.498,
2026-08-31T04:08:24.642104+00:00,GET,http://localhost:3000/logistics/tenderos/productos-disponibles?tiendaId=bbbbbbbb-bbbb-4bbb-8bbb-bbbbbbbbbbbb&zona=Zona+Norte,200,58.268,
2026-08-31T04:08:24.675002+00:00,GET,http://localhost:3000/logistics/tenderos/productos-disponibles?tiendaId=bbbbbbbb-bbbb-4bbb-8bbb-bbbbbbbbbbbb&zona=Zona+Norte,200,59.188,
2026-08-31T04:08:24.708687+00:00,GET,http://localhost:3000/logistics/tenderos/productos-disponibles?tiendaId=bbbbbbbb-bbbb-4bbb-8bbb-bbbbbbbbbbbb&zona=Zona+Norte,200,61.312,
2026-08-31T04:08:24.741963+00:00,GET,http://localhost:3000/logistics/tenderos/productos-disponibles?tiendaId=bbbbbbbb-bbbb-4bbb-8bbb-bbbbbbbbbbbb&zona=Zona+Norte,200,58.432,
2026-08-31T04:08:24.774966+00:00,GET,http://localhost:3000/logistics/tenderos/productos-disponibles?tiendaId=bbbbbbbb-bbbb-4bbb-8bbb-bbbbbbbbbbbb&zona=Zona+Norte,200,61.113,
2026-08-31T04:08:24.808677+00:00,GET,http://localhost:3000/logistics/tenderos/productos-disponibles?tiendaId=bbbbbbbb-bbbb-4bbb-8bbb-bbbbbbbbbbbb&zona=Zona+Norte,200,64.573,
2026-08-31T04:08:24.841724+00:00,GET,http://localhost:3000/logistics/tenderos/productos-disponibles?tiendaId=bbbbbbbb-bbbb-4bbb-8bbb-bbbbbbbbbbbb&zona=Zona+Norte,200,67.637,
2026-08-31T04:08:24.874567+00:00,GET,http://localhost:3000/logistics/tenderos/productos-disponibles?tiendaId=bbbbbbbb-bbbb-4bbb-8bbb-bbbbbbbbbbbb&zona=Zona+Norte,200,61.591,
2026-08-31T04:08:24.908383+00:00,GET,http://localhost:3000/logistics/tenderos/productos-disponibles?tiendaId=bbbbbbbb-bbbb-4bbb-8bbb-bbbbbbbbbbbb&zona=Zona+Norte,200,63.022,
2026-08-31T04:08:24.941717+00:00,GET,http://localhost:3000/logistics/tenderos/productos-disponibles?tiendaId=bbbbbbbb-bbbb-4bbb-8bbb-bbbbbbbbbbbb&zona=Zona+Norte,200,58.474,
2026-08-31T04:08:24.974821+00:00,GET,http://localhost:3000/logistics/tenderos/productos-disponibles?tiendaId=bbbbbbbb-bbbb-4bbb-8bbb-bbbbbbbbbbbb&zona=Zona+Norte,200,60.546,
2026-08-31T04:08:25.008714+00:00,GET,http://localhost:3000/logistics/tenderos/productos-disponibles?tiendaId=bbbbbbbb-bbbb-4bbb-8bbb-bbbbbbbbbbbb&zona=Zona+Norte,200,57.616,
2026-08-31T04:08:25.041819+00:00,GET,http://localhost:3000/logistics/tenderos/productos-disponibles?tiendaId=bbbbbbbb-bbbb-4bbb-8bbb-bbbbbbbbbbbb&zona=Zona+Norte,200,58.404,
2026-08-31T04:08:25.075435+00:00,GET,http://localhost:3000/logistics/tenderos/productos-disponibles?tiendaId=bbbbbbbb-bbbb-4bbb-8bbb-bbbbbbbbbbbb&zona=Zona+Norte,200,61.791,
2026-08-31T04:08:25.108716+00:00,GET,http://localhost:3000/logistics/tenderos/productos-disponibles?tiendaId=bbbbbbbb-bbbb-4bbb-8bbb-bbbbbbbbbbbb&zona=Zona+Norte,200,59.150,
2026-08-31T04:08:25.141589+00:00,GET,http://localhost:3000/logistics/tenderos/productos-disponibles?tiendaId=bbbbbbbb-bbbb-4bbb-8bbb-bbbbbbbbbbbb&zona=Zona+Norte,200,58.209,
2026-08-31T04:08:25.175282+00:00,GET,http://localhost:3000/logistics/tenderos/productos-disponibles?tiendaId=bbbbbbbb-bbbb-4bbb-8bbb-bbbbbbbbbbbb&zona=Zona+Norte,200,59.916,
2026-08-31T04:08:25.208763+00:00,GET,http://localhost:3000/logistics/tenderos/productos-disponibles?tiendaId=bbbbbbbb-bbbb-4bbb-8bbb-bbbbbbbbbbbb&zona=Zona+Norte,200,60.753,
2026-08-31T04:08:25.241814+00:00,GET,http://localhost:3000/logistics/tenderos/productos-disponibles?tiendaId=bbbbbbbb-bbbb-4bbb-8bbb-bbbbbbbbbbbb&zona=Zona+Norte,200,61.828,
2026-08-31T04:08:25.275063+00:00,GET,http://localhost:3000/logistics/tenderos/productos-disponibles?tiendaId=bbbbbbbb-bbbb-4bbb-8bbb-bbbbbbbbbbbb&zona=Zona+Norte,200,61.657,
2026-08-31T04:08:25.308275+00:00,GET,http://localhost:3000/logistics/tenderos/productos-disponibles?tiendaId=bbbbbbbb-bbbb-4bbb-8bbb-bbbbbbbbbbbb&zona=Zona+Norte,200,58.610,
2026-08-31T04:08:25.341637+00:00,GET,http://localhost:3000/logistics/tenderos/productos-disponibles?tiendaId=bbbbbbbb-bbbb-4bbb-8bbb-bbbbbbbbbbbb&zona=Zona+Norte,200,58.189,
2026-08-31T04:08:25.375376+00:00,GET,http://localhost:3000/logistics/tenderos/productos-disponibles?tiendaId=bbbbbbbb-bbbb-4bbb-8bbb-bbbbbbbbbbbb&zona=Zona+Norte,200,60.848,
2026-08-31T04:08:25.408463+00:00,GET,http://localhost:3000/logistics/tenderos/productos-disponibles?tiendaId=bbbbbbbb-bbbb-4bbb-8bbb-bbbbbbbbbbbb&zona=Zona+Norte,200,61.197,
2026-08-31T04:08:25.441716+00:00,GET,http://localhost:3000/logistics/tenderos/productos-disponibles?tiendaId=bbbbbbbb-bbbb-4bbb-8bbb-bbbbbbbbbbbb&zona=Zona+Norte,200,57.493,
2026-08-31T04:08:25.475049+00:00,GET,http://localhost:3000/logistics/tenderos/productos-disponibles?tiendaId=bbbbbbbb-bbbb-4bbb-8bbb-bbbbbbbbbbbb&zona=Zona+Norte,200,59.765,
2026-08-31T04:08:25.508806+00:00,GET,http://localhost:3000/logistics/tenderos/productos-disponibles?tiendaId=bbbbbbbb-bbbb-4bbb-8bbb-bbbbbbbbbbbb&zona=Zona+Norte,200,64.371,
2026-08-31T04:08:25.541950+00:00,GET,http://localhost:3000/logistics/tenderos/productos-disponibles?tiendaId=bbbbbbbb-bbbb-4bbb-8bbb-bbbbbbbbbbbb&zona=Zona+Norte,200,61.729,
2026-08-31T04:08:25.574677+00:00,GET,http://localhost:3000/logistics/tenderos/productos-disponibles?tiendaId=bbbbbbbb-bbbb-4bbb-8bbb-bbbbbbbbbbbb&zona=Zona+Norte,200,60.383,
2026-08-31T04:08:25.608338+00:00,GET,http://localhost:3000/logistics/tenderos/productos-disponibles?tiendaId=bbbbbbbb-bbbb-4bbb-8bbb-bbbbbbbbbbbb&zona=Zona+Norte,200,56.877,
2026-08-31T04:08:25.641909+00:00,GET,http://localhost:3000/logistics/tenderos/productos-disponibles?tiendaId=bbbbbbbb-bbbb-4bbb-8bbb-bbbbbbbbbbbb&zona=Zona+Norte,200,59.392,
2026-08-31T04:08:25.675538+00:00,GET,http://localhost:3000/logistics/tenderos/productos-disponibles?tiendaId=bbbbbbbb-bbbb-4bbb-8bbb-bbbbbbbbbbbb&zona=Zona+Norte,200,55.189,
2026-08-31T04:08:25.708631+00:00,GET,http://localhost:3000/logistics/tenderos/productos-disponibles?tiendaId=bbbbbbbb-bbbb-4bbb-8bbb-bbbbbbbbbbbb&zona=Zona+Norte,200,56.323,
2026-08-31T04:08:25.742185+00:00,GET,http://localhost:3000/logistics/tenderos/productos-disponibles?tiendaId=bbbbbbbb-bbbb-4bbb-8bbb-bbbbbbbbbbbb&zona=Zona+Norte,200,56.454,
2026-08-31T04:08:25.775508+00:00,GET,http://localhost:3000/logistics/tenderos/productos-disponibles?tiendaId=bbbbbbbb-bbbb-4bbb-8bbb-bbbbbbbbbbbb&zona=Zona+Norte,200,59.337,
2026-08-31T04:08:25.808225+00:00,GET,http://localhost:3000/logistics/tenderos/productos-disponibles?tiendaId=bbbbbbbb-bbbb-4bbb-8bbb-bbbbbbbbbbbb&zona=Zona+Norte,200,57.166,
2026-08-31T04:08:25.841951+00:00,GET,http://localhost:3000/logistics/tenderos/productos-disponibles?tiendaId=bbbbbbbb-bbbb-4bbb-8bbb-bbbbbbbbbbbb&zona=Zona+Norte,200,54.687,
2026-08-31T04:08:25.875524+00:00,GET,http://localhost:3000/logistics/tenderos/productos-disponibles?tiendaId=bbbbbbbb-bbbb-4bbb-8bbb-bbbbbbbbbbbb&zona=Zona+Norte,200,55.542,
2026-08-31T04:08:25.908880+00:00,GET,http://localhost:3000/logistics/tenderos/productos-disponibles?tiendaId=bbbbbbbb-bbbb-4bbb-8bbb-bbbbbbbbbbbb&zona=Zona+Norte,200,55.867,
2026-08-31T04:08:25.942185+00:00,GET,http://localhost:3000/logistics/tenderos/productos-disponibles?tiendaId=bbbbbbbb-bbbb-4bbb-8bbb-bbbbbbbbbbbb&zona=Zona+Norte,200,56.943,
2026-08-31T04:08:25.975530+00:00,GET,http://localhost:3000/logistics/tenderos/productos-disponibles?tiendaId=bbbbbbbb-bbbb-4bbb-8bbb-bbbbbbbbbbbb&zona=Zona+Norte,200,55.711,
2026-08-31T04:08:26.008857+00:00,GET,http://localhost:3000/logistics/tenderos/productos-disponibles?tiendaId=bbbbbbbb-bbbb-4bbb-8bbb-bbbbbbbbbbbb&zona=Zona+Norte,200,58.861,
2026-08-31T04:08:26.042200+00:00,GET,http://localhost:3000/logistics/tenderos/productos-disponibles?tiendaId=bbbbbbbb-bbbb-4bbb-8bbb-bbbbbbbbbbbb&zona=Zona+Norte,200,55.340,
2026-08-31T04:08:26.075358+00:00,GET,http://localhost:3000/logistics/tenderos/productos-disponibles?tiendaId=bbbbbbbb-bbbb-4bbb-8bbb-bbbbbbbbbbbb&zona=Zona+Norte,200,60.077,
2026-08-31T04:08:26.108006+00:00,GET,http://localhost:3000/logistics/tenderos/productos-disponibles?tiendaId=bbbbbbbb-bbbb-4bbb-8bbb-bbbbbbbbbbbb&zona=Zona+Norte,200,59.733,
2026-08-31T04:08:26.141865+00:00,GET,http://localhost:3000/logistics/tenderos/productos-disponibles?tiendaId=bbbbbbbb-bbbb-4bbb-8bbb-bbbbbbbbbbbb&zona=Zona+Norte,200,58.847,
2026-08-31T04:08:26.175124+00:00,GET,http://localhost:3000/logistics/tenderos/productos-disponibles?tiendaId=bbbbbbbb-bbbb-4bbb-8bbb-bbbbbbbbbbbb&zona=Zona+Norte,200,55.226,
2026-08-31T04:08:26.208713+00:00,GET,http://localhost:3000/logistics/tenderos/productos-disponibles?tiendaId=bbbbbbbb-bbbb-4bbb-8bbb-bbbbbbbbbbbb&zona=Zona+Norte,200,55.950,
2026-08-31T04:08:26.241954+00:00,GET,http://localhost:3000/logistics/tenderos/productos-disponibles?tiendaId=bbbbbbbb-bbbb-4bbb-8bbb-bbbbbbbbbbbb&zona=Zona+Norte,200,59.581,
2026-08-31T04:08:26.275510+00:00,GET,http://localhost:3000/logistics/tenderos/productos-disponibles?tiendaId=bbbbbbbb-bbbb-4bbb-8bbb-bbbbbbbbbbbb&zona=Zona+Norte,200,57.421,
2026-08-31T04:08:26.308642+00:00,GET,http://localhost:3000/logistics/tenderos/productos-disponibles?tiendaId=bbbbbbbb-bbbb-4bbb-8bbb-bbbbbbbbbbbb&zona=Zona+Norte,200,57.607,
2026-08-31T04:08:26.342178+00:00,GET,http://localhost:3000/logistics/tenderos/productos-disponibles?tiendaId=bbbbbbbb-bbbb-4bbb-8bbb-bbbbbbbbbbbb&zona=Zona+Norte,200,60.580,
2026-08-31T04:08:26.375501+00:00,GET,http://localhost:3000/logistics/tenderos/productos-disponibles?tiendaId=bbbbbbbb-bbbb-4bbb-8bbb-bbbbbbbbbbbb&zona=Zona+Norte,200,60.686,
2026-08-31T04:08:26.408439+00:00,GET,http://localhost:3000/logistics/tenderos/productos-disponibles?tiendaId=bbbbbbbb-bbbb-4bbb-8bbb-bbbbbbbbbbbb&zona=Zona+Norte,200,61.520,
2026-08-31T04:08:26.441769+00:00,GET,http://localhost:3000/logistics/tenderos/productos-disponibles?tiendaId=bbbbbbbb-bbbb-4bbb-8bbb-bbbbbbbbbbbb&zona=Zona+Norte,200,61.571,
2026-08-31T04:08:26.475090+00:00,GET,http://localhost:3000/logistics/tenderos/productos-disponibles?tiendaId=bbbbbbbb-bbbb-4bbb-8bbb-bbbbbbbbbbbb&zona=Zona+Norte,200,58.335,
2026-08-31T04:08:26.508384+00:00,GET,http://localhost:3000/logistics/tenderos/productos-disponibles?tiendaId=bbbbbbbb-bbbb-4bbb-8bbb-bbbbbbbbbbbb&zona=Zona+Norte,200,61.999,
2026-08-31T04:08:26.542124+00:00,GET,http://localhost:3000/logistics/tenderos/productos-disponibles?tiendaId=bbbbbbbb-bbbb-4bbb-8bbb-bbbbbbbbbbbb&zona=Zona+Norte,200,58.542,
2026-08-31T04:08:26.575101+00:00,GET,http://localhost:3000/logistics/tenderos/productos-disponibles?tiendaId=bbbbbbbb-bbbb-4bbb-8bbb-bbbbbbbbbbbb&zona=Zona+Norte,200,61.596,
2026-08-31T04:08:26.608715+00:00,GET,http://localhost:3000/logistics/tenderos/productos-disponibles?tiendaId=bbbbbbbb-bbbb-4bbb-8bbb-bbbbbbbbbbbb&zona=Zona+Norte,200,61.819,
2026-08-31T04:08:26.641733+00:00,GET,http://localhost:3000/logistics/tenderos/productos-disponibles?tiendaId=bbbbbbbb-bbbb-4bbb-8bbb-bbbbbbbbbbbb&zona=Zona+Norte,200,63.782,
2026-08-31T04:08:26.675059+00:00,GET,http://localhost:3000/logistics/tenderos/productos-disponibles?tiendaId=bbbbbbbb-bbbb-4bbb-8bbb-bbbbbbbbbbbb&zona=Zona+Norte,200,62.630,
2026-08-31T04:08:26.708102+00:00,GET,http://localhost:3000/logistics/tenderos/productos-disponibles?tiendaId=bbbbbbbb-bbbb-4bbb-8bbb-bbbbbbbbbbbb&zona=Zona+Norte,200,62.780,
2026-08-31T04:08:26.741583+00:00,GET,http://localhost:3000/logistics/tenderos/productos-disponibles?tiendaId=bbbbbbbb-bbbb-4bbb-8bbb-bbbbbbbbbbbb&zona=Zona+Norte,200,55.049,
2026-08-31T04:08:26.774991+00:00,GET,http://localhost:3000/logistics/tenderos/productos-disponibles?tiendaId=bbbbbbbb-bbbb-4bbb-8bbb-bbbbbbbbbbbb&zona=Zona+Norte,200,59.099,
2026-08-31T04:08:26.808850+00:00,GET,http://localhost:3000/logistics/tenderos/productos-disponibles?tiendaId=bbbbbbbb-bbbb-4bbb-8bbb-bbbbbbbbbbbb&zona=Zona+Norte,200,61.446,
2026-08-31T04:08:26.841548+00:00,GET,http://localhost:3000/logistics/tenderos/productos-disponibles?tiendaId=bbbbbbbb-bbbb-4bbb-8bbb-bbbbbbbbbbbb&zona=Zona+Norte,200,60.591,
2026-08-31T04:08:26.875053+00:00,GET,http://localhost:3000/logistics/tenderos/productos-disponibles?tiendaId=bbbbbbbb-bbbb-4bbb-8bbb-bbbbbbbbbbbb&zona=Zona+Norte,200,64.061,
2026-08-31T04:08:26.908553+00:00,GET,http://localhost:3000/logistics/tenderos/productos-disponibles?tiendaId=bbbbbbbb-bbbb-4bbb-8bbb-bbbbbbbbbbbb&zona=Zona+Norte,200,63.437,
2026-08-31T04:08:26.941464+00:00,GET,http://localhost:3000/logistics/tenderos/productos-disponibles?tiendaId=bbbbbbbb-bbbb-4bbb-8bbb-bbbbbbbbbbbb&zona=Zona+Norte,200,62.992,
2026-08-31T04:08:26.974851+00:00,GET,http://localhost:3000/logistics/tenderos/productos-disponibles?tiendaId=bbbbbbbb-bbbb-4bbb-8bbb-bbbbbbbbbbbb&zona=Zona+Norte,200,60.460,
2026-08-31T04:08:27.008274+00:00,GET,http://localhost:3000/logistics/tenderos/productos-disponibles?tiendaId=bbbbbbbb-bbbb-4bbb-8bbb-bbbbbbbbbbbb&zona=Zona+Norte,200,62.929,
2026-08-31T04:08:27.041913+00:00,GET,http://localhost:3000/logistics/tenderos/productos-disponibles?tiendaId=bbbbbbbb-bbbb-4bbb-8bbb-bbbbbbbbbbbb&zona=Zona+Norte,200,64.786,
2026-08-31T04:08:27.074976+00:00,GET,http://localhost:3000/logistics/tenderos/productos-disponibles?tiendaId=bbbbbbbb-bbbb-4bbb-8bbb-bbbbbbbbbbbb&zona=Zona+Norte,200,62.999,
2026-08-31T04:08:27.108028+00:00,GET,http://localhost:3000/logistics/tenderos/productos-disponibles?tiendaId=bbbbbbbb-bbbb-4bbb-8bbb-bbbbbbbbbbbb&zona=Zona+Norte,200,65.037,
2026-08-31T04:08:27.141563+00:00,GET,http://localhost:3000/logistics/tenderos/productos-disponibles?tiendaId=bbbbbbbb-bbbb-4bbb-8bbb-bbbbbbbbbbbb&zona=Zona+Norte,200,63.714,
2026-08-31T04:08:27.174712+00:00,GET,http://localhost:3000/logistics/tenderos/productos-disponibles?tiendaId=bbbbbbbb-bbbb-4bbb-8bbb-bbbbbbbbbbbb&zona=Zona+Norte,200,59.910,
2026-08-31T04:08:27.208169+00:00,GET,http://localhost:3000/logistics/tenderos/productos-disponibles?tiendaId=bbbbbbbb-bbbb-4bbb-8bbb-bbbbbbbbbbbb&zona=Zona+Norte,200,62.053,
2026-08-31T04:08:27.242050+00:00,GET,http://localhost:3000/logistics/tenderos/productos-disponibles?tiendaId=bbbbbbbb-bbbb-4bbb-8bbb-bbbbbbbbbbbb&zona=Zona+Norte,200,61.266,
2026-08-31T04:08:27.275050+00:00,GET,http://localhost:3000/logistics/tenderos/productos-disponibles?tiendaId=bbbbbbbb-bbbb-4bbb-8bbb-bbbbbbbbbbbb&zona=Zona+Norte,200,62.318,
2026-08-31T04:08:27.308401+00:00,GET,http://localhost:3000/logistics/tenderos/productos-disponibles?tiendaId=bbbbbbbb-bbbb-4bbb-8bbb-bbbbbbbbbbbb&zona=Zona+Norte,200,60.287,
2026-08-31T04:08:27.341256+00:00,GET,http://localhost:3000/logistics/tenderos/productos-disponibles?tiendaId=bbbbbbbb-bbbb-4bbb-8bbb-bbbbbbbbbbbb&zona=Zona+Norte,200,64.914,
2026-08-31T04:08:27.375265+00:00,GET,http://localhost:3000/logistics/tenderos/productos-disponibles?tiendaId=bbbbbbbb-bbbb-4bbb-8bbb-bbbbbbbbbbbb&zona=Zona+Norte,200,61.586,
2026-08-31T04:08:27.408036+00:00,GET,http://localhost:3000/logistics/tenderos/productos-disponibles?tiendaId=bbbbbbbb-bbbb-4bbb-8bbb-bbbbbbbbbbbb&zona=Zona+Norte,200,63.786,
2026-08-31T04:08:27.441338+00:00,GET,http://localhost:3000/logistics/tenderos/productos-disponibles?tiendaId=bbbbbbbb-bbbb-4bbb-8bbb-bbbbbbbbbbbb&zona=Zona+Norte,200,62.461,
2026-08-31T04:08:27.474847+00:00,GET,http://localhost:3000/logistics/tenderos/productos-disponibles?tiendaId=bbbbbbbb-bbbb-4bbb-8bbb-bbbbbbbbbbbb&zona=Zona+Norte,200,61.170,
2026-08-31T04:08:27.508365+00:00,GET,http://localhost:3000/logistics/tenderos/productos-disponibles?tiendaId=bbbbbbbb-bbbb-4bbb-8bbb-bbbbbbbbbbbb&zona=Zona+Norte,200,60.292,
2026-08-31T04:08:27.541310+00:00,GET,http://localhost:3000/logistics/tenderos/productos-disponibles?tiendaId=bbbbbbbb-bbbb-4bbb-8bbb-bbbbbbbbbbbb&zona=Zona+Norte,200,60.016,
2026-08-31T04:08:27.575343+00:00,GET,http://localhost:3000/logistics/tenderos/productos-disponibles?tiendaId=bbbbbbbb-bbbb-4bbb-8bbb-bbbbbbbbbbbb&zona=Zona+Norte,200,62.805,
2026-08-31T04:08:27.608614+00:00,GET,http://localhost:3000/logistics/tenderos/productos-disponibles?tiendaId=bbbbbbbb-bbbb-4bbb-8bbb-bbbbbbbbbbbb&zona=Zona+Norte,200,62.672,
2026-08-31T04:08:27.641580+00:00,GET,http://localhost:3000/logistics/tenderos/productos-disponibles?tiendaId=bbbbbbbb-bbbb-4bbb-8bbb-bbbbbbbbbbbb&zona=Zona+Norte,200,60.428,
2026-08-31T04:08:27.675002+00:00,GET,http://localhost:3000/logistics/tenderos/productos-disponibles?tiendaId=bbbbbbbb-bbbb-4bbb-8bbb-bbbbbbbbbbbb&zona=Zona+Norte,200,59.618,
2026-08-31T04:08:27.708558+00:00,GET,http://localhost:3000/logistics/tenderos/productos-disponibles?tiendaId=bbbbbbbb-bbbb-4bbb-8bbb-bbbbbbbbbbbb&zona=Zona+Norte,200,61.502,
2026-08-31T04:08:27.742012+00:00,GET,http://localhost:3000/logistics/tenderos/productos-disponibles?tiendaId=bbbbbbbb-bbbb-4bbb-8bbb-bbbbbbbbbbbb&zona=Zona+Norte,200,65.138,
2026-08-31T04:08:27.775071+00:00,GET,http://localhost:3000/logistics/tenderos/productos-disponibles?tiendaId=bbbbbbbb-bbbb-4bbb-8bbb-bbbbbbbbbbbb&zona=Zona+Norte,200,63.075,
2026-08-31T04:08:27.807902+00:00,GET,http://localhost:3000/logistics/tenderos/productos-disponibles?tiendaId=bbbbbbbb-bbbb-4bbb-8bbb-bbbbbbbbbbbb&zona=Zona+Norte,200,60.738,
2026-08-31T04:08:27.841579+00:00,GET,http://localhost:3000/logistics/tenderos/productos-disponibles?tiendaId=bbbbbbbb-bbbb-4bbb-8bbb-bbbbbbbbbbbb&zona=Zona+Norte,200,64.933,
2026-08-31T04:08:27.875288+00:00,GET,http://localhost:3000/logistics/tenderos/productos-disponibles?tiendaId=bbbbbbbb-bbbb-4bbb-8bbb-bbbbbbbbbbbb&zona=Zona+Norte,200,64.520,
2026-08-31T04:08:27.908027+00:00,GET,http://localhost:3000/logistics/tenderos/productos-disponibles?tiendaId=bbbbbbbb-bbbb-4bbb-8bbb-bbbbbbbbbbbb&zona=Zona+Norte,200,59.759,
2026-08-31T04:08:27.941347+00:00,GET,http://localhost:3000/logistics/tenderos/productos-disponibles?tiendaId=bbbbbbbb-bbbb-4bbb-8bbb-bbbbbbbbbbbb&zona=Zona+Norte,200,63.987,
2026-08-31T04:08:27.975397+00:00,GET,http://localhost:3000/logistics/tenderos/productos-disponibles?tiendaId=bbbbbbbb-bbbb-4bbb-8bbb-bbbbbbbbbbbb&zona=Zona+Norte,200,61.524,
2026-08-31T04:08:28.008165+00:00,GET,http://localhost:3000/logistics/tenderos/productos-disponibles?tiendaId=bbbbbbbb-bbbb-4bbb-8bbb-bbbbbbbbbbbb&zona=Zona+Norte,200,63.542,
2026-08-31T04:08:28.041723+00:00,GET,http://localhost:3000/logistics/tenderos/productos-disponibles?tiendaId=bbbbbbbb-bbbb-4bbb-8bbb-bbbbbbbbbbbb&zona=Zona+Norte,200,64.063,
2026-08-31T04:08:28.075018+00:00,GET,http://localhost:3000/logistics/tenderos/productos-disponibles?tiendaId=bbbbbbbb-bbbb-4bbb-8bbb-bbbbbbbbbbbb&zona=Zona+Norte,200,60.956,
2026-08-31T04:08:28.108120+00:00,GET,http://localhost:3000/logistics/tenderos/productos-disponibles?tiendaId=bbbbbbbb-bbbb-4bbb-8bbb-bbbbbbbbbbbb&zona=Zona+Norte,200,59.494,
2026-08-31T04:08:28.141832+00:00,GET,http://localhost:3000/logistics/tenderos/productos-disponibles?tiendaId=bbbbbbbb-bbbb-4bbb-8bbb-bbbbbbbbbbbb&zona=Zona+Norte,200,62.986,
2026-08-31T04:08:28.175475+00:00,GET,http://localhost:3000/logistics/tenderos/productos-disponibles?tiendaId=bbbbbbbb-bbbb-4bbb-8bbb-bbbbbbbbbbbb&zona=Zona+Norte,200,60.332,
2026-08-31T04:08:28.208243+00:00,GET,http://localhost:3000/logistics/tenderos/productos-disponibles?tiendaId=bbbbbbbb-bbbb-4bbb-8bbb-bbbbbbbbbbbb&zona=Zona+Norte,200,60.435,
2026-08-31T04:08:28.241894+00:00,GET,http://localhost:3000/logistics/tenderos/productos-disponibles?tiendaId=bbbbbbbb-bbbb-4bbb-8bbb-bbbbbbbbbbbb&zona=Zona+Norte,200,61.010,
2026-08-31T04:08:28.275044+00:00,GET,http://localhost:3000/logistics/tenderos/productos-disponibles?tiendaId=bbbbbbbb-bbbb-4bbb-8bbb-bbbbbbbbbbbb&zona=Zona+Norte,200,61.785,
2026-08-31T04:08:28.308241+00:00,GET,http://localhost:3000/logistics/tenderos/productos-disponibles?tiendaId=bbbbbbbb-bbbb-4bbb-8bbb-bbbbbbbbbbbb&zona=Zona+Norte,200,63.549,
2026-08-31T04:08:28.341772+00:00,GET,http://localhost:3000/logistics/tenderos/productos-disponibles?tiendaId=bbbbbbbb-bbbb-4bbb-8bbb-bbbbbbbbbbbb&zona=Zona+Norte,200,62.873,
2026-08-31T04:08:28.374851+00:00,GET,http://localhost:3000/logistics/tenderos/productos-disponibles?tiendaId=bbbbbbbb-bbbb-4bbb-8bbb-bbbbbbbbbbbb&zona=Zona+Norte,200,63.363,
2026-08-31T04:08:28.408251+00:00,GET,http://localhost:3000/logistics/tenderos/productos-disponibles?tiendaId=bbbbbbbb-bbbb-4bbb-8bbb-bbbbbbbbbbbb&zona=Zona+Norte,200,64.071,
2026-08-31T04:08:28.441583+00:00,GET,http://localhost:3000/logistics/tenderos/productos-disponibles?tiendaId=bbbbbbbb-bbbb-4bbb-8bbb-bbbbbbbbbbbb&zona=Zona+Norte,200,61.425,
2026-08-31T04:08:28.474823+00:00,GET,http://localhost:3000/logistics/tenderos/productos-disponibles?tiendaId=bbbbbbbb-bbbb-4bbb-8bbb-bbbbbbbbbbbb&zona=Zona+Norte,200,61.224,
2026-08-31T04:08:28.508504+00:00,GET,http://localhost:3000/logistics/tenderos/productos-disponibles?tiendaId=bbbbbbbb-bbbb-4bbb-8bbb-bbbbbbbbbbbb&zona=Zona+Norte,200,60.537,
2026-08-31T04:08:28.541834+00:00,GET,http://localhost:3000/logistics/tenderos/productos-disponibles?tiendaId=bbbbbbbb-bbbb-4bbb-8bbb-bbbbbbbbbbbb&zona=Zona+Norte,200,64.431,
2026-08-31T04:08:28.575311+00:00,GET,http://localhost:3000/logistics/tenderos/productos-disponibles?tiendaId=bbbbbbbb-bbbb-4bbb-8bbb-bbbbbbbbbbbb&zona=Zona+Norte,200,62.507,
2026-08-31T04:08:28.607952+00:00,GET,http://localhost:3000/logistics/tenderos/productos-disponibles?tiendaId=bbbbbbbb-bbbb-4bbb-8bbb-bbbbbbbbbbbb&zona=Zona+Norte,200,61.153,
2026-08-31T04:08:28.641646+00:00,GET,http://localhost:3000/logistics/tenderos/productos-disponibles?tiendaId=bbbbbbbb-bbbb-4bbb-8bbb-bbbbbbbbbbbb&zona=Zona+Norte,200,63.186,
2026-08-31T04:08:28.675228+00:00,GET,http://localhost:3000/logistics/tenderos/productos-disponibles?tiendaId=bbbbbbbb-bbbb-4bbb-8bbb-bbbbbbbbbbbb&zona=Zona+Norte,200,61.654,
2026-08-31T04:08:28.708225+00:00,GET,http://localhost:3000/logistics/tenderos/productos-disponibles?tiendaId=bbbbbbbb-bbbb-4bbb-8bbb-bbbbbbbbbbbb&zona=Zona+Norte,200,58.665,
2026-08-31T04:08:28.741727+00:00,GET,http://localhost:3000/logistics/tenderos/productos-disponibles?tiendaId=bbbbbbbb-bbbb-4bbb-8bbb-bbbbbbbbbbbb&zona=Zona+Norte,200,63.079,
2026-08-31T04:08:28.775565+00:00,GET,http://localhost:3000/logistics/tenderos/productos-disponibles?tiendaId=bbbbbbbb-bbbb-4bbb-8bbb-bbbbbbbbbbbb&zona=Zona+Norte,200,63.756,
2026-08-31T04:08:28.808242+00:00,GET,http://localhost:3000/logistics/tenderos/productos-disponibles?tiendaId=bbbbbbbb-bbbb-4bbb-8bbb-bbbbbbbbbbbb&zona=Zona+Norte,200,63.202,
2026-08-31T04:08:28.841484+00:00,GET,http://localhost:3000/logistics/tenderos/productos-disponibles?tiendaId=bbbbbbbb-bbbb-4bbb-8bbb-bbbbbbbbbbbb&zona=Zona+Norte,200,59.857,
2026-08-31T04:08:28.875007+00:00,GET,http://localhost:3000/logistics/tenderos/productos-disponibles?tiendaId=bbbbbbbb-bbbb-4bbb-8bbb-bbbbbbbbbbbb&zona=Zona+Norte,200,60.177,
2026-08-31T04:08:28.908708+00:00,GET,http://localhost:3000/logistics/tenderos/productos-disponibles?tiendaId=bbbbbbbb-bbbb-4bbb-8bbb-bbbbbbbbbbbb&zona=Zona+Norte,200,58.793,
2026-08-31T04:08:28.941963+00:00,GET,http://localhost:3000/logistics/tenderos/productos-disponibles?tiendaId=bbbbbbbb-bbbb-4bbb-8bbb-bbbbbbbbbbbb&zona=Zona+Norte,200,61.066,
2026-08-31T04:08:28.975440+00:00,GET,http://localhost:3000/logistics/tenderos/productos-disponibles?tiendaId=bbbbbbbb-bbbb-4bbb-8bbb-bbbbbbbbbbbb&zona=Zona+Norte,200,63.694,
2026-08-31T04:08:29.008463+00:00,GET,http://localhost:3000/logistics/tenderos/productos-disponibles?tiendaId=bbbbbbbb-bbbb-4bbb-8bbb-bbbbbbbbbbbb&zona=Zona+Norte,200,62.661,
2026-08-31T04:08:29.041444+00:00,GET,http://localhost:3000/logistics/tenderos/productos-disponibles?tiendaId=bbbbbbbb-bbbb-4bbb-8bbb-bbbbbbbbbbbb&zona=Zona+Norte,200,60.536,
2026-08-31T04:08:29.074989+00:00,GET,http://localhost:3000/logistics/tenderos/productos-disponibles?tiendaId=bbbbbbbb-bbbb-4bbb-8bbb-bbbbbbbbbbbb&zona=Zona+Norte,200,66.903,
2026-08-31T04:08:29.108597+00:00,GET,http://localhost:3000/logistics/tenderos/productos-disponibles?tiendaId=bbbbbbbb-bbbb-4bbb-8bbb-bbbbbbbbbbbb&zona=Zona+Norte,200,63.575,
2026-08-31T04:08:29.141933+00:00,GET,http://localhost:3000/logistics/tenderos/productos-disponibles?tiendaId=bbbbbbbb-bbbb-4bbb-8bbb-bbbbbbbbbbbb&zona=Zona+Norte,200,62.800,
2026-08-31T04:08:29.175084+00:00,GET,http://localhost:3000/logistics/tenderos/productos-disponibles?tiendaId=bbbbbbbb-bbbb-4bbb-8bbb-bbbbbbbbbbbb&zona=Zona+Norte,200,62.914,
2026-08-31T04:08:29.208270+00:00,GET,http://localhost:3000/logistics/tenderos/productos-disponibles?tiendaId=bbbbbbbb-bbbb-4bbb-8bbb-bbbbbbbbbbbb&zona=Zona+Norte,200,63.717,
2026-08-31T04:08:29.241625+00:00,GET,http://localhost:3000/logistics/tenderos/productos-disponibles?tiendaId=bbbbbbbb-bbbb-4bbb-8bbb-bbbbbbbbbbbb&zona=Zona+Norte,200,62.834,
2026-08-31T04:08:29.274838+00:00,GET,http://localhost:3000/logistics/tenderos/productos-disponibles?tiendaId=bbbbbbbb-bbbb-4bbb-8bbb-bbbbbbbbbbbb&zona=Zona+Norte,200,63.626,
2026-08-31T04:08:29.308313+00:00,GET,http://localhost:3000/logistics/tenderos/productos-disponibles?tiendaId=bbbbbbbb-bbbb-4bbb-8bbb-bbbbbbbbbbbb&zona=Zona+Norte,200,59.844,
2026-08-31T04:08:29.341540+00:00,GET,http://localhost:3000/logistics/tenderos/productos-disponibles?tiendaId=bbbbbbbb-bbbb-4bbb-8bbb-bbbbbbbbbbbb&zona=Zona+Norte,200,60.217,
2026-08-31T04:08:29.375331+00:00,GET,http://localhost:3000/logistics/tenderos/productos-disponibles?tiendaId=bbbbbbbb-bbbb-4bbb-8bbb-bbbbbbbbbbbb&zona=Zona+Norte,200,59.141,
2026-08-31T04:08:29.408315+00:00,GET,http://localhost:3000/logistics/tenderos/productos-disponibles?tiendaId=bbbbbbbb-bbbb-4bbb-8bbb-bbbbbbbbbbbb&zona=Zona+Norte,200,62.550,
2026-08-31T04:08:29.442039+00:00,GET,http://localhost:3000/logistics/tenderos/productos-disponibles?tiendaId=bbbbbbbb-bbbb-4bbb-8bbb-bbbbbbbbbbbb&zona=Zona+Norte,200,63.175,
2026-08-31T04:08:29.475089+00:00,GET,http://localhost:3000/logistics/tenderos/productos-disponibles?tiendaId=bbbbbbbb-bbbb-4bbb-8bbb-bbbbbbbbbbbb&zona=Zona+Norte,200,64.610,
2026-08-31T04:08:29.508199+00:00,GET,http://localhost:3000/logistics/tenderos/productos-disponibles?tiendaId=bbbbbbbb-bbbb-4bbb-8bbb-bbbbbbbbbbbb&zona=Zona+Norte,200,63.306,
2026-08-31T04:08:29.541398+00:00,GET,http://localhost:3000/logistics/tenderos/productos-disponibles?tiendaId=bbbbbbbb-bbbb-4bbb-8bbb-bbbbbbbbbbbb&zona=Zona+Norte,200,63.931,
2026-08-31T04:08:29.575210+00:00,GET,http://localhost:3000/logistics/tenderos/productos-disponibles?tiendaId=bbbbbbbb-bbbb-4bbb-8bbb-bbbbbbbbbbbb&zona=Zona+Norte,200,62.948,
2026-08-31T04:08:29.608200+00:00,GET,http://localhost:3000/logistics/tenderos/productos-disponibles?tiendaId=bbbbbbbb-bbbb-4bbb-8bbb-bbbbbbbbbbbb&zona=Zona+Norte,200,58.858,
2026-08-31T04:08:29.641577+00:00,GET,http://localhost:3000/logistics/tenderos/productos-disponibles?tiendaId=bbbbbbbb-bbbb-4bbb-8bbb-bbbbbbbbbbbb&zona=Zona+Norte,200,55.991,
2026-08-31T04:08:29.675494+00:00,GET,http://localhost:3000/logistics/tenderos/productos-disponibles?tiendaId=bbbbbbbb-bbbb-4bbb-8bbb-bbbbbbbbbbbb&zona=Zona+Norte,200,56.004,
2026-08-31T04:08:29.707956+00:00,GET,http://localhost:3000/logistics/tenderos/productos-disponibles?tiendaId=bbbbbbbb-bbbb-4bbb-8bbb-bbbbbbbbbbbb&zona=Zona+Norte,200,59.203,
2026-08-31T04:08:29.742054+00:00,GET,http://localhost:3000/logistics/tenderos/productos-disponibles?tiendaId=bbbbbbbb-bbbb-4bbb-8bbb-bbbbbbbbbbbb&zona=Zona+Norte,200,60.151,
2026-08-31T04:08:29.775504+00:00,GET,http://localhost:3000/logistics/tenderos/productos-disponibles?tiendaId=bbbbbbbb-bbbb-4bbb-8bbb-bbbbbbbbbbbb&zona=Zona+Norte,200,55.391,
2026-08-31T04:08:29.808593+00:00,GET,http://localhost:3000/logistics/tenderos/productos-disponibles?tiendaId=bbbbbbbb-bbbb-4bbb-8bbb-bbbbbbbbbbbb&zona=Zona+Norte,200,61.071,
2026-08-31T04:08:29.842006+00:00,GET,http://localhost:3000/logistics/tenderos/productos-disponibles?tiendaId=bbbbbbbb-bbbb-4bbb-8bbb-bbbbbbbbbbbb&zona=Zona+Norte,200,57.843,
2026-08-31T04:08:29.875228+00:00,GET,http://localhost:3000/logistics/tenderos/productos-disponibles?tiendaId=bbbbbbbb-bbbb-4bbb-8bbb-bbbbbbbbbbbb&zona=Zona+Norte,200,58.964,
2026-08-31T04:08:29.908865+00:00,GET,http://localhost:3000/logistics/tenderos/productos-disponibles?tiendaId=bbbbbbbb-bbbb-4bbb-8bbb-bbbbbbbbbbbb&zona=Zona+Norte,200,56.174,
2026-08-31T04:08:29.942084+00:00,GET,http://localhost:3000/logistics/tenderos/productos-disponibles?tiendaId=bbbbbbbb-bbbb-4bbb-8bbb-bbbbbbbbbbbb&zona=Zona+Norte,200,54.607,
2026-08-31T04:08:29.975168+00:00,GET,http://localhost:3000/logistics/tenderos/productos-disponibles?tiendaId=bbbbbbbb-bbbb-4bbb-8bbb-bbbbbbbbbbbb&zona=Zona+Norte,200,56.081,
2026-08-31T04:08:30.008889+00:00,GET,http://localhost:3000/logistics/tenderos/productos-disponibles?tiendaId=bbbbbbbb-bbbb-4bbb-8bbb-bbbbbbbbbbbb&zona=Zona+Norte,200,59.118,
2026-08-31T04:08:30.041601+00:00,GET,http://localhost:3000/logistics/tenderos/productos-disponibles?tiendaId=bbbbbbbb-bbbb-4bbb-8bbb-bbbbbbbbbbbb&zona=Zona+Norte,200,61.774,
2026-08-31T04:08:30.075339+00:00,GET,http://localhost:3000/logistics/tenderos/productos-disponibles?tiendaId=bbbbbbbb-bbbb-4bbb-8bbb-bbbbbbbbbbbb&zona=Zona+Norte,200,60.170,
2026-08-31T04:08:30.108264+00:00,GET,http://localhost:3000/logistics/tenderos/productos-disponibles?tiendaId=bbbbbbbb-bbbb-4bbb-8bbb-bbbbbbbbbbbb&zona=Zona+Norte,200,59.530,
2026-08-31T04:08:30.141918+00:00,GET,http://localhost:3000/logistics/tenderos/productos-disponibles?tiendaId=bbbbbbbb-bbbb-4bbb-8bbb-bbbbbbbbbbbb&zona=Zona+Norte,200,60.580,
2026-08-31T04:08:30.175436+00:00,GET,http://localhost:3000/logistics/tenderos/productos-disponibles?tiendaId=bbbbbbbb-bbbb-4bbb-8bbb-bbbbbbbbbbbb&zona=Zona+Norte,200,58.497,
2026-08-31T04:08:30.208546+00:00,GET,http://localhost:3000/logistics/tenderos/productos-disponibles?tiendaId=bbbbbbbb-bbbb-4bbb-8bbb-bbbbbbbbbbbb&zona=Zona+Norte,200,56.837,
2026-08-31T04:08:30.242137+00:00,GET,http://localhost:3000/logistics/tenderos/productos-disponibles?tiendaId=bbbbbbbb-bbbb-4bbb-8bbb-bbbbbbbbbbbb&zona=Zona+Norte,200,58.490,
2026-08-31T04:08:30.275609+00:00,GET,http://localhost:3000/logistics/tenderos/productos-disponibles?tiendaId=bbbbbbbb-bbbb-4bbb-8bbb-bbbbbbbbbbbb&zona=Zona+Norte,200,61.306,
2026-08-31T04:08:30.308789+00:00,GET,http://localhost:3000/logistics/tenderos/productos-disponibles?tiendaId=bbbbbbbb-bbbb-4bbb-8bbb-bbbbbbbbbbbb&zona=Zona+Norte,200,58.587,
2026-08-31T04:08:30.341741+00:00,GET,http://localhost:3000/logistics/tenderos/productos-disponibles?tiendaId=bbbbbbbb-bbbb-4bbb-8bbb-bbbbbbbbbbbb&zona=Zona+Norte,200,60.195,
2026-08-31T04:08:30.375469+00:00,GET,http://localhost:3000/logistics/tenderos/productos-disponibles?tiendaId=bbbbbbbb-bbbb-4bbb-8bbb-bbbbbbbbbbbb&zona=Zona+Norte,200,57.536,
2026-08-31T04:08:30.408635+00:00,GET,http://localhost:3000/logistics/tenderos/productos-disponibles?tiendaId=bbbbbbbb-bbbb-4bbb-8bbb-bbbbbbbbbbbb&zona=Zona+Norte,200,58.568,
2026-08-31T04:08:30.442268+00:00,GET,http://localhost:3000/logistics/tenderos/productos-disponibles?tiendaId=bbbbbbbb-bbbb-4bbb-8bbb-bbbbbbbbbbbb&zona=Zona+Norte,200,58.594,
2026-08-31T04:08:30.475467+00:00,GET,http://localhost:3000/logistics/tenderos/productos-disponibles?tiendaId=bbbbbbbb-bbbb-4bbb-8bbb-bbbbbbbbbbbb&zona=Zona+Norte,200,58.643,
2026-08-31T04:08:30.508764+00:00,GET,http://localhost:3000/logistics/tenderos/productos-disponibles?tiendaId=bbbbbbbb-bbbb-4bbb-8bbb-bbbbbbbbbbbb&zona=Zona+Norte,200,58.424,
2026-08-31T04:08:30.542112+00:00,GET,http://localhost:3000/logistics/tenderos/productos-disponibles?tiendaId=bbbbbbbb-bbbb-4bbb-8bbb-bbbbbbbbbbbb&zona=Zona+Norte,200,60.914,
2026-08-31T04:08:30.575260+00:00,GET,http://localhost:3000/logistics/tenderos/productos-disponibles?tiendaId=bbbbbbbb-bbbb-4bbb-8bbb-bbbbbbbbbbbb&zona=Zona+Norte,200,54.954,
2026-08-31T04:08:30.608502+00:00,GET,http://localhost:3000/logistics/tenderos/productos-disponibles?tiendaId=bbbbbbbb-bbbb-4bbb-8bbb-bbbbbbbbbbbb&zona=Zona+Norte,200,60.099,
2026-08-31T04:08:30.642247+00:00,GET,http://localhost:3000/logistics/tenderos/productos-disponibles?tiendaId=bbbbbbbb-bbbb-4bbb-8bbb-bbbbbbbbbbbb&zona=Zona+Norte,200,59.153,
2026-08-31T04:08:30.675291+00:00,GET,http://localhost:3000/logistics/tenderos/productos-disponibles?tiendaId=bbbbbbbb-bbbb-4bbb-8bbb-bbbbbbbbbbbb&zona=Zona+Norte,200,63.528,
2026-08-31T04:08:30.708694+00:00,GET,http://localhost:3000/logistics/tenderos/productos-disponibles?tiendaId=bbbbbbbb-bbbb-4bbb-8bbb-bbbbbbbbbbbb&zona=Zona+Norte,200,58.940,
2026-08-31T04:08:30.741537+00:00,GET,http://localhost:3000/logistics/tenderos/productos-disponibles?tiendaId=bbbbbbbb-bbbb-4bbb-8bbb-bbbbbbbbbbbb&zona=Zona+Norte,200,57.032,
2026-08-31T04:08:30.775478+00:00,GET,http://localhost:3000/logistics/tenderos/productos-disponibles?tiendaId=bbbbbbbb-bbbb-4bbb-8bbb-bbbbbbbbbbbb&zona=Zona+Norte,200,61.785,
2026-08-31T04:08:30.808948+00:00,GET,http://localhost:3000/logistics/tenderos/productos-disponibles?tiendaId=bbbbbbbb-bbbb-4bbb-8bbb-bbbbbbbbbbbb&zona=Zona+Norte,200,62.948,
2026-08-31T04:08:30.841728+00:00,GET,http://localhost:3000/logistics/tenderos/productos-disponibles?tiendaId=bbbbbbbb-bbbb-4bbb-8bbb-bbbbbbbbbbbb&zona=Zona+Norte,200,63.681,
2026-08-31T04:08:30.874844+00:00,GET,http://localhost:3000/logistics/tenderos/productos-disponibles?tiendaId=bbbbbbbb-bbbb-4bbb-8bbb-bbbbbbbbbbbb&zona=Zona+Norte,200,64.691,
2026-08-31T04:08:30.908185+00:00,GET,http://localhost:3000/logistics/tenderos/productos-disponibles?tiendaId=bbbbbbbb-bbbb-4bbb-8bbb-bbbbbbbbbbbb&zona=Zona+Norte,200,63.468,
2026-08-31T04:08:30.941427+00:00,GET,http://localhost:3000/logistics/tenderos/productos-disponibles?tiendaId=bbbbbbbb-bbbb-4bbb-8bbb-bbbbbbbbbbbb&zona=Zona+Norte,200,63.340,
2026-08-31T04:08:30.975023+00:00,GET,http://localhost:3000/logistics/tenderos/productos-disponibles?tiendaId=bbbbbbbb-bbbb-4bbb-8bbb-bbbbbbbbbbbb&zona=Zona+Norte,200,64.384,
2026-08-31T04:08:31.008295+00:00,GET,http://localhost:3000/logistics/tenderos/productos-disponibles?tiendaId=bbbbbbbb-bbbb-4bbb-8bbb-bbbbbbbbbbbb&zona=Zona+Norte,200,63.511,
2026-08-31T04:08:31.041451+00:00,GET,http://localhost:3000/logistics/tenderos/productos-disponibles?tiendaId=bbbbbbbb-bbbb-4bbb-8bbb-bbbbbbbbbbbb&zona=Zona+Norte,200,63.016,
2026-08-31T04:08:31.074937+00:00,GET,http://localhost:3000/logistics/tenderos/productos-disponibles?tiendaId=bbbbbbbb-bbbb-4bbb-8bbb-bbbbbbbbbbbb&zona=Zona+Norte,200,62.839,
2026-08-31T04:08:31.107965+00:00,GET,http://localhost:3000/logistics/tenderos/productos-disponibles?tiendaId=bbbbbbbb-bbbb-4bbb-8bbb-bbbbbbbbbbbb&zona=Zona+Norte,200,62.756,
2026-08-31T04:08:31.141654+00:00,GET,http://localhost:3000/logistics/tenderos/productos-disponibles?tiendaId=bbbbbbbb-bbbb-4bbb-8bbb-bbbbbbbbbbbb&zona=Zona+Norte,200,63.337,
2026-08-31T04:08:31.175121+00:00,GET,http://localhost:3000/logistics/tenderos/productos-disponibles?tiendaId=bbbbbbbb-bbbb-4bbb-8bbb-bbbbbbbbbbbb&zona=Zona+Norte,200,63.982,
2026-08-31T04:08:31.208276+00:00,GET,http://localhost:3000/logistics/tenderos/productos-disponibles?tiendaId=bbbbbbbb-bbbb-4bbb-8bbb-bbbbbbbbbbbb&zona=Zona+Norte,200,63.838,
2026-08-31T04:08:31.241510+00:00,GET,http://localhost:3000/logistics/tenderos/productos-disponibles?tiendaId=bbbbbbbb-bbbb-4bbb-8bbb-bbbbbbbbbbbb&zona=Zona+Norte,200,59.752,
2026-08-31T04:08:31.274935+00:00,GET,http://localhost:3000/logistics/tenderos/productos-disponibles?tiendaId=bbbbbbbb-bbbb-4bbb-8bbb-bbbbbbbbbbbb&zona=Zona+Norte,200,60.184,
2026-08-31T04:08:31.308720+00:00,GET,http://localhost:3000/logistics/tenderos/productos-disponibles?tiendaId=bbbbbbbb-bbbb-4bbb-8bbb-bbbbbbbbbbbb&zona=Zona+Norte,200,64.614,
2026-08-31T04:08:31.342155+00:00,GET,http://localhost:3000/logistics/tenderos/productos-disponibles?tiendaId=bbbbbbbb-bbbb-4bbb-8bbb-bbbbbbbbbbbb&zona=Zona+Norte,200,63.403,
2026-08-31T04:08:31.374684+00:00,GET,http://localhost:3000/logistics/tenderos/productos-disponibles?tiendaId=bbbbbbbb-bbbb-4bbb-8bbb-bbbbbbbbbbbb&zona=Zona+Norte,200,60.847,
2026-08-31T04:08:31.408204+00:00,GET,http://localhost:3000/logistics/tenderos/productos-disponibles?tiendaId=bbbbbbbb-bbbb-4bbb-8bbb-bbbbbbbbbbbb&zona=Zona+Norte,200,64.449,
2026-08-31T04:08:31.441955+00:00,GET,http://localhost:3000/logistics/tenderos/productos-disponibles?tiendaId=bbbbbbbb-bbbb-4bbb-8bbb-bbbbbbbbbbbb&zona=Zona+Norte,200,60.195,
2026-08-31T04:08:31.474825+00:00,GET,http://localhost:3000/logistics/tenderos/productos-disponibles?tiendaId=bbbbbbbb-bbbb-4bbb-8bbb-bbbbbbbbbbbb&zona=Zona+Norte,200,62.679,
2026-08-31T04:08:31.508621+00:00,GET,http://localhost:3000/logistics/tenderos/productos-disponibles?tiendaId=bbbbbbbb-bbbb-4bbb-8bbb-bbbbbbbbbbbb&zona=Zona+Norte,200,65.342,
2026-08-31T04:08:31.541668+00:00,GET,http://localhost:3000/logistics/tenderos/productos-disponibles?tiendaId=bbbbbbbb-bbbb-4bbb-8bbb-bbbbbbbbbbbb&zona=Zona+Norte,200,68.408,
2026-08-31T04:08:31.574679+00:00,GET,http://localhost:3000/logistics/tenderos/productos-disponibles?tiendaId=bbbbbbbb-bbbb-4bbb-8bbb-bbbbbbbbbbbb&zona=Zona+Norte,200,69.852,
2026-08-31T04:08:31.608906+00:00,GET,http://localhost:3000/logistics/tenderos/productos-disponibles?tiendaId=bbbbbbbb-bbbb-4bbb-8bbb-bbbbbbbbbbbb&zona=Zona+Norte,200,70.655,
2026-08-31T04:08:31.641479+00:00,GET,http://localhost:3000/logistics/tenderos/productos-disponibles?tiendaId=bbbbbbbb-bbbb-4bbb-8bbb-bbbbbbbbbbbb&zona=Zona+Norte,200,70.910,
2026-08-31T04:08:31.675426+00:00,GET,http://localhost:3000/logistics/tenderos/productos-disponibles?tiendaId=bbbbbbbb-bbbb-4bbb-8bbb-bbbbbbbbbbbb&zona=Zona+Norte,200,65.361,
2026-08-31T04:08:31.708896+00:00,GET,http://localhost:3000/logistics/tenderos/productos-disponibles?tiendaId=bbbbbbbb-bbbb-4bbb-8bbb-bbbbbbbbbbbb&zona=Zona+Norte,200,66.348,
2026-08-31T04:08:31.741243+00:00,GET,http://localhost:3000/logistics/tenderos/productos-disponibles?tiendaId=bbbbbbbb-bbbb-4bbb-8bbb-bbbbbbbbbbbb&zona=Zona+Norte,200,63.232,
2026-08-31T04:08:31.775265+00:00,GET,http://localhost:3000/logistics/tenderos/productos-disponibles?tiendaId=bbbbbbbb-bbbb-4bbb-8bbb-bbbbbbbbbbbb&zona=Zona+Norte,200,62.069,
2026-08-31T04:08:31.808320+00:00,GET,http://localhost:3000/logistics/tenderos/productos-disponibles?tiendaId=bbbbbbbb-bbbb-4bbb-8bbb-bbbbbbbbbbbb&zona=Zona+Norte,200,61.962,
2026-08-31T04:08:31.841692+00:00,GET,http://localhost:3000/logistics/tenderos/productos-disponibles?tiendaId=bbbbbbbb-bbbb-4bbb-8bbb-bbbbbbbbbbbb&zona=Zona+Norte,200,61.957,
2026-08-31T04:08:31.874977+00:00,GET,http://localhost:3000/logistics/tenderos/productos-disponibles?tiendaId=bbbbbbbb-bbbb-4bbb-8bbb-bbbbbbbbbbbb&zona=Zona+Norte,200,62.173,
2026-08-31T04:08:31.908403+00:00,GET,http://localhost:3000/logistics/tenderos/productos-disponibles?tiendaId=bbbbbbbb-bbbb-4bbb-8bbb-bbbbbbbbbbbb&zona=Zona+Norte,200,59.035,
2026-08-31T04:08:31.941717+00:00,GET,http://localhost:3000/logistics/tenderos/productos-disponibles?tiendaId=bbbbbbbb-bbbb-4bbb-8bbb-bbbbbbbbbbbb&zona=Zona+Norte,200,63.317,
2026-08-31T04:08:31.977237+00:00,GET,http://localhost:3000/logistics/tenderos/productos-disponibles?tiendaId=bbbbbbbb-bbbb-4bbb-8bbb-bbbbbbbbbbbb&zona=Zona+Norte,200,59.916,
2026-08-31T04:08:32.008233+00:00,GET,http://localhost:3000/logistics/tenderos/productos-disponibles?tiendaId=bbbbbbbb-bbbb-4bbb-8bbb-bbbbbbbbbbbb&zona=Zona+Norte,200,58.456,
2026-08-31T04:08:32.041718+00:00,GET,http://localhost:3000/logistics/tenderos/productos-disponibles?tiendaId=bbbbbbbb-bbbb-4bbb-8bbb-bbbbbbbbbbbb&zona=Zona+Norte,200,61.066,
2026-08-31T04:08:32.075566+00:00,GET,http://localhost:3000/logistics/tenderos/productos-disponibles?tiendaId=bbbbbbbb-bbbb-4bbb-8bbb-bbbbbbbbbbbb&zona=Zona+Norte,200,58.456,
2026-08-31T04:08:32.108518+00:00,GET,http://localhost:3000/logistics/tenderos/productos-disponibles?tiendaId=bbbbbbbb-bbbb-4bbb-8bbb-bbbbbbbbbbbb&zona=Zona+Norte,200,59.024,
2026-08-31T04:08:32.142123+00:00,GET,http://localhost:3000/logistics/tenderos/productos-disponibles?tiendaId=bbbbbbbb-bbbb-4bbb-8bbb-bbbbbbbbbbbb&zona=Zona+Norte,200,61.053,
2026-08-31T04:08:32.175461+00:00,GET,http://localhost:3000/logistics/tenderos/productos-disponibles?tiendaId=bbbbbbbb-bbbb-4bbb-8bbb-bbbbbbbbbbbb&zona=Zona+Norte,200,60.911,
2026-08-31T04:08:32.208468+00:00,GET,http://localhost:3000/logistics/tenderos/productos-disponibles?tiendaId=bbbbbbbb-bbbb-4bbb-8bbb-bbbbbbbbbbbb&zona=Zona+Norte,200,61.679,
2026-08-31T04:08:32.241823+00:00,GET,http://localhost:3000/logistics/tenderos/productos-disponibles?tiendaId=bbbbbbbb-bbbb-4bbb-8bbb-bbbbbbbbbbbb&zona=Zona+Norte,200,61.532,
2026-08-31T04:08:32.275103+00:00,GET,http://localhost:3000/logistics/tenderos/productos-disponibles?tiendaId=bbbbbbbb-bbbb-4bbb-8bbb-bbbbbbbbbbbb&zona=Zona+Norte,200,62.194,
2026-08-31T04:08:32.308455+00:00,GET,http://localhost:3000/logistics/tenderos/productos-disponibles?tiendaId=bbbbbbbb-bbbb-4bbb-8bbb-bbbbbbbbbbbb&zona=Zona+Norte,200,60.853,
2026-08-31T04:08:32.341715+00:00,GET,http://localhost:3000/logistics/tenderos/productos-disponibles?tiendaId=bbbbbbbb-bbbb-4bbb-8bbb-bbbbbbbbbbbb&zona=Zona+Norte,200,61.917,
2026-08-31T04:08:32.375257+00:00,GET,http://localhost:3000/logistics/tenderos/productos-disponibles?tiendaId=bbbbbbbb-bbbb-4bbb-8bbb-bbbbbbbbbbbb&zona=Zona+Norte,200,61.774,
2026-08-31T04:08:32.408416+00:00,GET,http://localhost:3000/logistics/tenderos/productos-disponibles?tiendaId=bbbbbbbb-bbbb-4bbb-8bbb-bbbbbbbbbbbb&zona=Zona+Norte,200,58.848,
2026-08-31T04:08:32.441737+00:00,GET,http://localhost:3000/logistics/tenderos/productos-disponibles?tiendaId=bbbbbbbb-bbbb-4bbb-8bbb-bbbbbbbbbbbb&zona=Zona+Norte,200,60.373,
2026-08-31T04:08:32.475481+00:00,GET,http://localhost:3000/logistics/tenderos/productos-disponibles?tiendaId=bbbbbbbb-bbbb-4bbb-8bbb-bbbbbbbbbbbb&zona=Zona+Norte,200,60.106,
2026-08-31T04:08:32.508608+00:00,GET,http://localhost:3000/logistics/tenderos/productos-disponibles?tiendaId=bbbbbbbb-bbbb-4bbb-8bbb-bbbbbbbbbbbb&zona=Zona+Norte,200,60.690,
2026-08-31T04:08:32.541925+00:00,GET,http://localhost:3000/logistics/tenderos/productos-disponibles?tiendaId=bbbbbbbb-bbbb-4bbb-8bbb-bbbbbbbbbbbb&zona=Zona+Norte,200,58.747,
2026-08-31T04:08:32.575273+00:00,GET,http://localhost:3000/logistics/tenderos/productos-disponibles?tiendaId=bbbbbbbb-bbbb-4bbb-8bbb-bbbbbbbbbbbb&zona=Zona+Norte,200,62.031,
2026-08-31T04:08:32.608789+00:00,GET,http://localhost:3000/logistics/tenderos/productos-disponibles?tiendaId=bbbbbbbb-bbbb-4bbb-8bbb-bbbbbbbbbbbb&zona=Zona+Norte,200,61.005,
2026-08-31T04:08:32.641723+00:00,GET,http://localhost:3000/logistics/tenderos/productos-disponibles?tiendaId=bbbbbbbb-bbbb-4bbb-8bbb-bbbbbbbbbbbb&zona=Zona+Norte,200,61.018,
2026-08-31T04:08:32.675160+00:00,GET,http://localhost:3000/logistics/tenderos/productos-disponibles?tiendaId=bbbbbbbb-bbbb-4bbb-8bbb-bbbbbbbbbbbb&zona=Zona+Norte,200,61.208,
2026-08-31T04:08:32.708546+00:00,GET,http://localhost:3000/logistics/tenderos/productos-disponibles?tiendaId=bbbbbbbb-bbbb-4bbb-8bbb-bbbbbbbbbbbb&zona=Zona+Norte,200,61.836,
2026-08-31T04:08:32.741828+00:00,GET,http://localhost:3000/logistics/tenderos/productos-disponibles?tiendaId=bbbbbbbb-bbbb-4bbb-8bbb-bbbbbbbbbbbb&zona=Zona+Norte,200,59.064,
2026-08-31T04:08:32.775080+00:00,GET,http://localhost:3000/logistics/tenderos/productos-disponibles?tiendaId=bbbbbbbb-bbbb-4bbb-8bbb-bbbbbbbbbbbb&zona=Zona+Norte,200,61.426,
2026-08-31T04:08:32.808776+00:00,GET,http://localhost:3000/logistics/tenderos/productos-disponibles?tiendaId=bbbbbbbb-bbbb-4bbb-8bbb-bbbbbbbbbbbb&zona=Zona+Norte,200,61.457,
2026-08-31T04:08:32.841832+00:00,GET,http://localhost:3000/logistics/tenderos/productos-disponibles?tiendaId=bbbbbbbb-bbbb-4bbb-8bbb-bbbbbbbbbbbb&zona=Zona+Norte,200,59.073,
2026-08-31T04:08:32.875102+00:00,GET,http://localhost:3000/logistics/tenderos/productos-disponibles?tiendaId=bbbbbbbb-bbbb-4bbb-8bbb-bbbbbbbbbbbb&zona=Zona+Norte,200,61.881,
2026-08-31T04:08:32.908763+00:00,GET,http://localhost:3000/logistics/tenderos/productos-disponibles?tiendaId=bbbbbbbb-bbbb-4bbb-8bbb-bbbbbbbbbbbb&zona=Zona+Norte,200,58.301,
2026-08-31T04:08:32.941766+00:00,GET,http://localhost:3000/logistics/tenderos/productos-disponibles?tiendaId=bbbbbbbb-bbbb-4bbb-8bbb-bbbbbbbbbbbb&zona=Zona+Norte,200,62.184,
2026-08-31T04:08:32.975512+00:00,GET,http://localhost:3000/logistics/tenderos/productos-disponibles?tiendaId=bbbbbbbb-bbbb-4bbb-8bbb-bbbbbbbbbbbb&zona=Zona+Norte,200,59.010,
2026-08-31T04:08:33.008407+00:00,GET,http://localhost:3000/logistics/tenderos/productos-disponibles?tiendaId=bbbbbbbb-bbbb-4bbb-8bbb-bbbbbbbbbbbb&zona=Zona+Norte,200,61.761,
2026-08-31T04:08:33.042075+00:00,GET,http://localhost:3000/logistics/tenderos/productos-disponibles?tiendaId=bbbbbbbb-bbbb-4bbb-8bbb-bbbbbbbbbbbb&zona=Zona+Norte,200,61.100,
2026-08-31T04:08:33.075125+00:00,GET,http://localhost:3000/logistics/tenderos/productos-disponibles?tiendaId=bbbbbbbb-bbbb-4bbb-8bbb-bbbbbbbbbbbb&zona=Zona+Norte,200,64.166,
2026-08-31T04:08:33.108486+00:00,GET,http://localhost:3000/logistics/tenderos/productos-disponibles?tiendaId=bbbbbbbb-bbbb-4bbb-8bbb-bbbbbbbbbbbb&zona=Zona+Norte,200,59.515,
2026-08-31T04:08:33.141460+00:00,GET,http://localhost:3000/logistics/tenderos/productos-disponibles?tiendaId=bbbbbbbb-bbbb-4bbb-8bbb-bbbbbbbbbbbb&zona=Zona+Norte,200,60.876,
2026-08-31T04:08:33.175405+00:00,GET,http://localhost:3000/logistics/tenderos/productos-disponibles?tiendaId=bbbbbbbb-bbbb-4bbb-8bbb-bbbbbbbbbbbb&zona=Zona+Norte,200,60.991,
2026-08-31T04:08:33.208603+00:00,GET,http://localhost:3000/logistics/tenderos/productos-disponibles?tiendaId=bbbbbbbb-bbbb-4bbb-8bbb-bbbbbbbbbbbb&zona=Zona+Norte,200,60.639,
2026-08-31T04:08:33.241848+00:00,GET,http://localhost:3000/logistics/tenderos/productos-disponibles?tiendaId=bbbbbbbb-bbbb-4bbb-8bbb-bbbbbbbbbbbb&zona=Zona+Norte,200,61.709,
2026-08-31T04:08:33.275251+00:00,GET,http://localhost:3000/logistics/tenderos/productos-disponibles?tiendaId=bbbbbbbb-bbbb-4bbb-8bbb-bbbbbbbbbbbb&zona=Zona+Norte,200,62.603,
2026-08-31T04:08:33.308436+00:00,GET,http://localhost:3000/logistics/tenderos/productos-disponibles?tiendaId=bbbbbbbb-bbbb-4bbb-8bbb-bbbbbbbbbbbb&zona=Zona+Norte,200,61.639,
2026-08-31T04:08:33.341656+00:00,GET,http://localhost:3000/logistics/tenderos/productos-disponibles?tiendaId=bbbbbbbb-bbbb-4bbb-8bbb-bbbbbbbbbbbb&zona=Zona+Norte,200,61.529,
2026-08-31T04:08:33.375137+00:00,GET,http://localhost:3000/logistics/tenderos/productos-disponibles?tiendaId=bbbbbbbb-bbbb-4bbb-8bbb-bbbbbbbbbbbb&zona=Zona+Norte,200,61.815,
2026-08-31T04:08:33.408482+00:00,GET,http://localhost:3000/logistics/tenderos/productos-disponibles?tiendaId=bbbbbbbb-bbbb-4bbb-8bbb-bbbbbbbbbbbb&zona=Zona+Norte,200,60.945,
2026-08-31T04:08:33.441778+00:00,GET,http://localhost:3000/logistics/tenderos/productos-disponibles?tiendaId=bbbbbbbb-bbbb-4bbb-8bbb-bbbbbbbbbbbb&zona=Zona+Norte,200,61.236,
2026-08-31T04:08:33.475215+00:00,GET,http://localhost:3000/logistics/tenderos/productos-disponibles?tiendaId=bbbbbbbb-bbbb-4bbb-8bbb-bbbbbbbbbbbb&zona=Zona+Norte,200,60.426,
2026-08-31T04:08:33.508530+00:00,GET,http://localhost:3000/logistics/tenderos/productos-disponibles?tiendaId=bbbbbbbb-bbbb-4bbb-8bbb-bbbbbbbbbbbb&zona=Zona+Norte,200,61.851,
2026-08-31T04:08:33.541534+00:00,GET,http://localhost:3000/logistics/tenderos/productos-disponibles?tiendaId=bbbbbbbb-bbbb-4bbb-8bbb-bbbbbbbbbbbb&zona=Zona+Norte,200,61.715,
2026-08-31T04:08:33.575170+00:00,GET,http://localhost:3000/logistics/tenderos/productos-disponibles?tiendaId=bbbbbbbb-bbbb-4bbb-8bbb-bbbbbbbbbbbb&zona=Zona+Norte,200,60.585,
2026-08-31T04:08:33.608500+00:00,GET,http://localhost:3000/logistics/tenderos/productos-disponibles?tiendaId=bbbbbbbb-bbbb-4bbb-8bbb-bbbbbbbbbbbb&zona=Zona+Norte,200,59.528,
2026-08-31T04:08:33.641937+00:00,GET,http://localhost:3000/logistics/tenderos/productos-disponibles?tiendaId=bbbbbbbb-bbbb-4bbb-8bbb-bbbbbbbbbbbb&zona=Zona+Norte,200,62.746,
2026-08-31T04:08:33.675442+00:00,GET,http://localhost:3000/logistics/tenderos/productos-disponibles?tiendaId=bbbbbbbb-bbbb-4bbb-8bbb-bbbbbbbbbbbb&zona=Zona+Norte,200,56.303,
2026-08-31T04:08:33.708316+00:00,GET,http://localhost:3000/logistics/tenderos/productos-disponibles?tiendaId=bbbbbbbb-bbbb-4bbb-8bbb-bbbbbbbbbbbb&zona=Zona+Norte,200,60.867,
2026-08-31T04:08:33.741995+00:00,GET,http://localhost:3000/logistics/tenderos/productos-disponibles?tiendaId=bbbbbbbb-bbbb-4bbb-8bbb-bbbbbbbbbbbb&zona=Zona+Norte,200,56.890,
2026-08-31T04:08:33.775265+00:00,GET,http://localhost:3000/logistics/tenderos/productos-disponibles?tiendaId=bbbbbbbb-bbbb-4bbb-8bbb-bbbbbbbbbbbb&zona=Zona+Norte,200,61.936,
2026-08-31T04:08:33.808948+00:00,GET,http://localhost:3000/logistics/tenderos/productos-disponibles?tiendaId=bbbbbbbb-bbbb-4bbb-8bbb-bbbbbbbbbbbb&zona=Zona+Norte,200,58.575,
2026-08-31T04:08:33.841748+00:00,GET,http://localhost:3000/logistics/tenderos/productos-disponibles?tiendaId=bbbbbbbb-bbbb-4bbb-8bbb-bbbbbbbbbbbb&zona=Zona+Norte,200,59.649,
2026-08-31T04:08:33.874954+00:00,GET,http://localhost:3000/logistics/tenderos/productos-disponibles?tiendaId=bbbbbbbb-bbbb-4bbb-8bbb-bbbbbbbbbbbb&zona=Zona+Norte,200,56.544,
2026-08-31T04:08:33.908734+00:00,GET,http://localhost:3000/logistics/tenderos/productos-disponibles?tiendaId=bbbbbbbb-bbbb-4bbb-8bbb-bbbbbbbbbbbb&zona=Zona+Norte,200,56.546,
2026-08-31T04:08:33.941955+00:00,GET,http://localhost:3000/logistics/tenderos/productos-disponibles?tiendaId=bbbbbbbb-bbbb-4bbb-8bbb-bbbbbbbbbbbb&zona=Zona+Norte,200,59.273,
2026-08-31T04:08:33.975502+00:00,GET,http://localhost:3000/logistics/tenderos/productos-disponibles?tiendaId=bbbbbbbb-bbbb-4bbb-8bbb-bbbbbbbbbbbb&zona=Zona+Norte,200,59.157,
2026-08-31T04:08:34.008763+00:00,GET,http://localhost:3000/logistics/tenderos/productos-disponibles?tiendaId=bbbbbbbb-bbbb-4bbb-8bbb-bbbbbbbbbbbb&zona=Zona+Norte,200,63.449,
2026-08-31T04:08:34.042098+00:00,GET,http://localhost:3000/logistics/tenderos/productos-disponibles?tiendaId=bbbbbbbb-bbbb-4bbb-8bbb-bbbbbbbbbbbb&zona=Zona+Norte,200,59.698,
2026-08-31T04:08:34.074936+00:00,GET,http://localhost:3000/logistics/tenderos/productos-disponibles?tiendaId=bbbbbbbb-bbbb-4bbb-8bbb-bbbbbbbbbbbb&zona=Zona+Norte,200,63.817,
2026-08-31T04:08:34.108679+00:00,GET,http://localhost:3000/logistics/tenderos/productos-disponibles?tiendaId=bbbbbbbb-bbbb-4bbb-8bbb-bbbbbbbbbbbb&zona=Zona+Norte,200,59.289,
2026-08-31T04:08:34.141569+00:00,GET,http://localhost:3000/logistics/tenderos/productos-disponibles?tiendaId=bbbbbbbb-bbbb-4bbb-8bbb-bbbbbbbbbbbb&zona=Zona+Norte,200,55.588,
2026-08-31T04:08:34.175448+00:00,GET,http://localhost:3000/logistics/tenderos/productos-disponibles?tiendaId=bbbbbbbb-bbbb-4bbb-8bbb-bbbbbbbbbbbb&zona=Zona+Norte,200,59.364,
2026-08-31T04:08:34.208948+00:00,GET,http://localhost:3000/logistics/tenderos/productos-disponibles?tiendaId=bbbbbbbb-bbbb-4bbb-8bbb-bbbbbbbbbbbb&zona=Zona+Norte,200,58.403,
2026-08-31T04:08:34.242065+00:00,GET,http://localhost:3000/logistics/tenderos/productos-disponibles?tiendaId=bbbbbbbb-bbbb-4bbb-8bbb-bbbbbbbbbbbb&zona=Zona+Norte,200,62.274,
2026-08-31T04:08:34.275525+00:00,GET,http://localhost:3000/logistics/tenderos/productos-disponibles?tiendaId=bbbbbbbb-bbbb-4bbb-8bbb-bbbbbbbbbbbb&zona=Zona+Norte,200,59.180,
2026-08-31T04:08:34.308382+00:00,GET,http://localhost:3000/logistics/tenderos/productos-disponibles?tiendaId=bbbbbbbb-bbbb-4bbb-8bbb-bbbbbbbbbbbb&zona=Zona+Norte,200,61.105,
2026-08-31T04:08:34.342039+00:00,GET,http://localhost:3000/logistics/tenderos/productos-disponibles?tiendaId=bbbbbbbb-bbbb-4bbb-8bbb-bbbbbbbbbbbb&zona=Zona+Norte,200,58.830,
2026-08-31T04:08:34.375217+00:00,GET,http://localhost:3000/logistics/tenderos/productos-disponibles?tiendaId=bbbbbbbb-bbbb-4bbb-8bbb-bbbbbbbbbbbb&zona=Zona+Norte,200,61.784,
2026-08-31T04:08:34.408809+00:00,GET,http://localhost:3000/logistics/tenderos/productos-disponibles?tiendaId=bbbbbbbb-bbbb-4bbb-8bbb-bbbbbbbbbbbb&zona=Zona+Norte,200,63.221,
2026-08-31T04:08:34.441605+00:00,GET,http://localhost:3000/logistics/tenderos/productos-disponibles?tiendaId=bbbbbbbb-bbbb-4bbb-8bbb-bbbbbbbbbbbb&zona=Zona+Norte,200,59.920,
2026-08-31T04:08:34.474691+00:00,GET,http://localhost:3000/logistics/tenderos/productos-disponibles?tiendaId=bbbbbbbb-bbbb-4bbb-8bbb-bbbbbbbbbbbb&zona=Zona+Norte,200,64.283,
2026-08-31T04:08:34.508206+00:00,GET,http://localhost:3000/logistics/tenderos/productos-disponibles?tiendaId=bbbbbbbb-bbbb-4bbb-8bbb-bbbbbbbbbbbb&zona=Zona+Norte,200,63.282,
2026-08-31T04:08:34.541584+00:00,GET,http://localhost:3000/logistics/tenderos/productos-disponibles?tiendaId=bbbbbbbb-bbbb-4bbb-8bbb-bbbbbbbbbbbb&zona=Zona+Norte,200,64.391,
2026-08-31T04:08:34.575094+00:00,GET,http://localhost:3000/logistics/tenderos/productos-disponibles?tiendaId=bbbbbbbb-bbbb-4bbb-8bbb-bbbbbbbbbbbb&zona=Zona+Norte,200,64.854,
2026-08-31T04:08:34.608190+00:00,GET,http://localhost:3000/logistics/tenderos/productos-disponibles?tiendaId=bbbbbbbb-bbbb-4bbb-8bbb-bbbbbbbbbbbb&zona=Zona+Norte,200,61.465,
2026-08-31T04:08:34.641416+00:00,GET,http://localhost:3000/logistics/tenderos/productos-disponibles?tiendaId=bbbbbbbb-bbbb-4bbb-8bbb-bbbbbbbbbbbb&zona=Zona+Norte,200,63.117,
2026-08-31T04:08:34.675256+00:00,GET,http://localhost:3000/logistics/tenderos/productos-disponibles?tiendaId=bbbbbbbb-bbbb-4bbb-8bbb-bbbbbbbbbbbb&zona=Zona+Norte,200,60.567,
2026-08-31T04:08:34.708395+00:00,GET,http://localhost:3000/logistics/tenderos/productos-disponibles?tiendaId=bbbbbbbb-bbbb-4bbb-8bbb-bbbbbbbbbbbb&zona=Zona+Norte,200,61.686,
2026-08-31T04:08:34.741910+00:00,GET,http://localhost:3000/logistics/tenderos/productos-disponibles?tiendaId=bbbbbbbb-bbbb-4bbb-8bbb-bbbbbbbbbbbb&zona=Zona+Norte,200,58.883,
2026-08-31T04:08:34.775157+00:00,GET,http://localhost:3000/logistics/tenderos/productos-disponibles?tiendaId=bbbbbbbb-bbbb-4bbb-8bbb-bbbbbbbbbbbb&zona=Zona+Norte,200,63.161,
2026-08-31T04:08:34.808313+00:00,GET,http://localhost:3000/logistics/tenderos/productos-disponibles?tiendaId=bbbbbbbb-bbbb-4bbb-8bbb-bbbbbbbbbbbb&zona=Zona+Norte,200,60.108,
2026-08-31T04:08:34.841626+00:00,GET,http://localhost:3000/logistics/tenderos/productos-disponibles?tiendaId=bbbbbbbb-bbbb-4bbb-8bbb-bbbbbbbbbbbb&zona=Zona+Norte,200,67.044,
2026-08-31T04:08:34.875426+00:00,GET,http://localhost:3000/logistics/tenderos/productos-disponibles?tiendaId=bbbbbbbb-bbbb-4bbb-8bbb-bbbbbbbbbbbb&zona=Zona+Norte,200,63.241,
2026-08-31T04:08:34.908428+00:00,GET,http://localhost:3000/logistics/tenderos/productos-disponibles?tiendaId=bbbbbbbb-bbbb-4bbb-8bbb-bbbbbbbbbbbb&zona=Zona+Norte,200,61.480,
2026-08-31T04:08:34.941303+00:00,GET,http://localhost:3000/logistics/tenderos/productos-disponibles?tiendaId=bbbbbbbb-bbbb-4bbb-8bbb-bbbbbbbbbbbb&zona=Zona+Norte,200,63.817,
2026-08-31T04:08:34.975238+00:00,GET,http://localhost:3000/logistics/tenderos/productos-disponibles?tiendaId=bbbbbbbb-bbbb-4bbb-8bbb-bbbbbbbbbbbb&zona=Zona+Norte,200,63.086,
2026-08-31T04:08:35.008287+00:00,GET,http://localhost:3000/logistics/tenderos/productos-disponibles?tiendaId=bbbbbbbb-bbbb-4bbb-8bbb-bbbbbbbbbbbb&zona=Zona+Norte,200,63.913,
2026-08-31T04:08:35.041631+00:00,GET,http://localhost:3000/logistics/tenderos/productos-disponibles?tiendaId=bbbbbbbb-bbbb-4bbb-8bbb-bbbbbbbbbbbb&zona=Zona+Norte,200,67.051,
2026-08-31T04:08:35.074938+00:00,GET,http://localhost:3000/logistics/tenderos/productos-disponibles?tiendaId=bbbbbbbb-bbbb-4bbb-8bbb-bbbbbbbbbbbb&zona=Zona+Norte,200,64.469,
2026-08-31T04:08:35.108709+00:00,GET,http://localhost:3000/logistics/tenderos/productos-disponibles?tiendaId=bbbbbbbb-bbbb-4bbb-8bbb-bbbbbbbbbbbb&zona=Zona+Norte,200,63.593,
2026-08-31T04:08:35.141512+00:00,GET,http://localhost:3000/logistics/tenderos/productos-disponibles?tiendaId=bbbbbbbb-bbbb-4bbb-8bbb-bbbbbbbbbbbb&zona=Zona+Norte,200,59.594,
2026-08-31T04:08:35.174972+00:00,GET,http://localhost:3000/logistics/tenderos/productos-disponibles?tiendaId=bbbbbbbb-bbbb-4bbb-8bbb-bbbbbbbbbbbb&zona=Zona+Norte,200,63.614,
2026-08-31T04:08:35.208779+00:00,GET,http://localhost:3000/logistics/tenderos/productos-disponibles?tiendaId=bbbbbbbb-bbbb-4bbb-8bbb-bbbbbbbbbbbb&zona=Zona+Norte,200,64.135,
2026-08-31T04:08:35.241580+00:00,GET,http://localhost:3000/logistics/tenderos/productos-disponibles?tiendaId=bbbbbbbb-bbbb-4bbb-8bbb-bbbbbbbbbbbb&zona=Zona+Norte,200,59.245,
2026-08-31T04:08:35.274841+00:00,GET,http://localhost:3000/logistics/tenderos/productos-disponibles?tiendaId=bbbbbbbb-bbbb-4bbb-8bbb-bbbbbbbbbbbb&zona=Zona+Norte,200,58.950,
2026-08-31T04:08:35.308831+00:00,GET,http://localhost:3000/logistics/tenderos/productos-disponibles?tiendaId=bbbbbbbb-bbbb-4bbb-8bbb-bbbbbbbbbbbb&zona=Zona+Norte,200,59.325,
2026-08-31T04:08:35.342214+00:00,GET,http://localhost:3000/logistics/tenderos/productos-disponibles?tiendaId=bbbbbbbb-bbbb-4bbb-8bbb-bbbbbbbbbbbb&zona=Zona+Norte,200,63.099,
2026-08-31T04:08:35.375481+00:00,GET,http://localhost:3000/logistics/tenderos/productos-disponibles?tiendaId=bbbbbbbb-bbbb-4bbb-8bbb-bbbbbbbbbbbb&zona=Zona+Norte,200,62.963,
2026-08-31T04:08:35.408264+00:00,GET,http://localhost:3000/logistics/tenderos/productos-disponibles?tiendaId=bbbbbbbb-bbbb-4bbb-8bbb-bbbbbbbbbbbb&zona=Zona+Norte,200,63.321,
2026-08-31T04:08:35.441617+00:00,GET,http://localhost:3000/logistics/tenderos/productos-disponibles?tiendaId=bbbbbbbb-bbbb-4bbb-8bbb-bbbbbbbbbbbb&zona=Zona+Norte,200,63.417,
2026-08-31T04:08:35.475032+00:00,GET,http://localhost:3000/logistics/tenderos/productos-disponibles?tiendaId=bbbbbbbb-bbbb-4bbb-8bbb-bbbbbbbbbbbb&zona=Zona+Norte,200,61.580,
2026-08-31T04:08:35.508294+00:00,GET,http://localhost:3000/logistics/tenderos/productos-disponibles?tiendaId=bbbbbbbb-bbbb-4bbb-8bbb-bbbbbbbbbbbb&zona=Zona+Norte,200,62.700,
2026-08-31T04:08:35.541860+00:00,GET,http://localhost:3000/logistics/tenderos/productos-disponibles?tiendaId=bbbbbbbb-bbbb-4bbb-8bbb-bbbbbbbbbbbb&zona=Zona+Norte,200,62.968,
2026-08-31T04:08:35.575100+00:00,GET,http://localhost:3000/logistics/tenderos/productos-disponibles?tiendaId=bbbbbbbb-bbbb-4bbb-8bbb-bbbbbbbbbbbb&zona=Zona+Norte,200,58.093,
2026-08-31T04:08:35.608354+00:00,GET,http://localhost:3000/logistics/tenderos/productos-disponibles?tiendaId=bbbbbbbb-bbbb-4bbb-8bbb-bbbbbbbbbbbb&zona=Zona+Norte,200,55.831,
2026-08-31T04:08:35.642314+00:00,GET,http://localhost:3000/logistics/tenderos/productos-disponibles?tiendaId=bbbbbbbb-bbbb-4bbb-8bbb-bbbbbbbbbbbb&zona=Zona+Norte,200,61.142,
2026-08-31T04:08:35.675639+00:00,GET,http://localhost:3000/logistics/tenderos/productos-disponibles?tiendaId=bbbbbbbb-bbbb-4bbb-8bbb-bbbbbbbbbbbb&zona=Zona+Norte,200,60.371,
2026-08-31T04:08:35.708283+00:00,GET,http://localhost:3000/logistics/tenderos/productos-disponibles?tiendaId=bbbbbbbb-bbbb-4bbb-8bbb-bbbbbbbbbbbb&zona=Zona+Norte,200,59.683,
2026-08-31T04:08:35.741637+00:00,GET,http://localhost:3000/logistics/tenderos/productos-disponibles?tiendaId=bbbbbbbb-bbbb-4bbb-8bbb-bbbbbbbbbbbb&zona=Zona+Norte,200,62.495,
2026-08-31T04:08:35.775476+00:00,GET,http://localhost:3000/logistics/tenderos/productos-disponibles?tiendaId=bbbbbbbb-bbbb-4bbb-8bbb-bbbbbbbbbbbb&zona=Zona+Norte,200,59.519,
2026-08-31T04:08:35.808440+00:00,GET,http://localhost:3000/logistics/tenderos/productos-disponibles?tiendaId=bbbbbbbb-bbbb-4bbb-8bbb-bbbbbbbbbbbb&zona=Zona+Norte,200,61.193,
2026-08-31T04:08:35.842065+00:00,GET,http://localhost:3000/logistics/tenderos/productos-disponibles?tiendaId=bbbbbbbb-bbbb-4bbb-8bbb-bbbbbbbbbbbb&zona=Zona+Norte,200,57.388,
2026-08-31T04:08:35.875281+00:00,GET,http://localhost:3000/logistics/tenderos/productos-disponibles?tiendaId=bbbbbbbb-bbbb-4bbb-8bbb-bbbbbbbbbbbb&zona=Zona+Norte,200,62.848,
2026-08-31T04:08:35.908961+00:00,GET,http://localhost:3000/logistics/tenderos/productos-disponibles?tiendaId=bbbbbbbb-bbbb-4bbb-8bbb-bbbbbbbbbbbb&zona=Zona+Norte,200,62.965,
2026-08-31T04:08:35.941676+00:00,GET,http://localhost:3000/logistics/tenderos/productos-disponibles?tiendaId=bbbbbbbb-bbbb-4bbb-8bbb-bbbbbbbbbbbb&zona=Zona+Norte,200,59.214,
2026-08-31T04:08:35.974985+00:00,GET,http://localhost:3000/logistics/tenderos/productos-disponibles?tiendaId=bbbbbbbb-bbbb-4bbb-8bbb-bbbbbbbbbbbb&zona=Zona+Norte,200,63.111,
2026-08-31T04:08:36.008836+00:00,GET,http://localhost:3000/logistics/tenderos/productos-disponibles?tiendaId=bbbbbbbb-bbbb-4bbb-8bbb-bbbbbbbbbbbb&zona=Zona+Norte,200,63.198,
2026-08-31T04:08:36.041592+00:00,GET,http://localhost:3000/logistics/tenderos/productos-disponibles?tiendaId=bbbbbbbb-bbbb-4bbb-8bbb-bbbbbbbbbbbb&zona=Zona+Norte,200,63.239,
2026-08-31T04:08:36.074981+00:00,GET,http://localhost:3000/logistics/tenderos/productos-disponibles?tiendaId=bbbbbbbb-bbbb-4bbb-8bbb-bbbbbbbbbbbb&zona=Zona+Norte,200,64.289,
2026-08-31T04:08:36.108321+00:00,GET,http://localhost:3000/logistics/tenderos/productos-disponibles?tiendaId=bbbbbbbb-bbbb-4bbb-8bbb-bbbbbbbbbbbb&zona=Zona+Norte,200,63.756,
2026-08-31T04:08:36.141544+00:00,GET,http://localhost:3000/logistics/tenderos/productos-disponibles?tiendaId=bbbbbbbb-bbbb-4bbb-8bbb-bbbbbbbbbbbb&zona=Zona+Norte,200,60.131,
2026-08-31T04:08:36.174958+00:00,GET,http://localhost:3000/logistics/tenderos/productos-disponibles?tiendaId=bbbbbbbb-bbbb-4bbb-8bbb-bbbbbbbbbbbb&zona=Zona+Norte,200,65.585,
2026-08-31T04:08:36.208691+00:00,GET,http://localhost:3000/logistics/tenderos/productos-disponibles?tiendaId=bbbbbbbb-bbbb-4bbb-8bbb-bbbbbbbbbbbb&zona=Zona+Norte,200,61.408,
2026-08-31T04:08:36.241340+00:00,GET,http://localhost:3000/logistics/tenderos/productos-disponibles?tiendaId=bbbbbbbb-bbbb-4bbb-8bbb-bbbbbbbbbbbb&zona=Zona+Norte,200,63.083,
2026-08-31T04:08:36.275221+00:00,GET,http://localhost:3000/logistics/tenderos/productos-disponibles?tiendaId=bbbbbbbb-bbbb-4bbb-8bbb-bbbbbbbbbbbb&zona=Zona+Norte,200,60.509,
2026-08-31T04:08:36.308414+00:00,GET,http://localhost:3000/logistics/tenderos/productos-disponibles?tiendaId=bbbbbbbb-bbbb-4bbb-8bbb-bbbbbbbbbbbb&zona=Zona+Norte,200,63.028,
2026-08-31T04:08:36.341984+00:00,GET,http://localhost:3000/logistics/tenderos/productos-disponibles?tiendaId=bbbbbbbb-bbbb-4bbb-8bbb-bbbbbbbbbbbb&zona=Zona+Norte,200,64.394,
2026-08-31T04:08:36.375077+00:00,GET,http://localhost:3000/logistics/tenderos/productos-disponibles?tiendaId=bbbbbbbb-bbbb-4bbb-8bbb-bbbbbbbbbbbb&zona=Zona+Norte,200,61.637,
2026-08-31T04:08:36.408143+00:00,GET,http://localhost:3000/logistics/tenderos/productos-disponibles?tiendaId=bbbbbbbb-bbbb-4bbb-8bbb-bbbbbbbbbbbb&zona=Zona+Norte,200,65.277,
2026-08-31T04:08:36.441860+00:00,GET,http://localhost:3000/logistics/tenderos/productos-disponibles?tiendaId=bbbbbbbb-bbbb-4bbb-8bbb-bbbbbbbbbbbb&zona=Zona+Norte,200,61.148,
2026-08-31T04:08:36.474804+00:00,GET,http://localhost:3000/logistics/tenderos/productos-disponibles?tiendaId=bbbbbbbb-bbbb-4bbb-8bbb-bbbbbbbbbbbb&zona=Zona+Norte,200,64.760,
2026-08-31T04:08:36.508566+00:00,GET,http://localhost:3000/logistics/tenderos/productos-disponibles?tiendaId=bbbbbbbb-bbbb-4bbb-8bbb-bbbbbbbbbbbb&zona=Zona+Norte,200,63.452,
2026-08-31T04:08:36.541506+00:00,GET,http://localhost:3000/logistics/tenderos/productos-disponibles?tiendaId=bbbbbbbb-bbbb-4bbb-8bbb-bbbbbbbbbbbb&zona=Zona+Norte,200,60.393,
2026-08-31T04:08:36.575047+00:00,GET,http://localhost:3000/logistics/tenderos/productos-disponibles?tiendaId=bbbbbbbb-bbbb-4bbb-8bbb-bbbbbbbbbbbb&zona=Zona+Norte,200,62.799,
2026-08-31T04:08:36.608739+00:00,GET,http://localhost:3000/logistics/tenderos/productos-disponibles?tiendaId=bbbbbbbb-bbbb-4bbb-8bbb-bbbbbbbbbbbb&zona=Zona+Norte,200,62.958,
2026-08-31T04:08:36.641701+00:00,GET,http://localhost:3000/logistics/tenderos/productos-disponibles?tiendaId=bbbbbbbb-bbbb-4bbb-8bbb-bbbbbbbbbbbb&zona=Zona+Norte,200,62.966,
2026-08-31T04:08:36.674963+00:00,GET,http://localhost:3000/logistics/tenderos/productos-disponibles?tiendaId=bbbbbbbb-bbbb-4bbb-8bbb-bbbbbbbbbbbb&zona=Zona+Norte,200,64.909,
2026-08-31T04:08:36.708371+00:00,GET,http://localhost:3000/logistics/tenderos/productos-disponibles?tiendaId=bbbbbbbb-bbbb-4bbb-8bbb-bbbbbbbbbbbb&zona=Zona+Norte,200,60.733,
2026-08-31T04:08:36.741481+00:00,GET,http://localhost:3000/logistics/tenderos/productos-disponibles?tiendaId=bbbbbbbb-bbbb-4bbb-8bbb-bbbbbbbbbbbb&zona=Zona+Norte,200,62.836,
2026-08-31T04:08:36.775335+00:00,GET,http://localhost:3000/logistics/tenderos/productos-disponibles?tiendaId=bbbbbbbb-bbbb-4bbb-8bbb-bbbbbbbbbbbb&zona=Zona+Norte,200,60.514,
2026-08-31T04:08:36.808441+00:00,GET,http://localhost:3000/logistics/tenderos/productos-disponibles?tiendaId=bbbbbbbb-bbbb-4bbb-8bbb-bbbbbbbbbbbb&zona=Zona+Norte,200,64.972,
2026-08-31T04:08:36.842005+00:00,GET,http://localhost:3000/logistics/tenderos/productos-disponibles?tiendaId=bbbbbbbb-bbbb-4bbb-8bbb-bbbbbbbbbbbb&zona=Zona+Norte,200,62.937,
2026-08-31T04:08:36.874760+00:00,GET,http://localhost:3000/logistics/tenderos/productos-disponibles?tiendaId=bbbbbbbb-bbbb-4bbb-8bbb-bbbbbbbbbbbb&zona=Zona+Norte,200,63.531,
2026-08-31T04:08:36.908325+00:00,GET,http://localhost:3000/logistics/tenderos/productos-disponibles?tiendaId=bbbbbbbb-bbbb-4bbb-8bbb-bbbbbbbbbbbb&zona=Zona+Norte,200,63.929,
2026-08-31T04:08:36.941680+00:00,GET,http://localhost:3000/logistics/tenderos/productos-disponibles?tiendaId=bbbbbbbb-bbbb-4bbb-8bbb-bbbbbbbbbbbb&zona=Zona+Norte,200,62.599,
2026-08-31T04:08:36.974954+00:00,GET,http://localhost:3000/logistics/tenderos/productos-disponibles?tiendaId=bbbbbbbb-bbbb-4bbb-8bbb-bbbbbbbbbbbb&zona=Zona+Norte,200,64.163,
2026-08-31T04:08:37.008413+00:00,GET,http://localhost:3000/logistics/tenderos/productos-disponibles?tiendaId=bbbbbbbb-bbbb-4bbb-8bbb-bbbbbbbbbbbb&zona=Zona+Norte,200,63.090,
2026-08-31T04:08:37.041595+00:00,GET,http://localhost:3000/logistics/tenderos/productos-disponibles?tiendaId=bbbbbbbb-bbbb-4bbb-8bbb-bbbbbbbbbbbb&zona=Zona+Norte,200,61.348,
2026-08-31T04:08:37.075037+00:00,GET,http://localhost:3000/logistics/tenderos/productos-disponibles?tiendaId=bbbbbbbb-bbbb-4bbb-8bbb-bbbbbbbbbbbb&zona=Zona+Norte,200,60.561,
2026-08-31T04:08:37.108596+00:00,GET,http://localhost:3000/logistics/tenderos/productos-disponibles?tiendaId=bbbbbbbb-bbbb-4bbb-8bbb-bbbbbbbbbbbb&zona=Zona+Norte,200,63.472,
2026-08-31T04:08:37.142029+00:00,GET,http://localhost:3000/logistics/tenderos/productos-disponibles?tiendaId=bbbbbbbb-bbbb-4bbb-8bbb-bbbbbbbbbbbb&zona=Zona+Norte,200,62.941,
2026-08-31T04:08:37.174983+00:00,GET,http://localhost:3000/logistics/tenderos/productos-disponibles?tiendaId=bbbbbbbb-bbbb-4bbb-8bbb-bbbbbbbbbbbb&zona=Zona+Norte,200,64.999,
2026-08-31T04:08:37.208348+00:00,GET,http://localhost:3000/logistics/tenderos/productos-disponibles?tiendaId=bbbbbbbb-bbbb-4bbb-8bbb-bbbbbbbbbbbb&zona=Zona+Norte,200,64.808,
2026-08-31T04:08:37.241451+00:00,GET,http://localhost:3000/logistics/tenderos/productos-disponibles?tiendaId=bbbbbbbb-bbbb-4bbb-8bbb-bbbbbbbbbbbb&zona=Zona+Norte,200,60.528,
2026-08-31T04:08:37.274911+00:00,GET,http://localhost:3000/logistics/tenderos/productos-disponibles?tiendaId=bbbbbbbb-bbbb-4bbb-8bbb-bbbbbbbbbbbb&zona=Zona+Norte,200,62.397,
2026-08-31T04:08:37.308709+00:00,GET,http://localhost:3000/logistics/tenderos/productos-disponibles?tiendaId=bbbbbbbb-bbbb-4bbb-8bbb-bbbbbbbbbbbb&zona=Zona+Norte,200,63.157,
2026-08-31T04:08:37.341836+00:00,GET,http://localhost:3000/logistics/tenderos/productos-disponibles?tiendaId=bbbbbbbb-bbbb-4bbb-8bbb-bbbbbbbbbbbb&zona=Zona+Norte,200,60.859,
2026-08-31T04:08:37.375077+00:00,GET,http://localhost:3000/logistics/tenderos/productos-disponibles?tiendaId=bbbbbbbb-bbbb-4bbb-8bbb-bbbbbbbbbbbb&zona=Zona+Norte,200,64.086,
2026-08-31T04:08:37.408623+00:00,GET,http://localhost:3000/logistics/tenderos/productos-disponibles?tiendaId=bbbbbbbb-bbbb-4bbb-8bbb-bbbbbbbbbbbb&zona=Zona+Norte,200,60.471,
2026-08-31T04:08:37.441557+00:00,GET,http://localhost:3000/logistics/tenderos/productos-disponibles?tiendaId=bbbbbbbb-bbbb-4bbb-8bbb-bbbbbbbbbbbb&zona=Zona+Norte,200,63.892,
2026-08-31T04:08:37.475390+00:00,GET,http://localhost:3000/logistics/tenderos/productos-disponibles?tiendaId=bbbbbbbb-bbbb-4bbb-8bbb-bbbbbbbbbbbb&zona=Zona+Norte,200,63.365,
2026-08-31T04:08:37.508311+00:00,GET,http://localhost:3000/logistics/tenderos/productos-disponibles?tiendaId=bbbbbbbb-bbbb-4bbb-8bbb-bbbbbbbbbbbb&zona=Zona+Norte,200,63.849,
2026-08-31T04:08:37.541638+00:00,GET,http://localhost:3000/logistics/tenderos/productos-disponibles?tiendaId=bbbbbbbb-bbbb-4bbb-8bbb-bbbbbbbbbbbb&zona=Zona+Norte,200,60.741,
2026-08-31T04:08:37.575026+00:00,GET,http://localhost:3000/logistics/tenderos/productos-disponibles?tiendaId=bbbbbbbb-bbbb-4bbb-8bbb-bbbbbbbbbbbb&zona=Zona+Norte,200,63.039,
2026-08-31T04:08:37.608698+00:00,GET,http://localhost:3000/logistics/tenderos/productos-disponibles?tiendaId=bbbbbbbb-bbbb-4bbb-8bbb-bbbbbbbbbbbb&zona=Zona+Norte,200,63.821,
2026-08-31T04:08:37.641712+00:00,GET,http://localhost:3000/logistics/tenderos/productos-disponibles?tiendaId=bbbbbbbb-bbbb-4bbb-8bbb-bbbbbbbbbbbb&zona=Zona+Norte,200,62.221,
2026-08-31T04:08:37.675016+00:00,GET,http://localhost:3000/logistics/tenderos/productos-disponibles?tiendaId=bbbbbbbb-bbbb-4bbb-8bbb-bbbbbbbbbbbb&zona=Zona+Norte,200,63.245,
2026-08-31T04:08:37.708501+00:00,GET,http://localhost:3000/logistics/tenderos/productos-disponibles?tiendaId=bbbbbbbb-bbbb-4bbb-8bbb-bbbbbbbbbbbb&zona=Zona+Norte,200,64.812,
2026-08-31T04:08:37.741680+00:00,GET,http://localhost:3000/logistics/tenderos/productos-disponibles?tiendaId=bbbbbbbb-bbbb-4bbb-8bbb-bbbbbbbbbbbb&zona=Zona+Norte,200,60.538,
2026-08-31T04:08:37.774786+00:00,GET,http://localhost:3000/logistics/tenderos/productos-disponibles?tiendaId=bbbbbbbb-bbbb-4bbb-8bbb-bbbbbbbbbbbb&zona=Zona+Norte,200,59.332,
2026-08-31T04:08:37.808695+00:00,GET,http://localhost:3000/logistics/tenderos/productos-disponibles?tiendaId=bbbbbbbb-bbbb-4bbb-8bbb-bbbbbbbbbbbb&zona=Zona+Norte,200,63.239,
2026-08-31T04:08:37.842235+00:00,GET,http://localhost:3000/logistics/tenderos/productos-disponibles?tiendaId=bbbbbbbb-bbbb-4bbb-8bbb-bbbbbbbbbbbb&zona=Zona+Norte,200,63.644,
2026-08-31T04:08:37.874979+00:00,GET,http://localhost:3000/logistics/tenderos/productos-disponibles?tiendaId=bbbbbbbb-bbbb-4bbb-8bbb-bbbbbbbbbbbb&zona=Zona+Norte,200,59.436,
2026-08-31T04:08:37.908246+00:00,GET,http://localhost:3000/logistics/tenderos/productos-disponibles?tiendaId=bbbbbbbb-bbbb-4bbb-8bbb-bbbbbbbbbbbb&zona=Zona+Norte,200,63.429,
2026-08-31T04:08:37.942171+00:00,GET,http://localhost:3000/logistics/tenderos/productos-disponibles?tiendaId=bbbbbbbb-bbbb-4bbb-8bbb-bbbbbbbbbbbb&zona=Zona+Norte,200,63.865,
2026-08-31T04:08:37.975054+00:00,GET,http://localhost:3000/logistics/tenderos/productos-disponibles?tiendaId=bbbbbbbb-bbbb-4bbb-8bbb-bbbbbbbbbbbb&zona=Zona+Norte,200,64.021,
2026-08-31T04:08:38.008199+00:00,GET,http://localhost:3000/logistics/tenderos/productos-disponibles?tiendaId=bbbbbbbb-bbbb-4bbb-8bbb-bbbbbbbbbbbb&zona=Zona+Norte,200,61.287,
2026-08-31T04:08:38.041559+00:00,GET,http://localhost:3000/logistics/tenderos/productos-disponibles?tiendaId=bbbbbbbb-bbbb-4bbb-8bbb-bbbbbbbbbbbb&zona=Zona+Norte,200,63.335,
2026-08-31T04:08:38.075504+00:00,GET,http://localhost:3000/logistics/tenderos/productos-disponibles?tiendaId=bbbbbbbb-bbbb-4bbb-8bbb-bbbbbbbbbbbb&zona=Zona+Norte,200,65.175,
2026-08-31T04:08:38.108376+00:00,GET,http://localhost:3000/logistics/tenderos/productos-disponibles?tiendaId=bbbbbbbb-bbbb-4bbb-8bbb-bbbbbbbbbbbb&zona=Zona+Norte,200,61.086,
2026-08-31T04:08:38.141376+00:00,GET,http://localhost:3000/logistics/tenderos/productos-disponibles?tiendaId=bbbbbbbb-bbbb-4bbb-8bbb-bbbbbbbbbbbb&zona=Zona+Norte,200,63.277,
2026-08-31T04:08:38.175337+00:00,GET,http://localhost:3000/logistics/tenderos/productos-disponibles?tiendaId=bbbbbbbb-bbbb-4bbb-8bbb-bbbbbbbbbbbb&zona=Zona+Norte,200,64.061,
2026-08-31T04:08:38.208398+00:00,GET,http://localhost:3000/logistics/tenderos/productos-disponibles?tiendaId=bbbbbbbb-bbbb-4bbb-8bbb-bbbbbbbbbbbb&zona=Zona+Norte,200,62.939,
2026-08-31T04:08:38.241542+00:00,GET,http://localhost:3000/logistics/tenderos/productos-disponibles?tiendaId=bbbbbbbb-bbbb-4bbb-8bbb-bbbbbbbbbbbb&zona=Zona+Norte,200,63.904,
2026-08-31T04:08:38.275048+00:00,GET,http://localhost:3000/logistics/tenderos/productos-disponibles?tiendaId=bbbbbbbb-bbbb-4bbb-8bbb-bbbbbbbbbbbb&zona=Zona+Norte,200,63.328,
2026-08-31T04:08:38.308318+00:00,GET,http://localhost:3000/logistics/tenderos/productos-disponibles?tiendaId=bbbbbbbb-bbbb-4bbb-8bbb-bbbbbbbbbbbb&zona=Zona+Norte,200,60.597,
2026-08-31T04:08:38.341640+00:00,GET,http://localhost:3000/logistics/tenderos/productos-disponibles?tiendaId=bbbbbbbb-bbbb-4bbb-8bbb-bbbbbbbbbbbb&zona=Zona+Norte,200,63.597,
2026-08-31T04:08:38.375410+00:00,GET,http://localhost:3000/logistics/tenderos/productos-disponibles?tiendaId=bbbbbbbb-bbbb-4bbb-8bbb-bbbbbbbbbbbb&zona=Zona+Norte,200,64.979,
2026-08-31T04:08:38.408360+00:00,GET,http://localhost:3000/logistics/tenderos/productos-disponibles?tiendaId=bbbbbbbb-bbbb-4bbb-8bbb-bbbbbbbbbbbb&zona=Zona+Norte,200,60.209,
2026-08-31T04:08:38.441425+00:00,GET,http://localhost:3000/logistics/tenderos/productos-disponibles?tiendaId=bbbbbbbb-bbbb-4bbb-8bbb-bbbbbbbbbbbb&zona=Zona+Norte,200,62.344,
2026-08-31T04:08:38.474906+00:00,GET,http://localhost:3000/logistics/tenderos/productos-disponibles?tiendaId=bbbbbbbb-bbbb-4bbb-8bbb-bbbbbbbbbbbb&zona=Zona+Norte,200,64.257,
2026-08-31T04:08:38.508519+00:00,GET,http://localhost:3000/logistics/tenderos/productos-disponibles?tiendaId=bbbbbbbb-bbbb-4bbb-8bbb-bbbbbbbbbbbb&zona=Zona+Norte,200,64.292,
2026-08-31T04:08:38.541580+00:00,GET,http://localhost:3000/logistics/tenderos/productos-disponibles?tiendaId=bbbbbbbb-bbbb-4bbb-8bbb-bbbbbbbbbbbb&zona=Zona+Norte,200,59.983,
2026-08-31T04:08:38.574882+00:00,GET,http://localhost:3000/logistics/tenderos/productos-disponibles?tiendaId=bbbbbbbb-bbbb-4bbb-8bbb-bbbbbbbbbbbb&zona=Zona+Norte,200,62.620,
2026-08-31T04:08:38.608817+00:00,GET,http://localhost:3000/logistics/tenderos/productos-disponibles?tiendaId=bbbbbbbb-bbbb-4bbb-8bbb-bbbbbbbbbbbb&zona=Zona+Norte,200,63.601,
2026-08-31T04:08:38.641791+00:00,GET,http://localhost:3000/logistics/tenderos/productos-disponibles?tiendaId=bbbbbbbb-bbbb-4bbb-8bbb-bbbbbbbbbbbb&zona=Zona+Norte,200,63.180,
2026-08-31T04:08:38.675043+00:00,GET,http://localhost:3000/logistics/tenderos/productos-disponibles?tiendaId=bbbbbbbb-bbbb-4bbb-8bbb-bbbbbbbbbbbb&zona=Zona+Norte,200,64.697,
2026-08-31T04:08:38.708347+00:00,GET,http://localhost:3000/logistics/tenderos/productos-disponibles?tiendaId=bbbbbbbb-bbbb-4bbb-8bbb-bbbbbbbbbbbb&zona=Zona+Norte,200,61.638,
2026-08-31T04:08:38.741503+00:00,GET,http://localhost:3000/logistics/tenderos/productos-disponibles?tiendaId=bbbbbbbb-bbbb-4bbb-8bbb-bbbbbbbbbbbb&zona=Zona+Norte,200,60.350,
2026-08-31T04:08:38.775258+00:00,GET,http://localhost:3000/logistics/tenderos/productos-disponibles?tiendaId=bbbbbbbb-bbbb-4bbb-8bbb-bbbbbbbbbbbb&zona=Zona+Norte,200,58.919,
2026-08-31T04:08:38.808212+00:00,GET,http://localhost:3000/logistics/tenderos/productos-disponibles?tiendaId=bbbbbbbb-bbbb-4bbb-8bbb-bbbbbbbbbbbb&zona=Zona+Norte,200,58.996,
2026-08-31T04:08:38.842216+00:00,GET,http://localhost:3000/logistics/tenderos/productos-disponibles?tiendaId=bbbbbbbb-bbbb-4bbb-8bbb-bbbbbbbbbbbb&zona=Zona+Norte,200,58.079,
2026-08-31T04:08:38.875389+00:00,GET,http://localhost:3000/logistics/tenderos/productos-disponibles?tiendaId=bbbbbbbb-bbbb-4bbb-8bbb-bbbbbbbbbbbb&zona=Zona+Norte,200,59.587,
2026-08-31T04:08:38.908999+00:00,GET,http://localhost:3000/logistics/tenderos/productos-disponibles?tiendaId=bbbbbbbb-bbbb-4bbb-8bbb-bbbbbbbbbbbb&zona=Zona+Norte,200,59.385,
2026-08-31T04:08:38.942163+00:00,GET,http://localhost:3000/logistics/tenderos/productos-disponibles?tiendaId=bbbbbbbb-bbbb-4bbb-8bbb-bbbbbbbbbbbb&zona=Zona+Norte,200,59.471,
2026-08-31T04:08:38.975541+00:00,GET,http://localhost:3000/logistics/tenderos/productos-disponibles?tiendaId=bbbbbbbb-bbbb-4bbb-8bbb-bbbbbbbbbbbb&zona=Zona+Norte,200,58.671,
2026-08-31T04:08:39.008834+00:00,GET,http://localhost:3000/logistics/tenderos/productos-disponibles?tiendaId=bbbbbbbb-bbbb-4bbb-8bbb-bbbbbbbbbbbb&zona=Zona+Norte,200,60.235,
2026-08-31T04:08:39.042286+00:00,GET,http://localhost:3000/logistics/tenderos/productos-disponibles?tiendaId=bbbbbbbb-bbbb-4bbb-8bbb-bbbbbbbbbbbb&zona=Zona+Norte,200,62.662,
2026-08-31T04:08:39.075406+00:00,GET,http://localhost:3000/logistics/tenderos/productos-disponibles?tiendaId=bbbbbbbb-bbbb-4bbb-8bbb-bbbbbbbbbbbb&zona=Zona+Norte,200,60.955,
2026-08-31T04:08:39.108418+00:00,GET,http://localhost:3000/logistics/tenderos/productos-disponibles?tiendaId=bbbbbbbb-bbbb-4bbb-8bbb-bbbbbbbbbbbb&zona=Zona+Norte,200,55.113,
2026-08-31T04:08:39.141993+00:00,GET,http://localhost:3000/logistics/tenderos/productos-disponibles?tiendaId=bbbbbbbb-bbbb-4bbb-8bbb-bbbbbbbbbbbb&zona=Zona+Norte,200,58.190,
2026-08-31T04:08:39.175093+00:00,GET,http://localhost:3000/logistics/tenderos/productos-disponibles?tiendaId=bbbbbbbb-bbbb-4bbb-8bbb-bbbbbbbbbbbb&zona=Zona+Norte,200,58.404,
2026-08-31T04:08:39.209016+00:00,GET,http://localhost:3000/logistics/tenderos/productos-disponibles?tiendaId=bbbbbbbb-bbbb-4bbb-8bbb-bbbbbbbbbbbb&zona=Zona+Norte,200,55.554,
2026-08-31T04:08:39.242427+00:00,GET,http://localhost:3000/logistics/tenderos/productos-disponibles?tiendaId=bbbbbbbb-bbbb-4bbb-8bbb-bbbbbbbbbbbb&zona=Zona+Norte,200,58.452,
2026-08-31T04:08:39.275722+00:00,GET,http://localhost:3000/logistics/tenderos/productos-disponibles?tiendaId=bbbbbbbb-bbbb-4bbb-8bbb-bbbbbbbbbbbb&zona=Zona+Norte,200,58.212,
2026-08-31T04:08:39.308936+00:00,GET,http://localhost:3000/logistics/tenderos/productos-disponibles?tiendaId=bbbbbbbb-bbbb-4bbb-8bbb-bbbbbbbbbbbb&zona=Zona+Norte,200,58.628,
2026-08-31T04:08:39.342318+00:00,GET,http://localhost:3000/logistics/tenderos/productos-disponibles?tiendaId=bbbbbbbb-bbbb-4bbb-8bbb-bbbbbbbbbbbb&zona=Zona+Norte,200,55.388,
2026-08-31T04:08:39.375617+00:00,GET,http://localhost:3000/logistics/tenderos/productos-disponibles?tiendaId=bbbbbbbb-bbbb-4bbb-8bbb-bbbbbbbbbbbb&zona=Zona+Norte,200,57.523,
2026-08-31T04:08:39.408165+00:00,GET,http://localhost:3000/logistics/tenderos/productos-disponibles?tiendaId=bbbbbbbb-bbbb-4bbb-8bbb-bbbbbbbbbbbb&zona=Zona+Norte,200,59.266,
2026-08-31T04:08:39.442105+00:00,GET,http://localhost:3000/logistics/tenderos/productos-disponibles?tiendaId=bbbbbbbb-bbbb-4bbb-8bbb-bbbbbbbbbbbb&zona=Zona+Norte,200,58.514,
2026-08-31T04:08:39.475617+00:00,GET,http://localhost:3000/logistics/tenderos/productos-disponibles?tiendaId=bbbbbbbb-bbbb-4bbb-8bbb-bbbbbbbbbbbb&zona=Zona+Norte,200,61.177,
2026-08-31T04:08:39.509001+00:00,GET,http://localhost:3000/logistics/tenderos/productos-disponibles?tiendaId=bbbbbbbb-bbbb-4bbb-8bbb-bbbbbbbbbbbb&zona=Zona+Norte,200,60.198,
2026-08-31T04:08:39.541933+00:00,GET,http://localhost:3000/logistics/tenderos/productos-disponibles?tiendaId=bbbbbbbb-bbbb-4bbb-8bbb-bbbbbbbbbbbb&zona=Zona+Norte,200,59.522,
2026-08-31T04:08:39.574926+00:00,GET,http://localhost:3000/logistics/tenderos/productos-disponibles?tiendaId=bbbbbbbb-bbbb-4bbb-8bbb-bbbbbbbbbbbb&zona=Zona+Norte,200,55.985,
2026-08-31T04:08:39.608864+00:00,GET,http://localhost:3000/logistics/tenderos/productos-disponibles?tiendaId=bbbbbbbb-bbbb-4bbb-8bbb-bbbbbbbbbbbb&zona=Zona+Norte,200,57.945,
2026-08-31T04:08:39.642409+00:00,GET,http://localhost:3000/logistics/tenderos/productos-disponibles?tiendaId=bbbbbbbb-bbbb-4bbb-8bbb-bbbbbbbbbbbb&zona=Zona+Norte,200,59.644,
2026-08-31T04:08:39.675364+00:00,GET,http://localhost:3000/logistics/tenderos/productos-disponibles?tiendaId=bbbbbbbb-bbbb-4bbb-8bbb-bbbbbbbbbbbb&zona=Zona+Norte,200,60.930,
2026-08-31T04:08:39.708790+00:00,GET,http://localhost:3000/logistics/tenderos/productos-disponibles?tiendaId=bbbbbbbb-bbbb-4bbb-8bbb-bbbbbbbbbbbb&zona=Zona+Norte,200,59.823,
2026-08-31T04:08:39.741998+00:00,GET,http://localhost:3000/logistics/tenderos/productos-disponibles?tiendaId=bbbbbbbb-bbbb-4bbb-8bbb-bbbbbbbbbbbb&zona=Zona+Norte,200,57.937,
2026-08-31T04:08:39.774784+00:00,GET,http://localhost:3000/logistics/tenderos/productos-disponibles?tiendaId=bbbbbbbb-bbbb-4bbb-8bbb-bbbbbbbbbbbb&zona=Zona+Norte,200,61.264,
2026-08-31T04:08:39.809060+00:00,GET,http://localhost:3000/logistics/tenderos/productos-disponibles?tiendaId=bbbbbbbb-bbbb-4bbb-8bbb-bbbbbbbbbbbb&zona=Zona+Norte,200,59.879,
2026-08-31T04:08:39.841434+00:00,GET,http://localhost:3000/logistics/tenderos/productos-disponibles?tiendaId=bbbbbbbb-bbbb-4bbb-8bbb-bbbbbbbbbbbb&zona=Zona+Norte,200,63.052,
2026-08-31T04:08:39.875479+00:00,GET,http://localhost:3000/logistics/tenderos/productos-disponibles?tiendaId=bbbbbbbb-bbbb-4bbb-8bbb-bbbbbbbbbbbb&zona=Zona+Norte,200,62.986,
2026-08-31T04:08:39.908522+00:00,GET,http://localhost:3000/logistics/tenderos/productos-disponibles?tiendaId=bbbbbbbb-bbbb-4bbb-8bbb-bbbbbbbbbbbb&zona=Zona+Norte,200,59.725,
2026-08-31T04:08:39.941741+00:00,GET,http://localhost:3000/logistics/tenderos/productos-disponibles?tiendaId=bbbbbbbb-bbbb-4bbb-8bbb-bbbbbbbbbbbb&zona=Zona+Norte,200,59.740,
2026-08-31T04:08:39.975525+00:00,GET,http://localhost:3000/logistics/tenderos/productos-disponibles?tiendaId=bbbbbbbb-bbbb-4bbb-8bbb-bbbbbbbbbbbb&zona=Zona+Norte,200,62.516,
2026-08-31T04:08:40.008115+00:00,GET,http://localhost:3000/logistics/tenderos/productos-disponibles?tiendaId=bbbbbbbb-bbbb-4bbb-8bbb-bbbbbbbbbbbb&zona=Zona+Norte,200,62.751,
2026-08-31T04:08:40.041835+00:00,GET,http://localhost:3000/logistics/tenderos/productos-disponibles?tiendaId=bbbbbbbb-bbbb-4bbb-8bbb-bbbbbbbbbbbb&zona=Zona+Norte,200,62.523,
2026-08-31T04:08:40.075206+00:00,GET,http://localhost:3000/logistics/tenderos/productos-disponibles?tiendaId=bbbbbbbb-bbbb-4bbb-8bbb-bbbbbbbbbbbb&zona=Zona+Norte,200,63.208,
2026-08-31T04:08:40.108509+00:00,GET,http://localhost:3000/logistics/tenderos/productos-disponibles?tiendaId=bbbbbbbb-bbbb-4bbb-8bbb-bbbbbbbbbbbb&zona=Zona+Norte,200,61.725,
2026-08-31T04:08:40.141773+00:00,GET,http://localhost:3000/logistics/tenderos/productos-disponibles?tiendaId=bbbbbbbb-bbbb-4bbb-8bbb-bbbbbbbbbbbb&zona=Zona+Norte,200,60.494,
2026-08-31T04:08:40.175383+00:00,GET,http://localhost:3000/logistics/tenderos/productos-disponibles?tiendaId=bbbbbbbb-bbbb-4bbb-8bbb-bbbbbbbbbbbb&zona=Zona+Norte,200,64.062,
2026-08-31T04:08:40.208643+00:00,GET,http://localhost:3000/logistics/tenderos/productos-disponibles?tiendaId=bbbbbbbb-bbbb-4bbb-8bbb-bbbbbbbbbbbb&zona=Zona+Norte,200,59.969,
2026-08-31T04:08:40.241605+00:00,GET,http://localhost:3000/logistics/tenderos/productos-disponibles?tiendaId=bbbbbbbb-bbbb-4bbb-8bbb-bbbbbbbbbbbb&zona=Zona+Norte,200,63.774,
2026-08-31T04:08:40.275486+00:00,GET,http://localhost:3000/logistics/tenderos/productos-disponibles?tiendaId=bbbbbbbb-bbbb-4bbb-8bbb-bbbbbbbbbbbb&zona=Zona+Norte,200,63.615,
2026-08-31T04:08:40.308365+00:00,GET,http://localhost:3000/logistics/tenderos/productos-disponibles?tiendaId=bbbbbbbb-bbbb-4bbb-8bbb-bbbbbbbbbbbb&zona=Zona+Norte,200,63.997,
2026-08-31T04:08:40.341686+00:00,GET,http://localhost:3000/logistics/tenderos/productos-disponibles?tiendaId=bbbbbbbb-bbbb-4bbb-8bbb-bbbbbbbbbbbb&zona=Zona+Norte,200,63.402,
2026-08-31T04:08:40.375088+00:00,GET,http://localhost:3000/logistics/tenderos/productos-disponibles?tiendaId=bbbbbbbb-bbbb-4bbb-8bbb-bbbbbbbbbbbb&zona=Zona+Norte,200,62.781,
2026-08-31T04:08:40.408162+00:00,GET,http://localhost:3000/logistics/tenderos/productos-disponibles?tiendaId=bbbbbbbb-bbbb-4bbb-8bbb-bbbbbbbbbbbb&zona=Zona+Norte,200,62.918,
2026-08-31T04:08:40.441832+00:00,GET,http://localhost:3000/logistics/tenderos/productos-disponibles?tiendaId=bbbbbbbb-bbbb-4bbb-8bbb-bbbbbbbbbbbb&zona=Zona+Norte,200,62.701,
2026-08-31T04:08:40.475142+00:00,GET,http://localhost:3000/logistics/tenderos/productos-disponibles?tiendaId=bbbbbbbb-bbbb-4bbb-8bbb-bbbbbbbbbbbb&zona=Zona+Norte,200,62.711,
2026-08-31T04:08:40.508509+00:00,GET,http://localhost:3000/logistics/tenderos/productos-disponibles?tiendaId=bbbbbbbb-bbbb-4bbb-8bbb-bbbbbbbbbbbb&zona=Zona+Norte,200,62.917,
2026-08-31T04:08:40.541828+00:00,GET,http://localhost:3000/logistics/tenderos/productos-disponibles?tiendaId=bbbbbbbb-bbbb-4bbb-8bbb-bbbbbbbbbbbb&zona=Zona+Norte,200,63.955,
2026-08-31T04:08:40.575234+00:00,GET,http://localhost:3000/logistics/tenderos/productos-disponibles?tiendaId=bbbbbbbb-bbbb-4bbb-8bbb-bbbbbbbbbbbb&zona=Zona+Norte,200,59.659,
2026-08-31T04:08:40.608145+00:00,GET,http://localhost:3000/logistics/tenderos/productos-disponibles?tiendaId=bbbbbbbb-bbbb-4bbb-8bbb-bbbbbbbbbbbb&zona=Zona+Norte,200,60.549,
2026-08-31T04:08:40.642210+00:00,GET,http://localhost:3000/logistics/tenderos/productos-disponibles?tiendaId=bbbbbbbb-bbbb-4bbb-8bbb-bbbbbbbbbbbb&zona=Zona+Norte,200,63.775,
2026-08-31T04:08:40.675439+00:00,GET,http://localhost:3000/logistics/tenderos/productos-disponibles?tiendaId=bbbbbbbb-bbbb-4bbb-8bbb-bbbbbbbbbbbb&zona=Zona+Norte,200,60.267,
2026-08-31T04:08:40.708190+00:00,GET,http://localhost:3000/logistics/tenderos/productos-disponibles?tiendaId=bbbbbbbb-bbbb-4bbb-8bbb-bbbbbbbbbbbb&zona=Zona+Norte,200,63.684,
2026-08-31T04:08:40.742098+00:00,GET,http://localhost:3000/logistics/tenderos/productos-disponibles?tiendaId=bbbbbbbb-bbbb-4bbb-8bbb-bbbbbbbbbbbb&zona=Zona+Norte,200,62.622,
2026-08-31T04:08:40.774895+00:00,GET,http://localhost:3000/logistics/tenderos/productos-disponibles?tiendaId=bbbbbbbb-bbbb-4bbb-8bbb-bbbbbbbbbbbb&zona=Zona+Norte,200,60.754,
2026-08-31T04:08:40.808485+00:00,GET,http://localhost:3000/logistics/tenderos/productos-disponibles?tiendaId=bbbbbbbb-bbbb-4bbb-8bbb-bbbbbbbbbbbb&zona=Zona+Norte,200,64.270,
2026-08-31T04:08:40.842119+00:00,GET,http://localhost:3000/logistics/tenderos/productos-disponibles?tiendaId=bbbbbbbb-bbbb-4bbb-8bbb-bbbbbbbbbbbb&zona=Zona+Norte,200,64.101,
2026-08-31T04:08:40.874989+00:00,GET,http://localhost:3000/logistics/tenderos/productos-disponibles?tiendaId=bbbbbbbb-bbbb-4bbb-8bbb-bbbbbbbbbbbb&zona=Zona+Norte,200,60.985,
2026-08-31T04:08:40.908287+00:00,GET,http://localhost:3000/logistics/tenderos/productos-disponibles?tiendaId=bbbbbbbb-bbbb-4bbb-8bbb-bbbbbbbbbbbb&zona=Zona+Norte,200,59.825,
2026-08-31T04:08:40.942077+00:00,GET,http://localhost:3000/logistics/tenderos/productos-disponibles?tiendaId=bbbbbbbb-bbbb-4bbb-8bbb-bbbbbbbbbbbb&zona=Zona+Norte,200,62.416,
2026-08-31T04:08:40.975600+00:00,GET,http://localhost:3000/logistics/tenderos/productos-disponibles?tiendaId=bbbbbbbb-bbbb-4bbb-8bbb-bbbbbbbbbbbb&zona=Zona+Norte,200,61.499,
2026-08-31T04:08:41.008497+00:00,GET,http://localhost:3000/logistics/tenderos/productos-disponibles?tiendaId=bbbbbbbb-bbbb-4bbb-8bbb-bbbbbbbbbbbb&zona=Zona+Norte,200,64.457,
2026-08-31T04:08:41.041920+00:00,GET,http://localhost:3000/logistics/tenderos/productos-disponibles?tiendaId=bbbbbbbb-bbbb-4bbb-8bbb-bbbbbbbbbbbb&zona=Zona+Norte,200,59.856,
2026-08-31T04:08:41.074953+00:00,GET,http://localhost:3000/logistics/tenderos/productos-disponibles?tiendaId=bbbbbbbb-bbbb-4bbb-8bbb-bbbbbbbbbbbb&zona=Zona+Norte,200,63.448,
2026-08-31T04:08:41.108839+00:00,GET,http://localhost:3000/logistics/tenderos/productos-disponibles?tiendaId=bbbbbbbb-bbbb-4bbb-8bbb-bbbbbbbbbbbb&zona=Zona+Norte,200,61.315,
2026-08-31T04:08:41.141755+00:00,GET,http://localhost:3000/logistics/tenderos/productos-disponibles?tiendaId=bbbbbbbb-bbbb-4bbb-8bbb-bbbbbbbbbbbb&zona=Zona+Norte,200,62.471,
2026-08-31T04:08:41.175326+00:00,GET,http://localhost:3000/logistics/tenderos/productos-disponibles?tiendaId=bbbbbbbb-bbbb-4bbb-8bbb-bbbbbbbbbbbb&zona=Zona+Norte,200,63.021,
2026-08-31T04:08:41.208553+00:00,GET,http://localhost:3000/logistics/tenderos/productos-disponibles?tiendaId=bbbbbbbb-bbbb-4bbb-8bbb-bbbbbbbbbbbb&zona=Zona+Norte,200,62.449,
2026-08-31T04:08:41.241856+00:00,GET,http://localhost:3000/logistics/tenderos/productos-disponibles?tiendaId=bbbbbbbb-bbbb-4bbb-8bbb-bbbbbbbbbbbb&zona=Zona+Norte,200,63.310,
2026-08-31T04:08:41.275207+00:00,GET,http://localhost:3000/logistics/tenderos/productos-disponibles?tiendaId=bbbbbbbb-bbbb-4bbb-8bbb-bbbbbbbbbbbb&zona=Zona+Norte,200,62.828,
2026-08-31T04:08:41.308425+00:00,GET,http://localhost:3000/logistics/tenderos/productos-disponibles?tiendaId=bbbbbbbb-bbbb-4bbb-8bbb-bbbbbbbbbbbb&zona=Zona+Norte,200,63.647,
2026-08-31T04:08:41.341811+00:00,GET,http://localhost:3000/logistics/tenderos/productos-disponibles?tiendaId=bbbbbbbb-bbbb-4bbb-8bbb-bbbbbbbbbbbb&zona=Zona+Norte,200,63.402,
2026-08-31T04:08:41.375089+00:00,GET,http://localhost:3000/logistics/tenderos/productos-disponibles?tiendaId=bbbbbbbb-bbbb-4bbb-8bbb-bbbbbbbbbbbb&zona=Zona+Norte,200,63.858,
2026-08-31T04:08:41.408408+00:00,GET,http://localhost:3000/logistics/tenderos/productos-disponibles?tiendaId=bbbbbbbb-bbbb-4bbb-8bbb-bbbbbbbbbbbb&zona=Zona+Norte,200,60.791,
2026-08-31T04:08:41.441709+00:00,GET,http://localhost:3000/logistics/tenderos/productos-disponibles?tiendaId=bbbbbbbb-bbbb-4bbb-8bbb-bbbbbbbbbbbb&zona=Zona+Norte,200,60.278,
2026-08-31T04:08:41.475402+00:00,GET,http://localhost:3000/logistics/tenderos/productos-disponibles?tiendaId=bbbbbbbb-bbbb-4bbb-8bbb-bbbbbbbbbbbb&zona=Zona+Norte,200,62.565,
2026-08-31T04:08:41.508814+00:00,GET,http://localhost:3000/logistics/tenderos/productos-disponibles?tiendaId=bbbbbbbb-bbbb-4bbb-8bbb-bbbbbbbbbbbb&zona=Zona+Norte,200,63.775,
2026-08-31T04:08:41.541468+00:00,GET,http://localhost:3000/logistics/tenderos/productos-disponibles?tiendaId=bbbbbbbb-bbbb-4bbb-8bbb-bbbbbbbbbbbb&zona=Zona+Norte,200,63.560,
2026-08-31T04:08:41.574999+00:00,GET,http://localhost:3000/logistics/tenderos/productos-disponibles?tiendaId=bbbbbbbb-bbbb-4bbb-8bbb-bbbbbbbbbbbb&zona=Zona+Norte,200,60.904,
2026-08-31T04:08:41.608502+00:00,GET,http://localhost:3000/logistics/tenderos/productos-disponibles?tiendaId=bbbbbbbb-bbbb-4bbb-8bbb-bbbbbbbbbbbb&zona=Zona+Norte,200,63.702,
2026-08-31T04:08:41.642084+00:00,GET,http://localhost:3000/logistics/tenderos/productos-disponibles?tiendaId=bbbbbbbb-bbbb-4bbb-8bbb-bbbbbbbbbbbb&zona=Zona+Norte,200,64.850,
2026-08-31T04:08:41.675105+00:00,GET,http://localhost:3000/logistics/tenderos/productos-disponibles?tiendaId=bbbbbbbb-bbbb-4bbb-8bbb-bbbbbbbbbbbb&zona=Zona+Norte,200,63.074,
2026-08-31T04:08:41.708203+00:00,GET,http://localhost:3000/logistics/tenderos/productos-disponibles?tiendaId=bbbbbbbb-bbbb-4bbb-8bbb-bbbbbbbbbbbb&zona=Zona+Norte,200,64.674,
2026-08-31T04:08:41.741812+00:00,GET,http://localhost:3000/logistics/tenderos/productos-disponibles?tiendaId=bbbbbbbb-bbbb-4bbb-8bbb-bbbbbbbbbbbb&zona=Zona+Norte,200,64.572,
2026-08-31T04:08:41.775000+00:00,GET,http://localhost:3000/logistics/tenderos/productos-disponibles?tiendaId=bbbbbbbb-bbbb-4bbb-8bbb-bbbbbbbbbbbb&zona=Zona+Norte,200,63.184,
2026-08-31T04:08:41.808260+00:00,GET,http://localhost:3000/logistics/tenderos/productos-disponibles?tiendaId=bbbbbbbb-bbbb-4bbb-8bbb-bbbbbbbbbbbb&zona=Zona+Norte,200,63.426,
2026-08-31T04:08:41.841816+00:00,GET,http://localhost:3000/logistics/tenderos/productos-disponibles?tiendaId=bbbbbbbb-bbbb-4bbb-8bbb-bbbbbbbbbbbb&zona=Zona+Norte,200,60.384,
2026-08-31T04:08:41.875124+00:00,GET,http://localhost:3000/logistics/tenderos/productos-disponibles?tiendaId=bbbbbbbb-bbbb-4bbb-8bbb-bbbbbbbbbbbb&zona=Zona+Norte,200,64.117,
2026-08-31T04:08:41.908827+00:00,GET,http://localhost:3000/logistics/tenderos/productos-disponibles?tiendaId=bbbbbbbb-bbbb-4bbb-8bbb-bbbbbbbbbbbb&zona=Zona+Norte,200,63.097,
2026-08-31T04:08:41.941695+00:00,GET,http://localhost:3000/logistics/tenderos/productos-disponibles?tiendaId=bbbbbbbb-bbbb-4bbb-8bbb-bbbbbbbbbbbb&zona=Zona+Norte,200,63.041,
2026-08-31T04:08:41.975116+00:00,GET,http://localhost:3000/logistics/tenderos/productos-disponibles?tiendaId=bbbbbbbb-bbbb-4bbb-8bbb-bbbbbbbbbbbb&zona=Zona+Norte,200,62.400,
2026-08-31T04:08:42.008171+00:00,GET,http://localhost:3000/logistics/tenderos/productos-disponibles?tiendaId=bbbbbbbb-bbbb-4bbb-8bbb-bbbbbbbbbbbb&zona=Zona+Norte,200,62.627,
2026-08-31T04:08:42.041887+00:00,GET,http://localhost:3000/logistics/tenderos/productos-disponibles?tiendaId=bbbbbbbb-bbbb-4bbb-8bbb-bbbbbbbbbbbb&zona=Zona+Norte,200,62.746,
2026-08-31T04:08:42.075286+00:00,GET,http://localhost:3000/logistics/tenderos/productos-disponibles?tiendaId=bbbbbbbb-bbbb-4bbb-8bbb-bbbbbbbbbbbb&zona=Zona+Norte,200,63.064,
2026-08-31T04:08:42.108486+00:00,GET,http://localhost:3000/logistics/tenderos/productos-disponibles?tiendaId=bbbbbbbb-bbbb-4bbb-8bbb-bbbbbbbbbbbb&zona=Zona+Norte,200,64.035,
2026-08-31T04:08:42.141793+00:00,GET,http://localhost:3000/logistics/tenderos/productos-disponibles?tiendaId=bbbbbbbb-bbbb-4bbb-8bbb-bbbbbbbbbbbb&zona=Zona+Norte,200,59.548,
2026-08-31T04:08:42.175036+00:00,GET,http://localhost:3000/logistics/tenderos/productos-disponibles?tiendaId=bbbbbbbb-bbbb-4bbb-8bbb-bbbbbbbbbbbb&zona=Zona+Norte,200,60.215,
2026-08-31T04:08:42.208917+00:00,GET,http://localhost:3000/logistics/tenderos/productos-disponibles?tiendaId=bbbbbbbb-bbbb-4bbb-8bbb-bbbbbbbbbbbb&zona=Zona+Norte,200,63.184,
2026-08-31T04:08:42.242146+00:00,GET,http://localhost:3000/logistics/tenderos/productos-disponibles?tiendaId=bbbbbbbb-bbbb-4bbb-8bbb-bbbbbbbbbbbb&zona=Zona+Norte,200,62.888,
2026-08-31T04:08:42.275133+00:00,GET,http://localhost:3000/logistics/tenderos/productos-disponibles?tiendaId=bbbbbbbb-bbbb-4bbb-8bbb-bbbbbbbbbbbb&zona=Zona+Norte,200,64.580,
2026-08-31T04:08:42.308113+00:00,GET,http://localhost:3000/logistics/tenderos/productos-disponibles?tiendaId=bbbbbbbb-bbbb-4bbb-8bbb-bbbbbbbbbbbb&zona=Zona+Norte,200,63.848,
2026-08-31T04:08:42.341530+00:00,GET,http://localhost:3000/logistics/tenderos/productos-disponibles?tiendaId=bbbbbbbb-bbbb-4bbb-8bbb-bbbbbbbbbbbb&zona=Zona+Norte,200,64.142,
2026-08-31T04:08:42.375049+00:00,GET,http://localhost:3000/logistics/tenderos/productos-disponibles?tiendaId=bbbbbbbb-bbbb-4bbb-8bbb-bbbbbbbbbbbb&zona=Zona+Norte,200,63.376,
2026-08-31T04:08:42.408403+00:00,GET,http://localhost:3000/logistics/tenderos/productos-disponibles?tiendaId=bbbbbbbb-bbbb-4bbb-8bbb-bbbbbbbbbbbb&zona=Zona+Norte,200,63.136,
2026-08-31T04:08:42.441801+00:00,GET,http://localhost:3000/logistics/tenderos/productos-disponibles?tiendaId=bbbbbbbb-bbbb-4bbb-8bbb-bbbbbbbbbbbb&zona=Zona+Norte,200,63.575,
2026-08-31T04:08:42.475153+00:00,GET,http://localhost:3000/logistics/tenderos/productos-disponibles?tiendaId=bbbbbbbb-bbbb-4bbb-8bbb-bbbbbbbbbbbb&zona=Zona+Norte,200,62.688,
2026-08-31T04:08:42.508425+00:00,GET,http://localhost:3000/logistics/tenderos/productos-disponibles?tiendaId=bbbbbbbb-bbbb-4bbb-8bbb-bbbbbbbbbbbb&zona=Zona+Norte,200,59.692,
2026-08-31T04:08:42.541878+00:00,GET,http://localhost:3000/logistics/tenderos/productos-disponibles?tiendaId=bbbbbbbb-bbbb-4bbb-8bbb-bbbbbbbbbbbb&zona=Zona+Norte,200,60.521,
2026-08-31T04:08:42.575670+00:00,GET,http://localhost:3000/logistics/tenderos/productos-disponibles?tiendaId=bbbbbbbb-bbbb-4bbb-8bbb-bbbbbbbbbbbb&zona=Zona+Norte,200,63.267,
2026-08-31T04:08:42.608272+00:00,GET,http://localhost:3000/logistics/tenderos/productos-disponibles?tiendaId=bbbbbbbb-bbbb-4bbb-8bbb-bbbbbbbbbbbb&zona=Zona+Norte,200,63.673,
2026-08-31T04:08:42.641690+00:00,GET,http://localhost:3000/logistics/tenderos/productos-disponibles?tiendaId=bbbbbbbb-bbbb-4bbb-8bbb-bbbbbbbbbbbb&zona=Zona+Norte,200,63.151,
2026-08-31T04:08:42.675093+00:00,GET,http://localhost:3000/logistics/tenderos/productos-disponibles?tiendaId=bbbbbbbb-bbbb-4bbb-8bbb-bbbbbbbbbbbb&zona=Zona+Norte,200,63.492,
2026-08-31T04:08:42.708479+00:00,GET,http://localhost:3000/logistics/tenderos/productos-disponibles?tiendaId=bbbbbbbb-bbbb-4bbb-8bbb-bbbbbbbbbbbb&zona=Zona+Norte,200,60.803,
2026-08-31T04:08:42.741554+00:00,GET,http://localhost:3000/logistics/tenderos/productos-disponibles?tiendaId=bbbbbbbb-bbbb-4bbb-8bbb-bbbbbbbbbbbb&zona=Zona+Norte,200,59.014,
2026-08-31T04:08:42.775435+00:00,GET,http://localhost:3000/logistics/tenderos/productos-disponibles?tiendaId=bbbbbbbb-bbbb-4bbb-8bbb-bbbbbbbbbbbb&zona=Zona+Norte,200,62.748,
2026-08-31T04:08:42.808301+00:00,GET,http://localhost:3000/logistics/tenderos/productos-disponibles?tiendaId=bbbbbbbb-bbbb-4bbb-8bbb-bbbbbbbbbbbb&zona=Zona+Norte,200,60.576,
2026-08-31T04:08:42.841754+00:00,GET,http://localhost:3000/logistics/tenderos/productos-disponibles?tiendaId=bbbbbbbb-bbbb-4bbb-8bbb-bbbbbbbbbbbb&zona=Zona+Norte,200,62.727,
2026-08-31T04:08:42.875320+00:00,GET,http://localhost:3000/logistics/tenderos/productos-disponibles?tiendaId=bbbbbbbb-bbbb-4bbb-8bbb-bbbbbbbbbbbb&zona=Zona+Norte,200,60.660,
2026-08-31T04:08:42.908555+00:00,GET,http://localhost:3000/logistics/tenderos/productos-disponibles?tiendaId=bbbbbbbb-bbbb-4bbb-8bbb-bbbbbbbbbbbb&zona=Zona+Norte,200,60.677,
2026-08-31T04:08:42.942090+00:00,GET,http://localhost:3000/logistics/tenderos/productos-disponibles?tiendaId=bbbbbbbb-bbbb-4bbb-8bbb-bbbbbbbbbbbb&zona=Zona+Norte,200,61.795,
2026-08-31T04:08:42.975446+00:00,GET,http://localhost:3000/logistics/tenderos/productos-disponibles?tiendaId=bbbbbbbb-bbbb-4bbb-8bbb-bbbbbbbbbbbb&zona=Zona+Norte,200,59.394,
2026-08-31T04:08:43.008595+00:00,GET,http://localhost:3000/logistics/tenderos/productos-disponibles?tiendaId=bbbbbbbb-bbbb-4bbb-8bbb-bbbbbbbbbbbb&zona=Zona+Norte,200,59.991,
2026-08-31T04:08:43.041838+00:00,GET,http://localhost:3000/logistics/tenderos/productos-disponibles?tiendaId=bbbbbbbb-bbbb-4bbb-8bbb-bbbbbbbbbbbb&zona=Zona+Norte,200,56.750,
2026-08-31T04:08:43.075535+00:00,GET,http://localhost:3000/logistics/tenderos/productos-disponibles?tiendaId=bbbbbbbb-bbbb-4bbb-8bbb-bbbbbbbbbbbb&zona=Zona+Norte,200,56.970,
2026-08-31T04:08:43.109103+00:00,GET,http://localhost:3000/logistics/tenderos/productos-disponibles?tiendaId=bbbbbbbb-bbbb-4bbb-8bbb-bbbbbbbbbbbb&zona=Zona+Norte,200,60.946,
2026-08-31T04:08:43.141850+00:00,GET,http://localhost:3000/logistics/tenderos/productos-disponibles?tiendaId=bbbbbbbb-bbbb-4bbb-8bbb-bbbbbbbbbbbb&zona=Zona+Norte,200,59.502,
2026-08-31T04:08:43.175368+00:00,GET,http://localhost:3000/logistics/tenderos/productos-disponibles?tiendaId=bbbbbbbb-bbbb-4bbb-8bbb-bbbbbbbbbbbb&zona=Zona+Norte,200,60.760,
2026-08-31T04:08:43.208925+00:00,GET,http://localhost:3000/logistics/tenderos/productos-disponibles?tiendaId=bbbbbbbb-bbbb-4bbb-8bbb-bbbbbbbbbbbb&zona=Zona+Norte,200,55.473,
2026-08-31T04:08:43.242117+00:00,GET,http://localhost:3000/logistics/tenderos/productos-disponibles?tiendaId=bbbbbbbb-bbbb-4bbb-8bbb-bbbbbbbbbbbb&zona=Zona+Norte,200,59.461,
2026-08-31T04:08:43.275768+00:00,GET,http://localhost:3000/logistics/tenderos/productos-disponibles?tiendaId=bbbbbbbb-bbbb-4bbb-8bbb-bbbbbbbbbbbb&zona=Zona+Norte,200,59.235,
2026-08-31T04:08:43.308902+00:00,GET,http://localhost:3000/logistics/tenderos/productos-disponibles?tiendaId=bbbbbbbb-bbbb-4bbb-8bbb-bbbbbbbbbbbb&zona=Zona+Norte,200,60.341,
2026-08-31T04:08:43.342219+00:00,GET,http://localhost:3000/logistics/tenderos/productos-disponibles?tiendaId=bbbbbbbb-bbbb-4bbb-8bbb-bbbbbbbbbbbb&zona=Zona+Norte,200,62.324,
2026-08-31T04:08:43.375170+00:00,GET,http://localhost:3000/logistics/tenderos/productos-disponibles?tiendaId=bbbbbbbb-bbbb-4bbb-8bbb-bbbbbbbbbbbb&zona=Zona+Norte,200,58.528,
2026-08-31T04:08:43.408559+00:00,GET,http://localhost:3000/logistics/tenderos/productos-disponibles?tiendaId=bbbbbbbb-bbbb-4bbb-8bbb-bbbbbbbbbbbb&zona=Zona+Norte,200,62.933,
2026-08-31T04:08:43.442410+00:00,GET,http://localhost:3000/logistics/tenderos/productos-disponibles?tiendaId=bbbbbbbb-bbbb-4bbb-8bbb-bbbbbbbbbbbb&zona=Zona+Norte,200,55.927,
2026-08-31T04:08:43.475040+00:00,GET,http://localhost:3000/logistics/tenderos/productos-disponibles?tiendaId=bbbbbbbb-bbbb-4bbb-8bbb-bbbbbbbbbbbb&zona=Zona+Norte,200,62.268,
2026-08-31T04:08:43.509128+00:00,GET,http://localhost:3000/logistics/tenderos/productos-disponibles?tiendaId=bbbbbbbb-bbbb-4bbb-8bbb-bbbbbbbbbbbb&zona=Zona+Norte,200,61.162,
2026-08-31T04:08:43.541700+00:00,GET,http://localhost:3000/logistics/tenderos/productos-disponibles?tiendaId=bbbbbbbb-bbbb-4bbb-8bbb-bbbbbbbbbbbb&zona=Zona+Norte,200,59.863,
2026-08-31T04:08:43.575450+00:00,GET,http://localhost:3000/logistics/tenderos/productos-disponibles?tiendaId=bbbbbbbb-bbbb-4bbb-8bbb-bbbbbbbbbbbb&zona=Zona+Norte,200,60.654,
2026-08-31T04:08:43.608910+00:00,GET,http://localhost:3000/logistics/tenderos/productos-disponibles?tiendaId=bbbbbbbb-bbbb-4bbb-8bbb-bbbbbbbbbbbb&zona=Zona+Norte,200,58.515,
2026-08-31T04:08:43.641701+00:00,GET,http://localhost:3000/logistics/tenderos/productos-disponibles?tiendaId=bbbbbbbb-bbbb-4bbb-8bbb-bbbbbbbbbbbb&zona=Zona+Norte,200,56.021,
2026-08-31T04:08:43.675719+00:00,GET,http://localhost:3000/logistics/tenderos/productos-disponibles?tiendaId=bbbbbbbb-bbbb-4bbb-8bbb-bbbbbbbbbbbb&zona=Zona+Norte,200,61.231,
2026-08-31T04:08:43.709135+00:00,GET,http://localhost:3000/logistics/tenderos/productos-disponibles?tiendaId=bbbbbbbb-bbbb-4bbb-8bbb-bbbbbbbbbbbb&zona=Zona+Norte,200,59.469,
2026-08-31T04:08:43.741996+00:00,GET,http://localhost:3000/logistics/tenderos/productos-disponibles?tiendaId=bbbbbbbb-bbbb-4bbb-8bbb-bbbbbbbbbbbb&zona=Zona+Norte,200,56.329,
2026-08-31T04:08:43.775584+00:00,GET,http://localhost:3000/logistics/tenderos/productos-disponibles?tiendaId=bbbbbbbb-bbbb-4bbb-8bbb-bbbbbbbbbbbb&zona=Zona+Norte,200,61.077,
2026-08-31T04:08:43.809121+00:00,GET,http://localhost:3000/logistics/tenderos/productos-disponibles?tiendaId=bbbbbbbb-bbbb-4bbb-8bbb-bbbbbbbbbbbb&zona=Zona+Norte,200,65.980,
2026-08-31T04:08:43.842023+00:00,GET,http://localhost:3000/logistics/tenderos/productos-disponibles?tiendaId=bbbbbbbb-bbbb-4bbb-8bbb-bbbbbbbbbbbb&zona=Zona+Norte,200,64.626,
2026-08-31T04:08:43.875126+00:00,GET,http://localhost:3000/logistics/tenderos/productos-disponibles?tiendaId=bbbbbbbb-bbbb-4bbb-8bbb-bbbbbbbbbbbb&zona=Zona+Norte,200,62.897,
2026-08-31T04:08:43.908259+00:00,GET,http://localhost:3000/logistics/tenderos/productos-disponibles?tiendaId=bbbbbbbb-bbbb-4bbb-8bbb-bbbbbbbbbbbb&zona=Zona+Norte,200,63.403,
2026-08-31T04:08:43.941902+00:00,GET,http://localhost:3000/logistics/tenderos/productos-disponibles?tiendaId=bbbbbbbb-bbbb-4bbb-8bbb-bbbbbbbbbbbb&zona=Zona+Norte,200,63.388,
2026-08-31T04:08:43.975385+00:00,GET,http://localhost:3000/logistics/tenderos/productos-disponibles?tiendaId=bbbbbbbb-bbbb-4bbb-8bbb-bbbbbbbbbbbb&zona=Zona+Norte,200,58.847,
2026-08-31T04:08:44.008443+00:00,GET,http://localhost:3000/logistics/tenderos/productos-disponibles?tiendaId=bbbbbbbb-bbbb-4bbb-8bbb-bbbbbbbbbbbb&zona=Zona+Norte,200,58.313,
2026-08-31T04:08:44.042351+00:00,GET,http://localhost:3000/logistics/tenderos/productos-disponibles?tiendaId=bbbbbbbb-bbbb-4bbb-8bbb-bbbbbbbbbbbb&zona=Zona+Norte,200,64.061,
2026-08-31T04:08:44.075781+00:00,GET,http://localhost:3000/logistics/tenderos/productos-disponibles?tiendaId=bbbbbbbb-bbbb-4bbb-8bbb-bbbbbbbbbbbb&zona=Zona+Norte,200,65.963,
2026-08-31T04:08:44.108278+00:00,GET,http://localhost:3000/logistics/tenderos/productos-disponibles?tiendaId=bbbbbbbb-bbbb-4bbb-8bbb-bbbbbbbbbbbb&zona=Zona+Norte,200,60.666,
2026-08-31T04:08:44.141774+00:00,GET,http://localhost:3000/logistics/tenderos/productos-disponibles?tiendaId=bbbbbbbb-bbbb-4bbb-8bbb-bbbbbbbbbbbb&zona=Zona+Norte,200,64.420,
2026-08-31T04:08:44.175527+00:00,GET,http://localhost:3000/logistics/tenderos/productos-disponibles?tiendaId=bbbbbbbb-bbbb-4bbb-8bbb-bbbbbbbbbbbb&zona=Zona+Norte,200,63.447,
2026-08-31T04:08:44.208312+00:00,GET,http://localhost:3000/logistics/tenderos/productos-disponibles?tiendaId=bbbbbbbb-bbbb-4bbb-8bbb-bbbbbbbbbbbb&zona=Zona+Norte,200,63.850,
2026-08-31T04:08:44.241841+00:00,GET,http://localhost:3000/logistics/tenderos/productos-disponibles?tiendaId=bbbbbbbb-bbbb-4bbb-8bbb-bbbbbbbbbbbb&zona=Zona+Norte,200,62.925,
2026-08-31T04:08:44.275088+00:00,GET,http://localhost:3000/logistics/tenderos/productos-disponibles?tiendaId=bbbbbbbb-bbbb-4bbb-8bbb-bbbbbbbbbbbb&zona=Zona+Norte,200,62.074,
2026-08-31T04:08:44.308513+00:00,GET,http://localhost:3000/logistics/tenderos/productos-disponibles?tiendaId=bbbbbbbb-bbbb-4bbb-8bbb-bbbbbbbbbbbb&zona=Zona+Norte,200,63.195,
2026-08-31T04:08:44.341960+00:00,GET,http://localhost:3000/logistics/tenderos/productos-disponibles?tiendaId=bbbbbbbb-bbbb-4bbb-8bbb-bbbbbbbbbbbb&zona=Zona+Norte,200,62.370,
2026-08-31T04:08:44.375150+00:00,GET,http://localhost:3000/logistics/tenderos/productos-disponibles?tiendaId=bbbbbbbb-bbbb-4bbb-8bbb-bbbbbbbbbbbb&zona=Zona+Norte,200,63.635,
2026-08-31T04:08:44.408560+00:00,GET,http://localhost:3000/logistics/tenderos/productos-disponibles?tiendaId=bbbbbbbb-bbbb-4bbb-8bbb-bbbbbbbbbbbb&zona=Zona+Norte,200,62.920,
2026-08-31T04:08:44.441750+00:00,GET,http://localhost:3000/logistics/tenderos/productos-disponibles?tiendaId=bbbbbbbb-bbbb-4bbb-8bbb-bbbbbbbbbbbb&zona=Zona+Norte,200,64.517,
2026-08-31T04:08:44.475200+00:00,GET,http://localhost:3000/logistics/tenderos/productos-disponibles?tiendaId=bbbbbbbb-bbbb-4bbb-8bbb-bbbbbbbbbbbb&zona=Zona+Norte,200,62.698,
2026-08-31T04:08:44.508321+00:00,GET,http://localhost:3000/logistics/tenderos/productos-disponibles?tiendaId=bbbbbbbb-bbbb-4bbb-8bbb-bbbbbbbbbbbb&zona=Zona+Norte,200,60.693,
2026-08-31T04:08:44.541882+00:00,GET,http://localhost:3000/logistics/tenderos/productos-disponibles?tiendaId=bbbbbbbb-bbbb-4bbb-8bbb-bbbbbbbbbbbb&zona=Zona+Norte,200,60.305,
2026-08-31T04:08:44.575575+00:00,GET,http://localhost:3000/logistics/tenderos/productos-disponibles?tiendaId=bbbbbbbb-bbbb-4bbb-8bbb-bbbbbbbbbbbb&zona=Zona+Norte,200,64.527,
2026-08-31T04:08:44.608849+00:00,GET,http://localhost:3000/logistics/tenderos/productos-disponibles?tiendaId=bbbbbbbb-bbbb-4bbb-8bbb-bbbbbbbbbbbb&zona=Zona+Norte,200,65.151,
2026-08-31T04:08:44.641560+00:00,GET,http://localhost:3000/logistics/tenderos/productos-disponibles?tiendaId=bbbbbbbb-bbbb-4bbb-8bbb-bbbbbbbbbbbb&zona=Zona+Norte,200,63.817,
2026-08-31T04:08:44.674912+00:00,GET,http://localhost:3000/logistics/tenderos/productos-disponibles?tiendaId=bbbbbbbb-bbbb-4bbb-8bbb-bbbbbbbbbbbb&zona=Zona+Norte,200,61.620,
2026-08-31T04:08:44.708439+00:00,GET,http://localhost:3000/logistics/tenderos/productos-disponibles?tiendaId=bbbbbbbb-bbbb-4bbb-8bbb-bbbbbbbbbbbb&zona=Zona+Norte,200,60.703,
2026-08-31T04:08:44.742106+00:00,GET,http://localhost:3000/logistics/tenderos/productos-disponibles?tiendaId=bbbbbbbb-bbbb-4bbb-8bbb-bbbbbbbbbbbb&zona=Zona+Norte,200,63.733,
2026-08-31T04:08:44.775046+00:00,GET,http://localhost:3000/logistics/tenderos/productos-disponibles?tiendaId=bbbbbbbb-bbbb-4bbb-8bbb-bbbbbbbbbbbb&zona=Zona+Norte,200,64.315,
2026-08-31T04:08:44.808366+00:00,GET,http://localhost:3000/logistics/tenderos/productos-disponibles?tiendaId=bbbbbbbb-bbbb-4bbb-8bbb-bbbbbbbbbbbb&zona=Zona+Norte,200,66.404,
2026-08-31T04:08:44.841726+00:00,GET,http://localhost:3000/logistics/tenderos/productos-disponibles?tiendaId=bbbbbbbb-bbbb-4bbb-8bbb-bbbbbbbbbbbb&zona=Zona+Norte,200,69.729,
2026-08-31T04:08:44.874878+00:00,GET,http://localhost:3000/logistics/tenderos/productos-disponibles?tiendaId=bbbbbbbb-bbbb-4bbb-8bbb-bbbbbbbbbbbb&zona=Zona+Norte,200,66.389,
2026-08-31T04:08:44.909197+00:00,GET,http://localhost:3000/logistics/tenderos/productos-disponibles?tiendaId=bbbbbbbb-bbbb-4bbb-8bbb-bbbbbbbbbbbb&zona=Zona+Norte,200,66.642,
2026-08-31T04:08:44.941423+00:00,GET,http://localhost:3000/logistics/tenderos/productos-disponibles?tiendaId=bbbbbbbb-bbbb-4bbb-8bbb-bbbbbbbbbbbb&zona=Zona+Norte,200,58.024,
2026-08-31T04:08:44.975874+00:00,GET,http://localhost:3000/logistics/tenderos/productos-disponibles?tiendaId=bbbbbbbb-bbbb-4bbb-8bbb-bbbbbbbbbbbb&zona=Zona+Norte,200,60.376,
2026-08-31T04:08:45.009105+00:00,GET,http://localhost:3000/logistics/tenderos/productos-disponibles?tiendaId=bbbbbbbb-bbbb-4bbb-8bbb-bbbbbbbbbbbb&zona=Zona+Norte,200,63.717,
2026-08-31T04:08:45.042067+00:00,GET,http://localhost:3000/logistics/tenderos/productos-disponibles?tiendaId=bbbbbbbb-bbbb-4bbb-8bbb-bbbbbbbbbbbb&zona=Zona+Norte,200,62.312,
2026-08-31T04:08:45.075001+00:00,GET,http://localhost:3000/logistics/tenderos/productos-disponibles?tiendaId=bbbbbbbb-bbbb-4bbb-8bbb-bbbbbbbbbbbb&zona=Zona+Norte,200,61.338,
2026-08-31T04:08:45.108565+00:00,GET,http://localhost:3000/logistics/tenderos/productos-disponibles?tiendaId=bbbbbbbb-bbbb-4bbb-8bbb-bbbbbbbbbbbb&zona=Zona+Norte,200,61.605,
2026-08-31T04:08:45.142061+00:00,GET,http://localhost:3000/logistics/tenderos/productos-disponibles?tiendaId=bbbbbbbb-bbbb-4bbb-8bbb-bbbbbbbbbbbb&zona=Zona+Norte,200,60.736,
2026-08-31T04:08:45.175350+00:00,GET,http://localhost:3000/logistics/tenderos/productos-disponibles?tiendaId=bbbbbbbb-bbbb-4bbb-8bbb-bbbbbbbbbbbb&zona=Zona+Norte,200,61.406,
2026-08-31T04:08:45.208776+00:00,GET,http://localhost:3000/logistics/tenderos/productos-disponibles?tiendaId=bbbbbbbb-bbbb-4bbb-8bbb-bbbbbbbbbbbb&zona=Zona+Norte,200,64.399,
2026-08-31T04:08:45.242026+00:00,GET,http://localhost:3000/logistics/tenderos/productos-disponibles?tiendaId=bbbbbbbb-bbbb-4bbb-8bbb-bbbbbbbbbbbb&zona=Zona+Norte,200,61.525,
2026-08-31T04:08:45.274955+00:00,GET,http://localhost:3000/logistics/tenderos/productos-disponibles?tiendaId=bbbbbbbb-bbbb-4bbb-8bbb-bbbbbbbbbbbb&zona=Zona+Norte,200,61.521,
2026-08-31T04:08:45.308659+00:00,GET,http://localhost:3000/logistics/tenderos/productos-disponibles?tiendaId=bbbbbbbb-bbbb-4bbb-8bbb-bbbbbbbbbbbb&zona=Zona+Norte,200,61.518,
2026-08-31T04:08:45.342046+00:00,GET,http://localhost:3000/logistics/tenderos/productos-disponibles?tiendaId=bbbbbbbb-bbbb-4bbb-8bbb-bbbbbbbbbbbb&zona=Zona+Norte,200,61.908,
2026-08-31T04:08:45.375320+00:00,GET,http://localhost:3000/logistics/tenderos/productos-disponibles?tiendaId=bbbbbbbb-bbbb-4bbb-8bbb-bbbbbbbbbbbb&zona=Zona+Norte,200,61.614,
2026-08-31T04:08:45.408626+00:00,GET,http://localhost:3000/logistics/tenderos/productos-disponibles?tiendaId=bbbbbbbb-bbbb-4bbb-8bbb-bbbbbbbbbbbb&zona=Zona+Norte,200,61.597,
2026-08-31T04:08:45.441995+00:00,GET,http://localhost:3000/logistics/tenderos/productos-disponibles?tiendaId=bbbbbbbb-bbbb-4bbb-8bbb-bbbbbbbbbbbb&zona=Zona+Norte,200,60.144,
2026-08-31T04:08:45.475078+00:00,GET,http://localhost:3000/logistics/tenderos/productos-disponibles?tiendaId=bbbbbbbb-bbbb-4bbb-8bbb-bbbbbbbbbbbb&zona=Zona+Norte,200,60.658,
2026-08-31T04:08:45.508849+00:00,GET,http://localhost:3000/logistics/tenderos/productos-disponibles?tiendaId=bbbbbbbb-bbbb-4bbb-8bbb-bbbbbbbbbbbb&zona=Zona+Norte,200,61.450,
2026-08-31T04:08:45.542146+00:00,GET,http://localhost:3000/logistics/tenderos/productos-disponibles?tiendaId=bbbbbbbb-bbbb-4bbb-8bbb-bbbbbbbbbbbb&zona=Zona+Norte,200,60.539,
2026-08-31T04:08:45.575346+00:00,GET,http://localhost:3000/logistics/tenderos/productos-disponibles?tiendaId=bbbbbbbb-bbbb-4bbb-8bbb-bbbbbbbbbbbb&zona=Zona+Norte,200,63.359,
2026-08-31T04:08:45.608797+00:00,GET,http://localhost:3000/logistics/tenderos/productos-disponibles?tiendaId=bbbbbbbb-bbbb-4bbb-8bbb-bbbbbbbbbbbb&zona=Zona+Norte,200,61.766,
2026-08-31T04:08:45.641779+00:00,GET,http://localhost:3000/logistics/tenderos/productos-disponibles?tiendaId=bbbbbbbb-bbbb-4bbb-8bbb-bbbbbbbbbbbb&zona=Zona+Norte,200,61.327,
2026-08-31T04:08:45.675003+00:00,GET,http://localhost:3000/logistics/tenderos/productos-disponibles?tiendaId=bbbbbbbb-bbbb-4bbb-8bbb-bbbbbbbbbbbb&zona=Zona+Norte,200,61.084,
2026-08-31T04:08:45.708735+00:00,GET,http://localhost:3000/logistics/tenderos/productos-disponibles?tiendaId=bbbbbbbb-bbbb-4bbb-8bbb-bbbbbbbbbbbb&zona=Zona+Norte,200,61.579,
2026-08-31T04:08:45.742100+00:00,GET,http://localhost:3000/logistics/tenderos/productos-disponibles?tiendaId=bbbbbbbb-bbbb-4bbb-8bbb-bbbbbbbbbbbb&zona=Zona+Norte,200,58.302,
2026-08-31T04:08:45.775317+00:00,GET,http://localhost:3000/logistics/tenderos/productos-disponibles?tiendaId=bbbbbbbb-bbbb-4bbb-8bbb-bbbbbbbbbbbb&zona=Zona+Norte,200,61.682,
2026-08-31T04:08:45.809067+00:00,GET,http://localhost:3000/logistics/tenderos/productos-disponibles?tiendaId=bbbbbbbb-bbbb-4bbb-8bbb-bbbbbbbbbbbb&zona=Zona+Norte,200,60.801,
2026-08-31T04:08:45.842000+00:00,GET,http://localhost:3000/logistics/tenderos/productos-disponibles?tiendaId=bbbbbbbb-bbbb-4bbb-8bbb-bbbbbbbbbbbb&zona=Zona+Norte,200,58.236,
2026-08-31T04:08:45.875265+00:00,GET,http://localhost:3000/logistics/tenderos/productos-disponibles?tiendaId=bbbbbbbb-bbbb-4bbb-8bbb-bbbbbbbbbbbb&zona=Zona+Norte,200,61.330,
2026-08-31T04:08:45.909081+00:00,GET,http://localhost:3000/logistics/tenderos/productos-disponibles?tiendaId=bbbbbbbb-bbbb-4bbb-8bbb-bbbbbbbbbbbb&zona=Zona+Norte,200,62.131,
2026-08-31T04:08:45.942037+00:00,GET,http://localhost:3000/logistics/tenderos/productos-disponibles?tiendaId=bbbbbbbb-bbbb-4bbb-8bbb-bbbbbbbbbbbb&zona=Zona+Norte,200,57.637,
2026-08-31T04:08:45.975225+00:00,GET,http://localhost:3000/logistics/tenderos/productos-disponibles?tiendaId=bbbbbbbb-bbbb-4bbb-8bbb-bbbbbbbbbbbb&zona=Zona+Norte,200,62.128,
2026-08-31T04:08:46.009122+00:00,GET,http://localhost:3000/logistics/tenderos/productos-disponibles?tiendaId=bbbbbbbb-bbbb-4bbb-8bbb-bbbbbbbbbbbb&zona=Zona+Norte,200,61.778,
2026-08-31T04:08:46.041954+00:00,GET,http://localhost:3000/logistics/tenderos/productos-disponibles?tiendaId=bbbbbbbb-bbbb-4bbb-8bbb-bbbbbbbbbbbb&zona=Zona+Norte,200,59.063,
2026-08-31T04:08:46.075262+00:00,GET,http://localhost:3000/logistics/tenderos/productos-disponibles?tiendaId=bbbbbbbb-bbbb-4bbb-8bbb-bbbbbbbbbbbb&zona=Zona+Norte,200,58.679,
2026-08-31T04:08:46.109002+00:00,GET,http://localhost:3000/logistics/tenderos/productos-disponibles?tiendaId=bbbbbbbb-bbbb-4bbb-8bbb-bbbbbbbbbbbb&zona=Zona+Norte,200,61.856,
2026-08-31T04:08:46.142380+00:00,GET,http://localhost:3000/logistics/tenderos/productos-disponibles?tiendaId=bbbbbbbb-bbbb-4bbb-8bbb-bbbbbbbbbbbb&zona=Zona+Norte,200,62.011,
2026-08-31T04:08:46.175287+00:00,GET,http://localhost:3000/logistics/tenderos/productos-disponibles?tiendaId=bbbbbbbb-bbbb-4bbb-8bbb-bbbbbbbbbbbb&zona=Zona+Norte,200,64.621,
2026-08-31T04:08:46.208581+00:00,GET,http://localhost:3000/logistics/tenderos/productos-disponibles?tiendaId=bbbbbbbb-bbbb-4bbb-8bbb-bbbbbbbbbbbb&zona=Zona+Norte,200,66.306,
2026-08-31T04:08:46.241610+00:00,GET,http://localhost:3000/logistics/tenderos/productos-disponibles?tiendaId=bbbbbbbb-bbbb-4bbb-8bbb-bbbbbbbbbbbb&zona=Zona+Norte,200,64.550,
2026-08-31T04:08:46.274909+00:00,GET,http://localhost:3000/logistics/tenderos/productos-disponibles?tiendaId=bbbbbbbb-bbbb-4bbb-8bbb-bbbbbbbbbbbb&zona=Zona+Norte,200,67.486,
2026-08-31T04:08:46.308370+00:00,GET,http://localhost:3000/logistics/tenderos/productos-disponibles?tiendaId=bbbbbbbb-bbbb-4bbb-8bbb-bbbbbbbbbbbb&zona=Zona+Norte,200,64.193,
2026-08-31T04:08:46.342024+00:00,GET,http://localhost:3000/logistics/tenderos/productos-disponibles?tiendaId=bbbbbbbb-bbbb-4bbb-8bbb-bbbbbbbbbbbb&zona=Zona+Norte,200,62.868,
2026-08-31T04:08:46.375044+00:00,GET,http://localhost:3000/logistics/tenderos/productos-disponibles?tiendaId=bbbbbbbb-bbbb-4bbb-8bbb-bbbbbbbbbbbb&zona=Zona+Norte,200,63.170,
2026-08-31T04:08:46.408517+00:00,GET,http://localhost:3000/logistics/tenderos/productos-disponibles?tiendaId=bbbbbbbb-bbbb-4bbb-8bbb-bbbbbbbbbbbb&zona=Zona+Norte,200,61.932,
2026-08-31T04:08:46.441644+00:00,GET,http://localhost:3000/logistics/tenderos/productos-disponibles?tiendaId=bbbbbbbb-bbbb-4bbb-8bbb-bbbbbbbbbbbb&zona=Zona+Norte,200,62.809,
2026-08-31T04:08:46.475318+00:00,GET,http://localhost:3000/logistics/tenderos/productos-disponibles?tiendaId=bbbbbbbb-bbbb-4bbb-8bbb-bbbbbbbbbbbb&zona=Zona+Norte,200,62.456,
2026-08-31T04:08:46.508551+00:00,GET,http://localhost:3000/logistics/tenderos/productos-disponibles?tiendaId=bbbbbbbb-bbbb-4bbb-8bbb-bbbbbbbbbbbb&zona=Zona+Norte,200,62.528,
2026-08-31T04:08:46.541892+00:00,GET,http://localhost:3000/logistics/tenderos/productos-disponibles?tiendaId=bbbbbbbb-bbbb-4bbb-8bbb-bbbbbbbbbbbb&zona=Zona+Norte,200,58.589,
2026-08-31T04:08:46.575314+00:00,GET,http://localhost:3000/logistics/tenderos/productos-disponibles?tiendaId=bbbbbbbb-bbbb-4bbb-8bbb-bbbbbbbbbbbb&zona=Zona+Norte,200,61.057,
2026-08-31T04:08:46.609084+00:00,GET,http://localhost:3000/logistics/tenderos/productos-disponibles?tiendaId=bbbbbbbb-bbbb-4bbb-8bbb-bbbbbbbbbbbb&zona=Zona+Norte,200,60.717,
2026-08-31T04:08:46.642091+00:00,GET,http://localhost:3000/logistics/tenderos/productos-disponibles?tiendaId=bbbbbbbb-bbbb-4bbb-8bbb-bbbbbbbbbbbb&zona=Zona+Norte,200,60.889,
2026-08-31T04:08:46.675423+00:00,GET,http://localhost:3000/logistics/tenderos/productos-disponibles?tiendaId=bbbbbbbb-bbbb-4bbb-8bbb-bbbbbbbbbbbb&zona=Zona+Norte,200,60.444,
2026-08-31T04:08:46.708749+00:00,GET,http://localhost:3000/logistics/tenderos/productos-disponibles?tiendaId=bbbbbbbb-bbbb-4bbb-8bbb-bbbbbbbbbbbb&zona=Zona+Norte,200,60.098,
2026-08-31T04:08:46.742142+00:00,GET,http://localhost:3000/logistics/tenderos/productos-disponibles?tiendaId=bbbbbbbb-bbbb-4bbb-8bbb-bbbbbbbbbbbb&zona=Zona+Norte,200,58.370,
2026-08-31T04:08:46.775578+00:00,GET,http://localhost:3000/logistics/tenderos/productos-disponibles?tiendaId=bbbbbbbb-bbbb-4bbb-8bbb-bbbbbbbbbbbb&zona=Zona+Norte,200,60.342,
2026-08-31T04:08:46.809100+00:00,GET,http://localhost:3000/logistics/tenderos/productos-disponibles?tiendaId=bbbbbbbb-bbbb-4bbb-8bbb-bbbbbbbbbbbb&zona=Zona+Norte,200,58.723,
2026-08-31T04:08:46.842151+00:00,GET,http://localhost:3000/logistics/tenderos/productos-disponibles?tiendaId=bbbbbbbb-bbbb-4bbb-8bbb-bbbbbbbbbbbb&zona=Zona+Norte,200,60.890,
2026-08-31T04:08:46.875303+00:00,GET,http://localhost:3000/logistics/tenderos/productos-disponibles?tiendaId=bbbbbbbb-bbbb-4bbb-8bbb-bbbbbbbbbbbb&zona=Zona+Norte,200,61.094,
2026-08-31T04:08:46.908758+00:00,GET,http://localhost:3000/logistics/tenderos/productos-disponibles?tiendaId=bbbbbbbb-bbbb-4bbb-8bbb-bbbbbbbbbbbb&zona=Zona+Norte,200,61.569,
2026-08-31T04:08:46.942130+00:00,GET,http://localhost:3000/logistics/tenderos/productos-disponibles?tiendaId=bbbbbbbb-bbbb-4bbb-8bbb-bbbbbbbbbbbb&zona=Zona+Norte,200,62.017,
2026-08-31T04:08:46.975395+00:00,GET,http://localhost:3000/logistics/tenderos/productos-disponibles?tiendaId=bbbbbbbb-bbbb-4bbb-8bbb-bbbbbbbbbbbb&zona=Zona+Norte,200,61.566,
2026-08-31T04:08:47.008553+00:00,GET,http://localhost:3000/logistics/tenderos/productos-disponibles?tiendaId=bbbbbbbb-bbbb-4bbb-8bbb-bbbbbbbbbbbb&zona=Zona+Norte,200,58.221,
2026-08-31T04:08:47.041963+00:00,GET,http://localhost:3000/logistics/tenderos/productos-disponibles?tiendaId=bbbbbbbb-bbbb-4bbb-8bbb-bbbbbbbbbbbb&zona=Zona+Norte,200,57.885,
2026-08-31T04:08:47.075018+00:00,GET,http://localhost:3000/logistics/tenderos/productos-disponibles?tiendaId=bbbbbbbb-bbbb-4bbb-8bbb-bbbbbbbbbbbb&zona=Zona+Norte,200,62.356,
2026-08-31T04:08:47.108876+00:00,GET,http://localhost:3000/logistics/tenderos/productos-disponibles?tiendaId=bbbbbbbb-bbbb-4bbb-8bbb-bbbbbbbbbbbb&zona=Zona+Norte,200,62.634,
2026-08-31T04:08:47.142007+00:00,GET,http://localhost:3000/logistics/tenderos/productos-disponibles?tiendaId=bbbbbbbb-bbbb-4bbb-8bbb-bbbbbbbbbbbb&zona=Zona+Norte,200,58.171,
2026-08-31T04:08:47.175252+00:00,GET,http://localhost:3000/logistics/tenderos/productos-disponibles?tiendaId=bbbbbbbb-bbbb-4bbb-8bbb-bbbbbbbbbbbb&zona=Zona+Norte,200,60.992,
2026-08-31T04:08:47.209139+00:00,GET,http://localhost:3000/logistics/tenderos/productos-disponibles?tiendaId=bbbbbbbb-bbbb-4bbb-8bbb-bbbbbbbbbbbb&zona=Zona+Norte,200,61.609,
2026-08-31T04:08:47.242119+00:00,GET,http://localhost:3000/logistics/tenderos/productos-disponibles?tiendaId=bbbbbbbb-bbbb-4bbb-8bbb-bbbbbbbbbbbb&zona=Zona+Norte,200,61.325,
2026-08-31T04:08:47.275354+00:00,GET,http://localhost:3000/logistics/tenderos/productos-disponibles?tiendaId=bbbbbbbb-bbbb-4bbb-8bbb-bbbbbbbbbbbb&zona=Zona+Norte,200,60.862,
2026-08-31T04:08:47.308713+00:00,GET,http://localhost:3000/logistics/tenderos/productos-disponibles?tiendaId=bbbbbbbb-bbbb-4bbb-8bbb-bbbbbbbbbbbb&zona=Zona+Norte,200,60.284,
2026-08-31T04:08:47.342102+00:00,GET,http://localhost:3000/logistics/tenderos/productos-disponibles?tiendaId=bbbbbbbb-bbbb-4bbb-8bbb-bbbbbbbbbbbb&zona=Zona+Norte,200,58.421,
2026-08-31T04:08:47.375501+00:00,GET,http://localhost:3000/logistics/tenderos/productos-disponibles?tiendaId=bbbbbbbb-bbbb-4bbb-8bbb-bbbbbbbbbbbb&zona=Zona+Norte,200,59.834,
2026-08-31T04:08:47.408695+00:00,GET,http://localhost:3000/logistics/tenderos/productos-disponibles?tiendaId=bbbbbbbb-bbbb-4bbb-8bbb-bbbbbbbbbbbb&zona=Zona+Norte,200,57.544,
2026-08-31T04:08:47.442230+00:00,GET,http://localhost:3000/logistics/tenderos/productos-disponibles?tiendaId=bbbbbbbb-bbbb-4bbb-8bbb-bbbbbbbbbbbb&zona=Zona+Norte,200,58.568,
2026-08-31T04:08:47.475871+00:00,GET,http://localhost:3000/logistics/tenderos/productos-disponibles?tiendaId=bbbbbbbb-bbbb-4bbb-8bbb-bbbbbbbbbbbb&zona=Zona+Norte,200,61.619,
2026-08-31T04:08:47.509067+00:00,GET,http://localhost:3000/logistics/tenderos/productos-disponibles?tiendaId=bbbbbbbb-bbbb-4bbb-8bbb-bbbbbbbbbbbb&zona=Zona+Norte,200,62.170,
2026-08-31T04:08:47.541995+00:00,GET,http://localhost:3000/logistics/tenderos/productos-disponibles?tiendaId=bbbbbbbb-bbbb-4bbb-8bbb-bbbbbbbbbbbb&zona=Zona+Norte,200,62.949,
2026-08-31T04:08:47.575400+00:00,GET,http://localhost:3000/logistics/tenderos/productos-disponibles?tiendaId=bbbbbbbb-bbbb-4bbb-8bbb-bbbbbbbbbbbb&zona=Zona+Norte,200,61.059,
2026-08-31T04:08:47.608532+00:00,GET,http://localhost:3000/logistics/tenderos/productos-disponibles?tiendaId=bbbbbbbb-bbbb-4bbb-8bbb-bbbbbbbbbbbb&zona=Zona+Norte,200,60.109,
2026-08-31T04:08:47.642120+00:00,GET,http://localhost:3000/logistics/tenderos/productos-disponibles?tiendaId=bbbbbbbb-bbbb-4bbb-8bbb-bbbbbbbbbbbb&zona=Zona+Norte,200,60.653,
2026-08-31T04:08:47.675634+00:00,GET,http://localhost:3000/logistics/tenderos/productos-disponibles?tiendaId=bbbbbbbb-bbbb-4bbb-8bbb-bbbbbbbbbbbb&zona=Zona+Norte,200,63.289,
2026-08-31T04:08:47.708825+00:00,GET,http://localhost:3000/logistics/tenderos/productos-disponibles?tiendaId=bbbbbbbb-bbbb-4bbb-8bbb-bbbbbbbbbbbb&zona=Zona+Norte,200,62.969,
2026-08-31T04:08:47.741792+00:00,GET,http://localhost:3000/logistics/tenderos/productos-disponibles?tiendaId=bbbbbbbb-bbbb-4bbb-8bbb-bbbbbbbbbbbb&zona=Zona+Norte,200,59.650,
2026-08-31T04:08:47.775234+00:00,GET,http://localhost:3000/logistics/tenderos/productos-disponibles?tiendaId=bbbbbbbb-bbbb-4bbb-8bbb-bbbbbbbbbbbb&zona=Zona+Norte,200,64.155,
2026-08-31T04:08:47.808977+00:00,GET,http://localhost:3000/logistics/tenderos/productos-disponibles?tiendaId=bbbbbbbb-bbbb-4bbb-8bbb-bbbbbbbbbbbb&zona=Zona+Norte,200,60.514,
2026-08-31T04:08:47.841823+00:00,GET,http://localhost:3000/logistics/tenderos/productos-disponibles?tiendaId=bbbbbbbb-bbbb-4bbb-8bbb-bbbbbbbbbbbb&zona=Zona+Norte,200,66.186,
2026-08-31T04:08:47.875472+00:00,GET,http://localhost:3000/logistics/tenderos/productos-disponibles?tiendaId=bbbbbbbb-bbbb-4bbb-8bbb-bbbbbbbbbbbb&zona=Zona+Norte,200,60.472,
2026-08-31T04:08:47.908108+00:00,GET,http://localhost:3000/logistics/tenderos/productos-disponibles?tiendaId=bbbbbbbb-bbbb-4bbb-8bbb-bbbbbbbbbbbb&zona=Zona+Norte,200,63.526,
2026-08-31T04:08:47.942168+00:00,GET,http://localhost:3000/logistics/tenderos/productos-disponibles?tiendaId=bbbbbbbb-bbbb-4bbb-8bbb-bbbbbbbbbbbb&zona=Zona+Norte,200,62.573,
2026-08-31T04:08:47.975221+00:00,GET,http://localhost:3000/logistics/tenderos/productos-disponibles?tiendaId=bbbbbbbb-bbbb-4bbb-8bbb-bbbbbbbbbbbb&zona=Zona+Norte,200,63.779,
2026-08-31T04:08:48.008584+00:00,GET,http://localhost:3000/logistics/tenderos/productos-disponibles?tiendaId=bbbbbbbb-bbbb-4bbb-8bbb-bbbbbbbbbbbb&zona=Zona+Norte,200,62.186,
2026-08-31T04:08:48.041817+00:00,GET,http://localhost:3000/logistics/tenderos/productos-disponibles?tiendaId=bbbbbbbb-bbbb-4bbb-8bbb-bbbbbbbbbbbb&zona=Zona+Norte,200,64.377,
2026-08-31T04:08:48.075362+00:00,GET,http://localhost:3000/logistics/tenderos/productos-disponibles?tiendaId=bbbbbbbb-bbbb-4bbb-8bbb-bbbbbbbbbbbb&zona=Zona+Norte,200,61.765,
2026-08-31T04:08:48.108352+00:00,GET,http://localhost:3000/logistics/tenderos/productos-disponibles?tiendaId=bbbbbbbb-bbbb-4bbb-8bbb-bbbbbbbbbbbb&zona=Zona+Norte,200,59.745,
2026-08-31T04:08:48.142001+00:00,GET,http://localhost:3000/logistics/tenderos/productos-disponibles?tiendaId=bbbbbbbb-bbbb-4bbb-8bbb-bbbbbbbbbbbb&zona=Zona+Norte,200,60.005,
2026-08-31T04:08:48.175684+00:00,GET,http://localhost:3000/logistics/tenderos/productos-disponibles?tiendaId=bbbbbbbb-bbbb-4bbb-8bbb-bbbbbbbbbbbb&zona=Zona+Norte,200,65.156,
2026-08-31T04:08:48.208540+00:00,GET,http://localhost:3000/logistics/tenderos/productos-disponibles?tiendaId=bbbbbbbb-bbbb-4bbb-8bbb-bbbbbbbbbbbb&zona=Zona+Norte,200,63.782,
2026-08-31T04:08:48.241520+00:00,GET,http://localhost:3000/logistics/tenderos/productos-disponibles?tiendaId=bbbbbbbb-bbbb-4bbb-8bbb-bbbbbbbbbbbb&zona=Zona+Norte,200,60.559,
2026-08-31T04:08:48.275145+00:00,GET,http://localhost:3000/logistics/tenderos/productos-disponibles?tiendaId=bbbbbbbb-bbbb-4bbb-8bbb-bbbbbbbbbbbb&zona=Zona+Norte,200,63.860,
2026-08-31T04:08:48.308900+00:00,GET,http://localhost:3000/logistics/tenderos/productos-disponibles?tiendaId=bbbbbbbb-bbbb-4bbb-8bbb-bbbbbbbbbbbb&zona=Zona+Norte,200,64.237,
2026-08-31T04:08:48.341779+00:00,GET,http://localhost:3000/logistics/tenderos/productos-disponibles?tiendaId=bbbbbbbb-bbbb-4bbb-8bbb-bbbbbbbbbbbb&zona=Zona+Norte,200,63.654,
2026-08-31T04:08:48.375045+00:00,GET,http://localhost:3000/logistics/tenderos/productos-disponibles?tiendaId=bbbbbbbb-bbbb-4bbb-8bbb-bbbbbbbbbbbb&zona=Zona+Norte,200,59.734,
2026-08-31T04:08:48.408477+00:00,GET,http://localhost:3000/logistics/tenderos/productos-disponibles?tiendaId=bbbbbbbb-bbbb-4bbb-8bbb-bbbbbbbbbbbb&zona=Zona+Norte,200,62.676,
2026-08-31T04:08:48.442318+00:00,GET,http://localhost:3000/logistics/tenderos/productos-disponibles?tiendaId=bbbbbbbb-bbbb-4bbb-8bbb-bbbbbbbbbbbb&zona=Zona+Norte,200,63.133,
2026-08-31T04:08:48.475269+00:00,GET,http://localhost:3000/logistics/tenderos/productos-disponibles?tiendaId=bbbbbbbb-bbbb-4bbb-8bbb-bbbbbbbbbbbb&zona=Zona+Norte,200,62.585,
2026-08-31T04:08:48.508502+00:00,GET,http://localhost:3000/logistics/tenderos/productos-disponibles?tiendaId=bbbbbbbb-bbbb-4bbb-8bbb-bbbbbbbbbbbb&zona=Zona+Norte,200,63.789,
2026-08-31T04:08:48.541963+00:00,GET,http://localhost:3000/logistics/tenderos/productos-disponibles?tiendaId=bbbbbbbb-bbbb-4bbb-8bbb-bbbbbbbbbbbb&zona=Zona+Norte,200,64.359,
2026-08-31T04:08:48.575269+00:00,GET,http://localhost:3000/logistics/tenderos/productos-disponibles?tiendaId=bbbbbbbb-bbbb-4bbb-8bbb-bbbbbbbbbbbb&zona=Zona+Norte,200,65.408,
2026-08-31T04:08:48.608366+00:00,GET,http://localhost:3000/logistics/tenderos/productos-disponibles?tiendaId=bbbbbbbb-bbbb-4bbb-8bbb-bbbbbbbbbbbb&zona=Zona+Norte,200,62.451,
2026-08-31T04:08:48.641587+00:00,GET,http://localhost:3000/logistics/tenderos/productos-disponibles?tiendaId=bbbbbbbb-bbbb-4bbb-8bbb-bbbbbbbbbbbb&zona=Zona+Norte,200,59.070,
2026-08-31T04:08:48.675323+00:00,GET,http://localhost:3000/logistics/tenderos/productos-disponibles?tiendaId=bbbbbbbb-bbbb-4bbb-8bbb-bbbbbbbbbbbb&zona=Zona+Norte,200,62.963,
2026-08-31T04:08:48.709110+00:00,GET,http://localhost:3000/logistics/tenderos/productos-disponibles?tiendaId=bbbbbbbb-bbbb-4bbb-8bbb-bbbbbbbbbbbb&zona=Zona+Norte,200,63.511,
2026-08-31T04:08:48.741877+00:00,GET,http://localhost:3000/logistics/tenderos/productos-disponibles?tiendaId=bbbbbbbb-bbbb-4bbb-8bbb-bbbbbbbbbbbb&zona=Zona+Norte,200,59.870,
2026-08-31T04:08:48.775092+00:00,GET,http://localhost:3000/logistics/tenderos/productos-disponibles?tiendaId=bbbbbbbb-bbbb-4bbb-8bbb-bbbbbbbbbbbb&zona=Zona+Norte,200,60.441,
2026-08-31T04:08:48.808993+00:00,GET,http://localhost:3000/logistics/tenderos/productos-disponibles?tiendaId=bbbbbbbb-bbbb-4bbb-8bbb-bbbbbbbbbbbb&zona=Zona+Norte,200,62.714,
2026-08-31T04:08:48.842322+00:00,GET,http://localhost:3000/logistics/tenderos/productos-disponibles?tiendaId=bbbbbbbb-bbbb-4bbb-8bbb-bbbbbbbbbbbb&zona=Zona+Norte,200,64.071,
2026-08-31T04:08:48.875215+00:00,GET,http://localhost:3000/logistics/tenderos/productos-disponibles?tiendaId=bbbbbbbb-bbbb-4bbb-8bbb-bbbbbbbbbbbb&zona=Zona+Norte,200,59.396,
2026-08-31T04:08:48.908399+00:00,GET,http://localhost:3000/logistics/tenderos/productos-disponibles?tiendaId=bbbbbbbb-bbbb-4bbb-8bbb-bbbbbbbbbbbb&zona=Zona+Norte,200,60.544,
2026-08-31T04:08:48.942337+00:00,GET,http://localhost:3000/logistics/tenderos/productos-disponibles?tiendaId=bbbbbbbb-bbbb-4bbb-8bbb-bbbbbbbbbbbb&zona=Zona+Norte,200,61.407,
2026-08-31T04:08:48.975413+00:00,GET,http://localhost:3000/logistics/tenderos/productos-disponibles?tiendaId=bbbbbbbb-bbbb-4bbb-8bbb-bbbbbbbbbbbb&zona=Zona+Norte,200,64.220,
2026-08-31T04:08:49.008706+00:00,GET,http://localhost:3000/logistics/tenderos/productos-disponibles?tiendaId=bbbbbbbb-bbbb-4bbb-8bbb-bbbbbbbbbbbb&zona=Zona+Norte,200,59.999,
2026-08-31T04:08:49.041732+00:00,GET,http://localhost:3000/logistics/tenderos/productos-disponibles?tiendaId=bbbbbbbb-bbbb-4bbb-8bbb-bbbbbbbbbbbb&zona=Zona+Norte,200,59.246,
2026-08-31T04:08:49.075608+00:00,GET,http://localhost:3000/logistics/tenderos/productos-disponibles?tiendaId=bbbbbbbb-bbbb-4bbb-8bbb-bbbbbbbbbbbb&zona=Zona+Norte,200,61.480,
2026-08-31T04:08:49.109046+00:00,GET,http://localhost:3000/logistics/tenderos/productos-disponibles?tiendaId=bbbbbbbb-bbbb-4bbb-8bbb-bbbbbbbbbbbb&zona=Zona+Norte,200,61.900,
2026-08-31T04:08:49.142032+00:00,GET,http://localhost:3000/logistics/tenderos/productos-disponibles?tiendaId=bbbbbbbb-bbbb-4bbb-8bbb-bbbbbbbbbbbb&zona=Zona+Norte,200,58.655,
2026-08-31T04:08:49.175507+00:00,GET,http://localhost:3000/logistics/tenderos/productos-disponibles?tiendaId=bbbbbbbb-bbbb-4bbb-8bbb-bbbbbbbbbbbb&zona=Zona+Norte,200,64.260,
2026-08-31T04:08:49.209086+00:00,GET,http://localhost:3000/logistics/tenderos/productos-disponibles?tiendaId=bbbbbbbb-bbbb-4bbb-8bbb-bbbbbbbbbbbb&zona=Zona+Norte,200,62.940,
2026-08-31T04:08:49.241727+00:00,GET,http://localhost:3000/logistics/tenderos/productos-disponibles?tiendaId=bbbbbbbb-bbbb-4bbb-8bbb-bbbbbbbbbbbb&zona=Zona+Norte,200,63.722,
2026-08-31T04:08:49.275179+00:00,GET,http://localhost:3000/logistics/tenderos/productos-disponibles?tiendaId=bbbbbbbb-bbbb-4bbb-8bbb-bbbbbbbbbbbb&zona=Zona+Norte,200,59.560,
2026-08-31T04:08:49.308521+00:00,GET,http://localhost:3000/logistics/tenderos/productos-disponibles?tiendaId=bbbbbbbb-bbbb-4bbb-8bbb-bbbbbbbbbbbb&zona=Zona+Norte,200,60.055,
2026-08-31T04:08:49.342367+00:00,GET,http://localhost:3000/logistics/tenderos/productos-disponibles?tiendaId=bbbbbbbb-bbbb-4bbb-8bbb-bbbbbbbbbbbb&zona=Zona+Norte,200,62.771,
2026-08-31T04:08:49.375594+00:00,GET,http://localhost:3000/logistics/tenderos/productos-disponibles?tiendaId=bbbbbbbb-bbbb-4bbb-8bbb-bbbbbbbbbbbb&zona=Zona+Norte,200,62.707,
2026-08-31T04:08:49.408526+00:00,GET,http://localhost:3000/logistics/tenderos/productos-disponibles?tiendaId=bbbbbbbb-bbbb-4bbb-8bbb-bbbbbbbbbbbb&zona=Zona+Norte,200,63.851,
2026-08-31T04:08:49.441875+00:00,GET,http://localhost:3000/logistics/tenderos/productos-disponibles?tiendaId=bbbbbbbb-bbbb-4bbb-8bbb-bbbbbbbbbbbb&zona=Zona+Norte,200,63.392,
2026-08-31T04:08:49.475186+00:00,GET,http://localhost:3000/logistics/tenderos/productos-disponibles?tiendaId=bbbbbbbb-bbbb-4bbb-8bbb-bbbbbbbbbbbb&zona=Zona+Norte,200,63.467,
2026-08-31T04:08:49.508506+00:00,GET,http://localhost:3000/logistics/tenderos/productos-disponibles?tiendaId=bbbbbbbb-bbbb-4bbb-8bbb-bbbbbbbbbbbb&zona=Zona+Norte,200,59.512,
2026-08-31T04:08:49.541829+00:00,GET,http://localhost:3000/logistics/tenderos/productos-disponibles?tiendaId=bbbbbbbb-bbbb-4bbb-8bbb-bbbbbbbbbbbb&zona=Zona+Norte,200,61.561,
2026-08-31T04:08:49.575406+00:00,GET,http://localhost:3000/logistics/tenderos/productos-disponibles?tiendaId=bbbbbbbb-bbbb-4bbb-8bbb-bbbbbbbbbbbb&zona=Zona+Norte,200,63.702,
2026-08-31T04:08:49.608763+00:00,GET,http://localhost:3000/logistics/tenderos/productos-disponibles?tiendaId=bbbbbbbb-bbbb-4bbb-8bbb-bbbbbbbbbbbb&zona=Zona+Norte,200,63.365,
2026-08-31T04:08:49.641771+00:00,GET,http://localhost:3000/logistics/tenderos/productos-disponibles?tiendaId=bbbbbbbb-bbbb-4bbb-8bbb-bbbbbbbbbbbb&zona=Zona+Norte,200,62.024,
2026-08-31T04:08:49.675182+00:00,GET,http://localhost:3000/logistics/tenderos/productos-disponibles?tiendaId=bbbbbbbb-bbbb-4bbb-8bbb-bbbbbbbbbbbb&zona=Zona+Norte,200,63.259,
2026-08-31T04:08:49.708696+00:00,GET,http://localhost:3000/logistics/tenderos/productos-disponibles?tiendaId=bbbbbbbb-bbbb-4bbb-8bbb-bbbbbbbbbbbb&zona=Zona+Norte,200,63.730,
2026-08-31T04:08:49.741864+00:00,GET,http://localhost:3000/logistics/tenderos/productos-disponibles?tiendaId=bbbbbbbb-bbbb-4bbb-8bbb-bbbbbbbbbbbb&zona=Zona+Norte,200,64.077,
2026-08-31T04:08:49.775164+00:00,GET,http://localhost:3000/logistics/tenderos/productos-disponibles?tiendaId=bbbbbbbb-bbbb-4bbb-8bbb-bbbbbbbbbbbb&zona=Zona+Norte,200,63.165,
2026-08-31T04:08:49.808442+00:00,GET,http://localhost:3000/logistics/tenderos/productos-disponibles?tiendaId=bbbbbbbb-bbbb-4bbb-8bbb-bbbbbbbbbbbb&zona=Zona+Norte,200,60.617,
2026-08-31T04:08:49.841893+00:00,GET,http://localhost:3000/logistics/tenderos/productos-disponibles?tiendaId=bbbbbbbb-bbbb-4bbb-8bbb-bbbbbbbbbbbb&zona=Zona+Norte,200,62.851,
2026-08-31T04:08:49.875594+00:00,GET,http://localhost:3000/logistics/tenderos/productos-disponibles?tiendaId=bbbbbbbb-bbbb-4bbb-8bbb-bbbbbbbbbbbb&zona=Zona+Norte,200,59.657,
2026-08-31T04:08:49.908576+00:00,GET,http://localhost:3000/logistics/tenderos/productos-disponibles?tiendaId=bbbbbbbb-bbbb-4bbb-8bbb-bbbbbbbbbbbb&zona=Zona+Norte,200,67.661,
2026-08-31T04:08:49.942267+00:00,GET,http://localhost:3000/logistics/tenderos/productos-disponibles?tiendaId=bbbbbbbb-bbbb-4bbb-8bbb-bbbbbbbbbbbb&zona=Zona+Norte,200,62.990,
2026-08-31T04:08:49.975214+00:00,GET,http://localhost:3000/logistics/tenderos/productos-disponibles?tiendaId=bbbbbbbb-bbbb-4bbb-8bbb-bbbbbbbbbbbb&zona=Zona+Norte,200,63.889,
2026-08-31T04:08:50.008530+00:00,GET,http://localhost:3000/logistics/tenderos/productos-disponibles?tiendaId=bbbbbbbb-bbbb-4bbb-8bbb-bbbbbbbbbbbb&zona=Zona+Norte,200,60.372,
2026-08-31T04:08:50.041678+00:00,GET,http://localhost:3000/logistics/tenderos/productos-disponibles?tiendaId=bbbbbbbb-bbbb-4bbb-8bbb-bbbbbbbbbbbb&zona=Zona+Norte,200,64.538,
2026-08-31T04:08:50.075622+00:00,GET,http://localhost:3000/logistics/tenderos/productos-disponibles?tiendaId=bbbbbbbb-bbbb-4bbb-8bbb-bbbbbbbbbbbb&zona=Zona+Norte,200,63.474,
2026-08-31T04:08:50.108411+00:00,GET,http://localhost:3000/logistics/tenderos/productos-disponibles?tiendaId=bbbbbbbb-bbbb-4bbb-8bbb-bbbbbbbbbbbb&zona=Zona+Norte,200,64.294,
2026-08-31T04:08:50.141822+00:00,GET,http://localhost:3000/logistics/tenderos/productos-disponibles?tiendaId=bbbbbbbb-bbbb-4bbb-8bbb-bbbbbbbbbbbb&zona=Zona+Norte,200,62.689,
2026-08-31T04:08:50.175146+00:00,GET,http://localhost:3000/logistics/tenderos/productos-disponibles?tiendaId=bbbbbbbb-bbbb-4bbb-8bbb-bbbbbbbbbbbb&zona=Zona+Norte,200,60.921,
2026-08-31T04:08:50.208621+00:00,GET,http://localhost:3000/logistics/tenderos/productos-disponibles?tiendaId=bbbbbbbb-bbbb-4bbb-8bbb-bbbbbbbbbbbb&zona=Zona+Norte,200,63.557,
2026-08-31T04:08:50.242213+00:00,GET,http://localhost:3000/logistics/tenderos/productos-disponibles?tiendaId=bbbbbbbb-bbbb-4bbb-8bbb-bbbbbbbbbbbb&zona=Zona+Norte,200,60.712,
2026-08-31T04:08:50.275157+00:00,GET,http://localhost:3000/logistics/tenderos/productos-disponibles?tiendaId=bbbbbbbb-bbbb-4bbb-8bbb-bbbbbbbbbbbb&zona=Zona+Norte,200,63.706,
2026-08-31T04:08:50.308838+00:00,GET,http://localhost:3000/logistics/tenderos/productos-disponibles?tiendaId=bbbbbbbb-bbbb-4bbb-8bbb-bbbbbbbbbbbb&zona=Zona+Norte,200,63.106,
2026-08-31T04:08:50.341865+00:00,GET,http://localhost:3000/logistics/tenderos/productos-disponibles?tiendaId=bbbbbbbb-bbbb-4bbb-8bbb-bbbbbbbbbbbb&zona=Zona+Norte,200,63.688,
2026-08-31T04:08:50.375253+00:00,GET,http://localhost:3000/logistics/tenderos/productos-disponibles?tiendaId=bbbbbbbb-bbbb-4bbb-8bbb-bbbbbbbbbbbb&zona=Zona+Norte,200,63.070,
2026-08-31T04:08:50.408542+00:00,GET,http://localhost:3000/logistics/tenderos/productos-disponibles?tiendaId=bbbbbbbb-bbbb-4bbb-8bbb-bbbbbbbbbbbb&zona=Zona+Norte,200,60.291,
2026-08-31T04:08:50.441947+00:00,GET,http://localhost:3000/logistics/tenderos/productos-disponibles?tiendaId=bbbbbbbb-bbbb-4bbb-8bbb-bbbbbbbbbbbb&zona=Zona+Norte,200,63.958,
2026-08-31T04:08:50.475600+00:00,GET,http://localhost:3000/logistics/tenderos/productos-disponibles?tiendaId=bbbbbbbb-bbbb-4bbb-8bbb-bbbbbbbbbbbb&zona=Zona+Norte,200,64.635,
2026-08-31T04:08:50.508502+00:00,GET,http://localhost:3000/logistics/tenderos/productos-disponibles?tiendaId=bbbbbbbb-bbbb-4bbb-8bbb-bbbbbbbbbbbb&zona=Zona+Norte,200,63.361,
2026-08-31T04:08:50.541621+00:00,GET,http://localhost:3000/logistics/tenderos/productos-disponibles?tiendaId=bbbbbbbb-bbbb-4bbb-8bbb-bbbbbbbbbbbb&zona=Zona+Norte,200,59.538,
2026-08-31T04:08:50.575276+00:00,GET,http://localhost:3000/logistics/tenderos/productos-disponibles?tiendaId=bbbbbbbb-bbbb-4bbb-8bbb-bbbbbbbbbbbb&zona=Zona+Norte,200,64.253,
2026-08-31T04:08:50.609112+00:00,GET,http://localhost:3000/logistics/tenderos/productos-disponibles?tiendaId=bbbbbbbb-bbbb-4bbb-8bbb-bbbbbbbbbbbb&zona=Zona+Norte,200,64.327,
2026-08-31T04:08:50.641785+00:00,GET,http://localhost:3000/logistics/tenderos/productos-disponibles?tiendaId=bbbbbbbb-bbbb-4bbb-8bbb-bbbbbbbbbbbb&zona=Zona+Norte,200,61.583,
2026-08-31T04:08:50.675055+00:00,GET,http://localhost:3000/logistics/tenderos/productos-disponibles?tiendaId=bbbbbbbb-bbbb-4bbb-8bbb-bbbbbbbbbbbb&zona=Zona+Norte,200,63.093,
2026-08-31T04:08:50.708543+00:00,GET,http://localhost:3000/logistics/tenderos/productos-disponibles?tiendaId=bbbbbbbb-bbbb-4bbb-8bbb-bbbbbbbbbbbb&zona=Zona+Norte,200,58.825,
2026-08-31T04:08:50.741860+00:00,GET,http://localhost:3000/logistics/tenderos/productos-disponibles?tiendaId=bbbbbbbb-bbbb-4bbb-8bbb-bbbbbbbbbbbb&zona=Zona+Norte,200,59.214,
2026-08-31T04:08:50.775783+00:00,GET,http://localhost:3000/logistics/tenderos/productos-disponibles?tiendaId=bbbbbbbb-bbbb-4bbb-8bbb-bbbbbbbbbbbb&zona=Zona+Norte,200,56.418,
2026-08-31T04:08:50.809057+00:00,GET,http://localhost:3000/logistics/tenderos/productos-disponibles?tiendaId=bbbbbbbb-bbbb-4bbb-8bbb-bbbbbbbbbbbb&zona=Zona+Norte,200,58.284,
2026-08-31T04:08:50.842560+00:00,GET,http://localhost:3000/logistics/tenderos/productos-disponibles?tiendaId=bbbbbbbb-bbbb-4bbb-8bbb-bbbbbbbbbbbb&zona=Zona+Norte,200,61.197,
2026-08-31T04:08:50.875231+00:00,GET,http://localhost:3000/logistics/tenderos/productos-disponibles?tiendaId=bbbbbbbb-bbbb-4bbb-8bbb-bbbbbbbbbbbb&zona=Zona+Norte,200,56.300,
2026-08-31T04:08:50.908738+00:00,GET,http://localhost:3000/logistics/tenderos/productos-disponibles?tiendaId=bbbbbbbb-bbbb-4bbb-8bbb-bbbbbbbbbbbb&zona=Zona+Norte,200,57.724,
2026-08-31T04:08:50.942468+00:00,GET,http://localhost:3000/logistics/tenderos/productos-disponibles?tiendaId=bbbbbbbb-bbbb-4bbb-8bbb-bbbbbbbbbbbb&zona=Zona+Norte,200,55.931,
2026-08-31T04:08:50.975885+00:00,GET,http://localhost:3000/logistics/tenderos/productos-disponibles?tiendaId=bbbbbbbb-bbbb-4bbb-8bbb-bbbbbbbbbbbb&zona=Zona+Norte,200,61.388,
2026-08-31T04:08:51.009217+00:00,GET,http://localhost:3000/logistics/tenderos/productos-disponibles?tiendaId=bbbbbbbb-bbbb-4bbb-8bbb-bbbbbbbbbbbb&zona=Zona+Norte,200,57.836,
2026-08-31T04:08:51.042049+00:00,GET,http://localhost:3000/logistics/tenderos/productos-disponibles?tiendaId=bbbbbbbb-bbbb-4bbb-8bbb-bbbbbbbbbbbb&zona=Zona+Norte,200,60.097,
2026-08-31T04:08:51.075854+00:00,GET,http://localhost:3000/logistics/tenderos/productos-disponibles?tiendaId=bbbbbbbb-bbbb-4bbb-8bbb-bbbbbbbbbbbb&zona=Zona+Norte,200,56.559,
2026-08-31T04:08:51.108953+00:00,GET,http://localhost:3000/logistics/tenderos/productos-disponibles?tiendaId=bbbbbbbb-bbbb-4bbb-8bbb-bbbbbbbbbbbb&zona=Zona+Norte,200,61.320,
2026-08-31T04:08:51.141897+00:00,GET,http://localhost:3000/logistics/tenderos/productos-disponibles?tiendaId=bbbbbbbb-bbbb-4bbb-8bbb-bbbbbbbbbbbb&zona=Zona+Norte,200,56.829,
2026-08-31T04:08:51.175414+00:00,GET,http://localhost:3000/logistics/tenderos/productos-disponibles?tiendaId=bbbbbbbb-bbbb-4bbb-8bbb-bbbbbbbbbbbb&zona=Zona+Norte,200,56.862,
2026-08-31T04:08:51.209215+00:00,GET,http://localhost:3000/logistics/tenderos/productos-disponibles?tiendaId=bbbbbbbb-bbbb-4bbb-8bbb-bbbbbbbbbbbb&zona=Zona+Norte,200,57.711,
2026-08-31T04:08:51.242541+00:00,GET,http://localhost:3000/logistics/tenderos/productos-disponibles?tiendaId=bbbbbbbb-bbbb-4bbb-8bbb-bbbbbbbbbbbb&zona=Zona+Norte,200,61.427,
2026-08-31T04:08:51.275835+00:00,GET,http://localhost:3000/logistics/tenderos/productos-disponibles?tiendaId=bbbbbbbb-bbbb-4bbb-8bbb-bbbbbbbbbbbb&zona=Zona+Norte,200,60.864,
2026-08-31T04:08:51.308693+00:00,GET,http://localhost:3000/logistics/tenderos/productos-disponibles?tiendaId=bbbbbbbb-bbbb-4bbb-8bbb-bbbbbbbbbbbb&zona=Zona+Norte,200,61.223,
2026-08-31T04:08:51.342158+00:00,GET,http://localhost:3000/logistics/tenderos/productos-disponibles?tiendaId=bbbbbbbb-bbbb-4bbb-8bbb-bbbbbbbbbbbb&zona=Zona+Norte,200,54.707,
2026-08-31T04:08:51.375464+00:00,GET,http://localhost:3000/logistics/tenderos/productos-disponibles?tiendaId=bbbbbbbb-bbbb-4bbb-8bbb-bbbbbbbbbbbb&zona=Zona+Norte,200,61.508,
2026-08-31T04:08:51.409203+00:00,GET,http://localhost:3000/logistics/tenderos/productos-disponibles?tiendaId=bbbbbbbb-bbbb-4bbb-8bbb-bbbbbbbbbbbb&zona=Zona+Norte,200,54.754,
2026-08-31T04:08:51.442079+00:00,GET,http://localhost:3000/logistics/tenderos/productos-disponibles?tiendaId=bbbbbbbb-bbbb-4bbb-8bbb-bbbbbbbbbbbb&zona=Zona+Norte,200,60.771,
2026-08-31T04:08:51.475899+00:00,GET,http://localhost:3000/logistics/tenderos/productos-disponibles?tiendaId=bbbbbbbb-bbbb-4bbb-8bbb-bbbbbbbbbbbb&zona=Zona+Norte,200,59.791,
2026-08-31T04:08:51.508887+00:00,GET,http://localhost:3000/logistics/tenderos/productos-disponibles?tiendaId=bbbbbbbb-bbbb-4bbb-8bbb-bbbbbbbbbbbb&zona=Zona+Norte,200,58.175,
2026-08-31T04:08:51.542248+00:00,GET,http://localhost:3000/logistics/tenderos/productos-disponibles?tiendaId=bbbbbbbb-bbbb-4bbb-8bbb-bbbbbbbbbbbb&zona=Zona+Norte,200,55.408,
2026-08-31T04:08:51.575900+00:00,GET,http://localhost:3000/logistics/tenderos/productos-disponibles?tiendaId=bbbbbbbb-bbbb-4bbb-8bbb-bbbbbbbbbbbb&zona=Zona+Norte,200,60.688,
2026-08-31T04:08:51.609224+00:00,GET,http://localhost:3000/logistics/tenderos/productos-disponibles?tiendaId=bbbbbbbb-bbbb-4bbb-8bbb-bbbbbbbbbbbb&zona=Zona+Norte,200,57.963,
2026-08-31T04:08:51.642129+00:00,GET,http://localhost:3000/logistics/tenderos/productos-disponibles?tiendaId=bbbbbbbb-bbbb-4bbb-8bbb-bbbbbbbbbbbb&zona=Zona+Norte,200,57.716,
2026-08-31T04:08:51.675842+00:00,GET,http://localhost:3000/logistics/tenderos/productos-disponibles?tiendaId=bbbbbbbb-bbbb-4bbb-8bbb-bbbbbbbbbbbb&zona=Zona+Norte,200,56.076,
2026-08-31T04:08:51.709193+00:00,GET,http://localhost:3000/logistics/tenderos/productos-disponibles?tiendaId=bbbbbbbb-bbbb-4bbb-8bbb-bbbbbbbbbbbb&zona=Zona+Norte,200,60.020,
2026-08-31T04:08:51.742554+00:00,GET,http://localhost:3000/logistics/tenderos/productos-disponibles?tiendaId=bbbbbbbb-bbbb-4bbb-8bbb-bbbbbbbbbbbb&zona=Zona+Norte,200,57.194,
2026-08-31T04:08:51.775556+00:00,GET,http://localhost:3000/logistics/tenderos/productos-disponibles?tiendaId=bbbbbbbb-bbbb-4bbb-8bbb-bbbbbbbbbbbb&zona=Zona+Norte,200,62.280,
2026-08-31T04:08:51.809206+00:00,GET,http://localhost:3000/logistics/tenderos/productos-disponibles?tiendaId=bbbbbbbb-bbbb-4bbb-8bbb-bbbbbbbbbbbb&zona=Zona+Norte,200,61.265,
2026-08-31T04:08:51.841977+00:00,GET,http://localhost:3000/logistics/tenderos/productos-disponibles?tiendaId=bbbbbbbb-bbbb-4bbb-8bbb-bbbbbbbbbbbb&zona=Zona+Norte,200,62.972,
2026-08-31T04:08:51.875469+00:00,GET,http://localhost:3000/logistics/tenderos/productos-disponibles?tiendaId=bbbbbbbb-bbbb-4bbb-8bbb-bbbbbbbbbbbb&zona=Zona+Norte,200,66.786,
2026-08-31T04:08:51.908616+00:00,GET,http://localhost:3000/logistics/tenderos/productos-disponibles?tiendaId=bbbbbbbb-bbbb-4bbb-8bbb-bbbbbbbbbbbb&zona=Zona+Norte,200,66.799,
2026-08-31T04:08:51.942289+00:00,GET,http://localhost:3000/logistics/tenderos/productos-disponibles?tiendaId=bbbbbbbb-bbbb-4bbb-8bbb-bbbbbbbbbbbb&zona=Zona+Norte,200,67.770,
2026-08-31T04:08:51.975443+00:00,GET,http://localhost:3000/logistics/tenderos/productos-disponibles?tiendaId=bbbbbbbb-bbbb-4bbb-8bbb-bbbbbbbbbbbb&zona=Zona+Norte,200,63.764,
2026-08-31T04:08:52.009194+00:00,GET,http://localhost:3000/logistics/tenderos/productos-disponibles?tiendaId=bbbbbbbb-bbbb-4bbb-8bbb-bbbbbbbbbbbb&zona=Zona+Norte,200,65.909,
2026-08-31T04:08:52.041779+00:00,GET,http://localhost:3000/logistics/tenderos/productos-disponibles?tiendaId=bbbbbbbb-bbbb-4bbb-8bbb-bbbbbbbbbbbb&zona=Zona+Norte,200,66.890,
2026-08-31T04:08:52.075122+00:00,GET,http://localhost:3000/logistics/tenderos/productos-disponibles?tiendaId=bbbbbbbb-bbbb-4bbb-8bbb-bbbbbbbbbbbb&zona=Zona+Norte,200,62.028,
2026-08-31T04:08:52.108689+00:00,GET,http://localhost:3000/logistics/tenderos/productos-disponibles?tiendaId=bbbbbbbb-bbbb-4bbb-8bbb-bbbbbbbbbbbb&zona=Zona+Norte,200,63.164,
2026-08-31T04:08:52.142074+00:00,GET,http://localhost:3000/logistics/tenderos/productos-disponibles?tiendaId=bbbbbbbb-bbbb-4bbb-8bbb-bbbbbbbbbbbb&zona=Zona+Norte,200,63.309,
2026-08-31T04:08:52.175244+00:00,GET,http://localhost:3000/logistics/tenderos/productos-disponibles?tiendaId=bbbbbbbb-bbbb-4bbb-8bbb-bbbbbbbbbbbb&zona=Zona+Norte,200,59.702,
2026-08-31T04:08:52.208611+00:00,GET,http://localhost:3000/logistics/tenderos/productos-disponibles?tiendaId=bbbbbbbb-bbbb-4bbb-8bbb-bbbbbbbbbbbb&zona=Zona+Norte,200,62.308,
2026-08-31T04:08:52.242384+00:00,GET,http://localhost:3000/logistics/tenderos/productos-disponibles?tiendaId=bbbbbbbb-bbbb-4bbb-8bbb-bbbbbbbbbbbb&zona=Zona+Norte,200,62.209,
2026-08-31T04:08:52.275390+00:00,GET,http://localhost:3000/logistics/tenderos/productos-disponibles?tiendaId=bbbbbbbb-bbbb-4bbb-8bbb-bbbbbbbbbbbb&zona=Zona+Norte,200,62.148,
2026-08-31T04:08:52.308704+00:00,GET,http://localhost:3000/logistics/tenderos/productos-disponibles?tiendaId=bbbbbbbb-bbbb-4bbb-8bbb-bbbbbbbbbbbb&zona=Zona+Norte,200,60.764,
2026-08-31T04:08:52.341899+00:00,GET,http://localhost:3000/logistics/tenderos/productos-disponibles?tiendaId=bbbbbbbb-bbbb-4bbb-8bbb-bbbbbbbbbbbb&zona=Zona+Norte,200,61.065,
2026-08-31T04:08:52.375625+00:00,GET,http://localhost:3000/logistics/tenderos/productos-disponibles?tiendaId=bbbbbbbb-bbbb-4bbb-8bbb-bbbbbbbbbbbb&zona=Zona+Norte,200,61.515,
2026-08-31T04:08:52.408908+00:00,GET,http://localhost:3000/logistics/tenderos/productos-disponibles?tiendaId=bbbbbbbb-bbbb-4bbb-8bbb-bbbbbbbbbbbb&zona=Zona+Norte,200,58.033,
2026-08-31T04:08:52.442099+00:00,GET,http://localhost:3000/logistics/tenderos/productos-disponibles?tiendaId=bbbbbbbb-bbbb-4bbb-8bbb-bbbbbbbbbbbb&zona=Zona+Norte,200,62.342,
2026-08-31T04:08:52.475186+00:00,GET,http://localhost:3000/logistics/tenderos/productos-disponibles?tiendaId=bbbbbbbb-bbbb-4bbb-8bbb-bbbbbbbbbbbb&zona=Zona+Norte,200,59.267,
2026-08-31T04:08:52.508703+00:00,GET,http://localhost:3000/logistics/tenderos/productos-disponibles?tiendaId=bbbbbbbb-bbbb-4bbb-8bbb-bbbbbbbbbbbb&zona=Zona+Norte,200,60.239,
2026-08-31T04:08:52.542452+00:00,GET,http://localhost:3000/logistics/tenderos/productos-disponibles?tiendaId=bbbbbbbb-bbbb-4bbb-8bbb-bbbbbbbbbbbb&zona=Zona+Norte,200,57.729,
2026-08-31T04:08:52.575709+00:00,GET,http://localhost:3000/logistics/tenderos/productos-disponibles?tiendaId=bbbbbbbb-bbbb-4bbb-8bbb-bbbbbbbbbbbb&zona=Zona+Norte,200,61.305,
2026-08-31T04:08:52.608404+00:00,GET,http://localhost:3000/logistics/tenderos/productos-disponibles?tiendaId=bbbbbbbb-bbbb-4bbb-8bbb-bbbbbbbbbbbb&zona=Zona+Norte,200,61.389,
2026-08-31T04:08:52.642126+00:00,GET,http://localhost:3000/logistics/tenderos/productos-disponibles?tiendaId=bbbbbbbb-bbbb-4bbb-8bbb-bbbbbbbbbbbb&zona=Zona+Norte,200,61.143,
2026-08-31T04:08:52.675534+00:00,GET,http://localhost:3000/logistics/tenderos/productos-disponibles?tiendaId=bbbbbbbb-bbbb-4bbb-8bbb-bbbbbbbbbbbb&zona=Zona+Norte,200,60.847,
2026-08-31T04:08:52.708862+00:00,GET,http://localhost:3000/logistics/tenderos/productos-disponibles?tiendaId=bbbbbbbb-bbbb-4bbb-8bbb-bbbbbbbbbbbb&zona=Zona+Norte,200,61.006,
2026-08-31T04:08:52.741838+00:00,GET,http://localhost:3000/logistics/tenderos/productos-disponibles?tiendaId=bbbbbbbb-bbbb-4bbb-8bbb-bbbbbbbbbbbb&zona=Zona+Norte,200,60.910,
2026-08-31T04:08:52.775553+00:00,GET,http://localhost:3000/logistics/tenderos/productos-disponibles?tiendaId=bbbbbbbb-bbbb-4bbb-8bbb-bbbbbbbbbbbb&zona=Zona+Norte,200,60.981,
2026-08-31T04:08:52.808908+00:00,GET,http://localhost:3000/logistics/tenderos/productos-disponibles?tiendaId=bbbbbbbb-bbbb-4bbb-8bbb-bbbbbbbbbbbb&zona=Zona+Norte,200,61.122,
2026-08-31T04:08:52.842183+00:00,GET,http://localhost:3000/logistics/tenderos/productos-disponibles?tiendaId=bbbbbbbb-bbbb-4bbb-8bbb-bbbbbbbbbbbb&zona=Zona+Norte,200,59.255,
2026-08-31T04:08:52.875512+00:00,GET,http://localhost:3000/logistics/tenderos/productos-disponibles?tiendaId=bbbbbbbb-bbbb-4bbb-8bbb-bbbbbbbbbbbb&zona=Zona+Norte,200,59.022,
2026-08-31T04:08:52.909129+00:00,GET,http://localhost:3000/logistics/tenderos/productos-disponibles?tiendaId=bbbbbbbb-bbbb-4bbb-8bbb-bbbbbbbbbbbb&zona=Zona+Norte,200,58.656,
2026-08-31T04:08:52.942448+00:00,GET,http://localhost:3000/logistics/tenderos/productos-disponibles?tiendaId=bbbbbbbb-bbbb-4bbb-8bbb-bbbbbbbbbbbb&zona=Zona+Norte,200,58.008,
2026-08-31T04:08:52.975798+00:00,GET,http://localhost:3000/logistics/tenderos/productos-disponibles?tiendaId=bbbbbbbb-bbbb-4bbb-8bbb-bbbbbbbbbbbb&zona=Zona+Norte,200,55.293,
2026-08-31T04:08:53.008900+00:00,GET,http://localhost:3000/logistics/tenderos/productos-disponibles?tiendaId=bbbbbbbb-bbbb-4bbb-8bbb-bbbbbbbbbbbb&zona=Zona+Norte,200,56.160,
2026-08-31T04:08:53.042355+00:00,GET,http://localhost:3000/logistics/tenderos/productos-disponibles?tiendaId=bbbbbbbb-bbbb-4bbb-8bbb-bbbbbbbbbbbb&zona=Zona+Norte,200,57.533,
2026-08-31T04:08:53.075931+00:00,GET,http://localhost:3000/logistics/tenderos/productos-disponibles?tiendaId=bbbbbbbb-bbbb-4bbb-8bbb-bbbbbbbbbbbb&zona=Zona+Norte,200,58.714,
2026-08-31T04:08:53.109286+00:00,GET,http://localhost:3000/logistics/tenderos/productos-disponibles?tiendaId=bbbbbbbb-bbbb-4bbb-8bbb-bbbbbbbbbbbb&zona=Zona+Norte,200,62.523,
2026-08-31T04:08:53.142460+00:00,GET,http://localhost:3000/logistics/tenderos/productos-disponibles?tiendaId=bbbbbbbb-bbbb-4bbb-8bbb-bbbbbbbbbbbb&zona=Zona+Norte,200,63.095,
2026-08-31T04:08:53.175304+00:00,GET,http://localhost:3000/logistics/tenderos/productos-disponibles?tiendaId=bbbbbbbb-bbbb-4bbb-8bbb-bbbbbbbbbbbb&zona=Zona+Norte,200,63.291,
2026-08-31T04:08:53.208565+00:00,GET,http://localhost:3000/logistics/tenderos/productos-disponibles?tiendaId=bbbbbbbb-bbbb-4bbb-8bbb-bbbbbbbbbbbb&zona=Zona+Norte,200,62.729,
2026-08-31T04:08:53.241945+00:00,GET,http://localhost:3000/logistics/tenderos/productos-disponibles?tiendaId=bbbbbbbb-bbbb-4bbb-8bbb-bbbbbbbbbbbb&zona=Zona+Norte,200,63.662,
2026-08-31T04:08:53.275373+00:00,GET,http://localhost:3000/logistics/tenderos/productos-disponibles?tiendaId=bbbbbbbb-bbbb-4bbb-8bbb-bbbbbbbbbbbb&zona=Zona+Norte,200,64.642,
2026-08-31T04:08:53.308579+00:00,GET,http://localhost:3000/logistics/tenderos/productos-disponibles?tiendaId=bbbbbbbb-bbbb-4bbb-8bbb-bbbbbbbbbbbb&zona=Zona+Norte,200,63.647,
2026-08-31T04:08:53.341778+00:00,GET,http://localhost:3000/logistics/tenderos/productos-disponibles?tiendaId=bbbbbbbb-bbbb-4bbb-8bbb-bbbbbbbbbbbb&zona=Zona+Norte,200,64.297,
2026-08-31T04:08:53.375258+00:00,GET,http://localhost:3000/logistics/tenderos/productos-disponibles?tiendaId=bbbbbbbb-bbbb-4bbb-8bbb-bbbbbbbbbbbb&zona=Zona+Norte,200,64.456,
2026-08-31T04:08:53.408543+00:00,GET,http://localhost:3000/logistics/tenderos/productos-disponibles?tiendaId=bbbbbbbb-bbbb-4bbb-8bbb-bbbbbbbbbbbb&zona=Zona+Norte,200,59.044,
2026-08-31T04:08:53.441814+00:00,GET,http://localhost:3000/logistics/tenderos/productos-disponibles?tiendaId=bbbbbbbb-bbbb-4bbb-8bbb-bbbbbbbbbbbb&zona=Zona+Norte,200,62.812,
2026-08-31T04:08:53.475084+00:00,GET,http://localhost:3000/logistics/tenderos/productos-disponibles?tiendaId=bbbbbbbb-bbbb-4bbb-8bbb-bbbbbbbbbbbb&zona=Zona+Norte,200,59.111,
2026-08-31T04:08:53.508688+00:00,GET,http://localhost:3000/logistics/tenderos/productos-disponibles?tiendaId=bbbbbbbb-bbbb-4bbb-8bbb-bbbbbbbbbbbb&zona=Zona+Norte,200,63.784,
2026-08-31T04:08:53.541880+00:00,GET,http://localhost:3000/logistics/tenderos/productos-disponibles?tiendaId=bbbbbbbb-bbbb-4bbb-8bbb-bbbbbbbbbbbb&zona=Zona+Norte,200,62.722,
2026-08-31T04:08:53.575340+00:00,GET,http://localhost:3000/logistics/tenderos/productos-disponibles?tiendaId=bbbbbbbb-bbbb-4bbb-8bbb-bbbbbbbbbbbb&zona=Zona+Norte,200,61.649,
2026-08-31T04:08:53.608723+00:00,GET,http://localhost:3000/logistics/tenderos/productos-disponibles?tiendaId=bbbbbbbb-bbbb-4bbb-8bbb-bbbbbbbbbbbb&zona=Zona+Norte,200,63.721,
2026-08-31T04:08:53.642170+00:00,GET,http://localhost:3000/logistics/tenderos/productos-disponibles?tiendaId=bbbbbbbb-bbbb-4bbb-8bbb-bbbbbbbbbbbb&zona=Zona+Norte,200,63.063,
2026-08-31T04:08:53.675240+00:00,GET,http://localhost:3000/logistics/tenderos/productos-disponibles?tiendaId=bbbbbbbb-bbbb-4bbb-8bbb-bbbbbbbbbbbb&zona=Zona+Norte,200,62.567,
2026-08-31T04:08:53.708614+00:00,GET,http://localhost:3000/logistics/tenderos/productos-disponibles?tiendaId=bbbbbbbb-bbbb-4bbb-8bbb-bbbbbbbbbbbb&zona=Zona+Norte,200,62.661,
2026-08-31T04:08:53.742058+00:00,GET,http://localhost:3000/logistics/tenderos/productos-disponibles?tiendaId=bbbbbbbb-bbbb-4bbb-8bbb-bbbbbbbbbbbb&zona=Zona+Norte,200,62.031,
2026-08-31T04:08:53.775397+00:00,GET,http://localhost:3000/logistics/tenderos/productos-disponibles?tiendaId=bbbbbbbb-bbbb-4bbb-8bbb-bbbbbbbbbbbb&zona=Zona+Norte,200,62.265,
2026-08-31T04:08:53.808772+00:00,GET,http://localhost:3000/logistics/tenderos/productos-disponibles?tiendaId=bbbbbbbb-bbbb-4bbb-8bbb-bbbbbbbbbbbb&zona=Zona+Norte,200,66.963,
2026-08-31T04:08:53.841652+00:00,GET,http://localhost:3000/logistics/tenderos/productos-disponibles?tiendaId=bbbbbbbb-bbbb-4bbb-8bbb-bbbbbbbbbbbb&zona=Zona+Norte,200,64.587,
2026-08-31T04:08:53.875759+00:00,GET,http://localhost:3000/logistics/tenderos/productos-disponibles?tiendaId=bbbbbbbb-bbbb-4bbb-8bbb-bbbbbbbbbbbb&zona=Zona+Norte,200,62.795,
2026-08-31T04:08:53.908532+00:00,GET,http://localhost:3000/logistics/tenderos/productos-disponibles?tiendaId=bbbbbbbb-bbbb-4bbb-8bbb-bbbbbbbbbbbb&zona=Zona+Norte,200,63.434,
2026-08-31T04:08:53.942007+00:00,GET,http://localhost:3000/logistics/tenderos/productos-disponibles?tiendaId=bbbbbbbb-bbbb-4bbb-8bbb-bbbbbbbbbbbb&zona=Zona+Norte,200,61.692,
2026-08-31T04:08:53.975307+00:00,GET,http://localhost:3000/logistics/tenderos/productos-disponibles?tiendaId=bbbbbbbb-bbbb-4bbb-8bbb-bbbbbbbbbbbb&zona=Zona+Norte,200,63.666,
2026-08-31T04:08:54.008626+00:00,GET,http://localhost:3000/logistics/tenderos/productos-disponibles?tiendaId=bbbbbbbb-bbbb-4bbb-8bbb-bbbbbbbbbbbb&zona=Zona+Norte,200,59.922,
2026-08-31T04:08:54.041800+00:00,GET,http://localhost:3000/logistics/tenderos/productos-disponibles?tiendaId=bbbbbbbb-bbbb-4bbb-8bbb-bbbbbbbbbbbb&zona=Zona+Norte,200,63.307,
2026-08-31T04:08:54.075749+00:00,GET,http://localhost:3000/logistics/tenderos/productos-disponibles?tiendaId=bbbbbbbb-bbbb-4bbb-8bbb-bbbbbbbbbbbb&zona=Zona+Norte,200,60.462,
2026-08-31T04:08:54.108457+00:00,GET,http://localhost:3000/logistics/tenderos/productos-disponibles?tiendaId=bbbbbbbb-bbbb-4bbb-8bbb-bbbbbbbbbbbb&zona=Zona+Norte,200,58.717,
2026-08-31T04:08:54.142287+00:00,GET,http://localhost:3000/logistics/tenderos/productos-disponibles?tiendaId=bbbbbbbb-bbbb-4bbb-8bbb-bbbbbbbbbbbb&zona=Zona+Norte,200,62.310,
2026-08-31T04:08:54.175174+00:00,GET,http://localhost:3000/logistics/tenderos/productos-disponibles?tiendaId=bbbbbbbb-bbbb-4bbb-8bbb-bbbbbbbbbbbb&zona=Zona+Norte,200,62.673,
2026-08-31T04:08:54.208704+00:00,GET,http://localhost:3000/logistics/tenderos/productos-disponibles?tiendaId=bbbbbbbb-bbbb-4bbb-8bbb-bbbbbbbbbbbb&zona=Zona+Norte,200,63.051,
2026-08-31T04:08:54.242055+00:00,GET,http://localhost:3000/logistics/tenderos/productos-disponibles?tiendaId=bbbbbbbb-bbbb-4bbb-8bbb-bbbbbbbbbbbb&zona=Zona+Norte,200,59.961,
2026-08-31T04:08:54.275382+00:00,GET,http://localhost:3000/logistics/tenderos/productos-disponibles?tiendaId=bbbbbbbb-bbbb-4bbb-8bbb-bbbbbbbbbbbb&zona=Zona+Norte,200,66.616,
2026-08-31T04:08:54.309039+00:00,GET,http://localhost:3000/logistics/tenderos/productos-disponibles?tiendaId=bbbbbbbb-bbbb-4bbb-8bbb-bbbbbbbbbbbb&zona=Zona+Norte,200,62.846,
2026-08-31T04:08:54.342029+00:00,GET,http://localhost:3000/logistics/tenderos/productos-disponibles?tiendaId=bbbbbbbb-bbbb-4bbb-8bbb-bbbbbbbbbbbb&zona=Zona+Norte,200,61.763,
2026-08-31T04:08:54.375114+00:00,GET,http://localhost:3000/logistics/tenderos/productos-disponibles?tiendaId=bbbbbbbb-bbbb-4bbb-8bbb-bbbbbbbbbbbb&zona=Zona+Norte,200,64.044,
2026-08-31T04:08:54.408854+00:00,GET,http://localhost:3000/logistics/tenderos/productos-disponibles?tiendaId=bbbbbbbb-bbbb-4bbb-8bbb-bbbbbbbbbbbb&zona=Zona+Norte,200,62.303,
2026-08-31T04:08:54.441883+00:00,GET,http://localhost:3000/logistics/tenderos/productos-disponibles?tiendaId=bbbbbbbb-bbbb-4bbb-8bbb-bbbbbbbbbbbb&zona=Zona+Norte,200,62.751,
2026-08-31T04:08:54.475432+00:00,GET,http://localhost:3000/logistics/tenderos/productos-disponibles?tiendaId=bbbbbbbb-bbbb-4bbb-8bbb-bbbbbbbbbbbb&zona=Zona+Norte,200,63.304,
2026-08-31T04:08:54.508704+00:00,GET,http://localhost:3000/logistics/tenderos/productos-disponibles?tiendaId=bbbbbbbb-bbbb-4bbb-8bbb-bbbbbbbbbbbb&zona=Zona+Norte,200,63.453,
2026-08-31T04:08:54.541967+00:00,GET,http://localhost:3000/logistics/tenderos/productos-disponibles?tiendaId=bbbbbbbb-bbbb-4bbb-8bbb-bbbbbbbbbbbb&zona=Zona+Norte,200,63.683,
2026-08-31T04:08:54.575332+00:00,GET,http://localhost:3000/logistics/tenderos/productos-disponibles?tiendaId=bbbbbbbb-bbbb-4bbb-8bbb-bbbbbbbbbbbb&zona=Zona+Norte,200,63.466,
2026-08-31T04:08:54.608684+00:00,GET,http://localhost:3000/logistics/tenderos/productos-disponibles?tiendaId=bbbbbbbb-bbbb-4bbb-8bbb-bbbbbbbbbbbb&zona=Zona+Norte,200,59.749,
2026-08-31T04:08:54.641970+00:00,GET,http://localhost:3000/logistics/tenderos/productos-disponibles?tiendaId=bbbbbbbb-bbbb-4bbb-8bbb-bbbbbbbbbbbb&zona=Zona+Norte,200,60.484,
2026-08-31T04:08:54.675751+00:00,GET,http://localhost:3000/logistics/tenderos/productos-disponibles?tiendaId=bbbbbbbb-bbbb-4bbb-8bbb-bbbbbbbbbbbb&zona=Zona+Norte,200,59.991,
2026-08-31T04:08:54.708994+00:00,GET,http://localhost:3000/logistics/tenderos/productos-disponibles?tiendaId=bbbbbbbb-bbbb-4bbb-8bbb-bbbbbbbbbbbb&zona=Zona+Norte,200,61.588,
2026-08-31T04:08:54.742338+00:00,GET,http://localhost:3000/logistics/tenderos/productos-disponibles?tiendaId=bbbbbbbb-bbbb-4bbb-8bbb-bbbbbbbbbbbb&zona=Zona+Norte,200,59.726,
2026-08-31T04:08:54.774992+00:00,GET,http://localhost:3000/logistics/tenderos/productos-disponibles?tiendaId=bbbbbbbb-bbbb-4bbb-8bbb-bbbbbbbbbbbb&zona=Zona+Norte,200,59.255,
2026-08-31T04:08:54.809060+00:00,GET,http://localhost:3000/logistics/tenderos/productos-disponibles?tiendaId=bbbbbbbb-bbbb-4bbb-8bbb-bbbbbbbbbbbb&zona=Zona+Norte,200,58.802,
2026-08-31T04:08:54.842548+00:00,GET,http://localhost:3000/logistics/tenderos/productos-disponibles?tiendaId=bbbbbbbb-bbbb-4bbb-8bbb-bbbbbbbbbbbb&zona=Zona+Norte,200,61.837,
2026-08-31T04:08:54.875712+00:00,GET,http://localhost:3000/logistics/tenderos/productos-disponibles?tiendaId=bbbbbbbb-bbbb-4bbb-8bbb-bbbbbbbbbbbb&zona=Zona+Norte,200,62.833,
2026-08-31T04:08:54.908749+00:00,GET,http://localhost:3000/logistics/tenderos/productos-disponibles?tiendaId=bbbbbbbb-bbbb-4bbb-8bbb-bbbbbbbbbbbb&zona=Zona+Norte,200,59.144,
2026-08-31T04:08:54.941969+00:00,GET,http://localhost:3000/logistics/tenderos/productos-disponibles?tiendaId=bbbbbbbb-bbbb-4bbb-8bbb-bbbbbbbbbbbb&zona=Zona+Norte,200,58.732,
2026-08-31T04:08:54.975819+00:00,GET,http://localhost:3000/logistics/tenderos/productos-disponibles?tiendaId=bbbbbbbb-bbbb-4bbb-8bbb-bbbbbbbbbbbb&zona=Zona+Norte,200,63.218,
2026-08-31T04:08:55.009213+00:00,GET,http://localhost:3000/logistics/tenderos/productos-disponibles?tiendaId=bbbbbbbb-bbbb-4bbb-8bbb-bbbbbbbbbbbb&zona=Zona+Norte,200,58.999,
2026-08-31T04:08:55.041906+00:00,GET,http://localhost:3000/logistics/tenderos/productos-disponibles?tiendaId=bbbbbbbb-bbbb-4bbb-8bbb-bbbbbbbbbbbb&zona=Zona+Norte,200,58.451,
2026-08-31T04:08:55.075168+00:00,GET,http://localhost:3000/logistics/tenderos/productos-disponibles?tiendaId=bbbbbbbb-bbbb-4bbb-8bbb-bbbbbbbbbbbb&zona=Zona+Norte,200,57.866,
2026-08-31T04:08:55.109249+00:00,GET,http://localhost:3000/logistics/tenderos/productos-disponibles?tiendaId=bbbbbbbb-bbbb-4bbb-8bbb-bbbbbbbbbbbb&zona=Zona+Norte,200,57.838,
2026-08-31T04:08:55.142650+00:00,GET,http://localhost:3000/logistics/tenderos/productos-disponibles?tiendaId=bbbbbbbb-bbbb-4bbb-8bbb-bbbbbbbbbbbb&zona=Zona+Norte,200,59.408,
2026-08-31T04:08:55.175926+00:00,GET,http://localhost:3000/logistics/tenderos/productos-disponibles?tiendaId=bbbbbbbb-bbbb-4bbb-8bbb-bbbbbbbbbbbb&zona=Zona+Norte,200,55.453,
2026-08-31T04:08:55.209070+00:00,GET,http://localhost:3000/logistics/tenderos/productos-disponibles?tiendaId=bbbbbbbb-bbbb-4bbb-8bbb-bbbbbbbbbbbb&zona=Zona+Norte,200,56.885,
2026-08-31T04:08:55.242629+00:00,GET,http://localhost:3000/logistics/tenderos/productos-disponibles?tiendaId=bbbbbbbb-bbbb-4bbb-8bbb-bbbbbbbbbbbb&zona=Zona+Norte,200,55.111,
2026-08-31T04:08:55.275366+00:00,GET,http://localhost:3000/logistics/tenderos/productos-disponibles?tiendaId=bbbbbbbb-bbbb-4bbb-8bbb-bbbbbbbbbbbb&zona=Zona+Norte,200,55.083,
2026-08-31T04:08:55.309332+00:00,GET,http://localhost:3000/logistics/tenderos/productos-disponibles?tiendaId=bbbbbbbb-bbbb-4bbb-8bbb-bbbbbbbbbbbb&zona=Zona+Norte,200,60.954,
2026-08-31T04:08:55.342600+00:00,GET,http://localhost:3000/logistics/tenderos/productos-disponibles?tiendaId=bbbbbbbb-bbbb-4bbb-8bbb-bbbbbbbbbbbb&zona=Zona+Norte,200,61.947,
2026-08-31T04:08:55.375508+00:00,GET,http://localhost:3000/logistics/tenderos/productos-disponibles?tiendaId=bbbbbbbb-bbbb-4bbb-8bbb-bbbbbbbbbbbb&zona=Zona+Norte,200,64.347,
2026-08-31T04:08:55.408738+00:00,GET,http://localhost:3000/logistics/tenderos/productos-disponibles?tiendaId=bbbbbbbb-bbbb-4bbb-8bbb-bbbbbbbbbbbb&zona=Zona+Norte,200,60.061,
2026-08-31T04:08:55.441800+00:00,GET,http://localhost:3000/logistics/tenderos/productos-disponibles?tiendaId=bbbbbbbb-bbbb-4bbb-8bbb-bbbbbbbbbbbb&zona=Zona+Norte,200,61.035,
2026-08-31T04:08:55.475779+00:00,GET,http://localhost:3000/logistics/tenderos/productos-disponibles?tiendaId=bbbbbbbb-bbbb-4bbb-8bbb-bbbbbbbbbbbb&zona=Zona+Norte,200,61.943,
2026-08-31T04:08:55.508959+00:00,GET,http://localhost:3000/logistics/tenderos/productos-disponibles?tiendaId=bbbbbbbb-bbbb-4bbb-8bbb-bbbbbbbbbbbb&zona=Zona+Norte,200,62.051,
2026-08-31T04:08:55.542123+00:00,GET,http://localhost:3000/logistics/tenderos/productos-disponibles?tiendaId=bbbbbbbb-bbbb-4bbb-8bbb-bbbbbbbbbbbb&zona=Zona+Norte,200,64.076,
2026-08-31T04:08:55.575538+00:00,GET,http://localhost:3000/logistics/tenderos/productos-disponibles?tiendaId=bbbbbbbb-bbbb-4bbb-8bbb-bbbbbbbbbbbb&zona=Zona+Norte,200,61.691,
2026-08-31T04:08:55.608512+00:00,GET,http://localhost:3000/logistics/tenderos/productos-disponibles?tiendaId=bbbbbbbb-bbbb-4bbb-8bbb-bbbbbbbbbbbb&zona=Zona+Norte,200,57.473,
2026-08-31T04:08:55.642178+00:00,GET,http://localhost:3000/logistics/tenderos/productos-disponibles?tiendaId=bbbbbbbb-bbbb-4bbb-8bbb-bbbbbbbbbbbb&zona=Zona+Norte,200,59.598,
2026-08-31T04:08:55.675862+00:00,GET,http://localhost:3000/logistics/tenderos/productos-disponibles?tiendaId=bbbbbbbb-bbbb-4bbb-8bbb-bbbbbbbbbbbb&zona=Zona+Norte,200,56.472,
2026-08-31T04:08:55.709105+00:00,GET,http://localhost:3000/logistics/tenderos/productos-disponibles?tiendaId=bbbbbbbb-bbbb-4bbb-8bbb-bbbbbbbbbbbb&zona=Zona+Norte,200,61.960,
2026-08-31T04:08:55.742662+00:00,GET,http://localhost:3000/logistics/tenderos/productos-disponibles?tiendaId=bbbbbbbb-bbbb-4bbb-8bbb-bbbbbbbbbbbb&zona=Zona+Norte,200,62.366,
2026-08-31T04:08:55.775461+00:00,GET,http://localhost:3000/logistics/tenderos/productos-disponibles?tiendaId=bbbbbbbb-bbbb-4bbb-8bbb-bbbbbbbbbbbb&zona=Zona+Norte,200,62.560,
2026-08-31T04:08:55.808720+00:00,GET,http://localhost:3000/logistics/tenderos/productos-disponibles?tiendaId=bbbbbbbb-bbbb-4bbb-8bbb-bbbbbbbbbbbb&zona=Zona+Norte,200,62.421,
2026-08-31T04:08:55.841754+00:00,GET,http://localhost:3000/logistics/tenderos/productos-disponibles?tiendaId=bbbbbbbb-bbbb-4bbb-8bbb-bbbbbbbbbbbb&zona=Zona+Norte,200,62.359,
2026-08-31T04:08:55.875436+00:00,GET,http://localhost:3000/logistics/tenderos/productos-disponibles?tiendaId=bbbbbbbb-bbbb-4bbb-8bbb-bbbbbbbbbbbb&zona=Zona+Norte,200,60.932,
2026-08-31T04:08:55.908791+00:00,GET,http://localhost:3000/logistics/tenderos/productos-disponibles?tiendaId=bbbbbbbb-bbbb-4bbb-8bbb-bbbbbbbbbbbb&zona=Zona+Norte,200,63.714,
2026-08-31T04:08:55.941826+00:00,GET,http://localhost:3000/logistics/tenderos/productos-disponibles?tiendaId=bbbbbbbb-bbbb-4bbb-8bbb-bbbbbbbbbbbb&zona=Zona+Norte,200,64.358,
2026-08-31T04:08:55.975248+00:00,GET,http://localhost:3000/logistics/tenderos/productos-disponibles?tiendaId=bbbbbbbb-bbbb-4bbb-8bbb-bbbbbbbbbbbb&zona=Zona+Norte,200,63.595,
2026-08-31T04:08:56.008557+00:00,GET,http://localhost:3000/logistics/tenderos/productos-disponibles?tiendaId=bbbbbbbb-bbbb-4bbb-8bbb-bbbbbbbbbbbb&zona=Zona+Norte,200,63.281,
2026-08-31T04:08:56.041783+00:00,GET,http://localhost:3000/logistics/tenderos/productos-disponibles?tiendaId=bbbbbbbb-bbbb-4bbb-8bbb-bbbbbbbbbbbb&zona=Zona+Norte,200,63.091,
2026-08-31T04:08:56.075381+00:00,GET,http://localhost:3000/logistics/tenderos/productos-disponibles?tiendaId=bbbbbbbb-bbbb-4bbb-8bbb-bbbbbbbbbbbb&zona=Zona+Norte,200,62.953,
2026-08-31T04:08:56.108695+00:00,GET,http://localhost:3000/logistics/tenderos/productos-disponibles?tiendaId=bbbbbbbb-bbbb-4bbb-8bbb-bbbbbbbbbbbb&zona=Zona+Norte,200,63.468,
2026-08-31T04:08:56.142027+00:00,GET,http://localhost:3000/logistics/tenderos/productos-disponibles?tiendaId=bbbbbbbb-bbbb-4bbb-8bbb-bbbbbbbbbbbb&zona=Zona+Norte,200,63.246,
2026-08-31T04:08:56.175343+00:00,GET,http://localhost:3000/logistics/tenderos/productos-disponibles?tiendaId=bbbbbbbb-bbbb-4bbb-8bbb-bbbbbbbbbbbb&zona=Zona+Norte,200,63.457,
2026-08-31T04:08:56.208631+00:00,GET,http://localhost:3000/logistics/tenderos/productos-disponibles?tiendaId=bbbbbbbb-bbbb-4bbb-8bbb-bbbbbbbbbbbb&zona=Zona+Norte,200,59.629,
2026-08-31T04:08:56.241968+00:00,GET,http://localhost:3000/logistics/tenderos/productos-disponibles?tiendaId=bbbbbbbb-bbbb-4bbb-8bbb-bbbbbbbbbbbb&zona=Zona+Norte,200,60.426,
2026-08-31T04:08:56.275837+00:00,GET,http://localhost:3000/logistics/tenderos/productos-disponibles?tiendaId=bbbbbbbb-bbbb-4bbb-8bbb-bbbbbbbbbbbb&zona=Zona+Norte,200,62.125,
2026-08-31T04:08:56.309025+00:00,GET,http://localhost:3000/logistics/tenderos/productos-disponibles?tiendaId=bbbbbbbb-bbbb-4bbb-8bbb-bbbbbbbbbbbb&zona=Zona+Norte,200,63.060,
2026-08-31T04:08:56.342074+00:00,GET,http://localhost:3000/logistics/tenderos/productos-disponibles?tiendaId=bbbbbbbb-bbbb-4bbb-8bbb-bbbbbbbbbbbb&zona=Zona+Norte,200,62.842,
2026-08-31T04:08:56.375099+00:00,GET,http://localhost:3000/logistics/tenderos/productos-disponibles?tiendaId=bbbbbbbb-bbbb-4bbb-8bbb-bbbbbbbbbbbb&zona=Zona+Norte,200,60.281,
2026-08-31T04:08:56.408740+00:00,GET,http://localhost:3000/logistics/tenderos/productos-disponibles?tiendaId=bbbbbbbb-bbbb-4bbb-8bbb-bbbbbbbbbbbb&zona=Zona+Norte,200,62.807,
2026-08-31T04:08:56.442395+00:00,GET,http://localhost:3000/logistics/tenderos/productos-disponibles?tiendaId=bbbbbbbb-bbbb-4bbb-8bbb-bbbbbbbbbbbb&zona=Zona+Norte,200,58.099,
2026-08-31T04:08:56.475396+00:00,GET,http://localhost:3000/logistics/tenderos/productos-disponibles?tiendaId=bbbbbbbb-bbbb-4bbb-8bbb-bbbbbbbbbbbb&zona=Zona+Norte,200,63.747,
2026-08-31T04:08:56.509263+00:00,GET,http://localhost:3000/logistics/tenderos/productos-disponibles?tiendaId=bbbbbbbb-bbbb-4bbb-8bbb-bbbbbbbbbbbb&zona=Zona+Norte,200,62.584,
2026-08-31T04:08:56.541927+00:00,GET,http://localhost:3000/logistics/tenderos/productos-disponibles?tiendaId=bbbbbbbb-bbbb-4bbb-8bbb-bbbbbbbbbbbb&zona=Zona+Norte,200,61.801,
2026-08-31T04:08:56.575418+00:00,GET,http://localhost:3000/logistics/tenderos/productos-disponibles?tiendaId=bbbbbbbb-bbbb-4bbb-8bbb-bbbbbbbbbbbb&zona=Zona+Norte,200,62.966,
2026-08-31T04:08:56.608849+00:00,GET,http://localhost:3000/logistics/tenderos/productos-disponibles?tiendaId=bbbbbbbb-bbbb-4bbb-8bbb-bbbbbbbbbbbb&zona=Zona+Norte,200,62.835,
2026-08-31T04:08:56.642024+00:00,GET,http://localhost:3000/logistics/tenderos/productos-disponibles?tiendaId=bbbbbbbb-bbbb-4bbb-8bbb-bbbbbbbbbbbb&zona=Zona+Norte,200,63.459,
2026-08-31T04:08:56.675076+00:00,GET,http://localhost:3000/logistics/tenderos/productos-disponibles?tiendaId=bbbbbbbb-bbbb-4bbb-8bbb-bbbbbbbbbbbb&zona=Zona+Norte,200,62.177,
2026-08-31T04:08:56.708632+00:00,GET,http://localhost:3000/logistics/tenderos/productos-disponibles?tiendaId=bbbbbbbb-bbbb-4bbb-8bbb-bbbbbbbbbbbb&zona=Zona+Norte,200,60.224,
2026-08-31T04:08:56.741814+00:00,GET,http://localhost:3000/logistics/tenderos/productos-disponibles?tiendaId=bbbbbbbb-bbbb-4bbb-8bbb-bbbbbbbbbbbb&zona=Zona+Norte,200,64.945,
2026-08-31T04:08:56.775572+00:00,GET,http://localhost:3000/logistics/tenderos/productos-disponibles?tiendaId=bbbbbbbb-bbbb-4bbb-8bbb-bbbbbbbbbbbb&zona=Zona+Norte,200,62.954,
2026-08-31T04:08:56.808493+00:00,GET,http://localhost:3000/logistics/tenderos/productos-disponibles?tiendaId=bbbbbbbb-bbbb-4bbb-8bbb-bbbbbbbbbbbb&zona=Zona+Norte,200,65.112,
2026-08-31T04:08:56.842000+00:00,GET,http://localhost:3000/logistics/tenderos/productos-disponibles?tiendaId=bbbbbbbb-bbbb-4bbb-8bbb-bbbbbbbbbbbb&zona=Zona+Norte,200,64.396,
2026-08-31T04:08:56.875094+00:00,GET,http://localhost:3000/logistics/tenderos/productos-disponibles?tiendaId=bbbbbbbb-bbbb-4bbb-8bbb-bbbbbbbbbbbb&zona=Zona+Norte,200,62.129,
2026-08-31T04:08:56.908496+00:00,GET,http://localhost:3000/logistics/tenderos/productos-disponibles?tiendaId=bbbbbbbb-bbbb-4bbb-8bbb-bbbbbbbbbbbb&zona=Zona+Norte,200,63.099,
2026-08-31T04:08:56.942149+00:00,GET,http://localhost:3000/logistics/tenderos/productos-disponibles?tiendaId=bbbbbbbb-bbbb-4bbb-8bbb-bbbbbbbbbbbb&zona=Zona+Norte,200,61.654,
2026-08-31T04:08:56.975370+00:00,GET,http://localhost:3000/logistics/tenderos/productos-disponibles?tiendaId=bbbbbbbb-bbbb-4bbb-8bbb-bbbbbbbbbbbb&zona=Zona+Norte,200,60.197,
2026-08-31T04:08:57.008842+00:00,GET,http://localhost:3000/logistics/tenderos/productos-disponibles?tiendaId=bbbbbbbb-bbbb-4bbb-8bbb-bbbbbbbbbbbb&zona=Zona+Norte,200,60.818,
2026-08-31T04:08:57.042381+00:00,GET,http://localhost:3000/logistics/tenderos/productos-disponibles?tiendaId=bbbbbbbb-bbbb-4bbb-8bbb-bbbbbbbbbbbb&zona=Zona+Norte,200,61.253,
2026-08-31T04:08:57.075629+00:00,GET,http://localhost:3000/logistics/tenderos/productos-disponibles?tiendaId=bbbbbbbb-bbbb-4bbb-8bbb-bbbbbbbbbbbb&zona=Zona+Norte,200,58.282,
2026-08-31T04:08:57.108343+00:00,GET,http://localhost:3000/logistics/tenderos/productos-disponibles?tiendaId=bbbbbbbb-bbbb-4bbb-8bbb-bbbbbbbbbbbb&zona=Zona+Norte,200,61.361,
2026-08-31T04:08:57.142584+00:00,GET,http://localhost:3000/logistics/tenderos/productos-disponibles?tiendaId=bbbbbbbb-bbbb-4bbb-8bbb-bbbbbbbbbbbb&zona=Zona+Norte,200,62.074,
2026-08-31T04:08:57.175604+00:00,GET,http://localhost:3000/logistics/tenderos/productos-disponibles?tiendaId=bbbbbbbb-bbbb-4bbb-8bbb-bbbbbbbbbbbb&zona=Zona+Norte,200,60.016,
2026-08-31T04:08:57.208724+00:00,GET,http://localhost:3000/logistics/tenderos/productos-disponibles?tiendaId=bbbbbbbb-bbbb-4bbb-8bbb-bbbbbbbbbbbb&zona=Zona+Norte,200,56.981,
2026-08-31T04:08:57.242355+00:00,GET,http://localhost:3000/logistics/tenderos/productos-disponibles?tiendaId=bbbbbbbb-bbbb-4bbb-8bbb-bbbbbbbbbbbb&zona=Zona+Norte,200,61.331,
2026-08-31T04:08:57.275737+00:00,GET,http://localhost:3000/logistics/tenderos/productos-disponibles?tiendaId=bbbbbbbb-bbbb-4bbb-8bbb-bbbbbbbbbbbb&zona=Zona+Norte,200,58.999,
2026-08-31T04:08:57.308856+00:00,GET,http://localhost:3000/logistics/tenderos/productos-disponibles?tiendaId=bbbbbbbb-bbbb-4bbb-8bbb-bbbbbbbbbbbb&zona=Zona+Norte,200,61.287,
2026-08-31T04:08:57.342483+00:00,GET,http://localhost:3000/logistics/tenderos/productos-disponibles?tiendaId=bbbbbbbb-bbbb-4bbb-8bbb-bbbbbbbbbbbb&zona=Zona+Norte,200,58.841,
2026-08-31T04:08:57.375569+00:00,GET,http://localhost:3000/logistics/tenderos/productos-disponibles?tiendaId=bbbbbbbb-bbbb-4bbb-8bbb-bbbbbbbbbbbb&zona=Zona+Norte,200,61.275,
2026-08-31T04:08:57.409204+00:00,GET,http://localhost:3000/logistics/tenderos/productos-disponibles?tiendaId=bbbbbbbb-bbbb-4bbb-8bbb-bbbbbbbbbbbb&zona=Zona+Norte,200,57.980,
2026-08-31T04:08:57.442210+00:00,GET,http://localhost:3000/logistics/tenderos/productos-disponibles?tiendaId=bbbbbbbb-bbbb-4bbb-8bbb-bbbbbbbbbbbb&zona=Zona+Norte,200,57.542,
2026-08-31T04:08:57.475933+00:00,GET,http://localhost:3000/logistics/tenderos/productos-disponibles?tiendaId=bbbbbbbb-bbbb-4bbb-8bbb-bbbbbbbbbbbb&zona=Zona+Norte,200,61.264,
2026-08-31T04:08:57.509293+00:00,GET,http://localhost:3000/logistics/tenderos/productos-disponibles?tiendaId=bbbbbbbb-bbbb-4bbb-8bbb-bbbbbbbbbbbb&zona=Zona+Norte,200,58.974,
2026-08-31T04:08:57.541773+00:00,GET,http://localhost:3000/logistics/tenderos/productos-disponibles?tiendaId=bbbbbbbb-bbbb-4bbb-8bbb-bbbbbbbbbbbb&zona=Zona+Norte,200,58.034,
2026-08-31T04:08:57.575257+00:00,GET,http://localhost:3000/logistics/tenderos/productos-disponibles?tiendaId=bbbbbbbb-bbbb-4bbb-8bbb-bbbbbbbbbbbb&zona=Zona+Norte,200,61.012,
2026-08-31T04:08:57.609304+00:00,GET,http://localhost:3000/logistics/tenderos/productos-disponibles?tiendaId=bbbbbbbb-bbbb-4bbb-8bbb-bbbbbbbbbbbb&zona=Zona+Norte,200,61.273,
2026-08-31T04:08:57.642306+00:00,GET,http://localhost:3000/logistics/tenderos/productos-disponibles?tiendaId=bbbbbbbb-bbbb-4bbb-8bbb-bbbbbbbbbbbb&zona=Zona+Norte,200,60.510,
2026-08-31T04:08:57.675499+00:00,GET,http://localhost:3000/logistics/tenderos/productos-disponibles?tiendaId=bbbbbbbb-bbbb-4bbb-8bbb-bbbbbbbbbbbb&zona=Zona+Norte,200,60.256,
2026-08-31T04:08:57.708979+00:00,GET,http://localhost:3000/logistics/tenderos/productos-disponibles?tiendaId=bbbbbbbb-bbbb-4bbb-8bbb-bbbbbbbbbbbb&zona=Zona+Norte,200,57.073,
2026-08-31T04:08:57.742374+00:00,GET,http://localhost:3000/logistics/tenderos/productos-disponibles?tiendaId=bbbbbbbb-bbbb-4bbb-8bbb-bbbbbbbbbbbb&zona=Zona+Norte,200,60.380,
2026-08-31T04:08:57.775968+00:00,GET,http://localhost:3000/logistics/tenderos/productos-disponibles?tiendaId=bbbbbbbb-bbbb-4bbb-8bbb-bbbbbbbbbbbb&zona=Zona+Norte,200,60.563,
2026-08-31T04:08:57.808453+00:00,GET,http://localhost:3000/logistics/tenderos/productos-disponibles?tiendaId=bbbbbbbb-bbbb-4bbb-8bbb-bbbbbbbbbbbb&zona=Zona+Norte,200,60.592,
2026-08-31T04:08:57.842262+00:00,GET,http://localhost:3000/logistics/tenderos/productos-disponibles?tiendaId=bbbbbbbb-bbbb-4bbb-8bbb-bbbbbbbbbbbb&zona=Zona+Norte,200,58.049,
2026-08-31T04:08:57.875717+00:00,GET,http://localhost:3000/logistics/tenderos/productos-disponibles?tiendaId=bbbbbbbb-bbbb-4bbb-8bbb-bbbbbbbbbbbb&zona=Zona+Norte,200,60.687,
2026-08-31T04:08:57.909285+00:00,GET,http://localhost:3000/logistics/tenderos/productos-disponibles?tiendaId=bbbbbbbb-bbbb-4bbb-8bbb-bbbbbbbbbbbb&zona=Zona+Norte,200,60.051,
2026-08-31T04:08:57.942288+00:00,GET,http://localhost:3000/logistics/tenderos/productos-disponibles?tiendaId=bbbbbbbb-bbbb-4bbb-8bbb-bbbbbbbbbbbb&zona=Zona+Norte,200,60.986,
2026-08-31T04:08:57.975669+00:00,GET,http://localhost:3000/logistics/tenderos/productos-disponibles?tiendaId=bbbbbbbb-bbbb-4bbb-8bbb-bbbbbbbbbbbb&zona=Zona+Norte,200,58.206,
2026-08-31T04:08:58.008921+00:00,GET,http://localhost:3000/logistics/tenderos/productos-disponibles?tiendaId=bbbbbbbb-bbbb-4bbb-8bbb-bbbbbbbbbbbb&zona=Zona+Norte,200,57.473,
2026-08-31T04:08:58.042616+00:00,GET,http://localhost:3000/logistics/tenderos/productos-disponibles?tiendaId=bbbbbbbb-bbbb-4bbb-8bbb-bbbbbbbbbbbb&zona=Zona+Norte,200,61.749,
2026-08-31T04:08:58.075116+00:00,GET,http://localhost:3000/logistics/tenderos/productos-disponibles?tiendaId=bbbbbbbb-bbbb-4bbb-8bbb-bbbbbbbbbbbb&zona=Zona+Norte,200,60.010,
2026-08-31T04:08:58.108356+00:00,GET,http://localhost:3000/logistics/tenderos/productos-disponibles?tiendaId=bbbbbbbb-bbbb-4bbb-8bbb-bbbbbbbbbbbb&zona=Zona+Norte,200,60.577,
2026-08-31T04:08:58.142451+00:00,GET,http://localhost:3000/logistics/tenderos/productos-disponibles?tiendaId=bbbbbbbb-bbbb-4bbb-8bbb-bbbbbbbbbbbb&zona=Zona+Norte,200,60.120,
2026-08-31T04:08:58.175731+00:00,GET,http://localhost:3000/logistics/tenderos/productos-disponibles?tiendaId=bbbbbbbb-bbbb-4bbb-8bbb-bbbbbbbbbbbb&zona=Zona+Norte,200,61.517,
2026-08-31T04:08:58.209018+00:00,GET,http://localhost:3000/logistics/tenderos/productos-disponibles?tiendaId=bbbbbbbb-bbbb-4bbb-8bbb-bbbbbbbbbbbb&zona=Zona+Norte,200,61.796,
2026-08-31T04:08:58.242175+00:00,GET,http://localhost:3000/logistics/tenderos/productos-disponibles?tiendaId=bbbbbbbb-bbbb-4bbb-8bbb-bbbbbbbbbbbb&zona=Zona+Norte,200,59.423,
2026-08-31T04:08:58.275481+00:00,GET,http://localhost:3000/logistics/tenderos/productos-disponibles?tiendaId=bbbbbbbb-bbbb-4bbb-8bbb-bbbbbbbbbbbb&zona=Zona+Norte,200,62.081,
2026-08-31T04:08:58.309150+00:00,GET,http://localhost:3000/logistics/tenderos/productos-disponibles?tiendaId=bbbbbbbb-bbbb-4bbb-8bbb-bbbbbbbbbbbb&zona=Zona+Norte,200,58.975,
2026-08-31T04:08:58.342141+00:00,GET,http://localhost:3000/logistics/tenderos/productos-disponibles?tiendaId=bbbbbbbb-bbbb-4bbb-8bbb-bbbbbbbbbbbb&zona=Zona+Norte,200,57.356,
2026-08-31T04:08:58.375819+00:00,GET,http://localhost:3000/logistics/tenderos/productos-disponibles?tiendaId=bbbbbbbb-bbbb-4bbb-8bbb-bbbbbbbbbbbb&zona=Zona+Norte,200,60.357,
2026-08-31T04:08:58.408443+00:00,GET,http://localhost:3000/logistics/tenderos/productos-disponibles?tiendaId=bbbbbbbb-bbbb-4bbb-8bbb-bbbbbbbbbbbb&zona=Zona+Norte,200,57.988,
2026-08-31T04:08:58.442317+00:00,GET,http://localhost:3000/logistics/tenderos/productos-disponibles?tiendaId=bbbbbbbb-bbbb-4bbb-8bbb-bbbbbbbbbbbb&zona=Zona+Norte,200,60.507,
2026-08-31T04:08:58.475049+00:00,GET,http://localhost:3000/logistics/tenderos/productos-disponibles?tiendaId=bbbbbbbb-bbbb-4bbb-8bbb-bbbbbbbbbbbb&zona=Zona+Norte,200,60.956,
2026-08-31T04:08:58.508980+00:00,GET,http://localhost:3000/logistics/tenderos/productos-disponibles?tiendaId=bbbbbbbb-bbbb-4bbb-8bbb-bbbbbbbbbbbb&zona=Zona+Norte,200,61.160,
2026-08-31T04:08:58.542351+00:00,GET,http://localhost:3000/logistics/tenderos/productos-disponibles?tiendaId=bbbbbbbb-bbbb-4bbb-8bbb-bbbbbbbbbbbb&zona=Zona+Norte,200,60.403,
2026-08-31T04:08:58.575612+00:00,GET,http://localhost:3000/logistics/tenderos/productos-disponibles?tiendaId=bbbbbbbb-bbbb-4bbb-8bbb-bbbbbbbbbbbb&zona=Zona+Norte,200,61.727,
2026-08-31T04:08:58.608989+00:00,GET,http://localhost:3000/logistics/tenderos/productos-disponibles?tiendaId=bbbbbbbb-bbbb-4bbb-8bbb-bbbbbbbbbbbb&zona=Zona+Norte,200,60.892,
2026-08-31T04:08:58.642168+00:00,GET,http://localhost:3000/logistics/tenderos/productos-disponibles?tiendaId=bbbbbbbb-bbbb-4bbb-8bbb-bbbbbbbbbbbb&zona=Zona+Norte,200,60.066,
2026-08-31T04:08:58.675371+00:00,GET,http://localhost:3000/logistics/tenderos/productos-disponibles?tiendaId=bbbbbbbb-bbbb-4bbb-8bbb-bbbbbbbbbbbb&zona=Zona+Norte,200,56.536,
2026-08-31T04:08:58.708327+00:00,GET,http://localhost:3000/logistics/tenderos/productos-disponibles?tiendaId=bbbbbbbb-bbbb-4bbb-8bbb-bbbbbbbbbbbb&zona=Zona+Norte,200,60.535,
2026-08-31T04:08:58.742644+00:00,GET,http://localhost:3000/logistics/tenderos/productos-disponibles?tiendaId=bbbbbbbb-bbbb-4bbb-8bbb-bbbbbbbbbbbb&zona=Zona+Norte,200,56.654,
2026-08-31T04:08:58.775767+00:00,GET,http://localhost:3000/logistics/tenderos/productos-disponibles?tiendaId=bbbbbbbb-bbbb-4bbb-8bbb-bbbbbbbbbbbb&zona=Zona+Norte,200,60.124,
2026-08-31T04:08:58.809363+00:00,GET,http://localhost:3000/logistics/tenderos/productos-disponibles?tiendaId=bbbbbbbb-bbbb-4bbb-8bbb-bbbbbbbbbbbb&zona=Zona+Norte,200,59.379,
2026-08-31T04:08:58.842354+00:00,GET,http://localhost:3000/logistics/tenderos/productos-disponibles?tiendaId=bbbbbbbb-bbbb-4bbb-8bbb-bbbbbbbbbbbb&zona=Zona+Norte,200,58.464,
2026-08-31T04:08:58.875765+00:00,GET,http://localhost:3000/logistics/tenderos/productos-disponibles?tiendaId=bbbbbbbb-bbbb-4bbb-8bbb-bbbbbbbbbbbb&zona=Zona+Norte,200,55.250,
2026-08-31T04:08:58.909245+00:00,GET,http://localhost:3000/logistics/tenderos/productos-disponibles?tiendaId=bbbbbbbb-bbbb-4bbb-8bbb-bbbbbbbbbbbb&zona=Zona+Norte,200,57.747,
2026-08-31T04:08:58.942668+00:00,GET,http://localhost:3000/logistics/tenderos/productos-disponibles?tiendaId=bbbbbbbb-bbbb-4bbb-8bbb-bbbbbbbbbbbb&zona=Zona+Norte,200,57.729,
2026-08-31T04:08:58.976024+00:00,GET,http://localhost:3000/logistics/tenderos/productos-disponibles?tiendaId=bbbbbbbb-bbbb-4bbb-8bbb-bbbbbbbbbbbb&zona=Zona+Norte,200,59.360,
2026-08-31T04:08:59.009305+00:00,GET,http://localhost:3000/logistics/tenderos/productos-disponibles?tiendaId=bbbbbbbb-bbbb-4bbb-8bbb-bbbbbbbbbbbb&zona=Zona+Norte,200,59.019,
2026-08-31T04:08:59.041882+00:00,GET,http://localhost:3000/logistics/tenderos/productos-disponibles?tiendaId=bbbbbbbb-bbbb-4bbb-8bbb-bbbbbbbbbbbb&zona=Zona+Norte,200,59.368,
2026-08-31T04:08:59.075823+00:00,GET,http://localhost:3000/logistics/tenderos/productos-disponibles?tiendaId=bbbbbbbb-bbbb-4bbb-8bbb-bbbbbbbbbbbb&zona=Zona+Norte,200,58.886,
2026-08-31T04:08:59.109224+00:00,GET,http://localhost:3000/logistics/tenderos/productos-disponibles?tiendaId=bbbbbbbb-bbbb-4bbb-8bbb-bbbbbbbbbbbb&zona=Zona+Norte,200,59.726,
2026-08-31T04:08:59.142556+00:00,GET,http://localhost:3000/logistics/tenderos/productos-disponibles?tiendaId=bbbbbbbb-bbbb-4bbb-8bbb-bbbbbbbbbbbb&zona=Zona+Norte,200,58.381,
2026-08-31T04:08:59.175738+00:00,GET,http://localhost:3000/logistics/tenderos/productos-disponibles?tiendaId=bbbbbbbb-bbbb-4bbb-8bbb-bbbbbbbbbbbb&zona=Zona+Norte,200,58.424,
2026-08-31T04:08:59.209233+00:00,GET,http://localhost:3000/logistics/tenderos/productos-disponibles?tiendaId=bbbbbbbb-bbbb-4bbb-8bbb-bbbbbbbbbbbb&zona=Zona+Norte,200,58.438,
2026-08-31T04:08:59.242594+00:00,GET,http://localhost:3000/logistics/tenderos/productos-disponibles?tiendaId=bbbbbbbb-bbbb-4bbb-8bbb-bbbbbbbbbbbb&zona=Zona+Norte,200,59.009,
2026-08-31T04:08:59.275922+00:00,GET,http://localhost:3000/logistics/tenderos/productos-disponibles?tiendaId=bbbbbbbb-bbbb-4bbb-8bbb-bbbbbbbbbbbb&zona=Zona+Norte,200,54.726,
2026-08-31T04:08:59.309159+00:00,GET,http://localhost:3000/logistics/tenderos/productos-disponibles?tiendaId=bbbbbbbb-bbbb-4bbb-8bbb-bbbbbbbbbbbb&zona=Zona+Norte,200,58.081,
2026-08-31T04:08:59.341756+00:00,GET,http://localhost:3000/logistics/tenderos/productos-disponibles?tiendaId=bbbbbbbb-bbbb-4bbb-8bbb-bbbbbbbbbbbb&zona=Zona+Norte,200,58.047,
2026-08-31T04:08:59.375424+00:00,GET,http://localhost:3000/logistics/tenderos/productos-disponibles?tiendaId=bbbbbbbb-bbbb-4bbb-8bbb-bbbbbbbbbbbb&zona=Zona+Norte,200,57.507,
2026-08-31T04:08:59.408455+00:00,GET,http://localhost:3000/logistics/tenderos/productos-disponibles?tiendaId=bbbbbbbb-bbbb-4bbb-8bbb-bbbbbbbbbbbb&zona=Zona+Norte,200,58.434,
2026-08-31T04:08:59.442682+00:00,GET,http://localhost:3000/logistics/tenderos/productos-disponibles?tiendaId=bbbbbbbb-bbbb-4bbb-8bbb-bbbbbbbbbbbb&zona=Zona+Norte,200,57.964,
2026-08-31T04:08:59.476009+00:00,GET,http://localhost:3000/logistics/tenderos/productos-disponibles?tiendaId=bbbbbbbb-bbbb-4bbb-8bbb-bbbbbbbbbbbb&zona=Zona+Norte,200,55.341,
2026-08-31T04:08:59.508830+00:00,GET,http://localhost:3000/logistics/tenderos/productos-disponibles?tiendaId=bbbbbbbb-bbbb-4bbb-8bbb-bbbbbbbbbbbb&zona=Zona+Norte,200,59.436,
2026-08-31T04:08:59.542707+00:00,GET,http://localhost:3000/logistics/tenderos/productos-disponibles?tiendaId=bbbbbbbb-bbbb-4bbb-8bbb-bbbbbbbbbbbb&zona=Zona+Norte,200,61.751,
2026-08-31T04:08:59.575893+00:00,GET,http://localhost:3000/logistics/tenderos/productos-disponibles?tiendaId=bbbbbbbb-bbbb-4bbb-8bbb-bbbbbbbbbbbb&zona=Zona+Norte,200,62.115,
2026-08-31T04:08:59.608797+00:00,GET,http://localhost:3000/logistics/tenderos/productos-disponibles?tiendaId=bbbbbbbb-bbbb-4bbb-8bbb-bbbbbbbbbbbb&zona=Zona+Norte,200,59.640,
2026-08-31T04:08:59.642119+00:00,GET,http://localhost:3000/logistics/tenderos/productos-disponibles?tiendaId=bbbbbbbb-bbbb-4bbb-8bbb-bbbbbbbbbbbb&zona=Zona+Norte,200,60.295,
2026-08-31T04:08:59.675377+00:00,GET,http://localhost:3000/logistics/tenderos/productos-disponibles?tiendaId=bbbbbbbb-bbbb-4bbb-8bbb-bbbbbbbbbbbb&zona=Zona+Norte,200,61.969,
2026-08-31T04:08:59.709047+00:00,GET,http://localhost:3000/logistics/tenderos/productos-disponibles?tiendaId=bbbbbbbb-bbbb-4bbb-8bbb-bbbbbbbbbbbb&zona=Zona+Norte,200,63.572,
2026-08-31T04:08:59.742234+00:00,GET,http://localhost:3000/logistics/tenderos/productos-disponibles?tiendaId=bbbbbbbb-bbbb-4bbb-8bbb-bbbbbbbbbbbb&zona=Zona+Norte,200,59.851,
2026-08-31T04:08:59.775329+00:00,GET,http://localhost:3000/logistics/tenderos/productos-disponibles?tiendaId=bbbbbbbb-bbbb-4bbb-8bbb-bbbbbbbbbbbb&zona=Zona+Norte,200,61.437,
2026-08-31T04:08:59.809126+00:00,GET,http://localhost:3000/logistics/tenderos/productos-disponibles?tiendaId=bbbbbbbb-bbbb-4bbb-8bbb-bbbbbbbbbbbb&zona=Zona+Norte,200,62.882,
2026-08-31T04:08:59.842257+00:00,GET,http://localhost:3000/logistics/tenderos/productos-disponibles?tiendaId=bbbbbbbb-bbbb-4bbb-8bbb-bbbbbbbbbbbb&zona=Zona+Norte,200,63.546,
2026-08-31T04:08:59.875377+00:00,GET,http://localhost:3000/logistics/tenderos/productos-disponibles?tiendaId=bbbbbbbb-bbbb-4bbb-8bbb-bbbbbbbbbbbb&zona=Zona+Norte,200,61.517,
2026-08-31T04:08:59.908676+00:00,GET,http://localhost:3000/logistics/tenderos/productos-disponibles?tiendaId=bbbbbbbb-bbbb-4bbb-8bbb-bbbbbbbbbbbb&zona=Zona+Norte,200,59.801,
2026-08-31T04:08:59.942266+00:00,GET,http://localhost:3000/logistics/tenderos/productos-disponibles?tiendaId=bbbbbbbb-bbbb-4bbb-8bbb-bbbbbbbbbbbb&zona=Zona+Norte,200,59.920,
2026-08-31T04:08:59.975828+00:00,GET,http://localhost:3000/logistics/tenderos/productos-disponibles?tiendaId=bbbbbbbb-bbbb-4bbb-8bbb-bbbbbbbbbbbb&zona=Zona+Norte,200,62.723,
2026-08-31T04:09:00.009100+00:00,GET,http://localhost:3000/logistics/tenderos/productos-disponibles?tiendaId=bbbbbbbb-bbbb-4bbb-8bbb-bbbbbbbbbbbb&zona=Zona+Norte,200,62.731,
2026-08-31T04:09:00.042039+00:00,GET,http://localhost:3000/logistics/tenderos/productos-disponibles?tiendaId=bbbbbbbb-bbbb-4bbb-8bbb-bbbbbbbbbbbb&zona=Zona+Norte,200,62.329,
2026-08-31T04:09:00.075386+00:00,GET,http://localhost:3000/logistics/tenderos/productos-disponibles?tiendaId=bbbbbbbb-bbbb-4bbb-8bbb-bbbbbbbbbbbb&zona=Zona+Norte,200,58.646,
2026-08-31T04:09:00.108809+00:00,GET,http://localhost:3000/logistics/tenderos/productos-disponibles?tiendaId=bbbbbbbb-bbbb-4bbb-8bbb-bbbbbbbbbbbb&zona=Zona+Norte,200,59.258,
2026-08-31T04:09:00.142649+00:00,GET,http://localhost:3000/logistics/tenderos/productos-disponibles?tiendaId=bbbbbbbb-bbbb-4bbb-8bbb-bbbbbbbbbbbb&zona=Zona+Norte,200,59.442,
2026-08-31T04:09:00.175891+00:00,GET,http://localhost:3000/logistics/tenderos/productos-disponibles?tiendaId=bbbbbbbb-bbbb-4bbb-8bbb-bbbbbbbbbbbb&zona=Zona+Norte,200,63.813,
2026-08-31T04:09:00.209147+00:00,GET,http://localhost:3000/logistics/tenderos/productos-disponibles?tiendaId=bbbbbbbb-bbbb-4bbb-8bbb-bbbbbbbbbbbb&zona=Zona+Norte,200,64.507,
2026-08-31T04:09:00.241933+00:00,GET,http://localhost:3000/logistics/tenderos/productos-disponibles?tiendaId=bbbbbbbb-bbbb-4bbb-8bbb-bbbbbbbbbbbb&zona=Zona+Norte,200,62.655,
2026-08-31T04:09:00.275208+00:00,GET,http://localhost:3000/logistics/tenderos/productos-disponibles?tiendaId=bbbbbbbb-bbbb-4bbb-8bbb-bbbbbbbbbbbb&zona=Zona+Norte,200,63.028,
2026-08-31T04:09:00.308841+00:00,GET,http://localhost:3000/logistics/tenderos/productos-disponibles?tiendaId=bbbbbbbb-bbbb-4bbb-8bbb-bbbbbbbbbbbb&zona=Zona+Norte,200,63.824,
2026-08-31T04:09:00.342093+00:00,GET,http://localhost:3000/logistics/tenderos/productos-disponibles?tiendaId=bbbbbbbb-bbbb-4bbb-8bbb-bbbbbbbbbbbb&zona=Zona+Norte,200,58.154,
2026-08-31T04:09:00.375290+00:00,GET,http://localhost:3000/logistics/tenderos/productos-disponibles?tiendaId=bbbbbbbb-bbbb-4bbb-8bbb-bbbbbbbbbbbb&zona=Zona+Norte,200,62.737,
2026-08-31T04:09:00.409343+00:00,GET,http://localhost:3000/logistics/tenderos/productos-disponibles?tiendaId=bbbbbbbb-bbbb-4bbb-8bbb-bbbbbbbbbbbb&zona=Zona+Norte,200,63.299,
2026-08-31T04:09:00.442109+00:00,GET,http://localhost:3000/logistics/tenderos/productos-disponibles?tiendaId=bbbbbbbb-bbbb-4bbb-8bbb-bbbbbbbbbbbb&zona=Zona+Norte,200,64.474,
2026-08-31T04:09:00.475284+00:00,GET,http://localhost:3000/logistics/tenderos/productos-disponibles?tiendaId=bbbbbbbb-bbbb-4bbb-8bbb-bbbbbbbbbbbb&zona=Zona+Norte,200,63.408,
2026-08-31T04:09:00.508598+00:00,GET,http://localhost:3000/logistics/tenderos/productos-disponibles?tiendaId=bbbbbbbb-bbbb-4bbb-8bbb-bbbbbbbbbbbb&zona=Zona+Norte,200,64.952,
2026-08-31T04:09:00.542045+00:00,GET,http://localhost:3000/logistics/tenderos/productos-disponibles?tiendaId=bbbbbbbb-bbbb-4bbb-8bbb-bbbbbbbbbbbb&zona=Zona+Norte,200,62.832,
2026-08-31T04:09:00.575286+00:00,GET,http://localhost:3000/logistics/tenderos/productos-disponibles?tiendaId=bbbbbbbb-bbbb-4bbb-8bbb-bbbbbbbbbbbb&zona=Zona+Norte,200,59.835,
2026-08-31T04:09:00.608770+00:00,GET,http://localhost:3000/logistics/tenderos/productos-disponibles?tiendaId=bbbbbbbb-bbbb-4bbb-8bbb-bbbbbbbbbbbb&zona=Zona+Norte,200,62.549,
2026-08-31T04:09:00.642486+00:00,GET,http://localhost:3000/logistics/tenderos/productos-disponibles?tiendaId=bbbbbbbb-bbbb-4bbb-8bbb-bbbbbbbbbbbb&zona=Zona+Norte,200,62.417,
2026-08-31T04:09:00.675457+00:00,GET,http://localhost:3000/logistics/tenderos/productos-disponibles?tiendaId=bbbbbbbb-bbbb-4bbb-8bbb-bbbbbbbbbbbb&zona=Zona+Norte,200,61.634,
2026-08-31T04:09:00.708768+00:00,GET,http://localhost:3000/logistics/tenderos/productos-disponibles?tiendaId=bbbbbbbb-bbbb-4bbb-8bbb-bbbbbbbbbbbb&zona=Zona+Norte,200,59.168,
2026-08-31T04:09:00.742245+00:00,GET,http://localhost:3000/logistics/tenderos/productos-disponibles?tiendaId=bbbbbbbb-bbbb-4bbb-8bbb-bbbbbbbbbbbb&zona=Zona+Norte,200,58.146,
2026-08-31T04:09:00.775892+00:00,GET,http://localhost:3000/logistics/tenderos/productos-disponibles?tiendaId=bbbbbbbb-bbbb-4bbb-8bbb-bbbbbbbbbbbb&zona=Zona+Norte,200,62.305,
2026-08-31T04:09:00.809370+00:00,GET,http://localhost:3000/logistics/tenderos/productos-disponibles?tiendaId=bbbbbbbb-bbbb-4bbb-8bbb-bbbbbbbbbbbb&zona=Zona+Norte,200,63.076,
2026-08-31T04:09:00.842111+00:00,GET,http://localhost:3000/logistics/tenderos/productos-disponibles?tiendaId=bbbbbbbb-bbbb-4bbb-8bbb-bbbbbbbbbbbb&zona=Zona+Norte,200,66.449,
2026-08-31T04:09:00.875350+00:00,GET,http://localhost:3000/logistics/tenderos/productos-disponibles?tiendaId=bbbbbbbb-bbbb-4bbb-8bbb-bbbbbbbbbbbb&zona=Zona+Norte,200,67.315,
2026-08-31T04:09:00.908588+00:00,GET,http://localhost:3000/logistics/tenderos/productos-disponibles?tiendaId=bbbbbbbb-bbbb-4bbb-8bbb-bbbbbbbbbbbb&zona=Zona+Norte,200,67.881,
2026-08-31T04:09:00.942257+00:00,GET,http://localhost:3000/logistics/tenderos/productos-disponibles?tiendaId=bbbbbbbb-bbbb-4bbb-8bbb-bbbbbbbbbbbb&zona=Zona+Norte,200,70.943,
2026-08-31T04:09:00.975529+00:00,GET,http://localhost:3000/logistics/tenderos/productos-disponibles?tiendaId=bbbbbbbb-bbbb-4bbb-8bbb-bbbbbbbbbbbb&zona=Zona+Norte,200,71.454,
2026-08-31T04:09:01.009347+00:00,GET,http://localhost:3000/logistics/tenderos/productos-disponibles?tiendaId=bbbbbbbb-bbbb-4bbb-8bbb-bbbbbbbbbbbb&zona=Zona+Norte,200,65.161,
2026-08-31T04:09:01.042678+00:00,GET,http://localhost:3000/logistics/tenderos/productos-disponibles?tiendaId=bbbbbbbb-bbbb-4bbb-8bbb-bbbbbbbbbbbb&zona=Zona+Norte,200,67.902,
2026-08-31T04:09:01.075027+00:00,GET,http://localhost:3000/logistics/tenderos/productos-disponibles?tiendaId=bbbbbbbb-bbbb-4bbb-8bbb-bbbbbbbbbbbb&zona=Zona+Norte,200,62.982,
2026-08-31T04:09:01.109346+00:00,GET,http://localhost:3000/logistics/tenderos/productos-disponibles?tiendaId=bbbbbbbb-bbbb-4bbb-8bbb-bbbbbbbbbbbb&zona=Zona+Norte,200,63.664,
2026-08-31T04:09:01.142126+00:00,GET,http://localhost:3000/logistics/tenderos/productos-disponibles?tiendaId=bbbbbbbb-bbbb-4bbb-8bbb-bbbbbbbbbbbb&zona=Zona+Norte,200,65.534,
2026-08-31T04:09:01.175243+00:00,GET,http://localhost:3000/logistics/tenderos/productos-disponibles?tiendaId=bbbbbbbb-bbbb-4bbb-8bbb-bbbbbbbbbbbb&zona=Zona+Norte,200,59.869,
2026-08-31T04:09:01.208384+00:00,GET,http://localhost:3000/logistics/tenderos/productos-disponibles?tiendaId=bbbbbbbb-bbbb-4bbb-8bbb-bbbbbbbbbbbb&zona=Zona+Norte,200,61.920,
2026-08-31T04:09:01.242298+00:00,GET,http://localhost:3000/logistics/tenderos/productos-disponibles?tiendaId=bbbbbbbb-bbbb-4bbb-8bbb-bbbbbbbbbbbb&zona=Zona+Norte,200,59.238,
2026-08-31T04:09:01.275623+00:00,GET,http://localhost:3000/logistics/tenderos/productos-disponibles?tiendaId=bbbbbbbb-bbbb-4bbb-8bbb-bbbbbbbbbbbb&zona=Zona+Norte,200,61.329,
2026-08-31T04:09:01.309186+00:00,GET,http://localhost:3000/logistics/tenderos/productos-disponibles?tiendaId=bbbbbbbb-bbbb-4bbb-8bbb-bbbbbbbbbbbb&zona=Zona+Norte,200,58.215,
2026-08-31T04:09:01.342263+00:00,GET,http://localhost:3000/logistics/tenderos/productos-disponibles?tiendaId=bbbbbbbb-bbbb-4bbb-8bbb-bbbbbbbbbbbb&zona=Zona+Norte,200,61.002,
2026-08-31T04:09:01.375638+00:00,GET,http://localhost:3000/logistics/tenderos/productos-disponibles?tiendaId=bbbbbbbb-bbbb-4bbb-8bbb-bbbbbbbbbbbb&zona=Zona+Norte,200,61.996,
2026-08-31T04:09:01.408960+00:00,GET,http://localhost:3000/logistics/tenderos/productos-disponibles?tiendaId=bbbbbbbb-bbbb-4bbb-8bbb-bbbbbbbbbbbb&zona=Zona+Norte,200,58.781,
2026-08-31T04:09:01.442162+00:00,GET,http://localhost:3000/logistics/tenderos/productos-disponibles?tiendaId=bbbbbbbb-bbbb-4bbb-8bbb-bbbbbbbbbbbb&zona=Zona+Norte,200,61.165,
2026-08-31T04:09:01.475704+00:00,GET,http://localhost:3000/logistics/tenderos/productos-disponibles?tiendaId=bbbbbbbb-bbbb-4bbb-8bbb-bbbbbbbbbbbb&zona=Zona+Norte,200,61.809,
2026-08-31T04:09:01.508949+00:00,GET,http://localhost:3000/logistics/tenderos/productos-disponibles?tiendaId=bbbbbbbb-bbbb-4bbb-8bbb-bbbbbbbbbbbb&zona=Zona+Norte,200,62.240,
2026-08-31T04:09:01.542180+00:00,GET,http://localhost:3000/logistics/tenderos/productos-disponibles?tiendaId=bbbbbbbb-bbbb-4bbb-8bbb-bbbbbbbbbbbb&zona=Zona+Norte,200,61.699,
2026-08-31T04:09:01.575551+00:00,GET,http://localhost:3000/logistics/tenderos/productos-disponibles?tiendaId=bbbbbbbb-bbbb-4bbb-8bbb-bbbbbbbbbbbb&zona=Zona+Norte,200,60.926,
2026-08-31T04:09:01.608905+00:00,GET,http://localhost:3000/logistics/tenderos/productos-disponibles?tiendaId=bbbbbbbb-bbbb-4bbb-8bbb-bbbbbbbbbbbb&zona=Zona+Norte,200,60.728,
2026-08-31T04:09:01.641893+00:00,GET,http://localhost:3000/logistics/tenderos/productos-disponibles?tiendaId=bbbbbbbb-bbbb-4bbb-8bbb-bbbbbbbbbbbb&zona=Zona+Norte,200,62.035,
2026-08-31T04:09:01.675415+00:00,GET,http://localhost:3000/logistics/tenderos/productos-disponibles?tiendaId=bbbbbbbb-bbbb-4bbb-8bbb-bbbbbbbbbbbb&zona=Zona+Norte,200,61.035,
2026-08-31T04:09:01.708618+00:00,GET,http://localhost:3000/logistics/tenderos/productos-disponibles?tiendaId=bbbbbbbb-bbbb-4bbb-8bbb-bbbbbbbbbbbb&zona=Zona+Norte,200,58.535,
2026-08-31T04:09:01.742325+00:00,GET,http://localhost:3000/logistics/tenderos/productos-disponibles?tiendaId=bbbbbbbb-bbbb-4bbb-8bbb-bbbbbbbbbbbb&zona=Zona+Norte,200,57.913,
2026-08-31T04:09:01.775871+00:00,GET,http://localhost:3000/logistics/tenderos/productos-disponibles?tiendaId=bbbbbbbb-bbbb-4bbb-8bbb-bbbbbbbbbbbb&zona=Zona+Norte,200,58.216,
2026-08-31T04:09:01.809343+00:00,GET,http://localhost:3000/logistics/tenderos/productos-disponibles?tiendaId=bbbbbbbb-bbbb-4bbb-8bbb-bbbbbbbbbbbb&zona=Zona+Norte,200,60.976,
2026-08-31T04:09:01.842625+00:00,GET,http://localhost:3000/logistics/tenderos/productos-disponibles?tiendaId=bbbbbbbb-bbbb-4bbb-8bbb-bbbbbbbbbbbb&zona=Zona+Norte,200,61.455,
2026-08-31T04:09:01.875592+00:00,GET,http://localhost:3000/logistics/tenderos/productos-disponibles?tiendaId=bbbbbbbb-bbbb-4bbb-8bbb-bbbbbbbbbbbb&zona=Zona+Norte,200,58.697,
2026-08-31T04:09:01.908883+00:00,GET,http://localhost:3000/logistics/tenderos/productos-disponibles?tiendaId=bbbbbbbb-bbbb-4bbb-8bbb-bbbbbbbbbbbb&zona=Zona+Norte,200,62.185,
2026-08-31T04:09:01.942597+00:00,GET,http://localhost:3000/logistics/tenderos/productos-disponibles?tiendaId=bbbbbbbb-bbbb-4bbb-8bbb-bbbbbbbbbbbb&zona=Zona+Norte,200,61.445,
2026-08-31T04:09:01.975514+00:00,GET,http://localhost:3000/logistics/tenderos/productos-disponibles?tiendaId=bbbbbbbb-bbbb-4bbb-8bbb-bbbbbbbbbbbb&zona=Zona+Norte,200,67.635,
2026-08-31T04:09:02.008377+00:00,GET,http://localhost:3000/logistics/tenderos/productos-disponibles?tiendaId=bbbbbbbb-bbbb-4bbb-8bbb-bbbbbbbbbbbb&zona=Zona+Norte,200,61.238,
2026-08-31T04:09:02.042686+00:00,GET,http://localhost:3000/logistics/tenderos/productos-disponibles?tiendaId=bbbbbbbb-bbbb-4bbb-8bbb-bbbbbbbbbbbb&zona=Zona+Norte,200,58.708,
2026-08-31T04:09:02.075174+00:00,GET,http://localhost:3000/logistics/tenderos/productos-disponibles?tiendaId=bbbbbbbb-bbbb-4bbb-8bbb-bbbbbbbbbbbb&zona=Zona+Norte,200,61.548,
2026-08-31T04:09:02.109210+00:00,GET,http://localhost:3000/logistics/tenderos/productos-disponibles?tiendaId=bbbbbbbb-bbbb-4bbb-8bbb-bbbbbbbbbbbb&zona=Zona+Norte,200,60.452,
2026-08-31T04:09:02.142292+00:00,GET,http://localhost:3000/logistics/tenderos/productos-disponibles?tiendaId=bbbbbbbb-bbbb-4bbb-8bbb-bbbbbbbbbbbb&zona=Zona+Norte,200,62.284,
2026-08-31T04:09:02.175695+00:00,GET,http://localhost:3000/logistics/tenderos/productos-disponibles?tiendaId=bbbbbbbb-bbbb-4bbb-8bbb-bbbbbbbbbbbb&zona=Zona+Norte,200,58.767,
2026-08-31T04:09:02.208803+00:00,GET,http://localhost:3000/logistics/tenderos/productos-disponibles?tiendaId=bbbbbbbb-bbbb-4bbb-8bbb-bbbbbbbbbbbb&zona=Zona+Norte,200,63.413,
2026-08-31T04:09:02.242581+00:00,GET,http://localhost:3000/logistics/tenderos/productos-disponibles?tiendaId=bbbbbbbb-bbbb-4bbb-8bbb-bbbbbbbbbbbb&zona=Zona+Norte,200,57.761,
2026-08-31T04:09:02.275374+00:00,GET,http://localhost:3000/logistics/tenderos/productos-disponibles?tiendaId=bbbbbbbb-bbbb-4bbb-8bbb-bbbbbbbbbbbb&zona=Zona+Norte,200,61.993,
2026-08-31T04:09:02.308381+00:00,GET,http://localhost:3000/logistics/tenderos/productos-disponibles?tiendaId=bbbbbbbb-bbbb-4bbb-8bbb-bbbbbbbbbbbb&zona=Zona+Norte,200,58.942,
2026-08-31T04:09:02.342013+00:00,GET,http://localhost:3000/logistics/tenderos/productos-disponibles?tiendaId=bbbbbbbb-bbbb-4bbb-8bbb-bbbbbbbbbbbb&zona=Zona+Norte,200,61.191,
2026-08-31T04:09:02.375990+00:00,GET,http://localhost:3000/logistics/tenderos/productos-disponibles?tiendaId=bbbbbbbb-bbbb-4bbb-8bbb-bbbbbbbbbbbb&zona=Zona+Norte,200,61.656,
2026-08-31T04:09:02.408840+00:00,GET,http://localhost:3000/logistics/tenderos/productos-disponibles?tiendaId=bbbbbbbb-bbbb-4bbb-8bbb-bbbbbbbbbbbb&zona=Zona+Norte,200,60.893,
2026-08-31T04:09:02.442203+00:00,GET,http://localhost:3000/logistics/tenderos/productos-disponibles?tiendaId=bbbbbbbb-bbbb-4bbb-8bbb-bbbbbbbbbbbb&zona=Zona+Norte,200,62.309,
2026-08-31T04:09:02.475676+00:00,GET,http://localhost:3000/logistics/tenderos/productos-disponibles?tiendaId=bbbbbbbb-bbbb-4bbb-8bbb-bbbbbbbbbbbb&zona=Zona+Norte,200,63.085,
2026-08-31T04:09:02.508820+00:00,GET,http://localhost:3000/logistics/tenderos/productos-disponibles?tiendaId=bbbbbbbb-bbbb-4bbb-8bbb-bbbbbbbbbbbb&zona=Zona+Norte,200,61.070,
2026-08-31T04:09:02.542033+00:00,GET,http://localhost:3000/logistics/tenderos/productos-disponibles?tiendaId=bbbbbbbb-bbbb-4bbb-8bbb-bbbbbbbbbbbb&zona=Zona+Norte,200,58.139,
2026-08-31T04:09:02.575723+00:00,GET,http://localhost:3000/logistics/tenderos/productos-disponibles?tiendaId=bbbbbbbb-bbbb-4bbb-8bbb-bbbbbbbbbbbb&zona=Zona+Norte,200,57.395,
2026-08-31T04:09:02.609365+00:00,GET,http://localhost:3000/logistics/tenderos/productos-disponibles?tiendaId=bbbbbbbb-bbbb-4bbb-8bbb-bbbbbbbbbbbb&zona=Zona+Norte,200,58.045,
2026-08-31T04:09:02.642701+00:00,GET,http://localhost:3000/logistics/tenderos/productos-disponibles?tiendaId=bbbbbbbb-bbbb-4bbb-8bbb-bbbbbbbbbbbb&zona=Zona+Norte,200,60.615,
2026-08-31T04:09:02.675972+00:00,GET,http://localhost:3000/logistics/tenderos/productos-disponibles?tiendaId=bbbbbbbb-bbbb-4bbb-8bbb-bbbbbbbbbbbb&zona=Zona+Norte,200,58.725,
2026-08-31T04:09:02.708976+00:00,GET,http://localhost:3000/logistics/tenderos/productos-disponibles?tiendaId=bbbbbbbb-bbbb-4bbb-8bbb-bbbbbbbbbbbb&zona=Zona+Norte,200,57.828,
2026-08-31T04:09:02.742579+00:00,GET,http://localhost:3000/logistics/tenderos/productos-disponibles?tiendaId=bbbbbbbb-bbbb-4bbb-8bbb-bbbbbbbbbbbb&zona=Zona+Norte,200,58.468,
2026-08-31T04:09:02.775237+00:00,GET,http://localhost:3000/logistics/tenderos/productos-disponibles?tiendaId=bbbbbbbb-bbbb-4bbb-8bbb-bbbbbbbbbbbb&zona=Zona+Norte,200,57.559,
2026-08-31T04:09:02.809264+00:00,GET,http://localhost:3000/logistics/tenderos/productos-disponibles?tiendaId=bbbbbbbb-bbbb-4bbb-8bbb-bbbbbbbbbbbb&zona=Zona+Norte,200,59.845,
2026-08-31T04:09:02.842669+00:00,GET,http://localhost:3000/logistics/tenderos/productos-disponibles?tiendaId=bbbbbbbb-bbbb-4bbb-8bbb-bbbbbbbbbbbb&zona=Zona+Norte,200,60.145,
2026-08-31T04:09:02.875421+00:00,GET,http://localhost:3000/logistics/tenderos/productos-disponibles?tiendaId=bbbbbbbb-bbbb-4bbb-8bbb-bbbbbbbbbbbb&zona=Zona+Norte,200,58.530,
2026-08-31T04:09:02.909048+00:00,GET,http://localhost:3000/logistics/tenderos/productos-disponibles?tiendaId=bbbbbbbb-bbbb-4bbb-8bbb-bbbbbbbbbbbb&zona=Zona+Norte,200,57.838,
2026-08-31T04:09:02.942667+00:00,GET,http://localhost:3000/logistics/tenderos/productos-disponibles?tiendaId=bbbbbbbb-bbbb-4bbb-8bbb-bbbbbbbbbbbb&zona=Zona+Norte,200,61.744,
2026-08-31T04:09:02.976047+00:00,GET,http://localhost:3000/logistics/tenderos/productos-disponibles?tiendaId=bbbbbbbb-bbbb-4bbb-8bbb-bbbbbbbbbbbb&zona=Zona+Norte,200,59.213,
2026-08-31T04:09:03.008853+00:00,GET,http://localhost:3000/logistics/tenderos/productos-disponibles?tiendaId=bbbbbbbb-bbbb-4bbb-8bbb-bbbbbbbbbbbb&zona=Zona+Norte,200,59.096,
2026-08-31T04:09:03.042483+00:00,GET,http://localhost:3000/logistics/tenderos/productos-disponibles?tiendaId=bbbbbbbb-bbbb-4bbb-8bbb-bbbbbbbbbbbb&zona=Zona+Norte,200,63.409,
2026-08-31T04:09:03.075854+00:00,GET,http://localhost:3000/logistics/tenderos/productos-disponibles?tiendaId=bbbbbbbb-bbbb-4bbb-8bbb-bbbbbbbbbbbb&zona=Zona+Norte,200,61.876,
2026-08-31T04:09:03.108647+00:00,GET,http://localhost:3000/logistics/tenderos/productos-disponibles?tiendaId=bbbbbbbb-bbbb-4bbb-8bbb-bbbbbbbbbbbb&zona=Zona+Norte,200,60.352,
2026-08-31T04:09:03.142206+00:00,GET,http://localhost:3000/logistics/tenderos/productos-disponibles?tiendaId=bbbbbbbb-bbbb-4bbb-8bbb-bbbbbbbbbbbb&zona=Zona+Norte,200,62.001,
2026-08-31T04:09:03.175782+00:00,GET,http://localhost:3000/logistics/tenderos/productos-disponibles?tiendaId=bbbbbbbb-bbbb-4bbb-8bbb-bbbbbbbbbbbb&zona=Zona+Norte,200,61.324,
2026-08-31T04:09:03.208673+00:00,GET,http://localhost:3000/logistics/tenderos/productos-disponibles?tiendaId=bbbbbbbb-bbbb-4bbb-8bbb-bbbbbbbbbbbb&zona=Zona+Norte,200,62.096,
2026-08-31T04:09:03.242290+00:00,GET,http://localhost:3000/logistics/tenderos/productos-disponibles?tiendaId=bbbbbbbb-bbbb-4bbb-8bbb-bbbbbbbbbbbb&zona=Zona+Norte,200,65.659,
2026-08-31T04:09:03.275403+00:00,GET,http://localhost:3000/logistics/tenderos/productos-disponibles?tiendaId=bbbbbbbb-bbbb-4bbb-8bbb-bbbbbbbbbbbb&zona=Zona+Norte,200,67.349,
2026-08-31T04:09:03.308377+00:00,GET,http://localhost:3000/logistics/tenderos/productos-disponibles?tiendaId=bbbbbbbb-bbbb-4bbb-8bbb-bbbbbbbbbbbb&zona=Zona+Norte,200,67.110,
2026-08-31T04:09:03.341866+00:00,GET,http://localhost:3000/logistics/tenderos/productos-disponibles?tiendaId=bbbbbbbb-bbbb-4bbb-8bbb-bbbbbbbbbbbb&zona=Zona+Norte,200,64.691,
2026-08-31T04:09:03.375505+00:00,GET,http://localhost:3000/logistics/tenderos/productos-disponibles?tiendaId=bbbbbbbb-bbbb-4bbb-8bbb-bbbbbbbbbbbb&zona=Zona+Norte,200,65.424,
2026-08-31T04:09:03.408574+00:00,GET,http://localhost:3000/logistics/tenderos/productos-disponibles?tiendaId=bbbbbbbb-bbbb-4bbb-8bbb-bbbbbbbbbbbb&zona=Zona+Norte,200,65.993,
2026-08-31T04:09:03.441774+00:00,GET,http://localhost:3000/logistics/tenderos/productos-disponibles?tiendaId=bbbbbbbb-bbbb-4bbb-8bbb-bbbbbbbbbbbb&zona=Zona+Norte,200,65.409,
2026-08-31T04:09:03.475061+00:00,GET,http://localhost:3000/logistics/tenderos/productos-disponibles?tiendaId=bbbbbbbb-bbbb-4bbb-8bbb-bbbbbbbbbbbb&zona=Zona+Norte,200,61.219,
2026-08-31T04:09:03.508501+00:00,GET,http://localhost:3000/logistics/tenderos/productos-disponibles?tiendaId=bbbbbbbb-bbbb-4bbb-8bbb-bbbbbbbbbbbb&zona=Zona+Norte,200,55.748,
2026-08-31T04:09:03.542416+00:00,GET,http://localhost:3000/logistics/tenderos/productos-disponibles?tiendaId=bbbbbbbb-bbbb-4bbb-8bbb-bbbbbbbbbbbb&zona=Zona+Norte,200,55.741,
2026-08-31T04:09:03.576205+00:00,GET,http://localhost:3000/logistics/tenderos/productos-disponibles?tiendaId=bbbbbbbb-bbbb-4bbb-8bbb-bbbbbbbbbbbb&zona=Zona+Norte,200,59.245,
2026-08-31T04:09:03.609400+00:00,GET,http://localhost:3000/logistics/tenderos/productos-disponibles?tiendaId=bbbbbbbb-bbbb-4bbb-8bbb-bbbbbbbbbbbb&zona=Zona+Norte,200,56.147,
2026-08-31T04:09:03.642488+00:00,GET,http://localhost:3000/logistics/tenderos/productos-disponibles?tiendaId=bbbbbbbb-bbbb-4bbb-8bbb-bbbbbbbbbbbb&zona=Zona+Norte,200,58.425,
2026-08-31T04:09:03.676087+00:00,GET,http://localhost:3000/logistics/tenderos/productos-disponibles?tiendaId=bbbbbbbb-bbbb-4bbb-8bbb-bbbbbbbbbbbb&zona=Zona+Norte,200,56.209,
2026-08-31T04:09:03.709304+00:00,GET,http://localhost:3000/logistics/tenderos/productos-disponibles?tiendaId=bbbbbbbb-bbbb-4bbb-8bbb-bbbbbbbbbbbb&zona=Zona+Norte,200,59.134,
2026-08-31T04:09:03.742727+00:00,GET,http://localhost:3000/logistics/tenderos/productos-disponibles?tiendaId=bbbbbbbb-bbbb-4bbb-8bbb-bbbbbbbbbbbb&zona=Zona+Norte,200,54.765,
2026-08-31T04:09:03.775587+00:00,GET,http://localhost:3000/logistics/tenderos/productos-disponibles?tiendaId=bbbbbbbb-bbbb-4bbb-8bbb-bbbbbbbbbbbb&zona=Zona+Norte,200,55.115,
2026-08-31T04:09:03.808776+00:00,GET,http://localhost:3000/logistics/tenderos/productos-disponibles?tiendaId=bbbbbbbb-bbbb-4bbb-8bbb-bbbbbbbbbbbb&zona=Zona+Norte,200,61.043,
2026-08-31T04:09:03.842719+00:00,GET,http://localhost:3000/logistics/tenderos/productos-disponibles?tiendaId=bbbbbbbb-bbbb-4bbb-8bbb-bbbbbbbbbbbb&zona=Zona+Norte,200,59.255,
2026-08-31T04:09:03.875707+00:00,GET,http://localhost:3000/logistics/tenderos/productos-disponibles?tiendaId=bbbbbbbb-bbbb-4bbb-8bbb-bbbbbbbbbbbb&zona=Zona+Norte,200,59.629,
2026-08-31T04:09:03.909190+00:00,GET,http://localhost:3000/logistics/tenderos/productos-disponibles?tiendaId=bbbbbbbb-bbbb-4bbb-8bbb-bbbbbbbbbbbb&zona=Zona+Norte,200,59.082,
2026-08-31T04:09:03.942511+00:00,GET,http://localhost:3000/logistics/tenderos/productos-disponibles?tiendaId=bbbbbbbb-bbbb-4bbb-8bbb-bbbbbbbbbbbb&zona=Zona+Norte,200,55.687,
2026-08-31T04:09:03.975897+00:00,GET,http://localhost:3000/logistics/tenderos/productos-disponibles?tiendaId=bbbbbbbb-bbbb-4bbb-8bbb-bbbbbbbbbbbb&zona=Zona+Norte,200,57.589,
2026-08-31T04:09:04.009397+00:00,GET,http://localhost:3000/logistics/tenderos/productos-disponibles?tiendaId=bbbbbbbb-bbbb-4bbb-8bbb-bbbbbbbbbbbb&zona=Zona+Norte,200,57.903,
2026-08-31T04:09:04.042215+00:00,GET,http://localhost:3000/logistics/tenderos/productos-disponibles?tiendaId=bbbbbbbb-bbbb-4bbb-8bbb-bbbbbbbbbbbb&zona=Zona+Norte,200,57.669,
2026-08-31T04:09:04.076024+00:00,GET,http://localhost:3000/logistics/tenderos/productos-disponibles?tiendaId=bbbbbbbb-bbbb-4bbb-8bbb-bbbbbbbbbbbb&zona=Zona+Norte,200,58.264,
2026-08-31T04:09:04.109407+00:00,GET,http://localhost:3000/logistics/tenderos/productos-disponibles?tiendaId=bbbbbbbb-bbbb-4bbb-8bbb-bbbbbbbbbbbb&zona=Zona+Norte,200,55.567,
2026-08-31T04:09:04.142638+00:00,GET,http://localhost:3000/logistics/tenderos/productos-disponibles?tiendaId=bbbbbbbb-bbbb-4bbb-8bbb-bbbbbbbbbbbb&zona=Zona+Norte,200,59.056,
2026-08-31T04:09:04.175323+00:00,GET,http://localhost:3000/logistics/tenderos/productos-disponibles?tiendaId=bbbbbbbb-bbbb-4bbb-8bbb-bbbbbbbbbbbb&zona=Zona+Norte,200,58.122,
2026-08-31T04:09:04.209212+00:00,GET,http://localhost:3000/logistics/tenderos/productos-disponibles?tiendaId=bbbbbbbb-bbbb-4bbb-8bbb-bbbbbbbbbbbb&zona=Zona+Norte,200,59.376,
2026-08-31T04:09:04.242756+00:00,GET,http://localhost:3000/logistics/tenderos/productos-disponibles?tiendaId=bbbbbbbb-bbbb-4bbb-8bbb-bbbbbbbbbbbb&zona=Zona+Norte,200,55.463,
2026-08-31T04:09:04.275853+00:00,GET,http://localhost:3000/logistics/tenderos/productos-disponibles?tiendaId=bbbbbbbb-bbbb-4bbb-8bbb-bbbbbbbbbbbb&zona=Zona+Norte,200,55.690,
2026-08-31T04:09:04.309415+00:00,GET,http://localhost:3000/logistics/tenderos/productos-disponibles?tiendaId=bbbbbbbb-bbbb-4bbb-8bbb-bbbbbbbbbbbb&zona=Zona+Norte,200,57.914,
2026-08-31T04:09:04.342770+00:00,GET,http://localhost:3000/logistics/tenderos/productos-disponibles?tiendaId=bbbbbbbb-bbbb-4bbb-8bbb-bbbbbbbbbbbb&zona=Zona+Norte,200,57.906,
2026-08-31T04:09:04.376025+00:00,GET,http://localhost:3000/logistics/tenderos/productos-disponibles?tiendaId=bbbbbbbb-bbbb-4bbb-8bbb-bbbbbbbbbbbb&zona=Zona+Norte,200,59.042,
2026-08-31T04:09:04.409336+00:00,GET,http://localhost:3000/logistics/tenderos/productos-disponibles?tiendaId=bbbbbbbb-bbbb-4bbb-8bbb-bbbbbbbbbbbb&zona=Zona+Norte,200,59.175,
2026-08-31T04:09:04.442572+00:00,GET,http://localhost:3000/logistics/tenderos/productos-disponibles?tiendaId=bbbbbbbb-bbbb-4bbb-8bbb-bbbbbbbbbbbb&zona=Zona+Norte,200,60.377,
2026-08-31T04:09:04.475896+00:00,GET,http://localhost:3000/logistics/tenderos/productos-disponibles?tiendaId=bbbbbbbb-bbbb-4bbb-8bbb-bbbbbbbbbbbb&zona=Zona+Norte,200,57.446,
2026-08-31T04:09:04.509056+00:00,GET,http://localhost:3000/logistics/tenderos/productos-disponibles?tiendaId=bbbbbbbb-bbbb-4bbb-8bbb-bbbbbbbbbbbb&zona=Zona+Norte,200,60.776,
2026-08-31T04:09:04.542729+00:00,GET,http://localhost:3000/logistics/tenderos/productos-disponibles?tiendaId=bbbbbbbb-bbbb-4bbb-8bbb-bbbbbbbbbbbb&zona=Zona+Norte,200,62.940,
2026-08-31T04:09:04.575747+00:00,GET,http://localhost:3000/logistics/tenderos/productos-disponibles?tiendaId=bbbbbbbb-bbbb-4bbb-8bbb-bbbbbbbbbbbb&zona=Zona+Norte,200,58.284,
2026-08-31T04:09:04.608732+00:00,GET,http://localhost:3000/logistics/tenderos/productos-disponibles?tiendaId=bbbbbbbb-bbbb-4bbb-8bbb-bbbbbbbbbbbb&zona=Zona+Norte,200,57.946,
2026-08-31T04:09:04.642712+00:00,GET,http://localhost:3000/logistics/tenderos/productos-disponibles?tiendaId=bbbbbbbb-bbbb-4bbb-8bbb-bbbbbbbbbbbb&zona=Zona+Norte,200,63.194,
2026-08-31T04:09:04.676090+00:00,GET,http://localhost:3000/logistics/tenderos/productos-disponibles?tiendaId=bbbbbbbb-bbbb-4bbb-8bbb-bbbbbbbbbbbb&zona=Zona+Norte,200,60.843,
2026-08-31T04:09:04.708712+00:00,GET,http://localhost:3000/logistics/tenderos/productos-disponibles?tiendaId=bbbbbbbb-bbbb-4bbb-8bbb-bbbbbbbbbbbb&zona=Zona+Norte,200,59.857,
2026-08-31T04:09:04.742441+00:00,GET,http://localhost:3000/logistics/tenderos/productos-disponibles?tiendaId=bbbbbbbb-bbbb-4bbb-8bbb-bbbbbbbbbbbb&zona=Zona+Norte,200,63.032,
2026-08-31T04:09:04.775558+00:00,GET,http://localhost:3000/logistics/tenderos/productos-disponibles?tiendaId=bbbbbbbb-bbbb-4bbb-8bbb-bbbbbbbbbbbb&zona=Zona+Norte,200,59.650,
2026-08-31T04:09:04.808746+00:00,GET,http://localhost:3000/logistics/tenderos/productos-disponibles?tiendaId=bbbbbbbb-bbbb-4bbb-8bbb-bbbbbbbbbbbb&zona=Zona+Norte,200,62.131,
2026-08-31T04:09:04.842317+00:00,GET,http://localhost:3000/logistics/tenderos/productos-disponibles?tiendaId=bbbbbbbb-bbbb-4bbb-8bbb-bbbbbbbbbbbb&zona=Zona+Norte,200,65.451,
2026-08-31T04:09:04.875549+00:00,GET,http://localhost:3000/logistics/tenderos/productos-disponibles?tiendaId=bbbbbbbb-bbbb-4bbb-8bbb-bbbbbbbbbbbb&zona=Zona+Norte,200,65.444,
2026-08-31T04:09:04.908431+00:00,GET,http://localhost:3000/logistics/tenderos/productos-disponibles?tiendaId=bbbbbbbb-bbbb-4bbb-8bbb-bbbbbbbbbbbb&zona=Zona+Norte,200,61.448,
2026-08-31T04:09:04.941783+00:00,GET,http://localhost:3000/logistics/tenderos/productos-disponibles?tiendaId=bbbbbbbb-bbbb-4bbb-8bbb-bbbbbbbbbbbb&zona=Zona+Norte,200,60.455,
2026-08-31T04:09:04.975686+00:00,GET,http://localhost:3000/logistics/tenderos/productos-disponibles?tiendaId=bbbbbbbb-bbbb-4bbb-8bbb-bbbbbbbbbbbb&zona=Zona+Norte,200,61.003,
2026-08-31T04:09:05.009142+00:00,GET,http://localhost:3000/logistics/tenderos/productos-disponibles?tiendaId=bbbbbbbb-bbbb-4bbb-8bbb-bbbbbbbbbbbb&zona=Zona+Norte,200,61.320,
2026-08-31T04:09:05.042353+00:00,GET,http://localhost:3000/logistics/tenderos/productos-disponibles?tiendaId=bbbbbbbb-bbbb-4bbb-8bbb-bbbbbbbbbbbb&zona=Zona+Norte,200,60.415,
2026-08-31T04:09:05.075620+00:00,GET,http://localhost:3000/logistics/tenderos/productos-disponibles?tiendaId=bbbbbbbb-bbbb-4bbb-8bbb-bbbbbbbbbbbb&zona=Zona+Norte,200,61.298,
2026-08-31T04:09:05.108968+00:00,GET,http://localhost:3000/logistics/tenderos/productos-disponibles?tiendaId=bbbbbbbb-bbbb-4bbb-8bbb-bbbbbbbbbbbb&zona=Zona+Norte,200,58.610,
2026-08-31T04:09:05.142315+00:00,GET,http://localhost:3000/logistics/tenderos/productos-disponibles?tiendaId=bbbbbbbb-bbbb-4bbb-8bbb-bbbbbbbbbbbb&zona=Zona+Norte,200,60.804,
2026-08-31T04:09:05.175374+00:00,GET,http://localhost:3000/logistics/tenderos/productos-disponibles?tiendaId=bbbbbbbb-bbbb-4bbb-8bbb-bbbbbbbbbbbb&zona=Zona+Norte,200,57.809,
2026-08-31T04:09:05.209030+00:00,GET,http://localhost:3000/logistics/tenderos/productos-disponibles?tiendaId=bbbbbbbb-bbbb-4bbb-8bbb-bbbbbbbbbbbb&zona=Zona+Norte,200,60.169,
2026-08-31T04:09:05.242506+00:00,GET,http://localhost:3000/logistics/tenderos/productos-disponibles?tiendaId=bbbbbbbb-bbbb-4bbb-8bbb-bbbbbbbbbbbb&zona=Zona+Norte,200,61.021,
2026-08-31T04:09:05.275785+00:00,GET,http://localhost:3000/logistics/tenderos/productos-disponibles?tiendaId=bbbbbbbb-bbbb-4bbb-8bbb-bbbbbbbbbbbb&zona=Zona+Norte,200,57.288,
2026-08-31T04:09:05.308988+00:00,GET,http://localhost:3000/logistics/tenderos/productos-disponibles?tiendaId=bbbbbbbb-bbbb-4bbb-8bbb-bbbbbbbbbbbb&zona=Zona+Norte,200,60.292,
2026-08-31T04:09:05.342766+00:00,GET,http://localhost:3000/logistics/tenderos/productos-disponibles?tiendaId=bbbbbbbb-bbbb-4bbb-8bbb-bbbbbbbbbbbb&zona=Zona+Norte,200,61.084,
2026-08-31T04:09:05.375554+00:00,GET,http://localhost:3000/logistics/tenderos/productos-disponibles?tiendaId=bbbbbbbb-bbbb-4bbb-8bbb-bbbbbbbbbbbb&zona=Zona+Norte,200,61.080,
2026-08-31T04:09:05.408961+00:00,GET,http://localhost:3000/logistics/tenderos/productos-disponibles?tiendaId=bbbbbbbb-bbbb-4bbb-8bbb-bbbbbbbbbbbb&zona=Zona+Norte,200,60.000,
2026-08-31T04:09:05.442255+00:00,GET,http://localhost:3000/logistics/tenderos/productos-disponibles?tiendaId=bbbbbbbb-bbbb-4bbb-8bbb-bbbbbbbbbbbb&zona=Zona+Norte,200,57.280,
2026-08-31T04:09:05.475527+00:00,GET,http://localhost:3000/logistics/tenderos/productos-disponibles?tiendaId=bbbbbbbb-bbbb-4bbb-8bbb-bbbbbbbbbbbb&zona=Zona+Norte,200,59.828,
2026-08-31T04:09:05.509405+00:00,GET,http://localhost:3000/logistics/tenderos/productos-disponibles?tiendaId=bbbbbbbb-bbbb-4bbb-8bbb-bbbbbbbbbbbb&zona=Zona+Norte,200,57.400,
2026-08-31T04:09:05.542226+00:00,GET,http://localhost:3000/logistics/tenderos/productos-disponibles?tiendaId=bbbbbbbb-bbbb-4bbb-8bbb-bbbbbbbbbbbb&zona=Zona+Norte,200,60.664,
2026-08-31T04:09:05.575603+00:00,GET,http://localhost:3000/logistics/tenderos/productos-disponibles?tiendaId=bbbbbbbb-bbbb-4bbb-8bbb-bbbbbbbbbbbb&zona=Zona+Norte,200,61.171,
2026-08-31T04:09:05.608793+00:00,GET,http://localhost:3000/logistics/tenderos/productos-disponibles?tiendaId=bbbbbbbb-bbbb-4bbb-8bbb-bbbbbbbbbbbb&zona=Zona+Norte,200,60.861,
2026-08-31T04:09:05.642323+00:00,GET,http://localhost:3000/logistics/tenderos/productos-disponibles?tiendaId=bbbbbbbb-bbbb-4bbb-8bbb-bbbbbbbbbbbb&zona=Zona+Norte,200,61.004,
2026-08-31T04:09:05.675547+00:00,GET,http://localhost:3000/logistics/tenderos/productos-disponibles?tiendaId=bbbbbbbb-bbbb-4bbb-8bbb-bbbbbbbbbbbb&zona=Zona+Norte,200,59.584,
2026-08-31T04:09:05.709066+00:00,GET,http://localhost:3000/logistics/tenderos/productos-disponibles?tiendaId=bbbbbbbb-bbbb-4bbb-8bbb-bbbbbbbbbbbb&zona=Zona+Norte,200,60.304,
2026-08-31T04:09:05.742601+00:00,GET,http://localhost:3000/logistics/tenderos/productos-disponibles?tiendaId=bbbbbbbb-bbbb-4bbb-8bbb-bbbbbbbbbbbb&zona=Zona+Norte,200,58.449,
2026-08-31T04:09:05.775855+00:00,GET,http://localhost:3000/logistics/tenderos/productos-disponibles?tiendaId=bbbbbbbb-bbbb-4bbb-8bbb-bbbbbbbbbbbb&zona=Zona+Norte,200,60.030,
2026-08-31T04:09:05.809364+00:00,GET,http://localhost:3000/logistics/tenderos/productos-disponibles?tiendaId=bbbbbbbb-bbbb-4bbb-8bbb-bbbbbbbbbbbb&zona=Zona+Norte,200,60.454,
2026-08-31T04:09:05.842490+00:00,GET,http://localhost:3000/logistics/tenderos/productos-disponibles?tiendaId=bbbbbbbb-bbbb-4bbb-8bbb-bbbbbbbbbbbb&zona=Zona+Norte,200,61.553,
2026-08-31T04:09:05.875759+00:00,GET,http://localhost:3000/logistics/tenderos/productos-disponibles?tiendaId=bbbbbbbb-bbbb-4bbb-8bbb-bbbbbbbbbbbb&zona=Zona+Norte,200,59.501,
2026-08-31T04:09:05.908675+00:00,GET,http://localhost:3000/logistics/tenderos/productos-disponibles?tiendaId=bbbbbbbb-bbbb-4bbb-8bbb-bbbbbbbbbbbb&zona=Zona+Norte,200,57.154,
2026-08-31T04:09:05.942577+00:00,GET,http://localhost:3000/logistics/tenderos/productos-disponibles?tiendaId=bbbbbbbb-bbbb-4bbb-8bbb-bbbbbbbbbbbb&zona=Zona+Norte,200,61.204,
2026-08-31T04:09:05.976112+00:00,GET,http://localhost:3000/logistics/tenderos/productos-disponibles?tiendaId=bbbbbbbb-bbbb-4bbb-8bbb-bbbbbbbbbbbb&zona=Zona+Norte,200,61.113,
2026-08-31T04:09:06.009027+00:00,GET,http://localhost:3000/logistics/tenderos/productos-disponibles?tiendaId=bbbbbbbb-bbbb-4bbb-8bbb-bbbbbbbbbbbb&zona=Zona+Norte,200,61.252,
2026-08-31T04:09:06.042336+00:00,GET,http://localhost:3000/logistics/tenderos/productos-disponibles?tiendaId=bbbbbbbb-bbbb-4bbb-8bbb-bbbbbbbbbbbb&zona=Zona+Norte,200,61.785,
2026-08-31T04:09:06.075702+00:00,GET,http://localhost:3000/logistics/tenderos/productos-disponibles?tiendaId=bbbbbbbb-bbbb-4bbb-8bbb-bbbbbbbbbbbb&zona=Zona+Norte,200,61.090,
2026-08-31T04:09:06.108978+00:00,GET,http://localhost:3000/logistics/tenderos/productos-disponibles?tiendaId=bbbbbbbb-bbbb-4bbb-8bbb-bbbbbbbbbbbb&zona=Zona+Norte,200,61.293,
2026-08-31T04:09:06.142403+00:00,GET,http://localhost:3000/logistics/tenderos/productos-disponibles?tiendaId=bbbbbbbb-bbbb-4bbb-8bbb-bbbbbbbbbbbb&zona=Zona+Norte,200,60.625,
2026-08-31T04:09:06.175706+00:00,GET,http://localhost:3000/logistics/tenderos/productos-disponibles?tiendaId=bbbbbbbb-bbbb-4bbb-8bbb-bbbbbbbbbbbb&zona=Zona+Norte,200,61.992,
2026-08-31T04:09:06.209106+00:00,GET,http://localhost:3000/logistics/tenderos/productos-disponibles?tiendaId=bbbbbbbb-bbbb-4bbb-8bbb-bbbbbbbbbbbb&zona=Zona+Norte,200,60.809,
2026-08-31T04:09:06.242266+00:00,GET,http://localhost:3000/logistics/tenderos/productos-disponibles?tiendaId=bbbbbbbb-bbbb-4bbb-8bbb-bbbbbbbbbbbb&zona=Zona+Norte,200,59.665,
2026-08-31T04:09:06.275756+00:00,GET,http://localhost:3000/logistics/tenderos/productos-disponibles?tiendaId=bbbbbbbb-bbbb-4bbb-8bbb-bbbbbbbbbbbb&zona=Zona+Norte,200,61.170,
2026-08-31T04:09:06.309236+00:00,GET,http://localhost:3000/logistics/tenderos/productos-disponibles?tiendaId=bbbbbbbb-bbbb-4bbb-8bbb-bbbbbbbbbbbb&zona=Zona+Norte,200,61.390,
2026-08-31T04:09:06.342408+00:00,GET,http://localhost:3000/logistics/tenderos/productos-disponibles?tiendaId=bbbbbbbb-bbbb-4bbb-8bbb-bbbbbbbbbbbb&zona=Zona+Norte,200,61.060,
2026-08-31T04:09:06.375629+00:00,GET,http://localhost:3000/logistics/tenderos/productos-disponibles?tiendaId=bbbbbbbb-bbbb-4bbb-8bbb-bbbbbbbbbbbb&zona=Zona+Norte,200,58.197,
2026-08-31T04:09:06.409056+00:00,GET,http://localhost:3000/logistics/tenderos/productos-disponibles?tiendaId=bbbbbbbb-bbbb-4bbb-8bbb-bbbbbbbbbbbb&zona=Zona+Norte,200,61.110,
2026-08-31T04:09:06.442774+00:00,GET,http://localhost:3000/logistics/tenderos/productos-disponibles?tiendaId=bbbbbbbb-bbbb-4bbb-8bbb-bbbbbbbbbbbb&zona=Zona+Norte,200,57.544,
2026-08-31T04:09:06.475721+00:00,GET,http://localhost:3000/logistics/tenderos/productos-disponibles?tiendaId=bbbbbbbb-bbbb-4bbb-8bbb-bbbbbbbbbbbb&zona=Zona+Norte,200,60.333,
2026-08-31T04:09:06.508656+00:00,GET,http://localhost:3000/logistics/tenderos/productos-disponibles?tiendaId=bbbbbbbb-bbbb-4bbb-8bbb-bbbbbbbbbbbb&zona=Zona+Norte,200,60.397,
2026-08-31T04:09:06.542483+00:00,GET,http://localhost:3000/logistics/tenderos/productos-disponibles?tiendaId=bbbbbbbb-bbbb-4bbb-8bbb-bbbbbbbbbbbb&zona=Zona+Norte,200,61.113,
2026-08-31T04:09:06.575859+00:00,GET,http://localhost:3000/logistics/tenderos/productos-disponibles?tiendaId=bbbbbbbb-bbbb-4bbb-8bbb-bbbbbbbbbbbb&zona=Zona+Norte,200,58.190,
2026-08-31T04:09:06.609037+00:00,GET,http://localhost:3000/logistics/tenderos/productos-disponibles?tiendaId=bbbbbbbb-bbbb-4bbb-8bbb-bbbbbbbbbbbb&zona=Zona+Norte,200,57.146,
2026-08-31T04:09:06.642567+00:00,GET,http://localhost:3000/logistics/tenderos/productos-disponibles?tiendaId=bbbbbbbb-bbbb-4bbb-8bbb-bbbbbbbbbbbb&zona=Zona+Norte,200,60.012,
2026-08-31T04:09:06.676126+00:00,GET,http://localhost:3000/logistics/tenderos/productos-disponibles?tiendaId=bbbbbbbb-bbbb-4bbb-8bbb-bbbbbbbbbbbb&zona=Zona+Norte,200,60.772,
2026-08-31T04:09:06.708753+00:00,GET,http://localhost:3000/logistics/tenderos/productos-disponibles?tiendaId=bbbbbbbb-bbbb-4bbb-8bbb-bbbbbbbbbbbb&zona=Zona+Norte,200,62.112,
2026-08-31T04:09:06.742343+00:00,GET,http://localhost:3000/logistics/tenderos/productos-disponibles?tiendaId=bbbbbbbb-bbbb-4bbb-8bbb-bbbbbbbbbbbb&zona=Zona+Norte,200,60.984,
2026-08-31T04:09:06.775650+00:00,GET,http://localhost:3000/logistics/tenderos/productos-disponibles?tiendaId=bbbbbbbb-bbbb-4bbb-8bbb-bbbbbbbbbbbb&zona=Zona+Norte,200,60.594,
2026-08-31T04:09:06.809111+00:00,GET,http://localhost:3000/logistics/tenderos/productos-disponibles?tiendaId=bbbbbbbb-bbbb-4bbb-8bbb-bbbbbbbbbbbb&zona=Zona+Norte,200,60.758,
2026-08-31T04:09:06.842481+00:00,GET,http://localhost:3000/logistics/tenderos/productos-disponibles?tiendaId=bbbbbbbb-bbbb-4bbb-8bbb-bbbbbbbbbbbb&zona=Zona+Norte,200,61.015,
2026-08-31T04:09:06.875792+00:00,GET,http://localhost:3000/logistics/tenderos/productos-disponibles?tiendaId=bbbbbbbb-bbbb-4bbb-8bbb-bbbbbbbbbbbb&zona=Zona+Norte,200,57.326,
2026-08-31T04:09:06.909084+00:00,GET,http://localhost:3000/logistics/tenderos/productos-disponibles?tiendaId=bbbbbbbb-bbbb-4bbb-8bbb-bbbbbbbbbbbb&zona=Zona+Norte,200,59.746,
2026-08-31T04:09:06.942785+00:00,GET,http://localhost:3000/logistics/tenderos/productos-disponibles?tiendaId=bbbbbbbb-bbbb-4bbb-8bbb-bbbbbbbbbbbb&zona=Zona+Norte,200,57.233,
2026-08-31T04:09:06.975477+00:00,GET,http://localhost:3000/logistics/tenderos/productos-disponibles?tiendaId=bbbbbbbb-bbbb-4bbb-8bbb-bbbbbbbbbbbb&zona=Zona+Norte,200,61.357,
2026-08-31T04:09:07.009077+00:00,GET,http://localhost:3000/logistics/tenderos/productos-disponibles?tiendaId=bbbbbbbb-bbbb-4bbb-8bbb-bbbbbbbbbbbb&zona=Zona+Norte,200,60.261,
2026-08-31T04:09:07.042385+00:00,GET,http://localhost:3000/logistics/tenderos/productos-disponibles?tiendaId=bbbbbbbb-bbbb-4bbb-8bbb-bbbbbbbbbbbb&zona=Zona+Norte,200,60.561,
2026-08-31T04:09:07.075832+00:00,GET,http://localhost:3000/logistics/tenderos/productos-disponibles?tiendaId=bbbbbbbb-bbbb-4bbb-8bbb-bbbbbbbbbbbb&zona=Zona+Norte,200,61.326,
2026-08-31T04:09:07.109126+00:00,GET,http://localhost:3000/logistics/tenderos/productos-disponibles?tiendaId=bbbbbbbb-bbbb-4bbb-8bbb-bbbbbbbbbbbb&zona=Zona+Norte,200,56.961,
2026-08-31T04:09:07.142155+00:00,GET,http://localhost:3000/logistics/tenderos/productos-disponibles?tiendaId=bbbbbbbb-bbbb-4bbb-8bbb-bbbbbbbbbbbb&zona=Zona+Norte,200,59.759,
2026-08-31T04:09:07.176119+00:00,GET,http://localhost:3000/logistics/tenderos/productos-disponibles?tiendaId=bbbbbbbb-bbbb-4bbb-8bbb-bbbbbbbbbbbb&zona=Zona+Norte,200,59.526,
2026-08-31T04:09:07.209257+00:00,GET,http://localhost:3000/logistics/tenderos/productos-disponibles?tiendaId=bbbbbbbb-bbbb-4bbb-8bbb-bbbbbbbbbbbb&zona=Zona+Norte,200,59.973,
2026-08-31T04:09:07.242473+00:00,GET,http://localhost:3000/logistics/tenderos/productos-disponibles?tiendaId=bbbbbbbb-bbbb-4bbb-8bbb-bbbbbbbbbbbb&zona=Zona+Norte,200,60.602,
2026-08-31T04:09:07.275838+00:00,GET,http://localhost:3000/logistics/tenderos/productos-disponibles?tiendaId=bbbbbbbb-bbbb-4bbb-8bbb-bbbbbbbbbbbb&zona=Zona+Norte,200,58.477,
2026-08-31T04:09:07.309112+00:00,GET,http://localhost:3000/logistics/tenderos/productos-disponibles?tiendaId=bbbbbbbb-bbbb-4bbb-8bbb-bbbbbbbbbbbb&zona=Zona+Norte,200,63.056,
2026-08-31T04:09:07.342734+00:00,GET,http://localhost:3000/logistics/tenderos/productos-disponibles?tiendaId=bbbbbbbb-bbbb-4bbb-8bbb-bbbbbbbbbbbb&zona=Zona+Norte,200,61.743,
2026-08-31T04:09:07.375483+00:00,GET,http://localhost:3000/logistics/tenderos/productos-disponibles?tiendaId=bbbbbbbb-bbbb-4bbb-8bbb-bbbbbbbbbbbb&zona=Zona+Norte,200,60.964,
2026-08-31T04:09:07.408946+00:00,GET,http://localhost:3000/logistics/tenderos/productos-disponibles?tiendaId=bbbbbbbb-bbbb-4bbb-8bbb-bbbbbbbbbbbb&zona=Zona+Norte,200,57.288,
2026-08-31T04:09:07.442431+00:00,GET,http://localhost:3000/logistics/tenderos/productos-disponibles?tiendaId=bbbbbbbb-bbbb-4bbb-8bbb-bbbbbbbbbbbb&zona=Zona+Norte,200,61.319,
2026-08-31T04:09:07.476137+00:00,GET,http://localhost:3000/logistics/tenderos/productos-disponibles?tiendaId=bbbbbbbb-bbbb-4bbb-8bbb-bbbbbbbbbbbb&zona=Zona+Norte,200,60.120,
2026-08-31T04:09:07.508946+00:00,GET,http://localhost:3000/logistics/tenderos/productos-disponibles?tiendaId=bbbbbbbb-bbbb-4bbb-8bbb-bbbbbbbbbbbb&zona=Zona+Norte,200,63.626,
2026-08-31T04:09:07.542475+00:00,GET,http://localhost:3000/logistics/tenderos/productos-disponibles?tiendaId=bbbbbbbb-bbbb-4bbb-8bbb-bbbbbbbbbbbb&zona=Zona+Norte,200,61.415,
2026-08-31T04:09:07.575515+00:00,GET,http://localhost:3000/logistics/tenderos/productos-disponibles?tiendaId=bbbbbbbb-bbbb-4bbb-8bbb-bbbbbbbbbbbb&zona=Zona+Norte,200,61.825,
2026-08-31T04:09:07.609022+00:00,GET,http://localhost:3000/logistics/tenderos/productos-disponibles?tiendaId=bbbbbbbb-bbbb-4bbb-8bbb-bbbbbbbbbbbb&zona=Zona+Norte,200,60.340,
2026-08-31T04:09:07.642330+00:00,GET,http://localhost:3000/logistics/tenderos/productos-disponibles?tiendaId=bbbbbbbb-bbbb-4bbb-8bbb-bbbbbbbbbbbb&zona=Zona+Norte,200,58.544,
2026-08-31T04:09:07.675892+00:00,GET,http://localhost:3000/logistics/tenderos/productos-disponibles?tiendaId=bbbbbbbb-bbbb-4bbb-8bbb-bbbbbbbbbbbb&zona=Zona+Norte,200,57.993,
2026-08-31T04:09:07.709448+00:00,GET,http://localhost:3000/logistics/tenderos/productos-disponibles?tiendaId=bbbbbbbb-bbbb-4bbb-8bbb-bbbbbbbbbbbb&zona=Zona+Norte,200,56.487,
2026-08-31T04:09:07.742529+00:00,GET,http://localhost:3000/logistics/tenderos/productos-disponibles?tiendaId=bbbbbbbb-bbbb-4bbb-8bbb-bbbbbbbbbbbb&zona=Zona+Norte,200,56.121,
2026-08-31T04:09:07.775728+00:00,GET,http://localhost:3000/logistics/tenderos/productos-disponibles?tiendaId=bbbbbbbb-bbbb-4bbb-8bbb-bbbbbbbbbbbb&zona=Zona+Norte,200,60.247,
2026-08-31T04:09:07.809495+00:00,GET,http://localhost:3000/logistics/tenderos/productos-disponibles?tiendaId=bbbbbbbb-bbbb-4bbb-8bbb-bbbbbbbbbbbb&zona=Zona+Norte,200,58.234,
2026-08-31T04:09:07.842521+00:00,GET,http://localhost:3000/logistics/tenderos/productos-disponibles?tiendaId=bbbbbbbb-bbbb-4bbb-8bbb-bbbbbbbbbbbb&zona=Zona+Norte,200,55.899,
2026-08-31T04:09:07.876063+00:00,GET,http://localhost:3000/logistics/tenderos/productos-disponibles?tiendaId=bbbbbbbb-bbbb-4bbb-8bbb-bbbbbbbbbbbb&zona=Zona+Norte,200,55.326,
2026-08-31T04:09:07.909522+00:00,GET,http://localhost:3000/logistics/tenderos/productos-disponibles?tiendaId=bbbbbbbb-bbbb-4bbb-8bbb-bbbbbbbbbbbb&zona=Zona+Norte,200,57.069,
2026-08-31T04:09:07.942841+00:00,GET,http://localhost:3000/logistics/tenderos/productos-disponibles?tiendaId=bbbbbbbb-bbbb-4bbb-8bbb-bbbbbbbbbbbb&zona=Zona+Norte,200,57.471,
2026-08-31T04:09:07.976147+00:00,GET,http://localhost:3000/logistics/tenderos/productos-disponibles?tiendaId=bbbbbbbb-bbbb-4bbb-8bbb-bbbbbbbbbbbb&zona=Zona+Norte,200,57.707,
2026-08-31T04:09:08.009523+00:00,GET,http://localhost:3000/logistics/tenderos/productos-disponibles?tiendaId=bbbbbbbb-bbbb-4bbb-8bbb-bbbbbbbbbbbb&zona=Zona+Norte,200,56.649,
2026-08-31T04:09:08.042819+00:00,GET,http://localhost:3000/logistics/tenderos/productos-disponibles?tiendaId=bbbbbbbb-bbbb-4bbb-8bbb-bbbbbbbbbbbb&zona=Zona+Norte,200,58.906,
2026-08-31T04:09:08.076208+00:00,GET,http://localhost:3000/logistics/tenderos/productos-disponibles?tiendaId=bbbbbbbb-bbbb-4bbb-8bbb-bbbbbbbbbbbb&zona=Zona+Norte,200,60.839,
2026-08-31T04:09:08.108976+00:00,GET,http://localhost:3000/logistics/tenderos/productos-disponibles?tiendaId=bbbbbbbb-bbbb-4bbb-8bbb-bbbbbbbbbbbb&zona=Zona+Norte,200,59.468,
2026-08-31T04:09:08.142431+00:00,GET,http://localhost:3000/logistics/tenderos/productos-disponibles?tiendaId=bbbbbbbb-bbbb-4bbb-8bbb-bbbbbbbbbbbb&zona=Zona+Norte,200,58.487,
2026-08-31T04:09:08.175834+00:00,GET,http://localhost:3000/logistics/tenderos/productos-disponibles?tiendaId=bbbbbbbb-bbbb-4bbb-8bbb-bbbbbbbbbbbb&zona=Zona+Norte,200,58.896,
2026-08-31T04:09:08.209434+00:00,GET,http://localhost:3000/logistics/tenderos/productos-disponibles?tiendaId=bbbbbbbb-bbbb-4bbb-8bbb-bbbbbbbbbbbb&zona=Zona+Norte,200,58.341,
2026-08-31T04:09:08.242716+00:00,GET,http://localhost:3000/logistics/tenderos/productos-disponibles?tiendaId=bbbbbbbb-bbbb-4bbb-8bbb-bbbbbbbbbbbb&zona=Zona+Norte,200,58.648,
2026-08-31T04:09:08.276064+00:00,GET,http://localhost:3000/logistics/tenderos/productos-disponibles?tiendaId=bbbbbbbb-bbbb-4bbb-8bbb-bbbbbbbbbbbb&zona=Zona+Norte,200,56.064,
2026-08-31T04:09:08.309423+00:00,GET,http://localhost:3000/logistics/tenderos/productos-disponibles?tiendaId=bbbbbbbb-bbbb-4bbb-8bbb-bbbbbbbbbbbb&zona=Zona+Norte,200,57.397,
2026-08-31T04:09:08.342868+00:00,GET,http://localhost:3000/logistics/tenderos/productos-disponibles?tiendaId=bbbbbbbb-bbbb-4bbb-8bbb-bbbbbbbbbbbb&zona=Zona+Norte,200,61.493,
2026-08-31T04:09:08.376157+00:00,GET,http://localhost:3000/logistics/tenderos/productos-disponibles?tiendaId=bbbbbbbb-bbbb-4bbb-8bbb-bbbbbbbbbbbb&zona=Zona+Norte,200,59.342,
2026-08-31T04:09:08.408978+00:00,GET,http://localhost:3000/logistics/tenderos/productos-disponibles?tiendaId=bbbbbbbb-bbbb-4bbb-8bbb-bbbbbbbbbbbb&zona=Zona+Norte,200,62.526,
2026-08-31T04:09:08.442599+00:00,GET,http://localhost:3000/logistics/tenderos/productos-disponibles?tiendaId=bbbbbbbb-bbbb-4bbb-8bbb-bbbbbbbbbbbb&zona=Zona+Norte,200,62.357,
2026-08-31T04:09:08.475601+00:00,GET,http://localhost:3000/logistics/tenderos/productos-disponibles?tiendaId=bbbbbbbb-bbbb-4bbb-8bbb-bbbbbbbbbbbb&zona=Zona+Norte,200,63.345,
2026-08-31T04:09:08.508920+00:00,GET,http://localhost:3000/logistics/tenderos/productos-disponibles?tiendaId=bbbbbbbb-bbbb-4bbb-8bbb-bbbbbbbbbbbb&zona=Zona+Norte,200,59.956,
2026-08-31T04:09:08.542160+00:00,GET,http://localhost:3000/logistics/tenderos/productos-disponibles?tiendaId=bbbbbbbb-bbbb-4bbb-8bbb-bbbbbbbbbbbb&zona=Zona+Norte,200,59.704,
2026-08-31T04:09:08.576004+00:00,GET,http://localhost:3000/logistics/tenderos/productos-disponibles?tiendaId=bbbbbbbb-bbbb-4bbb-8bbb-bbbbbbbbbbbb&zona=Zona+Norte,200,59.996,
2026-08-31T04:09:08.609307+00:00,GET,http://localhost:3000/logistics/tenderos/productos-disponibles?tiendaId=bbbbbbbb-bbbb-4bbb-8bbb-bbbbbbbbbbbb&zona=Zona+Norte,200,59.104,
2026-08-31T04:09:08.642557+00:00,GET,http://localhost:3000/logistics/tenderos/productos-disponibles?tiendaId=bbbbbbbb-bbbb-4bbb-8bbb-bbbbbbbbbbbb&zona=Zona+Norte,200,62.354,
2026-08-31T04:09:08.676001+00:00,GET,http://localhost:3000/logistics/tenderos/productos-disponibles?tiendaId=bbbbbbbb-bbbb-4bbb-8bbb-bbbbbbbbbbbb&zona=Zona+Norte,200,64.854,
2026-08-31T04:09:08.708963+00:00,GET,http://localhost:3000/logistics/tenderos/productos-disponibles?tiendaId=bbbbbbbb-bbbb-4bbb-8bbb-bbbbbbbbbbbb&zona=Zona+Norte,200,60.094,
2026-08-31T04:09:08.741887+00:00,GET,http://localhost:3000/logistics/tenderos/productos-disponibles?tiendaId=bbbbbbbb-bbbb-4bbb-8bbb-bbbbbbbbbbbb&zona=Zona+Norte,200,62.088,
2026-08-31T04:09:08.775916+00:00,GET,http://localhost:3000/logistics/tenderos/productos-disponibles?tiendaId=bbbbbbbb-bbbb-4bbb-8bbb-bbbbbbbbbbbb&zona=Zona+Norte,200,63.094,
2026-08-31T04:09:08.809040+00:00,GET,http://localhost:3000/logistics/tenderos/productos-disponibles?tiendaId=bbbbbbbb-bbbb-4bbb-8bbb-bbbbbbbbbbbb&zona=Zona+Norte,200,60.327,
2026-08-31T04:09:08.842134+00:00,GET,http://localhost:3000/logistics/tenderos/productos-disponibles?tiendaId=bbbbbbbb-bbbb-4bbb-8bbb-bbbbbbbbbbbb&zona=Zona+Norte,200,63.523,
2026-08-31T04:09:08.875899+00:00,GET,http://localhost:3000/logistics/tenderos/productos-disponibles?tiendaId=bbbbbbbb-bbbb-4bbb-8bbb-bbbbbbbbbbbb&zona=Zona+Norte,200,59.758,
2026-08-31T04:09:08.908840+00:00,GET,http://localhost:3000/logistics/tenderos/productos-disponibles?tiendaId=bbbbbbbb-bbbb-4bbb-8bbb-bbbbbbbbbbbb&zona=Zona+Norte,200,60.978,
2026-08-31T04:09:08.942584+00:00,GET,http://localhost:3000/logistics/tenderos/productos-disponibles?tiendaId=bbbbbbbb-bbbb-4bbb-8bbb-bbbbbbbbbbbb&zona=Zona+Norte,200,63.081,
2026-08-31T04:09:08.975829+00:00,GET,http://localhost:3000/logistics/tenderos/productos-disponibles?tiendaId=bbbbbbbb-bbbb-4bbb-8bbb-bbbbbbbbbbbb&zona=Zona+Norte,200,63.507,
2026-08-31T04:09:09.008838+00:00,GET,http://localhost:3000/logistics/tenderos/productos-disponibles?tiendaId=bbbbbbbb-bbbb-4bbb-8bbb-bbbbbbbbbbbb&zona=Zona+Norte,200,63.669,
2026-08-31T04:09:09.042122+00:00,GET,http://localhost:3000/logistics/tenderos/productos-disponibles?tiendaId=bbbbbbbb-bbbb-4bbb-8bbb-bbbbbbbbbbbb&zona=Zona+Norte,200,59.308,
2026-08-31T04:09:09.075499+00:00,GET,http://localhost:3000/logistics/tenderos/productos-disponibles?tiendaId=bbbbbbbb-bbbb-4bbb-8bbb-bbbbbbbbbbbb&zona=Zona+Norte,200,63.444,
2026-08-31T04:09:09.109111+00:00,GET,http://localhost:3000/logistics/tenderos/productos-disponibles?tiendaId=bbbbbbbb-bbbb-4bbb-8bbb-bbbbbbbbbbbb&zona=Zona+Norte,200,67.230,
2026-08-31T04:09:09.142181+00:00,GET,http://localhost:3000/logistics/tenderos/productos-disponibles?tiendaId=bbbbbbbb-bbbb-4bbb-8bbb-bbbbbbbbbbbb&zona=Zona+Norte,200,58.584,
2026-08-31T04:09:09.175919+00:00,GET,http://localhost:3000/logistics/tenderos/productos-disponibles?tiendaId=bbbbbbbb-bbbb-4bbb-8bbb-bbbbbbbbbbbb&zona=Zona+Norte,200,63.204,
2026-08-31T04:09:09.209089+00:00,GET,http://localhost:3000/logistics/tenderos/productos-disponibles?tiendaId=bbbbbbbb-bbbb-4bbb-8bbb-bbbbbbbbbbbb&zona=Zona+Norte,200,63.900,
2026-08-31T04:09:09.242139+00:00,GET,http://localhost:3000/logistics/tenderos/productos-disponibles?tiendaId=bbbbbbbb-bbbb-4bbb-8bbb-bbbbbbbbbbbb&zona=Zona+Norte,200,63.122,
2026-08-31T04:09:09.275433+00:00,GET,http://localhost:3000/logistics/tenderos/productos-disponibles?tiendaId=bbbbbbbb-bbbb-4bbb-8bbb-bbbbbbbbbbbb&zona=Zona+Norte,200,64.395,
2026-08-31T04:09:09.308909+00:00,GET,http://localhost:3000/logistics/tenderos/productos-disponibles?tiendaId=bbbbbbbb-bbbb-4bbb-8bbb-bbbbbbbbbbbb&zona=Zona+Norte,200,60.195,
2026-08-31T04:09:09.342050+00:00,GET,http://localhost:3000/logistics/tenderos/productos-disponibles?tiendaId=bbbbbbbb-bbbb-4bbb-8bbb-bbbbbbbbbbbb&zona=Zona+Norte,200,61.987,
2026-08-31T04:09:09.375793+00:00,GET,http://localhost:3000/logistics/tenderos/productos-disponibles?tiendaId=bbbbbbbb-bbbb-4bbb-8bbb-bbbbbbbbbbbb&zona=Zona+Norte,200,63.048,
2026-08-31T04:09:09.408619+00:00,GET,http://localhost:3000/logistics/tenderos/productos-disponibles?tiendaId=bbbbbbbb-bbbb-4bbb-8bbb-bbbbbbbbbbbb&zona=Zona+Norte,200,62.606,
2026-08-31T04:09:09.442210+00:00,GET,http://localhost:3000/logistics/tenderos/productos-disponibles?tiendaId=bbbbbbbb-bbbb-4bbb-8bbb-bbbbbbbbbbbb&zona=Zona+Norte,200,62.319,
2026-08-31T04:09:09.475649+00:00,GET,http://localhost:3000/logistics/tenderos/productos-disponibles?tiendaId=bbbbbbbb-bbbb-4bbb-8bbb-bbbbbbbbbbbb&zona=Zona+Norte,200,59.346,
2026-08-31T04:09:09.508972+00:00,GET,http://localhost:3000/logistics/tenderos/productos-disponibles?tiendaId=bbbbbbbb-bbbb-4bbb-8bbb-bbbbbbbbbbbb&zona=Zona+Norte,200,58.583,
2026-08-31T04:09:09.542677+00:00,GET,http://localhost:3000/logistics/tenderos/productos-disponibles?tiendaId=bbbbbbbb-bbbb-4bbb-8bbb-bbbbbbbbbbbb&zona=Zona+Norte,200,62.834,
2026-08-31T04:09:09.576178+00:00,GET,http://localhost:3000/logistics/tenderos/productos-disponibles?tiendaId=bbbbbbbb-bbbb-4bbb-8bbb-bbbbbbbbbbbb&zona=Zona+Norte,200,59.079,
2026-08-31T04:09:09.608866+00:00,GET,http://localhost:3000/logistics/tenderos/productos-disponibles?tiendaId=bbbbbbbb-bbbb-4bbb-8bbb-bbbbbbbbbbbb&zona=Zona+Norte,200,58.745,
2026-08-31T04:09:09.642642+00:00,GET,http://localhost:3000/logistics/tenderos/productos-disponibles?tiendaId=bbbbbbbb-bbbb-4bbb-8bbb-bbbbbbbbbbbb&zona=Zona+Norte,200,63.448,
2026-08-31T04:09:09.676121+00:00,GET,http://localhost:3000/logistics/tenderos/productos-disponibles?tiendaId=bbbbbbbb-bbbb-4bbb-8bbb-bbbbbbbbbbbb&zona=Zona+Norte,200,63.356,
2026-08-31T04:09:09.708795+00:00,GET,http://localhost:3000/logistics/tenderos/productos-disponibles?tiendaId=bbbbbbbb-bbbb-4bbb-8bbb-bbbbbbbbbbbb&zona=Zona+Norte,200,63.041,
2026-08-31T04:09:09.742110+00:00,GET,http://localhost:3000/logistics/tenderos/productos-disponibles?tiendaId=bbbbbbbb-bbbb-4bbb-8bbb-bbbbbbbbbbbb&zona=Zona+Norte,200,60.130,
2026-08-31T04:09:09.775578+00:00,GET,http://localhost:3000/logistics/tenderos/productos-disponibles?tiendaId=bbbbbbbb-bbbb-4bbb-8bbb-bbbbbbbbbbbb&zona=Zona+Norte,200,60.640,
2026-08-31T04:09:09.809265+00:00,GET,http://localhost:3000/logistics/tenderos/productos-disponibles?tiendaId=bbbbbbbb-bbbb-4bbb-8bbb-bbbbbbbbbbbb&zona=Zona+Norte,200,66.848,
2026-08-31T04:09:09.842513+00:00,GET,http://localhost:3000/logistics/tenderos/productos-disponibles?tiendaId=bbbbbbbb-bbbb-4bbb-8bbb-bbbbbbbbbbbb&zona=Zona+Norte,200,63.449,
2026-08-31T04:09:09.875765+00:00,GET,http://localhost:3000/logistics/tenderos/productos-disponibles?tiendaId=bbbbbbbb-bbbb-4bbb-8bbb-bbbbbbbbbbbb&zona=Zona+Norte,200,59.223,
2026-08-31T04:09:09.908798+00:00,GET,http://localhost:3000/logistics/tenderos/productos-disponibles?tiendaId=bbbbbbbb-bbbb-4bbb-8bbb-bbbbbbbbbbbb&zona=Zona+Norte,200,62.044,
2026-08-31T04:09:09.942706+00:00,GET,http://localhost:3000/logistics/tenderos/productos-disponibles?tiendaId=bbbbbbbb-bbbb-4bbb-8bbb-bbbbbbbbbbbb&zona=Zona+Norte,200,63.554,
2026-08-31T04:09:09.975205+00:00,GET,http://localhost:3000/logistics/tenderos/productos-disponibles?tiendaId=bbbbbbbb-bbbb-4bbb-8bbb-bbbbbbbbbbbb&zona=Zona+Norte,200,59.912,
2026-08-31T04:09:10.008794+00:00,GET,http://localhost:3000/logistics/tenderos/productos-disponibles?tiendaId=bbbbbbbb-bbbb-4bbb-8bbb-bbbbbbbbbbbb&zona=Zona+Norte,200,61.906,
2026-08-31T04:09:10.042256+00:00,GET,http://localhost:3000/logistics/tenderos/productos-disponibles?tiendaId=bbbbbbbb-bbbb-4bbb-8bbb-bbbbbbbbbbbb&zona=Zona+Norte,200,60.771,
2026-08-31T04:09:10.075701+00:00,GET,http://localhost:3000/logistics/tenderos/productos-disponibles?tiendaId=bbbbbbbb-bbbb-4bbb-8bbb-bbbbbbbbbbbb&zona=Zona+Norte,200,60.161,
2026-08-31T04:09:10.109195+00:00,GET,http://localhost:3000/logistics/tenderos/productos-disponibles?tiendaId=bbbbbbbb-bbbb-4bbb-8bbb-bbbbbbbbbbbb&zona=Zona+Norte,200,62.775,
2026-08-31T04:09:10.142370+00:00,GET,http://localhost:3000/logistics/tenderos/productos-disponibles?tiendaId=bbbbbbbb-bbbb-4bbb-8bbb-bbbbbbbbbbbb&zona=Zona+Norte,200,63.181,
2026-08-31T04:09:10.175585+00:00,GET,http://localhost:3000/logistics/tenderos/productos-disponibles?tiendaId=bbbbbbbb-bbbb-4bbb-8bbb-bbbbbbbbbbbb&zona=Zona+Norte,200,62.715,
2026-08-31T04:09:10.208881+00:00,GET,http://localhost:3000/logistics/tenderos/productos-disponibles?tiendaId=bbbbbbbb-bbbb-4bbb-8bbb-bbbbbbbbbbbb&zona=Zona+Norte,200,64.288,
2026-08-31T04:09:10.242287+00:00,GET,http://localhost:3000/logistics/tenderos/productos-disponibles?tiendaId=bbbbbbbb-bbbb-4bbb-8bbb-bbbbbbbbbbbb&zona=Zona+Norte,200,62.916,
2026-08-31T04:09:10.275410+00:00,GET,http://localhost:3000/logistics/tenderos/productos-disponibles?tiendaId=bbbbbbbb-bbbb-4bbb-8bbb-bbbbbbbbbbbb&zona=Zona+Norte,200,63.486,
2026-08-31T04:09:10.308948+00:00,GET,http://localhost:3000/logistics/tenderos/productos-disponibles?tiendaId=bbbbbbbb-bbbb-4bbb-8bbb-bbbbbbbbbbbb&zona=Zona+Norte,200,64.373,
2026-08-31T04:09:10.342187+00:00,GET,http://localhost:3000/logistics/tenderos/productos-disponibles?tiendaId=bbbbbbbb-bbbb-4bbb-8bbb-bbbbbbbbbbbb&zona=Zona+Norte,200,64.319,
2026-08-31T04:09:10.375415+00:00,GET,http://localhost:3000/logistics/tenderos/productos-disponibles?tiendaId=bbbbbbbb-bbbb-4bbb-8bbb-bbbbbbbbbbbb&zona=Zona+Norte,200,61.635,
2026-08-31T04:09:10.408580+00:00,GET,http://localhost:3000/logistics/tenderos/productos-disponibles?tiendaId=bbbbbbbb-bbbb-4bbb-8bbb-bbbbbbbbbbbb&zona=Zona+Norte,200,62.101,
2026-08-31T04:09:10.442419+00:00,GET,http://localhost:3000/logistics/tenderos/productos-disponibles?tiendaId=bbbbbbbb-bbbb-4bbb-8bbb-bbbbbbbbbbbb&zona=Zona+Norte,200,60.454,
2026-08-31T04:09:10.475752+00:00,GET,http://localhost:3000/logistics/tenderos/productos-disponibles?tiendaId=bbbbbbbb-bbbb-4bbb-8bbb-bbbbbbbbbbbb&zona=Zona+Norte,200,63.802,
2026-08-31T04:09:10.508834+00:00,GET,http://localhost:3000/logistics/tenderos/productos-disponibles?tiendaId=bbbbbbbb-bbbb-4bbb-8bbb-bbbbbbbbbbbb&zona=Zona+Norte,200,63.891,
2026-08-31T04:09:10.542120+00:00,GET,http://localhost:3000/logistics/tenderos/productos-disponibles?tiendaId=bbbbbbbb-bbbb-4bbb-8bbb-bbbbbbbbbbbb&zona=Zona+Norte,200,62.661,
2026-08-31T04:09:10.575593+00:00,GET,http://localhost:3000/logistics/tenderos/productos-disponibles?tiendaId=bbbbbbbb-bbbb-4bbb-8bbb-bbbbbbbbbbbb&zona=Zona+Norte,200,63.735,
2026-08-31T04:09:10.608968+00:00,GET,http://localhost:3000/logistics/tenderos/productos-disponibles?tiendaId=bbbbbbbb-bbbb-4bbb-8bbb-bbbbbbbbbbbb&zona=Zona+Norte,200,62.880,
2026-08-31T04:09:10.642178+00:00,GET,http://localhost:3000/logistics/tenderos/productos-disponibles?tiendaId=bbbbbbbb-bbbb-4bbb-8bbb-bbbbbbbbbbbb&zona=Zona+Norte,200,60.926,
2026-08-31T04:09:10.675609+00:00,GET,http://localhost:3000/logistics/tenderos/productos-disponibles?tiendaId=bbbbbbbb-bbbb-4bbb-8bbb-bbbbbbbbbbbb&zona=Zona+Norte,200,60.979,
2026-08-31T04:09:10.709168+00:00,GET,http://localhost:3000/logistics/tenderos/productos-disponibles?tiendaId=bbbbbbbb-bbbb-4bbb-8bbb-bbbbbbbbbbbb&zona=Zona+Norte,200,62.432,
2026-08-31T04:09:10.742365+00:00,GET,http://localhost:3000/logistics/tenderos/productos-disponibles?tiendaId=bbbbbbbb-bbbb-4bbb-8bbb-bbbbbbbbbbbb&zona=Zona+Norte,200,62.637,
2026-08-31T04:09:10.775619+00:00,GET,http://localhost:3000/logistics/tenderos/productos-disponibles?tiendaId=bbbbbbbb-bbbb-4bbb-8bbb-bbbbbbbbbbbb&zona=Zona+Norte,200,64.215,
2026-08-31T04:09:10.808970+00:00,GET,http://localhost:3000/logistics/tenderos/productos-disponibles?tiendaId=bbbbbbbb-bbbb-4bbb-8bbb-bbbbbbbbbbbb&zona=Zona+Norte,200,60.854,
2026-08-31T04:09:10.842096+00:00,GET,http://localhost:3000/logistics/tenderos/productos-disponibles?tiendaId=bbbbbbbb-bbbb-4bbb-8bbb-bbbbbbbbbbbb&zona=Zona+Norte,200,65.052,
2026-08-31T04:09:10.875854+00:00,GET,http://localhost:3000/logistics/tenderos/productos-disponibles?tiendaId=bbbbbbbb-bbbb-4bbb-8bbb-bbbbbbbbbbbb&zona=Zona+Norte,200,63.637,
2026-08-31T04:09:10.908658+00:00,GET,http://localhost:3000/logistics/tenderos/productos-disponibles?tiendaId=bbbbbbbb-bbbb-4bbb-8bbb-bbbbbbbbbbbb&zona=Zona+Norte,200,60.425,
2026-08-31T04:09:10.942119+00:00,GET,http://localhost:3000/logistics/tenderos/productos-disponibles?tiendaId=bbbbbbbb-bbbb-4bbb-8bbb-bbbbbbbbbbbb&zona=Zona+Norte,200,59.227,
2026-08-31T04:09:10.975820+00:00,GET,http://localhost:3000/logistics/tenderos/productos-disponibles?tiendaId=bbbbbbbb-bbbb-4bbb-8bbb-bbbbbbbbbbbb&zona=Zona+Norte,200,62.735,
2026-08-31T04:09:11.009395+00:00,GET,http://localhost:3000/logistics/tenderos/productos-disponibles?tiendaId=bbbbbbbb-bbbb-4bbb-8bbb-bbbbbbbbbbbb&zona=Zona+Norte,200,58.592,
2026-08-31T04:09:11.042243+00:00,GET,http://localhost:3000/logistics/tenderos/productos-disponibles?tiendaId=bbbbbbbb-bbbb-4bbb-8bbb-bbbbbbbbbbbb&zona=Zona+Norte,200,62.487,
2026-08-31T04:09:11.076069+00:00,GET,http://localhost:3000/logistics/tenderos/productos-disponibles?tiendaId=bbbbbbbb-bbbb-4bbb-8bbb-bbbbbbbbbbbb&zona=Zona+Norte,200,62.949,
2026-08-31T04:09:11.108957+00:00,GET,http://localhost:3000/logistics/tenderos/productos-disponibles?tiendaId=bbbbbbbb-bbbb-4bbb-8bbb-bbbbbbbbbbbb&zona=Zona+Norte,200,60.881,
2026-08-31T04:09:11.142218+00:00,GET,http://localhost:3000/logistics/tenderos/productos-disponibles?tiendaId=bbbbbbbb-bbbb-4bbb-8bbb-bbbbbbbbbbbb&zona=Zona+Norte,200,63.949,
2026-08-31T04:09:11.175865+00:00,GET,http://localhost:3000/logistics/tenderos/productos-disponibles?tiendaId=bbbbbbbb-bbbb-4bbb-8bbb-bbbbbbbbbbbb&zona=Zona+Norte,200,60.291,
2026-08-31T04:09:11.208775+00:00,GET,http://localhost:3000/logistics/tenderos/productos-disponibles?tiendaId=bbbbbbbb-bbbb-4bbb-8bbb-bbbbbbbbbbbb&zona=Zona+Norte,200,63.479,
2026-08-31T04:09:11.242528+00:00,GET,http://localhost:3000/logistics/tenderos/productos-disponibles?tiendaId=bbbbbbbb-bbbb-4bbb-8bbb-bbbbbbbbbbbb&zona=Zona+Norte,200,59.993,
2026-08-31T04:09:11.275545+00:00,GET,http://localhost:3000/logistics/tenderos/productos-disponibles?tiendaId=bbbbbbbb-bbbb-4bbb-8bbb-bbbbbbbbbbbb&zona=Zona+Norte,200,62.923,
2026-08-31T04:09:11.309264+00:00,GET,http://localhost:3000/logistics/tenderos/productos-disponibles?tiendaId=bbbbbbbb-bbbb-4bbb-8bbb-bbbbbbbbbbbb&zona=Zona+Norte,200,60.130,
2026-08-31T04:09:11.342284+00:00,GET,http://localhost:3000/logistics/tenderos/productos-disponibles?tiendaId=bbbbbbbb-bbbb-4bbb-8bbb-bbbbbbbbbbbb&zona=Zona+Norte,200,63.492,
2026-08-31T04:09:11.375955+00:00,GET,http://localhost:3000/logistics/tenderos/productos-disponibles?tiendaId=bbbbbbbb-bbbb-4bbb-8bbb-bbbbbbbbbbbb&zona=Zona+Norte,200,62.652,
2026-08-31T04:09:11.408855+00:00,GET,http://localhost:3000/logistics/tenderos/productos-disponibles?tiendaId=bbbbbbbb-bbbb-4bbb-8bbb-bbbbbbbbbbbb&zona=Zona+Norte,200,61.016,
2026-08-31T04:09:11.442252+00:00,GET,http://localhost:3000/logistics/tenderos/productos-disponibles?tiendaId=bbbbbbbb-bbbb-4bbb-8bbb-bbbbbbbbbbbb&zona=Zona+Norte,200,59.059,
2026-08-31T04:09:11.475841+00:00,GET,http://localhost:3000/logistics/tenderos/productos-disponibles?tiendaId=bbbbbbbb-bbbb-4bbb-8bbb-bbbbbbbbbbbb&zona=Zona+Norte,200,63.171,
2026-08-31T04:09:11.509407+00:00,GET,http://localhost:3000/logistics/tenderos/productos-disponibles?tiendaId=bbbbbbbb-bbbb-4bbb-8bbb-bbbbbbbbbbbb&zona=Zona+Norte,200,58.743,
2026-08-31T04:09:11.542171+00:00,GET,http://localhost:3000/logistics/tenderos/productos-disponibles?tiendaId=bbbbbbbb-bbbb-4bbb-8bbb-bbbbbbbbbbbb&zona=Zona+Norte,200,63.159,
2026-08-31T04:09:11.575854+00:00,GET,http://localhost:3000/logistics/tenderos/productos-disponibles?tiendaId=bbbbbbbb-bbbb-4bbb-8bbb-bbbbbbbbbbbb&zona=Zona+Norte,200,63.795,
2026-08-31T04:09:11.608915+00:00,GET,http://localhost:3000/logistics/tenderos/productos-disponibles?tiendaId=bbbbbbbb-bbbb-4bbb-8bbb-bbbbbbbbbbbb&zona=Zona+Norte,200,58.575,
2026-08-31T04:09:11.642107+00:00,GET,http://localhost:3000/logistics/tenderos/productos-disponibles?tiendaId=bbbbbbbb-bbbb-4bbb-8bbb-bbbbbbbbbbbb&zona=Zona+Norte,200,56.631,
2026-08-31T04:09:11.675686+00:00,GET,http://localhost:3000/logistics/tenderos/productos-disponibles?tiendaId=bbbbbbbb-bbbb-4bbb-8bbb-bbbbbbbbbbbb&zona=Zona+Norte,200,56.368,
2026-08-31T04:09:11.708776+00:00,GET,http://localhost:3000/logistics/tenderos/productos-disponibles?tiendaId=bbbbbbbb-bbbb-4bbb-8bbb-bbbbbbbbbbbb&zona=Zona+Norte,200,59.095,
2026-08-31T04:09:11.742906+00:00,GET,http://localhost:3000/logistics/tenderos/productos-disponibles?tiendaId=bbbbbbbb-bbbb-4bbb-8bbb-bbbbbbbbbbbb&zona=Zona+Norte,200,56.062,
2026-08-31T04:09:11.775816+00:00,GET,http://localhost:3000/logistics/tenderos/productos-disponibles?tiendaId=bbbbbbbb-bbbb-4bbb-8bbb-bbbbbbbbbbbb&zona=Zona+Norte,200,56.219,
2026-08-31T04:09:11.809538+00:00,GET,http://localhost:3000/logistics/tenderos/productos-disponibles?tiendaId=bbbbbbbb-bbbb-4bbb-8bbb-bbbbbbbbbbbb&zona=Zona+Norte,200,59.682,
2026-08-31T04:09:11.842884+00:00,GET,http://localhost:3000/logistics/tenderos/productos-disponibles?tiendaId=bbbbbbbb-bbbb-4bbb-8bbb-bbbbbbbbbbbb&zona=Zona+Norte,200,58.028,
2026-08-31T04:09:11.875923+00:00,GET,http://localhost:3000/logistics/tenderos/productos-disponibles?tiendaId=bbbbbbbb-bbbb-4bbb-8bbb-bbbbbbbbbbbb&zona=Zona+Norte,200,58.254,
2026-08-31T04:09:11.909515+00:00,GET,http://localhost:3000/logistics/tenderos/productos-disponibles?tiendaId=bbbbbbbb-bbbb-4bbb-8bbb-bbbbbbbbbbbb&zona=Zona+Norte,200,54.874,
2026-08-31T04:09:11.942828+00:00,GET,http://localhost:3000/logistics/tenderos/productos-disponibles?tiendaId=bbbbbbbb-bbbb-4bbb-8bbb-bbbbbbbbbbbb&zona=Zona+Norte,200,59.013,
2026-08-31T04:09:11.976238+00:00,GET,http://localhost:3000/logistics/tenderos/productos-disponibles?tiendaId=bbbbbbbb-bbbb-4bbb-8bbb-bbbbbbbbbbbb&zona=Zona+Norte,200,57.986,
2026-08-31T04:09:12.009351+00:00,GET,http://localhost:3000/logistics/tenderos/productos-disponibles?tiendaId=bbbbbbbb-bbbb-4bbb-8bbb-bbbbbbbbbbbb&zona=Zona+Norte,200,55.089,
2026-08-31T04:09:12.042802+00:00,GET,http://localhost:3000/logistics/tenderos/productos-disponibles?tiendaId=bbbbbbbb-bbbb-4bbb-8bbb-bbbbbbbbbbbb&zona=Zona+Norte,200,54.399,
2026-08-31T04:09:12.076251+00:00,GET,http://localhost:3000/logistics/tenderos/productos-disponibles?tiendaId=bbbbbbbb-bbbb-4bbb-8bbb-bbbbbbbbbbbb&zona=Zona+Norte,200,58.050,
2026-08-31T04:09:12.109523+00:00,GET,http://localhost:3000/logistics/tenderos/productos-disponibles?tiendaId=bbbbbbbb-bbbb-4bbb-8bbb-bbbbbbbbbbbb&zona=Zona+Norte,200,57.914,
2026-08-31T04:09:12.142837+00:00,GET,http://localhost:3000/logistics/tenderos/productos-disponibles?tiendaId=bbbbbbbb-bbbb-4bbb-8bbb-bbbbbbbbbbbb&zona=Zona+Norte,200,55.295,
2026-08-31T04:09:12.176194+00:00,GET,http://localhost:3000/logistics/tenderos/productos-disponibles?tiendaId=bbbbbbbb-bbbb-4bbb-8bbb-bbbbbbbbbbbb&zona=Zona+Norte,200,57.999,
2026-08-31T04:09:12.209468+00:00,GET,http://localhost:3000/logistics/tenderos/productos-disponibles?tiendaId=bbbbbbbb-bbbb-4bbb-8bbb-bbbbbbbbbbbb&zona=Zona+Norte,200,60.337,
2026-08-31T04:09:12.242828+00:00,GET,http://localhost:3000/logistics/tenderos/productos-disponibles?tiendaId=bbbbbbbb-bbbb-4bbb-8bbb-bbbbbbbbbbbb&zona=Zona+Norte,200,60.141,
2026-08-31T04:09:12.275857+00:00,GET,http://localhost:3000/logistics/tenderos/productos-disponibles?tiendaId=bbbbbbbb-bbbb-4bbb-8bbb-bbbbbbbbbbbb&zona=Zona+Norte,200,56.991,
2026-08-31T04:09:12.309206+00:00,GET,http://localhost:3000/logistics/tenderos/productos-disponibles?tiendaId=bbbbbbbb-bbbb-4bbb-8bbb-bbbbbbbbbbbb&zona=Zona+Norte,200,56.618,
2026-08-31T04:09:12.342879+00:00,GET,http://localhost:3000/logistics/tenderos/productos-disponibles?tiendaId=bbbbbbbb-bbbb-4bbb-8bbb-bbbbbbbbbbbb&zona=Zona+Norte,200,60.280,
2026-08-31T04:09:12.376203+00:00,GET,http://localhost:3000/logistics/tenderos/productos-disponibles?tiendaId=bbbbbbbb-bbbb-4bbb-8bbb-bbbbbbbbbbbb&zona=Zona+Norte,200,55.104,
2026-08-31T04:09:12.409185+00:00,GET,http://localhost:3000/logistics/tenderos/productos-disponibles?tiendaId=bbbbbbbb-bbbb-4bbb-8bbb-bbbbbbbbbbbb&zona=Zona+Norte,200,55.878,
2026-08-31T04:09:12.442852+00:00,GET,http://localhost:3000/logistics/tenderos/productos-disponibles?tiendaId=bbbbbbbb-bbbb-4bbb-8bbb-bbbbbbbbbbbb&zona=Zona+Norte,200,57.223,
2026-08-31T04:09:12.476207+00:00,GET,http://localhost:3000/logistics/tenderos/productos-disponibles?tiendaId=bbbbbbbb-bbbb-4bbb-8bbb-bbbbbbbbbbbb&zona=Zona+Norte,200,56.095,
2026-08-31T04:09:12.509471+00:00,GET,http://localhost:3000/logistics/tenderos/productos-disponibles?tiendaId=bbbbbbbb-bbbb-4bbb-8bbb-bbbbbbbbbbbb&zona=Zona+Norte,200,55.521,
2026-08-31T04:09:12.542156+00:00,GET,http://localhost:3000/logistics/tenderos/productos-disponibles?tiendaId=bbbbbbbb-bbbb-4bbb-8bbb-bbbbbbbbbbbb&zona=Zona+Norte,200,57.759,
2026-08-31T04:09:12.576293+00:00,GET,http://localhost:3000/logistics/tenderos/productos-disponibles?tiendaId=bbbbbbbb-bbbb-4bbb-8bbb-bbbbbbbbbbbb&zona=Zona+Norte,200,54.631,
2026-08-31T04:09:12.609463+00:00,GET,http://localhost:3000/logistics/tenderos/productos-disponibles?tiendaId=bbbbbbbb-bbbb-4bbb-8bbb-bbbbbbbbbbbb&zona=Zona+Norte,200,58.664,
2026-08-31T04:09:12.642102+00:00,GET,http://localhost:3000/logistics/tenderos/productos-disponibles?tiendaId=bbbbbbbb-bbbb-4bbb-8bbb-bbbbbbbbbbbb&zona=Zona+Norte,200,55.987,
2026-08-31T04:09:12.676100+00:00,GET,http://localhost:3000/logistics/tenderos/productos-disponibles?tiendaId=bbbbbbbb-bbbb-4bbb-8bbb-bbbbbbbbbbbb&zona=Zona+Norte,200,57.763,
2026-08-31T04:09:12.709477+00:00,GET,http://localhost:3000/logistics/tenderos/productos-disponibles?tiendaId=bbbbbbbb-bbbb-4bbb-8bbb-bbbbbbbbbbbb&zona=Zona+Norte,200,54.675,
2026-08-31T04:09:12.742768+00:00,GET,http://localhost:3000/logistics/tenderos/productos-disponibles?tiendaId=bbbbbbbb-bbbb-4bbb-8bbb-bbbbbbbbbbbb&zona=Zona+Norte,200,57.103,
2026-08-31T04:09:12.776267+00:00,GET,http://localhost:3000/logistics/tenderos/productos-disponibles?tiendaId=bbbbbbbb-bbbb-4bbb-8bbb-bbbbbbbbbbbb&zona=Zona+Norte,200,62.849,
2026-08-31T04:09:12.809553+00:00,GET,http://localhost:3000/logistics/tenderos/productos-disponibles?tiendaId=bbbbbbbb-bbbb-4bbb-8bbb-bbbbbbbbbbbb&zona=Zona+Norte,200,63.270,
2026-08-31T04:09:12.842200+00:00,GET,http://localhost:3000/logistics/tenderos/productos-disponibles?tiendaId=bbbbbbbb-bbbb-4bbb-8bbb-bbbbbbbbbbbb&zona=Zona+Norte,200,58.971,
2026-08-31T04:09:12.875485+00:00,GET,http://localhost:3000/logistics/tenderos/productos-disponibles?tiendaId=bbbbbbbb-bbbb-4bbb-8bbb-bbbbbbbbbbbb&zona=Zona+Norte,200,61.233,
2026-08-31T04:09:12.909462+00:00,GET,http://localhost:3000/logistics/tenderos/productos-disponibles?tiendaId=bbbbbbbb-bbbb-4bbb-8bbb-bbbbbbbbbbbb&zona=Zona+Norte,200,65.435,
2026-08-31T04:09:12.942506+00:00,GET,http://localhost:3000/logistics/tenderos/productos-disponibles?tiendaId=bbbbbbbb-bbbb-4bbb-8bbb-bbbbbbbbbbbb&zona=Zona+Norte,200,63.241,
2026-08-31T04:09:12.975187+00:00,GET,http://localhost:3000/logistics/tenderos/productos-disponibles?tiendaId=bbbbbbbb-bbbb-4bbb-8bbb-bbbbbbbbbbbb&zona=Zona+Norte,200,62.604,
2026-08-31T04:09:13.008912+00:00,GET,http://localhost:3000/logistics/tenderos/productos-disponibles?tiendaId=bbbbbbbb-bbbb-4bbb-8bbb-bbbbbbbbbbbb&zona=Zona+Norte,200,62.550,
2026-08-31T04:09:13.042374+00:00,GET,http://localhost:3000/logistics/tenderos/productos-disponibles?tiendaId=bbbbbbbb-bbbb-4bbb-8bbb-bbbbbbbbbbbb&zona=Zona+Norte,200,62.296,
2026-08-31T04:09:13.075668+00:00,GET,http://localhost:3000/logistics/tenderos/productos-disponibles?tiendaId=bbbbbbbb-bbbb-4bbb-8bbb-bbbbbbbbbbbb&zona=Zona+Norte,200,63.411,
2026-08-31T04:09:13.109002+00:00,GET,http://localhost:3000/logistics/tenderos/productos-disponibles?tiendaId=bbbbbbbb-bbbb-4bbb-8bbb-bbbbbbbbbbbb&zona=Zona+Norte,200,60.413,
2026-08-31T04:09:13.142201+00:00,GET,http://localhost:3000/logistics/tenderos/productos-disponibles?tiendaId=bbbbbbbb-bbbb-4bbb-8bbb-bbbbbbbbbbbb&zona=Zona+Norte,200,59.542,
2026-08-31T04:09:13.175936+00:00,GET,http://localhost:3000/logistics/tenderos/productos-disponibles?tiendaId=bbbbbbbb-bbbb-4bbb-8bbb-bbbbbbbbbbbb&zona=Zona+Norte,200,60.307,
2026-08-31T04:09:13.209403+00:00,GET,http://localhost:3000/logistics/tenderos/productos-disponibles?tiendaId=bbbbbbbb-bbbb-4bbb-8bbb-bbbbbbbbbbbb&zona=Zona+Norte,200,59.740,
2026-08-31T04:09:13.242559+00:00,GET,http://localhost:3000/logistics/tenderos/productos-disponibles?tiendaId=bbbbbbbb-bbbb-4bbb-8bbb-bbbbbbbbbbbb&zona=Zona+Norte,200,59.624,
2026-08-31T04:09:13.275951+00:00,GET,http://localhost:3000/logistics/tenderos/productos-disponibles?tiendaId=bbbbbbbb-bbbb-4bbb-8bbb-bbbbbbbbbbbb&zona=Zona+Norte,200,61.069,
2026-08-31T04:09:13.309339+00:00,GET,http://localhost:3000/logistics/tenderos/productos-disponibles?tiendaId=bbbbbbbb-bbbb-4bbb-8bbb-bbbbbbbbbbbb&zona=Zona+Norte,200,62.835,
2026-08-31T04:09:13.342508+00:00,GET,http://localhost:3000/logistics/tenderos/productos-disponibles?tiendaId=bbbbbbbb-bbbb-4bbb-8bbb-bbbbbbbbbbbb&zona=Zona+Norte,200,62.734,
2026-08-31T04:09:13.375640+00:00,GET,http://localhost:3000/logistics/tenderos/productos-disponibles?tiendaId=bbbbbbbb-bbbb-4bbb-8bbb-bbbbbbbbbbbb&zona=Zona+Norte,200,62.816,
2026-08-31T04:09:13.408970+00:00,GET,http://localhost:3000/logistics/tenderos/productos-disponibles?tiendaId=bbbbbbbb-bbbb-4bbb-8bbb-bbbbbbbbbbbb&zona=Zona+Norte,200,62.656,
2026-08-31T04:09:13.442319+00:00,GET,http://localhost:3000/logistics/tenderos/productos-disponibles?tiendaId=bbbbbbbb-bbbb-4bbb-8bbb-bbbbbbbbbbbb&zona=Zona+Norte,200,60.651,
2026-08-31T04:09:13.475654+00:00,GET,http://localhost:3000/logistics/tenderos/productos-disponibles?tiendaId=bbbbbbbb-bbbb-4bbb-8bbb-bbbbbbbbbbbb&zona=Zona+Norte,200,63.068,
2026-08-31T04:09:13.509257+00:00,GET,http://localhost:3000/logistics/tenderos/productos-disponibles?tiendaId=bbbbbbbb-bbbb-4bbb-8bbb-bbbbbbbbbbbb&zona=Zona+Norte,200,59.576,
2026-08-31T04:09:13.542265+00:00,GET,http://localhost:3000/logistics/tenderos/productos-disponibles?tiendaId=bbbbbbbb-bbbb-4bbb-8bbb-bbbbbbbbbbbb&zona=Zona+Norte,200,62.780,
2026-08-31T04:09:13.576052+00:00,GET,http://localhost:3000/logistics/tenderos/productos-disponibles?tiendaId=bbbbbbbb-bbbb-4bbb-8bbb-bbbbbbbbbbbb&zona=Zona+Norte,200,63.051,
2026-08-31T04:09:13.608983+00:00,GET,http://localhost:3000/logistics/tenderos/productos-disponibles?tiendaId=bbbbbbbb-bbbb-4bbb-8bbb-bbbbbbbbbbbb&zona=Zona+Norte,200,62.856,
2026-08-31T04:09:13.642207+00:00,GET,http://localhost:3000/logistics/tenderos/productos-disponibles?tiendaId=bbbbbbbb-bbbb-4bbb-8bbb-bbbbbbbbbbbb&zona=Zona+Norte,200,59.489,
2026-08-31T04:09:13.675592+00:00,GET,http://localhost:3000/logistics/tenderos/productos-disponibles?tiendaId=bbbbbbbb-bbbb-4bbb-8bbb-bbbbbbbbbbbb&zona=Zona+Norte,200,58.968,
2026-08-31T04:09:13.709419+00:00,GET,http://localhost:3000/logistics/tenderos/productos-disponibles?tiendaId=bbbbbbbb-bbbb-4bbb-8bbb-bbbbbbbbbbbb&zona=Zona+Norte,200,62.631,
2026-08-31T04:09:13.742803+00:00,GET,http://localhost:3000/logistics/tenderos/productos-disponibles?tiendaId=bbbbbbbb-bbbb-4bbb-8bbb-bbbbbbbbbbbb&zona=Zona+Norte,200,59.811,
2026-08-31T04:09:13.775605+00:00,GET,http://localhost:3000/logistics/tenderos/productos-disponibles?tiendaId=bbbbbbbb-bbbb-4bbb-8bbb-bbbbbbbbbbbb&zona=Zona+Norte,200,61.570,
2026-08-31T04:09:13.809305+00:00,GET,http://localhost:3000/logistics/tenderos/productos-disponibles?tiendaId=bbbbbbbb-bbbb-4bbb-8bbb-bbbbbbbbbbbb&zona=Zona+Norte,200,68.036,
2026-08-31T04:09:13.841903+00:00,GET,http://localhost:3000/logistics/tenderos/productos-disponibles?tiendaId=bbbbbbbb-bbbb-4bbb-8bbb-bbbbbbbbbbbb&zona=Zona+Norte,200,61.114,
2026-08-31T04:09:13.875776+00:00,GET,http://localhost:3000/logistics/tenderos/productos-disponibles?tiendaId=bbbbbbbb-bbbb-4bbb-8bbb-bbbbbbbbbbbb&zona=Zona+Norte,200,68.956,
2026-08-31T04:09:13.909228+00:00,GET,http://localhost:3000/logistics/tenderos/productos-disponibles?tiendaId=bbbbbbbb-bbbb-4bbb-8bbb-bbbbbbbbbbbb&zona=Zona+Norte,200,60.218,
2026-08-31T04:09:13.942744+00:00,GET,http://localhost:3000/logistics/tenderos/productos-disponibles?tiendaId=bbbbbbbb-bbbb-4bbb-8bbb-bbbbbbbbbbbb&zona=Zona+Norte,200,62.438,
2026-08-31T04:09:13.975868+00:00,GET,http://localhost:3000/logistics/tenderos/productos-disponibles?tiendaId=bbbbbbbb-bbbb-4bbb-8bbb-bbbbbbbbbbbb&zona=Zona+Norte,200,60.655,
2026-08-31T04:09:14.008983+00:00,GET,http://localhost:3000/logistics/tenderos/productos-disponibles?tiendaId=bbbbbbbb-bbbb-4bbb-8bbb-bbbbbbbbbbbb&zona=Zona+Norte,200,60.069,
2026-08-31T04:09:14.042572+00:00,GET,http://localhost:3000/logistics/tenderos/productos-disponibles?tiendaId=bbbbbbbb-bbbb-4bbb-8bbb-bbbbbbbbbbbb&zona=Zona+Norte,200,63.074,
2026-08-31T04:09:14.076006+00:00,GET,http://localhost:3000/logistics/tenderos/productos-disponibles?tiendaId=bbbbbbbb-bbbb-4bbb-8bbb-bbbbbbbbbbbb&zona=Zona+Norte,200,63.249,
2026-08-31T04:09:14.108912+00:00,GET,http://localhost:3000/logistics/tenderos/productos-disponibles?tiendaId=bbbbbbbb-bbbb-4bbb-8bbb-bbbbbbbbbbbb&zona=Zona+Norte,200,60.303,
2026-08-31T04:09:14.142186+00:00,GET,http://localhost:3000/logistics/tenderos/productos-disponibles?tiendaId=bbbbbbbb-bbbb-4bbb-8bbb-bbbbbbbbbbbb&zona=Zona+Norte,200,64.893,
2026-08-31T04:09:14.175960+00:00,GET,http://localhost:3000/logistics/tenderos/productos-disponibles?tiendaId=bbbbbbbb-bbbb-4bbb-8bbb-bbbbbbbbbbbb&zona=Zona+Norte,200,63.601,
2026-08-31T04:09:14.208707+00:00,GET,http://localhost:3000/logistics/tenderos/productos-disponibles?tiendaId=bbbbbbbb-bbbb-4bbb-8bbb-bbbbbbbbbbbb&zona=Zona+Norte,200,61.297,
2026-08-31T04:09:14.242147+00:00,GET,http://localhost:3000/logistics/tenderos/productos-disponibles?tiendaId=bbbbbbbb-bbbb-4bbb-8bbb-bbbbbbbbbbbb&zona=Zona+Norte,200,63.355,
2026-08-31T04:09:14.275875+00:00,GET,http://localhost:3000/logistics/tenderos/productos-disponibles?tiendaId=bbbbbbbb-bbbb-4bbb-8bbb-bbbbbbbbbbbb&zona=Zona+Norte,200,64.364,
2026-08-31T04:09:14.308930+00:00,GET,http://localhost:3000/logistics/tenderos/productos-disponibles?tiendaId=bbbbbbbb-bbbb-4bbb-8bbb-bbbbbbbbbbbb&zona=Zona+Norte,200,60.510,
2026-08-31T04:09:14.342057+00:00,GET,http://localhost:3000/logistics/tenderos/productos-disponibles?tiendaId=bbbbbbbb-bbbb-4bbb-8bbb-bbbbbbbbbbbb&zona=Zona+Norte,200,62.782,
2026-08-31T04:09:14.375974+00:00,GET,http://localhost:3000/logistics/tenderos/productos-disponibles?tiendaId=bbbbbbbb-bbbb-4bbb-8bbb-bbbbbbbbbbbb&zona=Zona+Norte,200,63.165,
2026-08-31T04:09:14.409002+00:00,GET,http://localhost:3000/logistics/tenderos/productos-disponibles?tiendaId=bbbbbbbb-bbbb-4bbb-8bbb-bbbbbbbbbbbb&zona=Zona+Norte,200,64.941,
2026-08-31T04:09:14.442235+00:00,GET,http://localhost:3000/logistics/tenderos/productos-disponibles?tiendaId=bbbbbbbb-bbbb-4bbb-8bbb-bbbbbbbbbbbb&zona=Zona+Norte,200,61.100,
2026-08-31T04:09:14.475326+00:00,GET,http://localhost:3000/logistics/tenderos/productos-disponibles?tiendaId=bbbbbbbb-bbbb-4bbb-8bbb-bbbbbbbbbbbb&zona=Zona+Norte,200,63.301,
2026-08-31T04:09:14.508741+00:00,GET,http://localhost:3000/logistics/tenderos/productos-disponibles?tiendaId=bbbbbbbb-bbbb-4bbb-8bbb-bbbbbbbbbbbb&zona=Zona+Norte,200,62.492,
2026-08-31T04:09:14.542275+00:00,GET,http://localhost:3000/logistics/tenderos/productos-disponibles?tiendaId=bbbbbbbb-bbbb-4bbb-8bbb-bbbbbbbbbbbb&zona=Zona+Norte,200,60.565,
2026-08-31T04:09:14.575679+00:00,GET,http://localhost:3000/logistics/tenderos/productos-disponibles?tiendaId=bbbbbbbb-bbbb-4bbb-8bbb-bbbbbbbbbbbb&zona=Zona+Norte,200,63.427,
2026-08-31T04:09:14.609261+00:00,GET,http://localhost:3000/logistics/tenderos/productos-disponibles?tiendaId=bbbbbbbb-bbbb-4bbb-8bbb-bbbbbbbbbbbb&zona=Zona+Norte,200,64.307,
2026-08-31T04:09:14.642220+00:00,GET,http://localhost:3000/logistics/tenderos/productos-disponibles?tiendaId=bbbbbbbb-bbbb-4bbb-8bbb-bbbbbbbbbbbb&zona=Zona+Norte,200,63.995,
2026-08-31T04:09:14.675415+00:00,GET,http://localhost:3000/logistics/tenderos/productos-disponibles?tiendaId=bbbbbbbb-bbbb-4bbb-8bbb-bbbbbbbbbbbb&zona=Zona+Norte,200,62.774,
2026-08-31T04:09:14.708825+00:00,GET,http://localhost:3000/logistics/tenderos/productos-disponibles?tiendaId=bbbbbbbb-bbbb-4bbb-8bbb-bbbbbbbbbbbb&zona=Zona+Norte,200,64.080,
2026-08-31T04:09:14.742366+00:00,GET,http://localhost:3000/logistics/tenderos/productos-disponibles?tiendaId=bbbbbbbb-bbbb-4bbb-8bbb-bbbbbbbbbbbb&zona=Zona+Norte,200,59.775,
2026-08-31T04:09:14.775528+00:00,GET,http://localhost:3000/logistics/tenderos/productos-disponibles?tiendaId=bbbbbbbb-bbbb-4bbb-8bbb-bbbbbbbbbbbb&zona=Zona+Norte,200,63.733,
2026-08-31T04:09:14.809420+00:00,GET,http://localhost:3000/logistics/tenderos/productos-disponibles?tiendaId=bbbbbbbb-bbbb-4bbb-8bbb-bbbbbbbbbbbb&zona=Zona+Norte,200,64.703,
2026-08-31T04:09:14.842201+00:00,GET,http://localhost:3000/logistics/tenderos/productos-disponibles?tiendaId=bbbbbbbb-bbbb-4bbb-8bbb-bbbbbbbbbbbb&zona=Zona+Norte,200,59.880,
2026-08-31T04:09:14.875338+00:00,GET,http://localhost:3000/logistics/tenderos/productos-disponibles?tiendaId=bbbbbbbb-bbbb-4bbb-8bbb-bbbbbbbbbbbb&zona=Zona+Norte,200,62.041,
2026-08-31T04:09:14.909367+00:00,GET,http://localhost:3000/logistics/tenderos/productos-disponibles?tiendaId=bbbbbbbb-bbbb-4bbb-8bbb-bbbbbbbbbbbb&zona=Zona+Norte,200,62.793,
2026-08-31T04:09:14.942455+00:00,GET,http://localhost:3000/logistics/tenderos/productos-disponibles?tiendaId=bbbbbbbb-bbbb-4bbb-8bbb-bbbbbbbbbbbb&zona=Zona+Norte,200,58.684,
2026-08-31T04:09:14.975604+00:00,GET,http://localhost:3000/logistics/tenderos/productos-disponibles?tiendaId=bbbbbbbb-bbbb-4bbb-8bbb-bbbbbbbbbbbb&zona=Zona+Norte,200,63.064,
2026-08-31T04:09:15.009399+00:00,GET,http://localhost:3000/logistics/tenderos/productos-disponibles?tiendaId=bbbbbbbb-bbbb-4bbb-8bbb-bbbbbbbbbbbb&zona=Zona+Norte,200,63.425,
2026-08-31T04:09:15.042300+00:00,GET,http://localhost:3000/logistics/tenderos/productos-disponibles?tiendaId=bbbbbbbb-bbbb-4bbb-8bbb-bbbbbbbbbbbb&zona=Zona+Norte,200,63.434,
2026-08-31T04:09:15.075509+00:00,GET,http://localhost:3000/logistics/tenderos/productos-disponibles?tiendaId=bbbbbbbb-bbbb-4bbb-8bbb-bbbbbbbbbbbb&zona=Zona+Norte,200,60.216,
2026-08-31T04:09:15.108923+00:00,GET,http://localhost:3000/logistics/tenderos/productos-disponibles?tiendaId=bbbbbbbb-bbbb-4bbb-8bbb-bbbbbbbbbbbb&zona=Zona+Norte,200,63.661,
2026-08-31T04:09:15.142660+00:00,GET,http://localhost:3000/logistics/tenderos/productos-disponibles?tiendaId=bbbbbbbb-bbbb-4bbb-8bbb-bbbbbbbbbbbb&zona=Zona+Norte,200,62.525,
2026-08-31T04:09:15.175560+00:00,GET,http://localhost:3000/logistics/tenderos/productos-disponibles?tiendaId=bbbbbbbb-bbbb-4bbb-8bbb-bbbbbbbbbbbb&zona=Zona+Norte,200,61.964,
2026-08-31T04:09:15.208972+00:00,GET,http://localhost:3000/logistics/tenderos/productos-disponibles?tiendaId=bbbbbbbb-bbbb-4bbb-8bbb-bbbbbbbbbbbb&zona=Zona+Norte,200,63.105,
2026-08-31T04:09:15.242106+00:00,GET,http://localhost:3000/logistics/tenderos/productos-disponibles?tiendaId=bbbbbbbb-bbbb-4bbb-8bbb-bbbbbbbbbbbb&zona=Zona+Norte,200,67.523,
2026-08-31T04:09:15.275619+00:00,GET,http://localhost:3000/logistics/tenderos/productos-disponibles?tiendaId=bbbbbbbb-bbbb-4bbb-8bbb-bbbbbbbbbbbb&zona=Zona+Norte,200,62.528,
2026-08-31T04:09:15.308733+00:00,GET,http://localhost:3000/logistics/tenderos/productos-disponibles?tiendaId=bbbbbbbb-bbbb-4bbb-8bbb-bbbbbbbbbbbb&zona=Zona+Norte,200,62.331,
2026-08-31T04:09:15.342352+00:00,GET,http://localhost:3000/logistics/tenderos/productos-disponibles?tiendaId=bbbbbbbb-bbbb-4bbb-8bbb-bbbbbbbbbbbb&zona=Zona+Norte,200,63.131,
2026-08-31T04:09:15.375781+00:00,GET,http://localhost:3000/logistics/tenderos/productos-disponibles?tiendaId=bbbbbbbb-bbbb-4bbb-8bbb-bbbbbbbbbbbb&zona=Zona+Norte,200,64.813,
2026-08-31T04:09:15.408939+00:00,GET,http://localhost:3000/logistics/tenderos/productos-disponibles?tiendaId=bbbbbbbb-bbbb-4bbb-8bbb-bbbbbbbbbbbb&zona=Zona+Norte,200,64.113,
2026-08-31T04:09:15.442071+00:00,GET,http://localhost:3000/logistics/tenderos/productos-disponibles?tiendaId=bbbbbbbb-bbbb-4bbb-8bbb-bbbbbbbbbbbb&zona=Zona+Norte,200,64.013,
2026-08-31T04:09:15.475523+00:00,GET,http://localhost:3000/logistics/tenderos/productos-disponibles?tiendaId=bbbbbbbb-bbbb-4bbb-8bbb-bbbbbbbbbbbb&zona=Zona+Norte,200,64.899,
2026-08-31T04:09:15.508857+00:00,GET,http://localhost:3000/logistics/tenderos/productos-disponibles?tiendaId=bbbbbbbb-bbbb-4bbb-8bbb-bbbbbbbbbbbb&zona=Zona+Norte,200,66.974,
2026-08-31T04:09:15.542054+00:00,GET,http://localhost:3000/logistics/tenderos/productos-disponibles?tiendaId=bbbbbbbb-bbbb-4bbb-8bbb-bbbbbbbbbbbb&zona=Zona+Norte,200,68.200,
2026-08-31T04:09:15.575297+00:00,GET,http://localhost:3000/logistics/tenderos/productos-disponibles?tiendaId=bbbbbbbb-bbbb-4bbb-8bbb-bbbbbbbbbbbb&zona=Zona+Norte,200,67.518,
2026-08-31T04:09:15.609352+00:00,GET,http://localhost:3000/logistics/tenderos/productos-disponibles?tiendaId=bbbbbbbb-bbbb-4bbb-8bbb-bbbbbbbbbbbb&zona=Zona+Norte,200,68.167,
2026-08-31T04:09:15.641906+00:00,GET,http://localhost:3000/logistics/tenderos/productos-disponibles?tiendaId=bbbbbbbb-bbbb-4bbb-8bbb-bbbbbbbbbbbb&zona=Zona+Norte,200,61.005,
2026-08-31T04:09:15.676226+00:00,GET,http://localhost:3000/logistics/tenderos/productos-disponibles?tiendaId=bbbbbbbb-bbbb-4bbb-8bbb-bbbbbbbbbbbb&zona=Zona+Norte,200,63.781,
2026-08-31T04:09:15.709275+00:00,GET,http://localhost:3000/logistics/tenderos/productos-disponibles?tiendaId=bbbbbbbb-bbbb-4bbb-8bbb-bbbbbbbbbbbb&zona=Zona+Norte,200,59.345,
2026-08-31T04:09:15.742129+00:00,GET,http://localhost:3000/logistics/tenderos/productos-disponibles?tiendaId=bbbbbbbb-bbbb-4bbb-8bbb-bbbbbbbbbbbb&zona=Zona+Norte,200,59.711,
2026-08-31T04:09:15.776074+00:00,GET,http://localhost:3000/logistics/tenderos/productos-disponibles?tiendaId=bbbbbbbb-bbbb-4bbb-8bbb-bbbbbbbbbbbb&zona=Zona+Norte,200,59.434,
2026-08-31T04:09:15.809365+00:00,GET,http://localhost:3000/logistics/tenderos/productos-disponibles?tiendaId=bbbbbbbb-bbbb-4bbb-8bbb-bbbbbbbbbbbb&zona=Zona+Norte,200,61.382,
2026-08-31T04:09:15.842734+00:00,GET,http://localhost:3000/logistics/tenderos/productos-disponibles?tiendaId=bbbbbbbb-bbbb-4bbb-8bbb-bbbbbbbbbbbb&zona=Zona+Norte,200,63.322,
2026-08-31T04:09:15.875787+00:00,GET,http://localhost:3000/logistics/tenderos/productos-disponibles?tiendaId=bbbbbbbb-bbbb-4bbb-8bbb-bbbbbbbbbbbb&zona=Zona+Norte,200,60.056,
2026-08-31T04:09:15.908891+00:00,GET,http://localhost:3000/logistics/tenderos/productos-disponibles?tiendaId=bbbbbbbb-bbbb-4bbb-8bbb-bbbbbbbbbbbb&zona=Zona+Norte,200,59.709,
2026-08-31T04:09:15.942670+00:00,GET,http://localhost:3000/logistics/tenderos/productos-disponibles?tiendaId=bbbbbbbb-bbbb-4bbb-8bbb-bbbbbbbbbbbb&zona=Zona+Norte,200,58.855,
2026-08-31T04:09:15.976092+00:00,GET,http://localhost:3000/logistics/tenderos/productos-disponibles?tiendaId=bbbbbbbb-bbbb-4bbb-8bbb-bbbbbbbbbbbb&zona=Zona+Norte,200,54.975,
2026-08-31T04:09:16.009459+00:00,GET,http://localhost:3000/logistics/tenderos/productos-disponibles?tiendaId=bbbbbbbb-bbbb-4bbb-8bbb-bbbbbbbbbbbb&zona=Zona+Norte,200,58.659,
2026-08-31T04:09:16.042935+00:00,GET,http://localhost:3000/logistics/tenderos/productos-disponibles?tiendaId=bbbbbbbb-bbbb-4bbb-8bbb-bbbbbbbbbbbb&zona=Zona+Norte,200,55.220,
2026-08-31T04:09:16.076049+00:00,GET,http://localhost:3000/logistics/tenderos/productos-disponibles?tiendaId=bbbbbbbb-bbbb-4bbb-8bbb-bbbbbbbbbbbb&zona=Zona+Norte,200,58.107,
2026-08-31T04:09:16.109574+00:00,GET,http://localhost:3000/logistics/tenderos/productos-disponibles?tiendaId=bbbbbbbb-bbbb-4bbb-8bbb-bbbbbbbbbbbb&zona=Zona+Norte,200,58.260,
2026-08-31T04:09:16.142948+00:00,GET,http://localhost:3000/logistics/tenderos/productos-disponibles?tiendaId=bbbbbbbb-bbbb-4bbb-8bbb-bbbbbbbbbbbb&zona=Zona+Norte,200,55.508,
2026-08-31T04:09:16.176061+00:00,GET,http://localhost:3000/logistics/tenderos/productos-disponibles?tiendaId=bbbbbbbb-bbbb-4bbb-8bbb-bbbbbbbbbbbb&zona=Zona+Norte,200,59.125,
2026-08-31T04:09:16.209570+00:00,GET,http://localhost:3000/logistics/tenderos/productos-disponibles?tiendaId=bbbbbbbb-bbbb-4bbb-8bbb-bbbbbbbbbbbb&zona=Zona+Norte,200,58.524,
2026-08-31T04:09:16.242748+00:00,GET,http://localhost:3000/logistics/tenderos/productos-disponibles?tiendaId=bbbbbbbb-bbbb-4bbb-8bbb-bbbbbbbbbbbb&zona=Zona+Norte,200,58.762,
2026-08-31T04:09:16.276046+00:00,GET,http://localhost:3000/logistics/tenderos/productos-disponibles?tiendaId=bbbbbbbb-bbbb-4bbb-8bbb-bbbbbbbbbbbb&zona=Zona+Norte,200,55.733,
2026-08-31T04:09:16.309323+00:00,GET,http://localhost:3000/logistics/tenderos/productos-disponibles?tiendaId=bbbbbbbb-bbbb-4bbb-8bbb-bbbbbbbbbbbb&zona=Zona+Norte,200,58.862,
2026-08-31T04:09:16.342119+00:00,GET,http://localhost:3000/logistics/tenderos/productos-disponibles?tiendaId=bbbbbbbb-bbbb-4bbb-8bbb-bbbbbbbbbbbb&zona=Zona+Norte,200,55.334,
2026-08-31T04:09:16.375968+00:00,GET,http://localhost:3000/logistics/tenderos/productos-disponibles?tiendaId=bbbbbbbb-bbbb-4bbb-8bbb-bbbbbbbbbbbb&zona=Zona+Norte,200,56.155,
2026-08-31T04:09:16.409388+00:00,GET,http://localhost:3000/logistics/tenderos/productos-disponibles?tiendaId=bbbbbbbb-bbbb-4bbb-8bbb-bbbbbbbbbbbb&zona=Zona+Norte,200,55.387,
2026-08-31T04:09:16.442945+00:00,GET,http://localhost:3000/logistics/tenderos/productos-disponibles?tiendaId=bbbbbbbb-bbbb-4bbb-8bbb-bbbbbbbbbbbb&zona=Zona+Norte,200,58.203,
2026-08-31T04:09:16.476259+00:00,GET,http://localhost:3000/logistics/tenderos/productos-disponibles?tiendaId=bbbbbbbb-bbbb-4bbb-8bbb-bbbbbbbbbbbb&zona=Zona+Norte,200,59.267,
2026-08-31T04:09:16.509381+00:00,GET,http://localhost:3000/logistics/tenderos/productos-disponibles?tiendaId=bbbbbbbb-bbbb-4bbb-8bbb-bbbbbbbbbbbb&zona=Zona+Norte,200,64.080,
2026-08-31T04:09:16.542744+00:00,GET,http://localhost:3000/logistics/tenderos/productos-disponibles?tiendaId=bbbbbbbb-bbbb-4bbb-8bbb-bbbbbbbbbbbb&zona=Zona+Norte,200,55.201,
2026-08-31T04:09:16.575500+00:00,GET,http://localhost:3000/logistics/tenderos/productos-disponibles?tiendaId=bbbbbbbb-bbbb-4bbb-8bbb-bbbbbbbbbbbb&zona=Zona+Norte,200,54.989,
2026-08-31T04:09:16.609365+00:00,GET,http://localhost:3000/logistics/tenderos/productos-disponibles?tiendaId=bbbbbbbb-bbbb-4bbb-8bbb-bbbbbbbbbbbb&zona=Zona+Norte,200,58.209,
2026-08-31T04:09:16.642955+00:00,GET,http://localhost:3000/logistics/tenderos/productos-disponibles?tiendaId=bbbbbbbb-bbbb-4bbb-8bbb-bbbbbbbbbbbb&zona=Zona+Norte,200,54.143,
2026-08-31T04:09:16.675985+00:00,GET,http://localhost:3000/logistics/tenderos/productos-disponibles?tiendaId=bbbbbbbb-bbbb-4bbb-8bbb-bbbbbbbbbbbb&zona=Zona+Norte,200,56.272,
2026-08-31T04:09:16.709335+00:00,GET,http://localhost:3000/logistics/tenderos/productos-disponibles?tiendaId=bbbbbbbb-bbbb-4bbb-8bbb-bbbbbbbbbbbb&zona=Zona+Norte,200,59.046,
2026-08-31T04:09:16.742929+00:00,GET,http://localhost:3000/logistics/tenderos/productos-disponibles?tiendaId=bbbbbbbb-bbbb-4bbb-8bbb-bbbbbbbbbbbb&zona=Zona+Norte,200,60.426,
2026-08-31T04:09:16.776114+00:00,GET,http://localhost:3000/logistics/tenderos/productos-disponibles?tiendaId=bbbbbbbb-bbbb-4bbb-8bbb-bbbbbbbbbbbb&zona=Zona+Norte,200,63.139,
2026-08-31T04:09:16.809255+00:00,GET,http://localhost:3000/logistics/tenderos/productos-disponibles?tiendaId=bbbbbbbb-bbbb-4bbb-8bbb-bbbbbbbbbbbb&zona=Zona+Norte,200,62.703,
2026-08-31T04:09:16.842266+00:00,GET,http://localhost:3000/logistics/tenderos/productos-disponibles?tiendaId=bbbbbbbb-bbbb-4bbb-8bbb-bbbbbbbbbbbb&zona=Zona+Norte,200,61.118,
2026-08-31T04:09:16.875660+00:00,GET,http://localhost:3000/logistics/tenderos/productos-disponibles?tiendaId=bbbbbbbb-bbbb-4bbb-8bbb-bbbbbbbbbbbb&zona=Zona+Norte,200,63.800,
2026-08-31T04:09:16.908737+00:00,GET,http://localhost:3000/logistics/tenderos/productos-disponibles?tiendaId=bbbbbbbb-bbbb-4bbb-8bbb-bbbbbbbbbbbb&zona=Zona+Norte,200,62.325,
2026-08-31T04:09:16.942202+00:00,GET,http://localhost:3000/logistics/tenderos/productos-disponibles?tiendaId=bbbbbbbb-bbbb-4bbb-8bbb-bbbbbbbbbbbb&zona=Zona+Norte,200,63.342,
2026-08-31T04:09:16.975810+00:00,GET,http://localhost:3000/logistics/tenderos/productos-disponibles?tiendaId=bbbbbbbb-bbbb-4bbb-8bbb-bbbbbbbbbbbb&zona=Zona+Norte,200,64.334,
2026-08-31T04:09:17.008947+00:00,GET,http://localhost:3000/logistics/tenderos/productos-disponibles?tiendaId=bbbbbbbb-bbbb-4bbb-8bbb-bbbbbbbbbbbb&zona=Zona+Norte,200,62.951,
2026-08-31T04:09:17.042114+00:00,GET,http://localhost:3000/logistics/tenderos/productos-disponibles?tiendaId=bbbbbbbb-bbbb-4bbb-8bbb-bbbbbbbbbbbb&zona=Zona+Norte,200,62.158,
2026-08-31T04:09:17.075666+00:00,GET,http://localhost:3000/logistics/tenderos/productos-disponibles?tiendaId=bbbbbbbb-bbbb-4bbb-8bbb-bbbbbbbbbbbb&zona=Zona+Norte,200,62.643,
2026-08-31T04:09:17.109164+00:00,GET,http://localhost:3000/logistics/tenderos/productos-disponibles?tiendaId=bbbbbbbb-bbbb-4bbb-8bbb-bbbbbbbbbbbb&zona=Zona+Norte,200,61.923,
2026-08-31T04:09:17.142269+00:00,GET,http://localhost:3000/logistics/tenderos/productos-disponibles?tiendaId=bbbbbbbb-bbbb-4bbb-8bbb-bbbbbbbbbbbb&zona=Zona+Norte,200,62.390,
2026-08-31T04:09:17.175767+00:00,GET,http://localhost:3000/logistics/tenderos/productos-disponibles?tiendaId=bbbbbbbb-bbbb-4bbb-8bbb-bbbbbbbbbbbb&zona=Zona+Norte,200,63.036,
2026-08-31T04:09:17.209072+00:00,GET,http://localhost:3000/logistics/tenderos/productos-disponibles?tiendaId=bbbbbbbb-bbbb-4bbb-8bbb-bbbbbbbbbbbb&zona=Zona+Norte,200,63.702,
2026-08-31T04:09:17.242268+00:00,GET,http://localhost:3000/logistics/tenderos/productos-disponibles?tiendaId=bbbbbbbb-bbbb-4bbb-8bbb-bbbbbbbbbbbb&zona=Zona+Norte,200,63.490,
2026-08-31T04:09:17.275581+00:00,GET,http://localhost:3000/logistics/tenderos/productos-disponibles?tiendaId=bbbbbbbb-bbbb-4bbb-8bbb-bbbbbbbbbbbb&zona=Zona+Norte,200,60.334,
2026-08-31T04:09:17.308946+00:00,GET,http://localhost:3000/logistics/tenderos/productos-disponibles?tiendaId=bbbbbbbb-bbbb-4bbb-8bbb-bbbbbbbbbbbb&zona=Zona+Norte,200,62.995,
2026-08-31T04:09:17.342714+00:00,GET,http://localhost:3000/logistics/tenderos/productos-disponibles?tiendaId=bbbbbbbb-bbbb-4bbb-8bbb-bbbbbbbbbbbb&zona=Zona+Norte,200,58.329,
2026-08-31T04:09:17.375670+00:00,GET,http://localhost:3000/logistics/tenderos/productos-disponibles?tiendaId=bbbbbbbb-bbbb-4bbb-8bbb-bbbbbbbbbbbb&zona=Zona+Norte,200,62.316,
2026-08-31T04:09:17.409325+00:00,GET,http://localhost:3000/logistics/tenderos/productos-disponibles?tiendaId=bbbbbbbb-bbbb-4bbb-8bbb-bbbbbbbbbbbb&zona=Zona+Norte,200,61.833,
2026-08-31T04:09:17.442374+00:00,GET,http://localhost:3000/logistics/tenderos/productos-disponibles?tiendaId=bbbbbbbb-bbbb-4bbb-8bbb-bbbbbbbbbbbb&zona=Zona+Norte,200,59.219,
2026-08-31T04:09:17.475806+00:00,GET,http://localhost:3000/logistics/tenderos/productos-disponibles?tiendaId=bbbbbbbb-bbbb-4bbb-8bbb-bbbbbbbbbbbb&zona=Zona+Norte,200,63.506,
2026-08-31T04:09:17.509131+00:00,GET,http://localhost:3000/logistics/tenderos/productos-disponibles?tiendaId=bbbbbbbb-bbbb-4bbb-8bbb-bbbbbbbbbbbb&zona=Zona+Norte,200,63.889,
2026-08-31T04:09:17.542275+00:00,GET,http://localhost:3000/logistics/tenderos/productos-disponibles?tiendaId=bbbbbbbb-bbbb-4bbb-8bbb-bbbbbbbbbbbb&zona=Zona+Norte,200,62.319,
2026-08-31T04:09:17.575535+00:00,GET,http://localhost:3000/logistics/tenderos/productos-disponibles?tiendaId=bbbbbbbb-bbbb-4bbb-8bbb-bbbbbbbbbbbb&zona=Zona+Norte,200,63.001,
2026-08-31T04:09:17.609061+00:00,GET,http://localhost:3000/logistics/tenderos/productos-disponibles?tiendaId=bbbbbbbb-bbbb-4bbb-8bbb-bbbbbbbbbbbb&zona=Zona+Norte,200,57.543,
2026-08-31T04:09:17.642326+00:00,GET,http://localhost:3000/logistics/tenderos/productos-disponibles?tiendaId=bbbbbbbb-bbbb-4bbb-8bbb-bbbbbbbbbbbb&zona=Zona+Norte,200,60.488,
2026-08-31T04:09:17.676261+00:00,GET,http://localhost:3000/logistics/tenderos/productos-disponibles?tiendaId=bbbbbbbb-bbbb-4bbb-8bbb-bbbbbbbbbbbb&zona=Zona+Norte,200,61.467,
2026-08-31T04:09:17.709282+00:00,GET,http://localhost:3000/logistics/tenderos/productos-disponibles?tiendaId=bbbbbbbb-bbbb-4bbb-8bbb-bbbbbbbbbbbb&zona=Zona+Norte,200,62.193,
2026-08-31T04:09:17.742424+00:00,GET,http://localhost:3000/logistics/tenderos/productos-disponibles?tiendaId=bbbbbbbb-bbbb-4bbb-8bbb-bbbbbbbbbbbb&zona=Zona+Norte,200,62.025,
2026-08-31T04:09:17.775721+00:00,GET,http://localhost:3000/logistics/tenderos/productos-disponibles?tiendaId=bbbbbbbb-bbbb-4bbb-8bbb-bbbbbbbbbbbb&zona=Zona+Norte,200,61.040,
2026-08-31T04:09:17.809113+00:00,GET,http://localhost:3000/logistics/tenderos/productos-disponibles?tiendaId=bbbbbbbb-bbbb-4bbb-8bbb-bbbbbbbbbbbb&zona=Zona+Norte,200,61.759,
2026-08-31T04:09:17.842558+00:00,GET,http://localhost:3000/logistics/tenderos/productos-disponibles?tiendaId=bbbbbbbb-bbbb-4bbb-8bbb-bbbbbbbbbbbb&zona=Zona+Norte,200,60.982,
2026-08-31T04:09:17.875346+00:00,GET,http://localhost:3000/logistics/tenderos/productos-disponibles?tiendaId=bbbbbbbb-bbbb-4bbb-8bbb-bbbbbbbbbbbb&zona=Zona+Norte,200,60.743,
2026-08-31T04:09:17.909100+00:00,GET,http://localhost:3000/logistics/tenderos/productos-disponibles?tiendaId=bbbbbbbb-bbbb-4bbb-8bbb-bbbbbbbbbbbb&zona=Zona+Norte,200,61.616,
2026-08-31T04:09:17.942641+00:00,GET,http://localhost:3000/logistics/tenderos/productos-disponibles?tiendaId=bbbbbbbb-bbbb-4bbb-8bbb-bbbbbbbbbbbb&zona=Zona+Norte,200,61.741,
2026-08-31T04:09:17.975806+00:00,GET,http://localhost:3000/logistics/tenderos/productos-disponibles?tiendaId=bbbbbbbb-bbbb-4bbb-8bbb-bbbbbbbbbbbb&zona=Zona+Norte,200,59.094,
2026-08-31T04:09:18.008987+00:00,GET,http://localhost:3000/logistics/tenderos/productos-disponibles?tiendaId=bbbbbbbb-bbbb-4bbb-8bbb-bbbbbbbbbbbb&zona=Zona+Norte,200,58.633,
2026-08-31T04:09:18.042625+00:00,GET,http://localhost:3000/logistics/tenderos/productos-disponibles?tiendaId=bbbbbbbb-bbbb-4bbb-8bbb-bbbbbbbbbbbb&zona=Zona+Norte,200,60.380,
2026-08-31T04:09:18.075982+00:00,GET,http://localhost:3000/logistics/tenderos/productos-disponibles?tiendaId=bbbbbbbb-bbbb-4bbb-8bbb-bbbbbbbbbbbb&zona=Zona+Norte,200,60.500,
2026-08-31T04:09:18.109130+00:00,GET,http://localhost:3000/logistics/tenderos/productos-disponibles?tiendaId=bbbbbbbb-bbbb-4bbb-8bbb-bbbbbbbbbbbb&zona=Zona+Norte,200,61.043,
2026-08-31T04:09:18.142589+00:00,GET,http://localhost:3000/logistics/tenderos/productos-disponibles?tiendaId=bbbbbbbb-bbbb-4bbb-8bbb-bbbbbbbbbbbb&zona=Zona+Norte,200,61.291,
2026-08-31T04:09:18.175880+00:00,GET,http://localhost:3000/logistics/tenderos/productos-disponibles?tiendaId=bbbbbbbb-bbbb-4bbb-8bbb-bbbbbbbbbbbb&zona=Zona+Norte,200,61.315,
2026-08-31T04:09:18.209155+00:00,GET,http://localhost:3000/logistics/tenderos/productos-disponibles?tiendaId=bbbbbbbb-bbbb-4bbb-8bbb-bbbbbbbbbbbb&zona=Zona+Norte,200,61.121,
2026-08-31T04:09:18.242488+00:00,GET,http://localhost:3000/logistics/tenderos/productos-disponibles?tiendaId=bbbbbbbb-bbbb-4bbb-8bbb-bbbbbbbbbbbb&zona=Zona+Norte,200,62.088,
2026-08-31T04:09:18.275530+00:00,GET,http://localhost:3000/logistics/tenderos/productos-disponibles?tiendaId=bbbbbbbb-bbbb-4bbb-8bbb-bbbbbbbbbbbb&zona=Zona+Norte,200,57.975,
2026-08-31T04:09:18.309103+00:00,GET,http://localhost:3000/logistics/tenderos/productos-disponibles?tiendaId=bbbbbbbb-bbbb-4bbb-8bbb-bbbbbbbbbbbb&zona=Zona+Norte,200,61.432,
2026-08-31T04:09:18.342923+00:00,GET,http://localhost:3000/logistics/tenderos/productos-disponibles?tiendaId=bbbbbbbb-bbbb-4bbb-8bbb-bbbbbbbbbbbb&zona=Zona+Norte,200,61.354,
2026-08-31T04:09:18.375659+00:00,GET,http://localhost:3000/logistics/tenderos/productos-disponibles?tiendaId=bbbbbbbb-bbbb-4bbb-8bbb-bbbbbbbbbbbb&zona=Zona+Norte,200,62.151,
2026-08-31T04:09:18.409119+00:00,GET,http://localhost:3000/logistics/tenderos/productos-disponibles?tiendaId=bbbbbbbb-bbbb-4bbb-8bbb-bbbbbbbbbbbb&zona=Zona+Norte,200,62.302,
2026-08-31T04:09:18.442414+00:00,GET,http://localhost:3000/logistics/tenderos/productos-disponibles?tiendaId=bbbbbbbb-bbbb-4bbb-8bbb-bbbbbbbbbbbb&zona=Zona+Norte,200,60.932,
2026-08-31T04:09:18.475725+00:00,GET,http://localhost:3000/logistics/tenderos/productos-disponibles?tiendaId=bbbbbbbb-bbbb-4bbb-8bbb-bbbbbbbbbbbb&zona=Zona+Norte,200,57.948,
2026-08-31T04:09:18.509238+00:00,GET,http://localhost:3000/logistics/tenderos/productos-disponibles?tiendaId=bbbbbbbb-bbbb-4bbb-8bbb-bbbbbbbbbbbb&zona=Zona+Norte,200,60.071,
2026-08-31T04:09:18.542924+00:00,GET,http://localhost:3000/logistics/tenderos/productos-disponibles?tiendaId=bbbbbbbb-bbbb-4bbb-8bbb-bbbbbbbbbbbb&zona=Zona+Norte,200,60.713,
2026-08-31T04:09:18.576024+00:00,GET,http://localhost:3000/logistics/tenderos/productos-disponibles?tiendaId=bbbbbbbb-bbbb-4bbb-8bbb-bbbbbbbbbbbb&zona=Zona+Norte,200,62.707,
2026-08-31T04:09:18.609207+00:00,GET,http://localhost:3000/logistics/tenderos/productos-disponibles?tiendaId=bbbbbbbb-bbbb-4bbb-8bbb-bbbbbbbbbbbb&zona=Zona+Norte,200,62.020,
2026-08-31T04:09:18.642303+00:00,GET,http://localhost:3000/logistics/tenderos/productos-disponibles?tiendaId=bbbbbbbb-bbbb-4bbb-8bbb-bbbbbbbbbbbb&zona=Zona+Norte,200,60.835,
2026-08-31T04:09:18.675715+00:00,GET,http://localhost:3000/logistics/tenderos/productos-disponibles?tiendaId=bbbbbbbb-bbbb-4bbb-8bbb-bbbbbbbbbbbb&zona=Zona+Norte,200,58.251,
2026-08-31T04:09:18.709264+00:00,GET,http://localhost:3000/logistics/tenderos/productos-disponibles?tiendaId=bbbbbbbb-bbbb-4bbb-8bbb-bbbbbbbbbbbb&zona=Zona+Norte,200,61.841,
2026-08-31T04:09:18.742621+00:00,GET,http://localhost:3000/logistics/tenderos/productos-disponibles?tiendaId=bbbbbbbb-bbbb-4bbb-8bbb-bbbbbbbbbbbb&zona=Zona+Norte,200,61.260,
2026-08-31T04:09:18.775774+00:00,GET,http://localhost:3000/logistics/tenderos/productos-disponibles?tiendaId=bbbbbbbb-bbbb-4bbb-8bbb-bbbbbbbbbbbb&zona=Zona+Norte,200,60.322,
2026-08-31T04:09:18.809181+00:00,GET,http://localhost:3000/logistics/tenderos/productos-disponibles?tiendaId=bbbbbbbb-bbbb-4bbb-8bbb-bbbbbbbbbbbb&zona=Zona+Norte,200,60.822,
2026-08-31T04:09:18.842079+00:00,GET,http://localhost:3000/logistics/tenderos/productos-disponibles?tiendaId=bbbbbbbb-bbbb-4bbb-8bbb-bbbbbbbbbbbb&zona=Zona+Norte,200,61.767,
2026-08-31T04:09:18.875619+00:00,GET,http://localhost:3000/logistics/tenderos/productos-disponibles?tiendaId=bbbbbbbb-bbbb-4bbb-8bbb-bbbbbbbbbbbb&zona=Zona+Norte,200,61.520,
2026-08-31T04:09:18.909234+00:00,GET,http://localhost:3000/logistics/tenderos/productos-disponibles?tiendaId=bbbbbbbb-bbbb-4bbb-8bbb-bbbbbbbbbbbb&zona=Zona+Norte,200,58.891,
2026-08-31T04:09:18.942603+00:00,GET,http://localhost:3000/logistics/tenderos/productos-disponibles?tiendaId=bbbbbbbb-bbbb-4bbb-8bbb-bbbbbbbbbbbb&zona=Zona+Norte,200,61.036,
2026-08-31T04:09:18.976191+00:00,GET,http://localhost:3000/logistics/tenderos/productos-disponibles?tiendaId=bbbbbbbb-bbbb-4bbb-8bbb-bbbbbbbbbbbb&zona=Zona+Norte,200,61.383,
2026-08-31T04:09:19.009255+00:00,GET,http://localhost:3000/logistics/tenderos/productos-disponibles?tiendaId=bbbbbbbb-bbbb-4bbb-8bbb-bbbbbbbbbbbb&zona=Zona+Norte,200,60.371,
2026-08-31T04:09:19.042503+00:00,GET,http://localhost:3000/logistics/tenderos/productos-disponibles?tiendaId=bbbbbbbb-bbbb-4bbb-8bbb-bbbbbbbbbbbb&zona=Zona+Norte,200,56.229,
2026-08-31T04:09:19.076011+00:00,GET,http://localhost:3000/logistics/tenderos/productos-disponibles?tiendaId=bbbbbbbb-bbbb-4bbb-8bbb-bbbbbbbbbbbb&zona=Zona+Norte,200,60.987,
2026-08-31T04:09:19.108895+00:00,GET,http://localhost:3000/logistics/tenderos/productos-disponibles?tiendaId=bbbbbbbb-bbbb-4bbb-8bbb-bbbbbbbbbbbb&zona=Zona+Norte,200,58.074,
2026-08-31T04:09:19.142599+00:00,GET,http://localhost:3000/logistics/tenderos/productos-disponibles?tiendaId=bbbbbbbb-bbbb-4bbb-8bbb-bbbbbbbbbbbb&zona=Zona+Norte,200,61.077,
2026-08-31T04:09:19.176312+00:00,GET,http://localhost:3000/logistics/tenderos/productos-disponibles?tiendaId=bbbbbbbb-bbbb-4bbb-8bbb-bbbbbbbbbbbb&zona=Zona+Norte,200,60.208,
2026-08-31T04:09:19.209255+00:00,GET,http://localhost:3000/logistics/tenderos/productos-disponibles?tiendaId=bbbbbbbb-bbbb-4bbb-8bbb-bbbbbbbbbbbb&zona=Zona+Norte,200,61.527,
2026-08-31T04:09:19.242141+00:00,GET,http://localhost:3000/logistics/tenderos/productos-disponibles?tiendaId=bbbbbbbb-bbbb-4bbb-8bbb-bbbbbbbbbbbb&zona=Zona+Norte,200,61.679,
2026-08-31T04:09:19.275882+00:00,GET,http://localhost:3000/logistics/tenderos/productos-disponibles?tiendaId=bbbbbbbb-bbbb-4bbb-8bbb-bbbbbbbbbbbb&zona=Zona+Norte,200,58.726,
2026-08-31T04:09:19.309282+00:00,GET,http://localhost:3000/logistics/tenderos/productos-disponibles?tiendaId=bbbbbbbb-bbbb-4bbb-8bbb-bbbbbbbbbbbb&zona=Zona+Norte,200,58.437,
2026-08-31T04:09:19.342898+00:00,GET,http://localhost:3000/logistics/tenderos/productos-disponibles?tiendaId=bbbbbbbb-bbbb-4bbb-8bbb-bbbbbbbbbbbb&zona=Zona+Norte,200,59.087,
2026-08-31T04:09:19.376271+00:00,GET,http://localhost:3000/logistics/tenderos/productos-disponibles?tiendaId=bbbbbbbb-bbbb-4bbb-8bbb-bbbbbbbbbbbb&zona=Zona+Norte,200,61.806,
2026-08-31T04:09:19.409257+00:00,GET,http://localhost:3000/logistics/tenderos/productos-disponibles?tiendaId=bbbbbbbb-bbbb-4bbb-8bbb-bbbbbbbbbbbb&zona=Zona+Norte,200,60.589,
2026-08-31T04:09:19.442463+00:00,GET,http://localhost:3000/logistics/tenderos/productos-disponibles?tiendaId=bbbbbbbb-bbbb-4bbb-8bbb-bbbbbbbbbbbb&zona=Zona+Norte,200,58.092,
2026-08-31T04:09:19.476008+00:00,GET,http://localhost:3000/logistics/tenderos/productos-disponibles?tiendaId=bbbbbbbb-bbbb-4bbb-8bbb-bbbbbbbbbbbb&zona=Zona+Norte,200,59.685,
2026-08-31T04:09:19.509197+00:00,GET,http://localhost:3000/logistics/tenderos/productos-disponibles?tiendaId=bbbbbbbb-bbbb-4bbb-8bbb-bbbbbbbbbbbb&zona=Zona+Norte,200,59.656,
2026-08-31T04:09:19.542767+00:00,GET,http://localhost:3000/logistics/tenderos/productos-disponibles?tiendaId=bbbbbbbb-bbbb-4bbb-8bbb-bbbbbbbbbbbb&zona=Zona+Norte,200,61.810,
2026-08-31T04:09:19.575923+00:00,GET,http://localhost:3000/logistics/tenderos/productos-disponibles?tiendaId=bbbbbbbb-bbbb-4bbb-8bbb-bbbbbbbbbbbb&zona=Zona+Norte,200,58.310,
2026-08-31T04:09:19.609156+00:00,GET,http://localhost:3000/logistics/tenderos/productos-disponibles?tiendaId=bbbbbbbb-bbbb-4bbb-8bbb-bbbbbbbbbbbb&zona=Zona+Norte,200,57.221,
2026-08-31T04:09:19.642950+00:00,GET,http://localhost:3000/logistics/tenderos/productos-disponibles?tiendaId=bbbbbbbb-bbbb-4bbb-8bbb-bbbbbbbbbbbb&zona=Zona+Norte,200,54.627,
2026-08-31T04:09:19.676369+00:00,GET,http://localhost:3000/logistics/tenderos/productos-disponibles?tiendaId=bbbbbbbb-bbbb-4bbb-8bbb-bbbbbbbbbbbb&zona=Zona+Norte,200,58.385,
2026-08-31T04:09:19.709687+00:00,GET,http://localhost:3000/logistics/tenderos/productos-disponibles?tiendaId=bbbbbbbb-bbbb-4bbb-8bbb-bbbbbbbbbbbb&zona=Zona+Norte,200,55.717,
2026-08-31T04:09:19.742904+00:00,GET,http://localhost:3000/logistics/tenderos/productos-disponibles?tiendaId=bbbbbbbb-bbbb-4bbb-8bbb-bbbbbbbbbbbb&zona=Zona+Norte,200,56.478,
2026-08-31T04:09:19.775964+00:00,GET,http://localhost:3000/logistics/tenderos/productos-disponibles?tiendaId=bbbbbbbb-bbbb-4bbb-8bbb-bbbbbbbbbbbb&zona=Zona+Norte,200,57.658,
2026-08-31T04:09:19.809643+00:00,GET,http://localhost:3000/logistics/tenderos/productos-disponibles?tiendaId=bbbbbbbb-bbbb-4bbb-8bbb-bbbbbbbbbbbb&zona=Zona+Norte,200,57.818,
2026-08-31T04:09:19.843034+00:00,GET,http://localhost:3000/logistics/tenderos/productos-disponibles?tiendaId=bbbbbbbb-bbbb-4bbb-8bbb-bbbbbbbbbbbb&zona=Zona+Norte,200,57.743,
2026-08-31T04:09:19.876359+00:00,GET,http://localhost:3000/logistics/tenderos/productos-disponibles?tiendaId=bbbbbbbb-bbbb-4bbb-8bbb-bbbbbbbbbbbb&zona=Zona+Norte,200,58.364,
2026-08-31T04:09:19.909291+00:00,GET,http://localhost:3000/logistics/tenderos/productos-disponibles?tiendaId=bbbbbbbb-bbbb-4bbb-8bbb-bbbbbbbbbbbb&zona=Zona+Norte,200,54.426,
2026-08-31T04:09:19.942332+00:00,GET,http://localhost:3000/logistics/tenderos/productos-disponibles?tiendaId=bbbbbbbb-bbbb-4bbb-8bbb-bbbbbbbbbbbb&zona=Zona+Norte,200,57.607,
2026-08-31T04:09:19.976346+00:00,GET,http://localhost:3000/logistics/tenderos/productos-disponibles?tiendaId=bbbbbbbb-bbbb-4bbb-8bbb-bbbbbbbbbbbb&zona=Zona+Norte,200,54.725,
2026-08-31T04:09:20.009717+00:00,GET,http://localhost:3000/logistics/tenderos/productos-disponibles?tiendaId=bbbbbbbb-bbbb-4bbb-8bbb-bbbbbbbbbbbb&zona=Zona+Norte,200,56.458,
2026-08-31T04:09:20.042654+00:00,GET,http://localhost:3000/logistics/tenderos/productos-disponibles?tiendaId=bbbbbbbb-bbbb-4bbb-8bbb-bbbbbbbbbbbb&zona=Zona+Norte,200,55.595,
2026-08-31T04:09:20.076350+00:00,GET,http://localhost:3000/logistics/tenderos/productos-disponibles?tiendaId=bbbbbbbb-bbbb-4bbb-8bbb-bbbbbbbbbbbb&zona=Zona+Norte,200,58.053,
2026-08-31T04:09:20.109668+00:00,GET,http://localhost:3000/logistics/tenderos/productos-disponibles?tiendaId=bbbbbbbb-bbbb-4bbb-8bbb-bbbbbbbbbbbb&zona=Zona+Norte,200,59.938,
2026-08-31T04:09:20.142611+00:00,GET,http://localhost:3000/logistics/tenderos/productos-disponibles?tiendaId=bbbbbbbb-bbbb-4bbb-8bbb-bbbbbbbbbbbb&zona=Zona+Norte,200,55.825,
2026-08-31T04:09:20.176050+00:00,GET,http://localhost:3000/logistics/tenderos/productos-disponibles?tiendaId=bbbbbbbb-bbbb-4bbb-8bbb-bbbbbbbbbbbb&zona=Zona+Norte,200,55.207,
2026-08-31T04:09:20.208877+00:00,GET,http://localhost:3000/logistics/tenderos/productos-disponibles?tiendaId=bbbbbbbb-bbbb-4bbb-8bbb-bbbbbbbbbbbb&zona=Zona+Norte,200,55.217,
2026-08-31T04:09:20.243034+00:00,GET,http://localhost:3000/logistics/tenderos/productos-disponibles?tiendaId=bbbbbbbb-bbbb-4bbb-8bbb-bbbbbbbbbbbb&zona=Zona+Norte,200,58.030,
2026-08-31T04:09:20.276345+00:00,GET,http://localhost:3000/logistics/tenderos/productos-disponibles?tiendaId=bbbbbbbb-bbbb-4bbb-8bbb-bbbbbbbbbbbb&zona=Zona+Norte,200,63.382,
2026-08-31T04:09:20.309613+00:00,GET,http://localhost:3000/logistics/tenderos/productos-disponibles?tiendaId=bbbbbbbb-bbbb-4bbb-8bbb-bbbbbbbbbbbb&zona=Zona+Norte,200,57.905,
2026-08-31T04:09:20.342295+00:00,GET,http://localhost:3000/logistics/tenderos/productos-disponibles?tiendaId=bbbbbbbb-bbbb-4bbb-8bbb-bbbbbbbbbbbb&zona=Zona+Norte,200,58.244,
2026-08-31T04:09:20.376342+00:00,GET,http://localhost:3000/logistics/tenderos/productos-disponibles?tiendaId=bbbbbbbb-bbbb-4bbb-8bbb-bbbbbbbbbbbb&zona=Zona+Norte,200,62.488,
2026-08-31T04:09:20.408696+00:00,GET,http://localhost:3000/logistics/tenderos/productos-disponibles?tiendaId=bbbbbbbb-bbbb-4bbb-8bbb-bbbbbbbbbbbb&zona=Zona+Norte,200,59.539,
2026-08-31T04:09:20.442383+00:00,GET,http://localhost:3000/logistics/tenderos/productos-disponibles?tiendaId=bbbbbbbb-bbbb-4bbb-8bbb-bbbbbbbbbbbb&zona=Zona+Norte,200,61.647,
2026-08-31T04:09:20.476092+00:00,GET,http://localhost:3000/logistics/tenderos/productos-disponibles?tiendaId=bbbbbbbb-bbbb-4bbb-8bbb-bbbbbbbbbbbb&zona=Zona+Norte,200,59.734,
2026-08-31T04:09:20.509247+00:00,GET,http://localhost:3000/logistics/tenderos/productos-disponibles?tiendaId=bbbbbbbb-bbbb-4bbb-8bbb-bbbbbbbbbbbb&zona=Zona+Norte,200,63.143,
2026-08-31T04:09:20.542077+00:00,GET,http://localhost:3000/logistics/tenderos/productos-disponibles?tiendaId=bbbbbbbb-bbbb-4bbb-8bbb-bbbbbbbbbbbb&zona=Zona+Norte,200,63.841,
2026-08-31T04:09:20.575702+00:00,GET,http://localhost:3000/logistics/tenderos/productos-disponibles?tiendaId=bbbbbbbb-bbbb-4bbb-8bbb-bbbbbbbbbbbb&zona=Zona+Norte,200,63.253,
2026-08-31T04:09:20.609004+00:00,GET,http://localhost:3000/logistics/tenderos/productos-disponibles?tiendaId=bbbbbbbb-bbbb-4bbb-8bbb-bbbbbbbbbbbb&zona=Zona+Norte,200,60.144,
2026-08-31T04:09:20.642380+00:00,GET,http://localhost:3000/logistics/tenderos/productos-disponibles?tiendaId=bbbbbbbb-bbbb-4bbb-8bbb-bbbbbbbbbbbb&zona=Zona+Norte,200,64.373,
2026-08-31T04:09:20.676170+00:00,GET,http://localhost:3000/logistics/tenderos/productos-disponibles?tiendaId=bbbbbbbb-bbbb-4bbb-8bbb-bbbbbbbbbbbb&zona=Zona+Norte,200,64.133,
2026-08-31T04:09:20.708909+00:00,GET,http://localhost:3000/logistics/tenderos/productos-disponibles?tiendaId=bbbbbbbb-bbbb-4bbb-8bbb-bbbbbbbbbbbb&zona=Zona+Norte,200,62.474,
2026-08-31T04:09:20.742228+00:00,GET,http://localhost:3000/logistics/tenderos/productos-disponibles?tiendaId=bbbbbbbb-bbbb-4bbb-8bbb-bbbbbbbbbbbb&zona=Zona+Norte,200,61.472,
2026-08-31T04:09:20.775833+00:00,GET,http://localhost:3000/logistics/tenderos/productos-disponibles?tiendaId=bbbbbbbb-bbbb-4bbb-8bbb-bbbbbbbbbbbb&zona=Zona+Norte,200,59.600,
2026-08-31T04:09:20.809379+00:00,GET,http://localhost:3000/logistics/tenderos/productos-disponibles?tiendaId=bbbbbbbb-bbbb-4bbb-8bbb-bbbbbbbbbbbb&zona=Zona+Norte,200,59.701,
2026-08-31T04:09:20.842860+00:00,GET,http://localhost:3000/logistics/tenderos/productos-disponibles?tiendaId=bbbbbbbb-bbbb-4bbb-8bbb-bbbbbbbbbbbb&zona=Zona+Norte,200,55.314,
2026-08-31T04:09:20.876151+00:00,GET,http://localhost:3000/logistics/tenderos/productos-disponibles?tiendaId=bbbbbbbb-bbbb-4bbb-8bbb-bbbbbbbbbbbb&zona=Zona+Norte,200,61.156,
2026-08-31T04:09:20.909702+00:00,GET,http://localhost:3000/logistics/tenderos/productos-disponibles?tiendaId=bbbbbbbb-bbbb-4bbb-8bbb-bbbbbbbbbbbb&zona=Zona+Norte,200,62.118,
2026-08-31T04:09:20.942614+00:00,GET,http://localhost:3000/logistics/tenderos/productos-disponibles?tiendaId=bbbbbbbb-bbbb-4bbb-8bbb-bbbbbbbbbbbb&zona=Zona+Norte,200,62.719,
2026-08-31T04:09:20.975827+00:00,GET,http://localhost:3000/logistics/tenderos/productos-disponibles?tiendaId=bbbbbbbb-bbbb-4bbb-8bbb-bbbbbbbbbbbb&zona=Zona+Norte,200,59.845,
2026-08-31T04:09:21.009131+00:00,GET,http://localhost:3000/logistics/tenderos/productos-disponibles?tiendaId=bbbbbbbb-bbbb-4bbb-8bbb-bbbbbbbbbbbb&zona=Zona+Norte,200,61.228,
2026-08-31T04:09:21.042575+00:00,GET,http://localhost:3000/logistics/tenderos/productos-disponibles?tiendaId=bbbbbbbb-bbbb-4bbb-8bbb-bbbbbbbbbbbb&zona=Zona+Norte,200,59.604,
2026-08-31T04:09:21.075899+00:00,GET,http://localhost:3000/logistics/tenderos/productos-disponibles?tiendaId=bbbbbbbb-bbbb-4bbb-8bbb-bbbbbbbbbbbb&zona=Zona+Norte,200,61.869,
2026-08-31T04:09:21.109140+00:00,GET,http://localhost:3000/logistics/tenderos/productos-disponibles?tiendaId=bbbbbbbb-bbbb-4bbb-8bbb-bbbbbbbbbbbb&zona=Zona+Norte,200,62.138,
2026-08-31T04:09:21.142189+00:00,GET,http://localhost:3000/logistics/tenderos/productos-disponibles?tiendaId=bbbbbbbb-bbbb-4bbb-8bbb-bbbbbbbbbbbb&zona=Zona+Norte,200,63.698,
2026-08-31T04:09:21.175841+00:00,GET,http://localhost:3000/logistics/tenderos/productos-disponibles?tiendaId=bbbbbbbb-bbbb-4bbb-8bbb-bbbbbbbbbbbb&zona=Zona+Norte,200,62.767,
2026-08-31T04:09:21.209010+00:00,GET,http://localhost:3000/logistics/tenderos/productos-disponibles?tiendaId=bbbbbbbb-bbbb-4bbb-8bbb-bbbbbbbbbbbb&zona=Zona+Norte,200,60.274,
2026-08-31T04:09:21.242424+00:00,GET,http://localhost:3000/logistics/tenderos/productos-disponibles?tiendaId=bbbbbbbb-bbbb-4bbb-8bbb-bbbbbbbbbbbb&zona=Zona+Norte,200,62.676,
2026-08-31T04:09:21.275821+00:00,GET,http://localhost:3000/logistics/tenderos/productos-disponibles?tiendaId=bbbbbbbb-bbbb-4bbb-8bbb-bbbbbbbbbbbb&zona=Zona+Norte,200,61.387,
2026-08-31T04:09:21.309159+00:00,GET,http://localhost:3000/logistics/tenderos/productos-disponibles?tiendaId=bbbbbbbb-bbbb-4bbb-8bbb-bbbbbbbbbbbb&zona=Zona+Norte,200,61.942,
2026-08-31T04:09:21.342081+00:00,GET,http://localhost:3000/logistics/tenderos/productos-disponibles?tiendaId=bbbbbbbb-bbbb-4bbb-8bbb-bbbbbbbbbbbb&zona=Zona+Norte,200,59.503,
2026-08-31T04:09:21.375893+00:00,GET,http://localhost:3000/logistics/tenderos/productos-disponibles?tiendaId=bbbbbbbb-bbbb-4bbb-8bbb-bbbbbbbbbbbb&zona=Zona+Norte,200,62.342,
2026-08-31T04:09:21.409589+00:00,GET,http://localhost:3000/logistics/tenderos/productos-disponibles?tiendaId=bbbbbbbb-bbbb-4bbb-8bbb-bbbbbbbbbbbb&zona=Zona+Norte,200,63.601,
2026-08-31T04:09:21.442488+00:00,GET,http://localhost:3000/logistics/tenderos/productos-disponibles?tiendaId=bbbbbbbb-bbbb-4bbb-8bbb-bbbbbbbbbbbb&zona=Zona+Norte,200,59.581,
2026-08-31T04:09:21.475613+00:00,GET,http://localhost:3000/logistics/tenderos/productos-disponibles?tiendaId=bbbbbbbb-bbbb-4bbb-8bbb-bbbbbbbbbbbb&zona=Zona+Norte,200,62.242,
2026-08-31T04:09:21.509517+00:00,GET,http://localhost:3000/logistics/tenderos/productos-disponibles?tiendaId=bbbbbbbb-bbbb-4bbb-8bbb-bbbbbbbbbbbb&zona=Zona+Norte,200,62.268,
2026-08-31T04:09:21.542522+00:00,GET,http://localhost:3000/logistics/tenderos/productos-disponibles?tiendaId=bbbbbbbb-bbbb-4bbb-8bbb-bbbbbbbbbbbb&zona=Zona+Norte,200,63.221,
2026-08-31T04:09:21.575665+00:00,GET,http://localhost:3000/logistics/tenderos/productos-disponibles?tiendaId=bbbbbbbb-bbbb-4bbb-8bbb-bbbbbbbbbbbb&zona=Zona+Norte,200,63.474,
2026-08-31T04:09:21.608709+00:00,GET,http://localhost:3000/logistics/tenderos/productos-disponibles?tiendaId=bbbbbbbb-bbbb-4bbb-8bbb-bbbbbbbbbbbb&zona=Zona+Norte,200,62.631,
2026-08-31T04:09:21.642375+00:00,GET,http://localhost:3000/logistics/tenderos/productos-disponibles?tiendaId=bbbbbbbb-bbbb-4bbb-8bbb-bbbbbbbbbbbb&zona=Zona+Norte,200,63.013,
2026-08-31T04:09:21.675879+00:00,GET,http://localhost:3000/logistics/tenderos/productos-disponibles?tiendaId=bbbbbbbb-bbbb-4bbb-8bbb-bbbbbbbbbbbb&zona=Zona+Norte,200,60.927,
2026-08-31T04:09:21.709079+00:00,GET,http://localhost:3000/logistics/tenderos/productos-disponibles?tiendaId=bbbbbbbb-bbbb-4bbb-8bbb-bbbbbbbbbbbb&zona=Zona+Norte,200,60.522,
2026-08-31T04:09:21.742556+00:00,GET,http://localhost:3000/logistics/tenderos/productos-disponibles?tiendaId=bbbbbbbb-bbbb-4bbb-8bbb-bbbbbbbbbbbb&zona=Zona+Norte,200,62.705,
2026-08-31T04:09:21.776131+00:00,GET,http://localhost:3000/logistics/tenderos/productos-disponibles?tiendaId=bbbbbbbb-bbbb-4bbb-8bbb-bbbbbbbbbbbb&zona=Zona+Norte,200,63.378,
2026-08-31T04:09:21.809143+00:00,GET,http://localhost:3000/logistics/tenderos/productos-disponibles?tiendaId=bbbbbbbb-bbbb-4bbb-8bbb-bbbbbbbbbbbb&zona=Zona+Norte,200,59.874,
2026-08-31T04:09:21.842336+00:00,GET,http://localhost:3000/logistics/tenderos/productos-disponibles?tiendaId=bbbbbbbb-bbbb-4bbb-8bbb-bbbbbbbbbbbb&zona=Zona+Norte,200,60.708,
2026-08-31T04:09:21.875896+00:00,GET,http://localhost:3000/logistics/tenderos/productos-disponibles?tiendaId=bbbbbbbb-bbbb-4bbb-8bbb-bbbbbbbbbbbb&zona=Zona+Norte,200,63.305,
2026-08-31T04:09:21.909389+00:00,GET,http://localhost:3000/logistics/tenderos/productos-disponibles?tiendaId=bbbbbbbb-bbbb-4bbb-8bbb-bbbbbbbbbbbb&zona=Zona+Norte,200,64.423,
2026-08-31T04:09:21.942108+00:00,GET,http://localhost:3000/logistics/tenderos/productos-disponibles?tiendaId=bbbbbbbb-bbbb-4bbb-8bbb-bbbbbbbbbbbb&zona=Zona+Norte,200,62.510,
2026-08-31T04:09:21.975537+00:00,GET,http://localhost:3000/logistics/tenderos/productos-disponibles?tiendaId=bbbbbbbb-bbbb-4bbb-8bbb-bbbbbbbbbbbb&zona=Zona+Norte,200,63.105,
2026-08-31T04:09:22.009234+00:00,GET,http://localhost:3000/logistics/tenderos/productos-disponibles?tiendaId=bbbbbbbb-bbbb-4bbb-8bbb-bbbbbbbbbbbb&zona=Zona+Norte,200,62.863,
2026-08-31T04:09:22.042466+00:00,GET,http://localhost:3000/logistics/tenderos/productos-disponibles?tiendaId=bbbbbbbb-bbbb-4bbb-8bbb-bbbbbbbbbbbb&zona=Zona+Norte,200,66.291,
2026-08-31T04:09:22.075782+00:00,GET,http://localhost:3000/logistics/tenderos/productos-disponibles?tiendaId=bbbbbbbb-bbbb-4bbb-8bbb-bbbbbbbbbbbb&zona=Zona+Norte,200,60.015,
2026-08-31T04:09:22.108831+00:00,GET,http://localhost:3000/logistics/tenderos/productos-disponibles?tiendaId=bbbbbbbb-bbbb-4bbb-8bbb-bbbbbbbbbbbb&zona=Zona+Norte,200,63.906,
2026-08-31T04:09:22.142838+00:00,GET,http://localhost:3000/logistics/tenderos/productos-disponibles?tiendaId=bbbbbbbb-bbbb-4bbb-8bbb-bbbbbbbbbbbb&zona=Zona+Norte,200,64.305,
2026-08-31T04:09:22.175707+00:00,GET,http://localhost:3000/logistics/tenderos/productos-disponibles?tiendaId=bbbbbbbb-bbbb-4bbb-8bbb-bbbbbbbbbbbb&zona=Zona+Norte,200,63.541,
2026-08-31T04:09:22.208843+00:00,GET,http://localhost:3000/logistics/tenderos/productos-disponibles?tiendaId=bbbbbbbb-bbbb-4bbb-8bbb-bbbbbbbbbbbb&zona=Zona+Norte,200,60.601,
2026-08-31T04:09:22.242194+00:00,GET,http://localhost:3000/logistics/tenderos/productos-disponibles?tiendaId=bbbbbbbb-bbbb-4bbb-8bbb-bbbbbbbbbbbb&zona=Zona+Norte,200,61.896,
2026-08-31T04:09:22.276104+00:00,GET,http://localhost:3000/logistics/tenderos/productos-disponibles?tiendaId=bbbbbbbb-bbbb-4bbb-8bbb-bbbbbbbbbbbb&zona=Zona+Norte,200,59.016,
2026-08-31T04:09:22.309293+00:00,GET,http://localhost:3000/logistics/tenderos/productos-disponibles?tiendaId=bbbbbbbb-bbbb-4bbb-8bbb-bbbbbbbbbbbb&zona=Zona+Norte,200,59.190,
2026-08-31T04:09:22.342886+00:00,GET,http://localhost:3000/logistics/tenderos/productos-disponibles?tiendaId=bbbbbbbb-bbbb-4bbb-8bbb-bbbbbbbbbbbb&zona=Zona+Norte,200,63.636,
2026-08-31T04:09:22.376246+00:00,GET,http://localhost:3000/logistics/tenderos/productos-disponibles?tiendaId=bbbbbbbb-bbbb-4bbb-8bbb-bbbbbbbbbbbb&zona=Zona+Norte,200,60.619,
2026-08-31T04:09:22.408979+00:00,GET,http://localhost:3000/logistics/tenderos/productos-disponibles?tiendaId=bbbbbbbb-bbbb-4bbb-8bbb-bbbbbbbbbbbb&zona=Zona+Norte,200,59.244,
2026-08-31T04:09:22.442520+00:00,GET,http://localhost:3000/logistics/tenderos/productos-disponibles?tiendaId=bbbbbbbb-bbbb-4bbb-8bbb-bbbbbbbbbbbb&zona=Zona+Norte,200,62.071,
2026-08-31T04:09:22.476272+00:00,GET,http://localhost:3000/logistics/tenderos/productos-disponibles?tiendaId=bbbbbbbb-bbbb-4bbb-8bbb-bbbbbbbbbbbb&zona=Zona+Norte,200,62.774,
2026-08-31T04:09:22.509170+00:00,GET,http://localhost:3000/logistics/tenderos/productos-disponibles?tiendaId=bbbbbbbb-bbbb-4bbb-8bbb-bbbbbbbbbbbb&zona=Zona+Norte,200,60.044,
2026-08-31T04:09:22.542384+00:00,GET,http://localhost:3000/logistics/tenderos/productos-disponibles?tiendaId=bbbbbbbb-bbbb-4bbb-8bbb-bbbbbbbbbbbb&zona=Zona+Norte,200,59.321,
2026-08-31T04:09:22.575376+00:00,GET,http://localhost:3000/logistics/tenderos/productos-disponibles?tiendaId=bbbbbbbb-bbbb-4bbb-8bbb-bbbbbbbbbbbb&zona=Zona+Norte,200,59.406,
2026-08-31T04:09:22.609568+00:00,GET,http://localhost:3000/logistics/tenderos/productos-disponibles?tiendaId=bbbbbbbb-bbbb-4bbb-8bbb-bbbbbbbbbbbb&zona=Zona+Norte,200,62.098,
2026-08-31T04:09:22.642924+00:00,GET,http://localhost:3000/logistics/tenderos/productos-disponibles?tiendaId=bbbbbbbb-bbbb-4bbb-8bbb-bbbbbbbbbbbb&zona=Zona+Norte,200,59.443,
2026-08-31T04:09:22.675839+00:00,GET,http://localhost:3000/logistics/tenderos/productos-disponibles?tiendaId=bbbbbbbb-bbbb-4bbb-8bbb-bbbbbbbbbbbb&zona=Zona+Norte,200,62.205,
2026-08-31T04:09:22.709198+00:00,GET,http://localhost:3000/logistics/tenderos/productos-disponibles?tiendaId=bbbbbbbb-bbbb-4bbb-8bbb-bbbbbbbbbbbb&zona=Zona+Norte,200,62.644,
2026-08-31T04:09:22.742065+00:00,GET,http://localhost:3000/logistics/tenderos/productos-disponibles?tiendaId=bbbbbbbb-bbbb-4bbb-8bbb-bbbbbbbbbbbb&zona=Zona+Norte,200,63.024,
2026-08-31T04:09:22.775783+00:00,GET,http://localhost:3000/logistics/tenderos/productos-disponibles?tiendaId=bbbbbbbb-bbbb-4bbb-8bbb-bbbbbbbbbbbb&zona=Zona+Norte,200,62.257,
2026-08-31T04:09:22.809279+00:00,GET,http://localhost:3000/logistics/tenderos/productos-disponibles?tiendaId=bbbbbbbb-bbbb-4bbb-8bbb-bbbbbbbbbbbb&zona=Zona+Norte,200,63.100,
2026-08-31T04:09:22.842518+00:00,GET,http://localhost:3000/logistics/tenderos/productos-disponibles?tiendaId=bbbbbbbb-bbbb-4bbb-8bbb-bbbbbbbbbbbb&zona=Zona+Norte,200,62.279,
2026-08-31T04:09:22.875756+00:00,GET,http://localhost:3000/logistics/tenderos/productos-disponibles?tiendaId=bbbbbbbb-bbbb-4bbb-8bbb-bbbbbbbbbbbb&zona=Zona+Norte,200,62.731,
2026-08-31T04:09:22.909188+00:00,GET,http://localhost:3000/logistics/tenderos/productos-disponibles?tiendaId=bbbbbbbb-bbbb-4bbb-8bbb-bbbbbbbbbbbb&zona=Zona+Norte,200,62.890,
2026-08-31T04:09:22.942477+00:00,GET,http://localhost:3000/logistics/tenderos/productos-disponibles?tiendaId=bbbbbbbb-bbbb-4bbb-8bbb-bbbbbbbbbbbb&zona=Zona+Norte,200,63.177,
2026-08-31T04:09:22.975763+00:00,GET,http://localhost:3000/logistics/tenderos/productos-disponibles?tiendaId=bbbbbbbb-bbbb-4bbb-8bbb-bbbbbbbbbbbb&zona=Zona+Norte,200,62.359,
2026-08-31T04:09:23.009053+00:00,GET,http://localhost:3000/logistics/tenderos/productos-disponibles?tiendaId=bbbbbbbb-bbbb-4bbb-8bbb-bbbbbbbbbbbb&zona=Zona+Norte,200,63.027,
2026-08-31T04:09:23.042483+00:00,GET,http://localhost:3000/logistics/tenderos/productos-disponibles?tiendaId=bbbbbbbb-bbbb-4bbb-8bbb-bbbbbbbbbbbb&zona=Zona+Norte,200,59.445,
2026-08-31T04:09:23.075759+00:00,GET,http://localhost:3000/logistics/tenderos/productos-disponibles?tiendaId=bbbbbbbb-bbbb-4bbb-8bbb-bbbbbbbbbbbb&zona=Zona+Norte,200,60.886,
2026-08-31T04:09:23.109552+00:00,GET,http://localhost:3000/logistics/tenderos/productos-disponibles?tiendaId=bbbbbbbb-bbbb-4bbb-8bbb-bbbbbbbbbbbb&zona=Zona+Norte,200,62.356,
2026-08-31T04:09:23.142681+00:00,GET,http://localhost:3000/logistics/tenderos/productos-disponibles?tiendaId=bbbbbbbb-bbbb-4bbb-8bbb-bbbbbbbbbbbb&zona=Zona+Norte,200,58.813,
2026-08-31T04:09:23.175803+00:00,GET,http://localhost:3000/logistics/tenderos/productos-disponibles?tiendaId=bbbbbbbb-bbbb-4bbb-8bbb-bbbbbbbbbbbb&zona=Zona+Norte,200,63.278,
2026-08-31T04:09:23.209200+00:00,GET,http://localhost:3000/logistics/tenderos/productos-disponibles?tiendaId=bbbbbbbb-bbbb-4bbb-8bbb-bbbbbbbbbbbb&zona=Zona+Norte,200,62.964,
2026-08-31T04:09:23.242385+00:00,GET,http://localhost:3000/logistics/tenderos/productos-disponibles?tiendaId=bbbbbbbb-bbbb-4bbb-8bbb-bbbbbbbbbbbb&zona=Zona+Norte,200,63.780,
2026-08-31T04:09:23.275790+00:00,GET,http://localhost:3000/logistics/tenderos/productos-disponibles?tiendaId=bbbbbbbb-bbbb-4bbb-8bbb-bbbbbbbbbbbb&zona=Zona+Norte,200,63.763,
2026-08-31T04:09:23.309018+00:00,GET,http://localhost:3000/logistics/tenderos/productos-disponibles?tiendaId=bbbbbbbb-bbbb-4bbb-8bbb-bbbbbbbbbbbb&zona=Zona+Norte,200,60.358,
2026-08-31T04:09:23.342078+00:00,GET,http://localhost:3000/logistics/tenderos/productos-disponibles?tiendaId=bbbbbbbb-bbbb-4bbb-8bbb-bbbbbbbbbbbb&zona=Zona+Norte,200,63.220,
2026-08-31T04:09:23.376128+00:00,GET,http://localhost:3000/logistics/tenderos/productos-disponibles?tiendaId=bbbbbbbb-bbbb-4bbb-8bbb-bbbbbbbbbbbb&zona=Zona+Norte,200,62.841,
2026-08-31T04:09:23.409111+00:00,GET,http://localhost:3000/logistics/tenderos/productos-disponibles?tiendaId=bbbbbbbb-bbbb-4bbb-8bbb-bbbbbbbbbbbb&zona=Zona+Norte,200,59.990,
2026-08-31T04:09:23.442387+00:00,GET,http://localhost:3000/logistics/tenderos/productos-disponibles?tiendaId=bbbbbbbb-bbbb-4bbb-8bbb-bbbbbbbbbbbb&zona=Zona+Norte,200,63.421,
2026-08-31T04:09:23.475859+00:00,GET,http://localhost:3000/logistics/tenderos/productos-disponibles?tiendaId=bbbbbbbb-bbbb-4bbb-8bbb-bbbbbbbbbbbb&zona=Zona+Norte,200,59.349,
2026-08-31T04:09:23.509062+00:00,GET,http://localhost:3000/logistics/tenderos/productos-disponibles?tiendaId=bbbbbbbb-bbbb-4bbb-8bbb-bbbbbbbbbbbb&zona=Zona+Norte,200,63.873,
2026-08-31T04:09:23.542235+00:00,GET,http://localhost:3000/logistics/tenderos/productos-disponibles?tiendaId=bbbbbbbb-bbbb-4bbb-8bbb-bbbbbbbbbbbb&zona=Zona+Norte,200,60.796,
2026-08-31T04:09:23.575669+00:00,GET,http://localhost:3000/logistics/tenderos/productos-disponibles?tiendaId=bbbbbbbb-bbbb-4bbb-8bbb-bbbbbbbbbbbb&zona=Zona+Norte,200,62.663,
2026-08-31T04:09:23.609413+00:00,GET,http://localhost:3000/logistics/tenderos/productos-disponibles?tiendaId=bbbbbbbb-bbbb-4bbb-8bbb-bbbbbbbbbbbb&zona=Zona+Norte,200,62.406,
2026-08-31T04:09:23.642487+00:00,GET,http://localhost:3000/logistics/tenderos/productos-disponibles?tiendaId=bbbbbbbb-bbbb-4bbb-8bbb-bbbbbbbbbbbb&zona=Zona+Norte,200,64.427,
2026-08-31T04:09:23.675875+00:00,GET,http://localhost:3000/logistics/tenderos/productos-disponibles?tiendaId=bbbbbbbb-bbbb-4bbb-8bbb-bbbbbbbbbbbb&zona=Zona+Norte,200,59.004,
2026-08-31T04:09:23.708868+00:00,GET,http://localhost:3000/logistics/tenderos/productos-disponibles?tiendaId=bbbbbbbb-bbbb-4bbb-8bbb-bbbbbbbbbbbb&zona=Zona+Norte,200,59.241,
2026-08-31T04:09:23.742931+00:00,GET,http://localhost:3000/logistics/tenderos/productos-disponibles?tiendaId=bbbbbbbb-bbbb-4bbb-8bbb-bbbbbbbbbbbb&zona=Zona+Norte,200,56.212,
2026-08-31T04:09:23.776312+00:00,GET,http://localhost:3000/logistics/tenderos/productos-disponibles?tiendaId=bbbbbbbb-bbbb-4bbb-8bbb-bbbbbbbbbbbb&zona=Zona+Norte,200,55.737,
2026-08-31T04:09:23.809189+00:00,GET,http://localhost:3000/logistics/tenderos/productos-disponibles?tiendaId=bbbbbbbb-bbbb-4bbb-8bbb-bbbbbbbbbbbb&zona=Zona+Norte,200,62.272,
2026-08-31T04:09:23.842537+00:00,GET,http://localhost:3000/logistics/tenderos/productos-disponibles?tiendaId=bbbbbbbb-bbbb-4bbb-8bbb-bbbbbbbbbbbb&zona=Zona+Norte,200,58.124,
2026-08-31T04:09:23.875857+00:00,GET,http://localhost:3000/logistics/tenderos/productos-disponibles?tiendaId=bbbbbbbb-bbbb-4bbb-8bbb-bbbbbbbbbbbb&zona=Zona+Norte,200,56.164,
2026-08-31T04:09:23.909498+00:00,GET,http://localhost:3000/logistics/tenderos/productos-disponibles?tiendaId=bbbbbbbb-bbbb-4bbb-8bbb-bbbbbbbbbbbb&zona=Zona+Norte,200,57.551,
2026-08-31T04:09:23.943018+00:00,GET,http://localhost:3000/logistics/tenderos/productos-disponibles?tiendaId=bbbbbbbb-bbbb-4bbb-8bbb-bbbbbbbbbbbb&zona=Zona+Norte,200,55.391,
2026-08-31T04:09:23.976395+00:00,GET,http://localhost:3000/logistics/tenderos/productos-disponibles?tiendaId=bbbbbbbb-bbbb-4bbb-8bbb-bbbbbbbbbbbb&zona=Zona+Norte,200,54.914,
2026-08-31T04:09:24.009735+00:00,GET,http://localhost:3000/logistics/tenderos/productos-disponibles?tiendaId=bbbbbbbb-bbbb-4bbb-8bbb-bbbbbbbbbbbb&zona=Zona+Norte,200,56.632,
2026-08-31T04:09:24.043067+00:00,GET,http://localhost:3000/logistics/tenderos/productos-disponibles?tiendaId=bbbbbbbb-bbbb-4bbb-8bbb-bbbbbbbbbbbb&zona=Zona+Norte,200,56.868,
2026-08-31T04:09:24.076416+00:00,GET,http://localhost:3000/logistics/tenderos/productos-disponibles?tiendaId=bbbbbbbb-bbbb-4bbb-8bbb-bbbbbbbbbbbb&zona=Zona+Norte,200,55.983,
2026-08-31T04:09:24.109747+00:00,GET,http://localhost:3000/logistics/tenderos/productos-disponibles?tiendaId=bbbbbbbb-bbbb-4bbb-8bbb-bbbbbbbbbbbb&zona=Zona+Norte,200,55.838,
2026-08-31T04:09:24.142527+00:00,GET,http://localhost:3000/logistics/tenderos/productos-disponibles?tiendaId=bbbbbbbb-bbbb-4bbb-8bbb-bbbbbbbbbbbb&zona=Zona+Norte,200,54.814,
2026-08-31T04:09:24.176091+00:00,GET,http://localhost:3000/logistics/tenderos/productos-disponibles?tiendaId=bbbbbbbb-bbbb-4bbb-8bbb-bbbbbbbbbbbb&zona=Zona+Norte,200,58.132,
2026-08-31T04:09:24.209145+00:00,GET,http://localhost:3000/logistics/tenderos/productos-disponibles?tiendaId=bbbbbbbb-bbbb-4bbb-8bbb-bbbbbbbbbbbb&zona=Zona+Norte,200,58.931,
2026-08-31T04:09:24.242518+00:00,GET,http://localhost:3000/logistics/tenderos/productos-disponibles?tiendaId=bbbbbbbb-bbbb-4bbb-8bbb-bbbbbbbbbbbb&zona=Zona+Norte,200,58.670,
2026-08-31T04:09:24.276333+00:00,GET,http://localhost:3000/logistics/tenderos/productos-disponibles?tiendaId=bbbbbbbb-bbbb-4bbb-8bbb-bbbbbbbbbbbb&zona=Zona+Norte,200,55.556,
2026-08-31T04:09:24.309156+00:00,GET,http://localhost:3000/logistics/tenderos/productos-disponibles?tiendaId=bbbbbbbb-bbbb-4bbb-8bbb-bbbbbbbbbbbb&zona=Zona+Norte,200,59.395,
2026-08-31T04:09:24.343064+00:00,GET,http://localhost:3000/logistics/tenderos/productos-disponibles?tiendaId=bbbbbbbb-bbbb-4bbb-8bbb-bbbbbbbbbbbb&zona=Zona+Norte,200,59.747,
2026-08-31T04:09:24.375648+00:00,GET,http://localhost:3000/logistics/tenderos/productos-disponibles?tiendaId=bbbbbbbb-bbbb-4bbb-8bbb-bbbbbbbbbbbb&zona=Zona+Norte,200,60.344,
2026-08-31T04:09:24.409150+00:00,GET,http://localhost:3000/logistics/tenderos/productos-disponibles?tiendaId=bbbbbbbb-bbbb-4bbb-8bbb-bbbbbbbbbbbb&zona=Zona+Norte,200,55.188,
2026-08-31T04:09:24.442803+00:00,GET,http://localhost:3000/logistics/tenderos/productos-disponibles?tiendaId=bbbbbbbb-bbbb-4bbb-8bbb-bbbbbbbbbbbb&zona=Zona+Norte,200,58.043,
2026-08-31T04:09:24.476394+00:00,GET,http://localhost:3000/logistics/tenderos/productos-disponibles?tiendaId=bbbbbbbb-bbbb-4bbb-8bbb-bbbbbbbbbbbb&zona=Zona+Norte,200,58.527,
2026-08-31T04:09:24.509694+00:00,GET,http://localhost:3000/logistics/tenderos/productos-disponibles?tiendaId=bbbbbbbb-bbbb-4bbb-8bbb-bbbbbbbbbbbb&zona=Zona+Norte,200,58.428,
2026-08-31T04:09:24.542954+00:00,GET,http://localhost:3000/logistics/tenderos/productos-disponibles?tiendaId=bbbbbbbb-bbbb-4bbb-8bbb-bbbbbbbbbbbb&zona=Zona+Norte,200,55.098,
2026-08-31T04:09:24.576295+00:00,GET,http://localhost:3000/logistics/tenderos/productos-disponibles?tiendaId=bbbbbbbb-bbbb-4bbb-8bbb-bbbbbbbbbbbb&zona=Zona+Norte,200,55.069,
2026-08-31T04:09:24.609619+00:00,GET,http://localhost:3000/logistics/tenderos/productos-disponibles?tiendaId=bbbbbbbb-bbbb-4bbb-8bbb-bbbbbbbbbbbb&zona=Zona+Norte,200,59.798,
2026-08-31T04:09:24.643085+00:00,GET,http://localhost:3000/logistics/tenderos/productos-disponibles?tiendaId=bbbbbbbb-bbbb-4bbb-8bbb-bbbbbbbbbbbb&zona=Zona+Norte,200,59.349,
2026-08-31T04:09:24.676133+00:00,GET,http://localhost:3000/logistics/tenderos/productos-disponibles?tiendaId=bbbbbbbb-bbbb-4bbb-8bbb-bbbbbbbbbbbb&zona=Zona+Norte,200,64.314,
2026-08-31T04:09:24.709500+00:00,GET,http://localhost:3000/logistics/tenderos/productos-disponibles?tiendaId=bbbbbbbb-bbbb-4bbb-8bbb-bbbbbbbbbbbb&zona=Zona+Norte,200,62.092,
2026-08-31T04:09:24.742224+00:00,GET,http://localhost:3000/logistics/tenderos/productos-disponibles?tiendaId=bbbbbbbb-bbbb-4bbb-8bbb-bbbbbbbbbbbb&zona=Zona+Norte,200,56.300,
2026-08-31T04:09:24.775893+00:00,GET,http://localhost:3000/logistics/tenderos/productos-disponibles?tiendaId=bbbbbbbb-bbbb-4bbb-8bbb-bbbbbbbbbbbb&zona=Zona+Norte,200,61.999,
2026-08-31T04:09:24.809187+00:00,GET,http://localhost:3000/logistics/tenderos/productos-disponibles?tiendaId=bbbbbbbb-bbbb-4bbb-8bbb-bbbbbbbbbbbb&zona=Zona+Norte,200,63.025,
2026-08-31T04:09:24.842473+00:00,GET,http://localhost:3000/logistics/tenderos/productos-disponibles?tiendaId=bbbbbbbb-bbbb-4bbb-8bbb-bbbbbbbbbbbb&zona=Zona+Norte,200,64.467,
2026-08-31T04:09:24.875439+00:00,GET,http://localhost:3000/logistics/tenderos/productos-disponibles?tiendaId=bbbbbbbb-bbbb-4bbb-8bbb-bbbbbbbbbbbb&zona=Zona+Norte,200,66.315,
2026-08-31T04:09:24.908928+00:00,GET,http://localhost:3000/logistics/tenderos/productos-disponibles?tiendaId=bbbbbbbb-bbbb-4bbb-8bbb-bbbbbbbbbbbb&zona=Zona+Norte,200,63.148,
2026-08-31T04:09:24.942034+00:00,GET,http://localhost:3000/logistics/tenderos/productos-disponibles?tiendaId=bbbbbbbb-bbbb-4bbb-8bbb-bbbbbbbbbbbb&zona=Zona+Norte,200,63.460,
2026-08-31T04:09:24.975829+00:00,GET,http://localhost:3000/logistics/tenderos/productos-disponibles?tiendaId=bbbbbbbb-bbbb-4bbb-8bbb-bbbbbbbbbbbb&zona=Zona+Norte,200,60.091,
2026-08-31T04:09:25.009113+00:00,GET,http://localhost:3000/logistics/tenderos/productos-disponibles?tiendaId=bbbbbbbb-bbbb-4bbb-8bbb-bbbbbbbbbbbb&zona=Zona+Norte,200,63.324,
2026-08-31T04:09:25.042452+00:00,GET,http://localhost:3000/logistics/tenderos/productos-disponibles?tiendaId=bbbbbbbb-bbbb-4bbb-8bbb-bbbbbbbbbbbb&zona=Zona+Norte,200,60.550,
2026-08-31T04:09:25.075771+00:00,GET,http://localhost:3000/logistics/tenderos/productos-disponibles?tiendaId=bbbbbbbb-bbbb-4bbb-8bbb-bbbbbbbbbbbb&zona=Zona+Norte,200,63.208,
2026-08-31T04:09:25.109141+00:00,GET,http://localhost:3000/logistics/tenderos/productos-disponibles?tiendaId=bbbbbbbb-bbbb-4bbb-8bbb-bbbbbbbbbbbb&zona=Zona+Norte,200,62.792,
2026-08-31T04:09:25.142417+00:00,GET,http://localhost:3000/logistics/tenderos/productos-disponibles?tiendaId=bbbbbbbb-bbbb-4bbb-8bbb-bbbbbbbbbbbb&zona=Zona+Norte,200,63.933,
2026-08-31T04:09:25.175812+00:00,GET,http://localhost:3000/logistics/tenderos/productos-disponibles?tiendaId=bbbbbbbb-bbbb-4bbb-8bbb-bbbbbbbbbbbb&zona=Zona+Norte,200,59.525,
2026-08-31T04:09:25.208994+00:00,GET,http://localhost:3000/logistics/tenderos/productos-disponibles?tiendaId=bbbbbbbb-bbbb-4bbb-8bbb-bbbbbbbbbbbb&zona=Zona+Norte,200,60.620,
2026-08-31T04:09:25.242457+00:00,GET,http://localhost:3000/logistics/tenderos/productos-disponibles?tiendaId=bbbbbbbb-bbbb-4bbb-8bbb-bbbbbbbbbbbb&zona=Zona+Norte,200,59.798,
2026-08-31T04:09:25.275781+00:00,GET,http://localhost:3000/logistics/tenderos/productos-disponibles?tiendaId=bbbbbbbb-bbbb-4bbb-8bbb-bbbbbbbbbbbb&zona=Zona+Norte,200,62.645,
2026-08-31T04:09:25.309555+00:00,GET,http://localhost:3000/logistics/tenderos/productos-disponibles?tiendaId=bbbbbbbb-bbbb-4bbb-8bbb-bbbbbbbbbbbb&zona=Zona+Norte,200,61.965,
2026-08-31T04:09:25.342501+00:00,GET,http://localhost:3000/logistics/tenderos/productos-disponibles?tiendaId=bbbbbbbb-bbbb-4bbb-8bbb-bbbbbbbbbbbb&zona=Zona+Norte,200,58.889,
2026-08-31T04:09:25.375795+00:00,GET,http://localhost:3000/logistics/tenderos/productos-disponibles?tiendaId=bbbbbbbb-bbbb-4bbb-8bbb-bbbbbbbbbbbb&zona=Zona+Norte,200,63.103,
2026-08-31T04:09:25.409098+00:00,GET,http://localhost:3000/logistics/tenderos/productos-disponibles?tiendaId=bbbbbbbb-bbbb-4bbb-8bbb-bbbbbbbbbbbb&zona=Zona+Norte,200,63.113,
2026-08-31T04:09:25.442464+00:00,GET,http://localhost:3000/logistics/tenderos/productos-disponibles?tiendaId=bbbbbbbb-bbbb-4bbb-8bbb-bbbbbbbbbbbb&zona=Zona+Norte,200,61.791,
2026-08-31T04:09:25.475824+00:00,GET,http://localhost:3000/logistics/tenderos/productos-disponibles?tiendaId=bbbbbbbb-bbbb-4bbb-8bbb-bbbbbbbbbbbb&zona=Zona+Norte,200,61.896,
2026-08-31T04:09:25.509280+00:00,GET,http://localhost:3000/logistics/tenderos/productos-disponibles?tiendaId=bbbbbbbb-bbbb-4bbb-8bbb-bbbbbbbbbbbb&zona=Zona+Norte,200,63.118,
2026-08-31T04:09:25.542470+00:00,GET,http://localhost:3000/logistics/tenderos/productos-disponibles?tiendaId=bbbbbbbb-bbbb-4bbb-8bbb-bbbbbbbbbbbb&zona=Zona+Norte,200,60.065,
2026-08-31T04:09:25.575795+00:00,GET,http://localhost:3000/logistics/tenderos/productos-disponibles?tiendaId=bbbbbbbb-bbbb-4bbb-8bbb-bbbbbbbbbbbb&zona=Zona+Norte,200,59.832,
2026-08-31T04:09:25.609547+00:00,GET,http://localhost:3000/logistics/tenderos/productos-disponibles?tiendaId=bbbbbbbb-bbbb-4bbb-8bbb-bbbbbbbbbbbb&zona=Zona+Norte,200,60.982,
2026-08-31T04:09:25.642873+00:00,GET,http://localhost:3000/logistics/tenderos/productos-disponibles?tiendaId=bbbbbbbb-bbbb-4bbb-8bbb-bbbbbbbbbbbb&zona=Zona+Norte,200,59.302,
2026-08-31T04:09:25.675757+00:00,GET,http://localhost:3000/logistics/tenderos/productos-disponibles?tiendaId=bbbbbbbb-bbbb-4bbb-8bbb-bbbbbbbbbbbb&zona=Zona+Norte,200,59.855,
2026-08-31T04:09:25.709225+00:00,GET,http://localhost:3000/logistics/tenderos/productos-disponibles?tiendaId=bbbbbbbb-bbbb-4bbb-8bbb-bbbbbbbbbbbb&zona=Zona+Norte,200,62.795,
2026-08-31T04:09:25.742848+00:00,GET,http://localhost:3000/logistics/tenderos/productos-disponibles?tiendaId=bbbbbbbb-bbbb-4bbb-8bbb-bbbbbbbbbbbb&zona=Zona+Norte,200,58.035,
2026-08-31T04:09:25.775841+00:00,GET,http://localhost:3000/logistics/tenderos/productos-disponibles?tiendaId=bbbbbbbb-bbbb-4bbb-8bbb-bbbbbbbbbbbb&zona=Zona+Norte,200,63.627,
2026-08-31T04:09:25.809725+00:00,GET,http://localhost:3000/logistics/tenderos/productos-disponibles?tiendaId=bbbbbbbb-bbbb-4bbb-8bbb-bbbbbbbbbbbb&zona=Zona+Norte,200,62.568,
2026-08-31T04:09:25.842397+00:00,GET,http://localhost:3000/logistics/tenderos/productos-disponibles?tiendaId=bbbbbbbb-bbbb-4bbb-8bbb-bbbbbbbbbbbb&zona=Zona+Norte,200,63.695,
2026-08-31T04:09:25.875823+00:00,GET,http://localhost:3000/logistics/tenderos/productos-disponibles?tiendaId=bbbbbbbb-bbbb-4bbb-8bbb-bbbbbbbbbbbb&zona=Zona+Norte,200,60.519,
2026-08-31T04:09:25.909047+00:00,GET,http://localhost:3000/logistics/tenderos/productos-disponibles?tiendaId=bbbbbbbb-bbbb-4bbb-8bbb-bbbbbbbbbbbb&zona=Zona+Norte,200,60.581,
2026-08-31T04:09:25.942786+00:00,GET,http://localhost:3000/logistics/tenderos/productos-disponibles?tiendaId=bbbbbbbb-bbbb-4bbb-8bbb-bbbbbbbbbbbb&zona=Zona+Norte,200,63.749,
2026-08-31T04:09:25.975971+00:00,GET,http://localhost:3000/logistics/tenderos/productos-disponibles?tiendaId=bbbbbbbb-bbbb-4bbb-8bbb-bbbbbbbbbbbb&zona=Zona+Norte,200,60.936,
2026-08-31T04:09:26.008999+00:00,GET,http://localhost:3000/logistics/tenderos/productos-disponibles?tiendaId=bbbbbbbb-bbbb-4bbb-8bbb-bbbbbbbbbbbb&zona=Zona+Norte,200,61.206,
2026-08-31T04:09:26.042769+00:00,GET,http://localhost:3000/logistics/tenderos/productos-disponibles?tiendaId=bbbbbbbb-bbbb-4bbb-8bbb-bbbbbbbbbbbb&zona=Zona+Norte,200,61.046,
2026-08-31T04:09:26.075717+00:00,GET,http://localhost:3000/logistics/tenderos/productos-disponibles?tiendaId=bbbbbbbb-bbbb-4bbb-8bbb-bbbbbbbbbbbb&zona=Zona+Norte,200,60.532,
2026-08-31T04:09:26.109099+00:00,GET,http://localhost:3000/logistics/tenderos/productos-disponibles?tiendaId=bbbbbbbb-bbbb-4bbb-8bbb-bbbbbbbbbbbb&zona=Zona+Norte,200,64.110,
2026-08-31T04:09:26.142822+00:00,GET,http://localhost:3000/logistics/tenderos/productos-disponibles?tiendaId=bbbbbbbb-bbbb-4bbb-8bbb-bbbbbbbbbbbb&zona=Zona+Norte,200,62.701,
2026-08-31T04:09:26.175686+00:00,GET,http://localhost:3000/logistics/tenderos/productos-disponibles?tiendaId=bbbbbbbb-bbbb-4bbb-8bbb-bbbbbbbbbbbb&zona=Zona+Norte,200,62.348,
2026-08-31T04:09:26.209103+00:00,GET,http://localhost:3000/logistics/tenderos/productos-disponibles?tiendaId=bbbbbbbb-bbbb-4bbb-8bbb-bbbbbbbbbbbb&zona=Zona+Norte,200,62.607,
2026-08-31T04:09:26.242400+00:00,GET,http://localhost:3000/logistics/tenderos/productos-disponibles?tiendaId=bbbbbbbb-bbbb-4bbb-8bbb-bbbbbbbbbbbb&zona=Zona+Norte,200,57.938,
2026-08-31T04:09:26.275864+00:00,GET,http://localhost:3000/logistics/tenderos/productos-disponibles?tiendaId=bbbbbbbb-bbbb-4bbb-8bbb-bbbbbbbbbbbb&zona=Zona+Norte,200,57.729,
2026-08-31T04:09:26.308865+00:00,GET,http://localhost:3000/logistics/tenderos/productos-disponibles?tiendaId=bbbbbbbb-bbbb-4bbb-8bbb-bbbbbbbbbbbb&zona=Zona+Norte,200,61.139,
2026-08-31T04:09:26.342424+00:00,GET,http://localhost:3000/logistics/tenderos/productos-disponibles?tiendaId=bbbbbbbb-bbbb-4bbb-8bbb-bbbbbbbbbbbb&zona=Zona+Norte,200,60.439,
2026-08-31T04:09:26.376066+00:00,GET,http://localhost:3000/logistics/tenderos/productos-disponibles?tiendaId=bbbbbbbb-bbbb-4bbb-8bbb-bbbbbbbbbbbb&zona=Zona+Norte,200,61.488,
2026-08-31T04:09:26.409186+00:00,GET,http://localhost:3000/logistics/tenderos/productos-disponibles?tiendaId=bbbbbbbb-bbbb-4bbb-8bbb-bbbbbbbbbbbb&zona=Zona+Norte,200,61.103,
2026-08-31T04:09:26.442628+00:00,GET,http://localhost:3000/logistics/tenderos/productos-disponibles?tiendaId=bbbbbbbb-bbbb-4bbb-8bbb-bbbbbbbbbbbb&zona=Zona+Norte,200,58.632,
2026-08-31T04:09:26.475744+00:00,GET,http://localhost:3000/logistics/tenderos/productos-disponibles?tiendaId=bbbbbbbb-bbbb-4bbb-8bbb-bbbbbbbbbbbb&zona=Zona+Norte,200,57.575,
2026-08-31T04:09:26.509067+00:00,GET,http://localhost:3000/logistics/tenderos/productos-disponibles?tiendaId=bbbbbbbb-bbbb-4bbb-8bbb-bbbbbbbbbbbb&zona=Zona+Norte,200,60.795,
2026-08-31T04:09:26.542472+00:00,GET,http://localhost:3000/logistics/tenderos/productos-disponibles?tiendaId=bbbbbbbb-bbbb-4bbb-8bbb-bbbbbbbbbbbb&zona=Zona+Norte,200,57.588,
2026-08-31T04:09:26.576109+00:00,GET,http://localhost:3000/logistics/tenderos/productos-disponibles?tiendaId=bbbbbbbb-bbbb-4bbb-8bbb-bbbbbbbbbbbb&zona=Zona+Norte,200,61.054,
2026-08-31T04:09:26.609751+00:00,GET,http://localhost:3000/logistics/tenderos/productos-disponibles?tiendaId=bbbbbbbb-bbbb-4bbb-8bbb-bbbbbbbbbbbb&zona=Zona+Norte,200,60.565,
2026-08-31T04:09:26.642673+00:00,GET,http://localhost:3000/logistics/tenderos/productos-disponibles?tiendaId=bbbbbbbb-bbbb-4bbb-8bbb-bbbbbbbbbbbb&zona=Zona+Norte,200,61.318,
2026-08-31T04:09:26.676031+00:00,GET,http://localhost:3000/logistics/tenderos/productos-disponibles?tiendaId=bbbbbbbb-bbbb-4bbb-8bbb-bbbbbbbbbbbb&zona=Zona+Norte,200,57.925,
2026-08-31T04:09:26.709336+00:00,GET,http://localhost:3000/logistics/tenderos/productos-disponibles?tiendaId=bbbbbbbb-bbbb-4bbb-8bbb-bbbbbbbbbbbb&zona=Zona+Norte,200,59.941,
2026-08-31T04:09:26.742195+00:00,GET,http://localhost:3000/logistics/tenderos/productos-disponibles?tiendaId=bbbbbbbb-bbbb-4bbb-8bbb-bbbbbbbbbbbb&zona=Zona+Norte,200,57.635,
2026-08-31T04:09:26.775736+00:00,GET,http://localhost:3000/logistics/tenderos/productos-disponibles?tiendaId=bbbbbbbb-bbbb-4bbb-8bbb-bbbbbbbbbbbb&zona=Zona+Norte,200,58.672,
2026-08-31T04:09:26.809105+00:00,GET,http://localhost:3000/logistics/tenderos/productos-disponibles?tiendaId=bbbbbbbb-bbbb-4bbb-8bbb-bbbbbbbbbbbb&zona=Zona+Norte,200,61.352,
2026-08-31T04:09:26.842395+00:00,GET,http://localhost:3000/logistics/tenderos/productos-disponibles?tiendaId=bbbbbbbb-bbbb-4bbb-8bbb-bbbbbbbbbbbb&zona=Zona+Norte,200,58.098,
2026-08-31T04:09:26.876026+00:00,GET,http://localhost:3000/logistics/tenderos/productos-disponibles?tiendaId=bbbbbbbb-bbbb-4bbb-8bbb-bbbbbbbbbbbb&zona=Zona+Norte,200,62.988,
2026-08-31T04:09:26.909752+00:00,GET,http://localhost:3000/logistics/tenderos/productos-disponibles?tiendaId=bbbbbbbb-bbbb-4bbb-8bbb-bbbbbbbbbbbb&zona=Zona+Norte,200,65.445,
2026-08-31T04:09:26.942373+00:00,GET,http://localhost:3000/logistics/tenderos/productos-disponibles?tiendaId=bbbbbbbb-bbbb-4bbb-8bbb-bbbbbbbbbbbb&zona=Zona+Norte,200,64.737,
2026-08-31T04:09:26.975404+00:00,GET,http://localhost:3000/logistics/tenderos/productos-disponibles?tiendaId=bbbbbbbb-bbbb-4bbb-8bbb-bbbbbbbbbbbb&zona=Zona+Norte,200,61.567,
2026-08-31T04:09:27.008911+00:00,GET,http://localhost:3000/logistics/tenderos/productos-disponibles?tiendaId=bbbbbbbb-bbbb-4bbb-8bbb-bbbbbbbbbbbb&zona=Zona+Norte,200,62.671,
2026-08-31T04:09:27.042372+00:00,GET,http://localhost:3000/logistics/tenderos/productos-disponibles?tiendaId=bbbbbbbb-bbbb-4bbb-8bbb-bbbbbbbbbbbb&zona=Zona+Norte,200,57.736,
2026-08-31T04:09:27.075718+00:00,GET,http://localhost:3000/logistics/tenderos/productos-disponibles?tiendaId=bbbbbbbb-bbbb-4bbb-8bbb-bbbbbbbbbbbb&zona=Zona+Norte,200,61.414,
2026-08-31T04:09:27.109445+00:00,GET,http://localhost:3000/logistics/tenderos/productos-disponibles?tiendaId=bbbbbbbb-bbbb-4bbb-8bbb-bbbbbbbbbbbb&zona=Zona+Norte,200,61.403,
2026-08-31T04:09:27.142706+00:00,GET,http://localhost:3000/logistics/tenderos/productos-disponibles?tiendaId=bbbbbbbb-bbbb-4bbb-8bbb-bbbbbbbbbbbb&zona=Zona+Norte,200,60.403,
2026-08-31T04:09:27.175970+00:00,GET,http://localhost:3000/logistics/tenderos/productos-disponibles?tiendaId=bbbbbbbb-bbbb-4bbb-8bbb-bbbbbbbbbbbb&zona=Zona+Norte,200,61.765,
2026-08-31T04:09:27.209433+00:00,GET,http://localhost:3000/logistics/tenderos/productos-disponibles?tiendaId=bbbbbbbb-bbbb-4bbb-8bbb-bbbbbbbbbbbb&zona=Zona+Norte,200,61.869,
2026-08-31T04:09:27.242377+00:00,GET,http://localhost:3000/logistics/tenderos/productos-disponibles?tiendaId=bbbbbbbb-bbbb-4bbb-8bbb-bbbbbbbbbbbb&zona=Zona+Norte,200,59.036,
2026-08-31T04:09:27.275944+00:00,GET,http://localhost:3000/logistics/tenderos/productos-disponibles?tiendaId=bbbbbbbb-bbbb-4bbb-8bbb-bbbbbbbbbbbb&zona=Zona+Norte,200,60.804,
2026-08-31T04:09:27.309049+00:00,GET,http://localhost:3000/logistics/tenderos/productos-disponibles?tiendaId=bbbbbbbb-bbbb-4bbb-8bbb-bbbbbbbbbbbb&zona=Zona+Norte,200,60.924,
2026-08-31T04:09:27.342751+00:00,GET,http://localhost:3000/logistics/tenderos/productos-disponibles?tiendaId=bbbbbbbb-bbbb-4bbb-8bbb-bbbbbbbbbbbb&zona=Zona+Norte,200,60.950,
2026-08-31T04:09:27.376122+00:00,GET,http://localhost:3000/logistics/tenderos/productos-disponibles?tiendaId=bbbbbbbb-bbbb-4bbb-8bbb-bbbbbbbbbbbb&zona=Zona+Norte,200,60.487,
2026-08-31T04:09:27.409365+00:00,GET,http://localhost:3000/logistics/tenderos/productos-disponibles?tiendaId=bbbbbbbb-bbbb-4bbb-8bbb-bbbbbbbbbbbb&zona=Zona+Norte,200,60.616,
2026-08-31T04:09:27.442507+00:00,GET,http://localhost:3000/logistics/tenderos/productos-disponibles?tiendaId=bbbbbbbb-bbbb-4bbb-8bbb-bbbbbbbbbbbb&zona=Zona+Norte,200,57.957,
2026-08-31T04:09:27.476103+00:00,GET,http://localhost:3000/logistics/tenderos/productos-disponibles?tiendaId=bbbbbbbb-bbbb-4bbb-8bbb-bbbbbbbbbbbb&zona=Zona+Norte,200,60.119,
2026-08-31T04:09:27.509751+00:00,GET,http://localhost:3000/logistics/tenderos/productos-disponibles?tiendaId=bbbbbbbb-bbbb-4bbb-8bbb-bbbbbbbbbbbb&zona=Zona+Norte,200,60.817,
2026-08-31T04:09:27.542801+00:00,GET,http://localhost:3000/logistics/tenderos/productos-disponibles?tiendaId=bbbbbbbb-bbbb-4bbb-8bbb-bbbbbbbbbbbb&zona=Zona+Norte,200,58.553,
2026-08-31T04:09:27.576016+00:00,GET,http://localhost:3000/logistics/tenderos/productos-disponibles?tiendaId=bbbbbbbb-bbbb-4bbb-8bbb-bbbbbbbbbbbb&zona=Zona+Norte,200,58.108,
2026-08-31T04:09:27.609655+00:00,GET,http://localhost:3000/logistics/tenderos/productos-disponibles?tiendaId=bbbbbbbb-bbbb-4bbb-8bbb-bbbbbbbbbbbb&zona=Zona+Norte,200,59.865,
2026-08-31T04:09:27.642775+00:00,GET,http://localhost:3000/logistics/tenderos/productos-disponibles?tiendaId=bbbbbbbb-bbbb-4bbb-8bbb-bbbbbbbbbbbb&zona=Zona+Norte,200,60.886,
2026-08-31T04:09:27.676143+00:00,GET,http://localhost:3000/logistics/tenderos/productos-disponibles?tiendaId=bbbbbbbb-bbbb-4bbb-8bbb-bbbbbbbbbbbb&zona=Zona+Norte,200,58.338,
2026-08-31T04:09:27.709386+00:00,GET,http://localhost:3000/logistics/tenderos/productos-disponibles?tiendaId=bbbbbbbb-bbbb-4bbb-8bbb-bbbbbbbbbbbb&zona=Zona+Norte,200,62.414,
2026-08-31T04:09:27.743016+00:00,GET,http://localhost:3000/logistics/tenderos/productos-disponibles?tiendaId=bbbbbbbb-bbbb-4bbb-8bbb-bbbbbbbbbbbb&zona=Zona+Norte,200,61.555,
2026-08-31T04:09:27.775876+00:00,GET,http://localhost:3000/logistics/tenderos/productos-disponibles?tiendaId=bbbbbbbb-bbbb-4bbb-8bbb-bbbbbbbbbbbb&zona=Zona+Norte,200,61.720,
2026-08-31T04:09:27.809254+00:00,GET,http://localhost:3000/logistics/tenderos/productos-disponibles?tiendaId=bbbbbbbb-bbbb-4bbb-8bbb-bbbbbbbbbbbb&zona=Zona+Norte,200,58.084,
2026-08-31T04:09:27.842632+00:00,GET,http://localhost:3000/logistics/tenderos/productos-disponibles?tiendaId=bbbbbbbb-bbbb-4bbb-8bbb-bbbbbbbbbbbb&zona=Zona+Norte,200,61.145,
2026-08-31T04:09:27.876423+00:00,GET,http://localhost:3000/logistics/tenderos/productos-disponibles?tiendaId=bbbbbbbb-bbbb-4bbb-8bbb-bbbbbbbbbbbb&zona=Zona+Norte,200,60.938,
2026-08-31T04:09:27.909366+00:00,GET,http://localhost:3000/logistics/tenderos/productos-disponibles?tiendaId=bbbbbbbb-bbbb-4bbb-8bbb-bbbbbbbbbbbb&zona=Zona+Norte,200,62.670,
2026-08-31T04:09:27.942657+00:00,GET,http://localhost:3000/logistics/tenderos/productos-disponibles?tiendaId=bbbbbbbb-bbbb-4bbb-8bbb-bbbbbbbbbbbb&zona=Zona+Norte,200,58.512,
2026-08-31T04:09:27.975698+00:00,GET,http://localhost:3000/logistics/tenderos/productos-disponibles?tiendaId=bbbbbbbb-bbbb-4bbb-8bbb-bbbbbbbbbbbb&zona=Zona+Norte,200,59.938,
2026-08-31T04:09:28.009686+00:00,GET,http://localhost:3000/logistics/tenderos/productos-disponibles?tiendaId=bbbbbbbb-bbbb-4bbb-8bbb-bbbbbbbbbbbb&zona=Zona+Norte,200,61.572,
2026-08-31T04:09:28.042881+00:00,GET,http://localhost:3000/logistics/tenderos/productos-disponibles?tiendaId=bbbbbbbb-bbbb-4bbb-8bbb-bbbbbbbbbbbb&zona=Zona+Norte,200,61.357,
2026-08-31T04:09:28.075928+00:00,GET,http://localhost:3000/logistics/tenderos/productos-disponibles?tiendaId=bbbbbbbb-bbbb-4bbb-8bbb-bbbbbbbbbbbb&zona=Zona+Norte,200,60.783,
2026-08-31T04:09:28.109001+00:00,GET,http://localhost:3000/logistics/tenderos/productos-disponibles?tiendaId=bbbbbbbb-bbbb-4bbb-8bbb-bbbbbbbbbbbb&zona=Zona+Norte,200,61.541,
2026-08-31T04:09:28.142772+00:00,GET,http://localhost:3000/logistics/tenderos/productos-disponibles?tiendaId=bbbbbbbb-bbbb-4bbb-8bbb-bbbbbbbbbbbb&zona=Zona+Norte,200,61.675,
2026-08-31T04:09:28.176019+00:00,GET,http://localhost:3000/logistics/tenderos/productos-disponibles?tiendaId=bbbbbbbb-bbbb-4bbb-8bbb-bbbbbbbbbbbb&zona=Zona+Norte,200,56.965,
2026-08-31T04:09:28.209276+00:00,GET,http://localhost:3000/logistics/tenderos/productos-disponibles?tiendaId=bbbbbbbb-bbbb-4bbb-8bbb-bbbbbbbbbbbb&zona=Zona+Norte,200,54.750,
2026-08-31T04:09:28.242425+00:00,GET,http://localhost:3000/logistics/tenderos/productos-disponibles?tiendaId=bbbbbbbb-bbbb-4bbb-8bbb-bbbbbbbbbbbb&zona=Zona+Norte,200,59.287,
2026-08-31T04:09:28.276439+00:00,GET,http://localhost:3000/logistics/tenderos/productos-disponibles?tiendaId=bbbbbbbb-bbbb-4bbb-8bbb-bbbbbbbbbbbb&zona=Zona+Norte,200,60.546,
2026-08-31T04:09:28.309659+00:00,GET,http://localhost:3000/logistics/tenderos/productos-disponibles?tiendaId=bbbbbbbb-bbbb-4bbb-8bbb-bbbbbbbbbbbb&zona=Zona+Norte,200,55.476,
2026-08-31T04:09:28.342787+00:00,GET,http://localhost:3000/logistics/tenderos/productos-disponibles?tiendaId=bbbbbbbb-bbbb-4bbb-8bbb-bbbbbbbbbbbb&zona=Zona+Norte,200,55.258,
2026-08-31T04:09:28.376419+00:00,GET,http://localhost:3000/logistics/tenderos/productos-disponibles?tiendaId=bbbbbbbb-bbbb-4bbb-8bbb-bbbbbbbbbbbb&zona=Zona+Norte,200,55.867,
2026-08-31T04:09:28.409032+00:00,GET,http://localhost:3000/logistics/tenderos/productos-disponibles?tiendaId=bbbbbbbb-bbbb-4bbb-8bbb-bbbbbbbbbbbb&zona=Zona+Norte,200,59.103,
2026-08-31T04:09:28.443091+00:00,GET,http://localhost:3000/logistics/tenderos/productos-disponibles?tiendaId=bbbbbbbb-bbbb-4bbb-8bbb-bbbbbbbbbbbb&zona=Zona+Norte,200,58.432,
2026-08-31T04:09:28.476369+00:00,GET,http://localhost:3000/logistics/tenderos/productos-disponibles?tiendaId=bbbbbbbb-bbbb-4bbb-8bbb-bbbbbbbbbbbb&zona=Zona+Norte,200,59.368,
2026-08-31T04:09:28.509664+00:00,GET,http://localhost:3000/logistics/tenderos/productos-disponibles?tiendaId=bbbbbbbb-bbbb-4bbb-8bbb-bbbbbbbbbbbb&zona=Zona+Norte,200,55.007,
2026-08-31T04:09:28.542899+00:00,GET,http://localhost:3000/logistics/tenderos/productos-disponibles?tiendaId=bbbbbbbb-bbbb-4bbb-8bbb-bbbbbbbbbbbb&zona=Zona+Norte,200,58.382,
2026-08-31T04:09:28.575718+00:00,GET,http://localhost:3000/logistics/tenderos/productos-disponibles?tiendaId=bbbbbbbb-bbbb-4bbb-8bbb-bbbbbbbbbbbb&zona=Zona+Norte,200,58.559,
2026-08-31T04:09:28.609728+00:00,GET,http://localhost:3000/logistics/tenderos/productos-disponibles?tiendaId=bbbbbbbb-bbbb-4bbb-8bbb-bbbbbbbbbbbb&zona=Zona+Norte,200,57.809,
2026-08-31T04:09:28.643090+00:00,GET,http://localhost:3000/logistics/tenderos/productos-disponibles?tiendaId=bbbbbbbb-bbbb-4bbb-8bbb-bbbbbbbbbbbb&zona=Zona+Norte,200,58.410,
2026-08-31T04:09:28.676112+00:00,GET,http://localhost:3000/logistics/tenderos/productos-disponibles?tiendaId=bbbbbbbb-bbbb-4bbb-8bbb-bbbbbbbbbbbb&zona=Zona+Norte,200,56.184,
2026-08-31T04:09:28.709667+00:00,GET,http://localhost:3000/logistics/tenderos/productos-disponibles?tiendaId=bbbbbbbb-bbbb-4bbb-8bbb-bbbbbbbbbbbb&zona=Zona+Norte,200,54.769,
2026-08-31T04:09:28.743133+00:00,GET,http://localhost:3000/logistics/tenderos/productos-disponibles?tiendaId=bbbbbbbb-bbbb-4bbb-8bbb-bbbbbbbbbbbb&zona=Zona+Norte,200,58.577,
2026-08-31T04:09:28.775710+00:00,GET,http://localhost:3000/logistics/tenderos/productos-disponibles?tiendaId=bbbbbbbb-bbbb-4bbb-8bbb-bbbbbbbbbbbb&zona=Zona+Norte,200,54.391,
2026-08-31T04:09:28.809666+00:00,GET,http://localhost:3000/logistics/tenderos/productos-disponibles?tiendaId=bbbbbbbb-bbbb-4bbb-8bbb-bbbbbbbbbbbb&zona=Zona+Norte,200,54.493,
2026-08-31T04:09:28.842894+00:00,GET,http://localhost:3000/logistics/tenderos/productos-disponibles?tiendaId=bbbbbbbb-bbbb-4bbb-8bbb-bbbbbbbbbbbb&zona=Zona+Norte,200,58.291,
2026-08-31T04:09:28.875691+00:00,GET,http://localhost:3000/logistics/tenderos/productos-disponibles?tiendaId=bbbbbbbb-bbbb-4bbb-8bbb-bbbbbbbbbbbb&zona=Zona+Norte,200,59.291,
2026-08-31T04:09:28.908811+00:00,GET,http://localhost:3000/logistics/tenderos/productos-disponibles?tiendaId=bbbbbbbb-bbbb-4bbb-8bbb-bbbbbbbbbbbb&zona=Zona+Norte,200,55.173,
2026-08-31T04:09:28.942374+00:00,GET,http://localhost:3000/logistics/tenderos/productos-disponibles?tiendaId=bbbbbbbb-bbbb-4bbb-8bbb-bbbbbbbbbbbb&zona=Zona+Norte,200,54.421,
2026-08-31T04:09:28.975742+00:00,GET,http://localhost:3000/logistics/tenderos/productos-disponibles?tiendaId=bbbbbbbb-bbbb-4bbb-8bbb-bbbbbbbbbbbb&zona=Zona+Norte,200,57.600,
2026-08-31T04:09:29.009792+00:00,GET,http://localhost:3000/logistics/tenderos/productos-disponibles?tiendaId=bbbbbbbb-bbbb-4bbb-8bbb-bbbbbbbbbbbb&zona=Zona+Norte,200,59.211,
2026-08-31T04:09:29.043123+00:00,GET,http://localhost:3000/logistics/tenderos/productos-disponibles?tiendaId=bbbbbbbb-bbbb-4bbb-8bbb-bbbbbbbbbbbb&zona=Zona+Norte,200,58.904,
2026-08-31T04:09:29.075696+00:00,GET,http://localhost:3000/logistics/tenderos/productos-disponibles?tiendaId=bbbbbbbb-bbbb-4bbb-8bbb-bbbbbbbbbbbb&zona=Zona+Norte,200,58.598,
2026-08-31T04:09:29.109030+00:00,GET,http://localhost:3000/logistics/tenderos/productos-disponibles?tiendaId=bbbbbbbb-bbbb-4bbb-8bbb-bbbbbbbbbbbb&zona=Zona+Norte,200,58.731,
2026-08-31T04:09:29.143097+00:00,GET,http://localhost:3000/logistics/tenderos/productos-disponibles?tiendaId=bbbbbbbb-bbbb-4bbb-8bbb-bbbbbbbbbbbb&zona=Zona+Norte,200,60.832,
2026-08-31T04:09:29.176029+00:00,GET,http://localhost:3000/logistics/tenderos/productos-disponibles?tiendaId=bbbbbbbb-bbbb-4bbb-8bbb-bbbbbbbbbbbb&zona=Zona+Norte,200,61.054,
2026-08-31T04:09:29.209381+00:00,GET,http://localhost:3000/logistics/tenderos/productos-disponibles?tiendaId=bbbbbbbb-bbbb-4bbb-8bbb-bbbbbbbbbbbb&zona=Zona+Norte,200,64.467,
2026-08-31T04:09:29.242577+00:00,GET,http://localhost:3000/logistics/tenderos/productos-disponibles?tiendaId=bbbbbbbb-bbbb-4bbb-8bbb-bbbbbbbbbbbb&zona=Zona+Norte,200,60.748,
2026-08-31T04:09:29.275611+00:00,GET,http://localhost:3000/logistics/tenderos/productos-disponibles?tiendaId=bbbbbbbb-bbbb-4bbb-8bbb-bbbbbbbbbbbb&zona=Zona+Norte,200,58.814,
2026-08-31T04:09:29.309451+00:00,GET,http://localhost:3000/logistics/tenderos/productos-disponibles?tiendaId=bbbbbbbb-bbbb-4bbb-8bbb-bbbbbbbbbbbb&zona=Zona+Norte,200,59.708,
2026-08-31T04:09:29.342372+00:00,GET,http://localhost:3000/logistics/tenderos/productos-disponibles?tiendaId=bbbbbbbb-bbbb-4bbb-8bbb-bbbbbbbbbbbb&zona=Zona+Norte,200,62.773,
2026-08-31T04:09:29.376247+00:00,GET,http://localhost:3000/logistics/tenderos/productos-disponibles?tiendaId=bbbbbbbb-bbbb-4bbb-8bbb-bbbbbbbbbbbb&zona=Zona+Norte,200,63.422,
2026-08-31T04:09:29.408998+00:00,GET,http://localhost:3000/logistics/tenderos/productos-disponibles?tiendaId=bbbbbbbb-bbbb-4bbb-8bbb-bbbbbbbbbbbb&zona=Zona+Norte,200,65.577,
2026-08-31T04:09:29.442400+00:00,GET,http://localhost:3000/logistics/tenderos/productos-disponibles?tiendaId=bbbbbbbb-bbbb-4bbb-8bbb-bbbbbbbbbbbb&zona=Zona+Norte,200,64.067,
2026-08-31T04:09:29.475541+00:00,GET,http://localhost:3000/logistics/tenderos/productos-disponibles?tiendaId=bbbbbbbb-bbbb-4bbb-8bbb-bbbbbbbbbbbb&zona=Zona+Norte,200,63.025,
2026-08-31T04:09:29.509058+00:00,GET,http://localhost:3000/logistics/tenderos/productos-disponibles?tiendaId=bbbbbbbb-bbbb-4bbb-8bbb-bbbbbbbbbbbb&zona=Zona+Norte,200,60.389,
2026-08-31T04:09:29.542546+00:00,GET,http://localhost:3000/logistics/tenderos/productos-disponibles?tiendaId=bbbbbbbb-bbbb-4bbb-8bbb-bbbbbbbbbbbb&zona=Zona+Norte,200,60.202,
2026-08-31T04:09:29.576200+00:00,GET,http://localhost:3000/logistics/tenderos/productos-disponibles?tiendaId=bbbbbbbb-bbbb-4bbb-8bbb-bbbbbbbbbbbb&zona=Zona+Norte,200,63.625,
2026-08-31T04:09:29.609516+00:00,GET,http://localhost:3000/logistics/tenderos/productos-disponibles?tiendaId=bbbbbbbb-bbbb-4bbb-8bbb-bbbbbbbbbbbb&zona=Zona+Norte,200,59.784,
2026-08-31T04:09:29.642373+00:00,GET,http://localhost:3000/logistics/tenderos/productos-disponibles?tiendaId=bbbbbbbb-bbbb-4bbb-8bbb-bbbbbbbbbbbb&zona=Zona+Norte,200,63.191,
2026-08-31T04:09:29.676212+00:00,GET,http://localhost:3000/logistics/tenderos/productos-disponibles?tiendaId=bbbbbbbb-bbbb-4bbb-8bbb-bbbbbbbbbbbb&zona=Zona+Norte,200,62.394,
2026-08-31T04:09:29.709194+00:00,GET,http://localhost:3000/logistics/tenderos/productos-disponibles?tiendaId=bbbbbbbb-bbbb-4bbb-8bbb-bbbbbbbbbbbb&zona=Zona+Norte,200,63.491,
2026-08-31T04:09:29.742525+00:00,GET,http://localhost:3000/logistics/tenderos/productos-disponibles?tiendaId=bbbbbbbb-bbbb-4bbb-8bbb-bbbbbbbbbbbb&zona=Zona+Norte,200,62.111,
2026-08-31T04:09:29.775808+00:00,GET,http://localhost:3000/logistics/tenderos/productos-disponibles?tiendaId=bbbbbbbb-bbbb-4bbb-8bbb-bbbbbbbbbbbb&zona=Zona+Norte,200,67.975,
2026-08-31T04:09:29.809324+00:00,GET,http://localhost:3000/logistics/tenderos/productos-disponibles?tiendaId=bbbbbbbb-bbbb-4bbb-8bbb-bbbbbbbbbbbb&zona=Zona+Norte,200,59.719,
2026-08-31T04:09:29.842819+00:00,GET,http://localhost:3000/logistics/tenderos/productos-disponibles?tiendaId=bbbbbbbb-bbbb-4bbb-8bbb-bbbbbbbbbbbb&zona=Zona+Norte,200,69.884,
2026-08-31T04:09:29.875948+00:00,GET,http://localhost:3000/logistics/tenderos/productos-disponibles?tiendaId=bbbbbbbb-bbbb-4bbb-8bbb-bbbbbbbbbbbb&zona=Zona+Norte,200,59.904,
2026-08-31T04:09:29.909786+00:00,GET,http://localhost:3000/logistics/tenderos/productos-disponibles?tiendaId=bbbbbbbb-bbbb-4bbb-8bbb-bbbbbbbbbbbb&zona=Zona+Norte,200,63.149,
2026-08-31T04:09:29.942892+00:00,GET,http://localhost:3000/logistics/tenderos/productos-disponibles?tiendaId=bbbbbbbb-bbbb-4bbb-8bbb-bbbbbbbbbbbb&zona=Zona+Norte,200,63.949,
2026-08-31T04:09:29.975798+00:00,GET,http://localhost:3000/logistics/tenderos/productos-disponibles?tiendaId=bbbbbbbb-bbbb-4bbb-8bbb-bbbbbbbbbbbb&zona=Zona+Norte,200,59.929,
2026-08-31T04:09:30.009019+00:00,GET,http://localhost:3000/logistics/tenderos/productos-disponibles?tiendaId=bbbbbbbb-bbbb-4bbb-8bbb-bbbbbbbbbbbb&zona=Zona+Norte,200,61.407,
2026-08-31T04:09:30.042750+00:00,GET,http://localhost:3000/logistics/tenderos/productos-disponibles?tiendaId=bbbbbbbb-bbbb-4bbb-8bbb-bbbbbbbbbbbb&zona=Zona+Norte,200,63.952,
2026-08-31T04:09:30.076083+00:00,GET,http://localhost:3000/logistics/tenderos/productos-disponibles?tiendaId=bbbbbbbb-bbbb-4bbb-8bbb-bbbbbbbbbbbb&zona=Zona+Norte,200,63.951,
2026-08-31T04:09:30.108975+00:00,GET,http://localhost:3000/logistics/tenderos/productos-disponibles?tiendaId=bbbbbbbb-bbbb-4bbb-8bbb-bbbbbbbbbbbb&zona=Zona+Norte,200,61.153,
2026-08-31T04:09:30.142347+00:00,GET,http://localhost:3000/logistics/tenderos/productos-disponibles?tiendaId=bbbbbbbb-bbbb-4bbb-8bbb-bbbbbbbbbbbb&zona=Zona+Norte,200,63.905,
2026-08-31T04:09:30.176126+00:00,GET,http://localhost:3000/logistics/tenderos/productos-disponibles?tiendaId=bbbbbbbb-bbbb-4bbb-8bbb-bbbbbbbbbbbb&zona=Zona+Norte,200,63.493,
2026-08-31T04:09:30.209107+00:00,GET,http://localhost:3000/logistics/tenderos/productos-disponibles?tiendaId=bbbbbbbb-bbbb-4bbb-8bbb-bbbbbbbbbbbb&zona=Zona+Norte,200,64.945,
2026-08-31T04:09:30.242416+00:00,GET,http://localhost:3000/logistics/tenderos/productos-disponibles?tiendaId=bbbbbbbb-bbbb-4bbb-8bbb-bbbbbbbbbbbb&zona=Zona+Norte,200,66.722,
2026-08-31T04:09:30.275610+00:00,GET,http://localhost:3000/logistics/tenderos/productos-disponibles?tiendaId=bbbbbbbb-bbbb-4bbb-8bbb-bbbbbbbbbbbb&zona=Zona+Norte,200,69.263,
2026-08-31T04:09:30.309165+00:00,GET,http://localhost:3000/logistics/tenderos/productos-disponibles?tiendaId=bbbbbbbb-bbbb-4bbb-8bbb-bbbbbbbbbbbb&zona=Zona+Norte,200,69.241,
2026-08-31T04:09:30.343114+00:00,GET,http://localhost:3000/logistics/tenderos/productos-disponibles?tiendaId=bbbbbbbb-bbbb-4bbb-8bbb-bbbbbbbbbbbb&zona=Zona+Norte,200,64.945,
2026-08-31T04:09:30.376464+00:00,GET,http://localhost:3000/logistics/tenderos/productos-disponibles?tiendaId=bbbbbbbb-bbbb-4bbb-8bbb-bbbbbbbbbbbb&zona=Zona+Norte,200,64.739,
2026-08-31T04:09:30.408858+00:00,GET,http://localhost:3000/logistics/tenderos/productos-disponibles?tiendaId=bbbbbbbb-bbbb-4bbb-8bbb-bbbbbbbbbbbb&zona=Zona+Norte,200,65.565,
2026-08-31T04:09:30.442204+00:00,GET,http://localhost:3000/logistics/tenderos/productos-disponibles?tiendaId=bbbbbbbb-bbbb-4bbb-8bbb-bbbbbbbbbbbb&zona=Zona+Norte,200,62.542,
2026-08-31T04:09:30.475559+00:00,GET,http://localhost:3000/logistics/tenderos/productos-disponibles?tiendaId=bbbbbbbb-bbbb-4bbb-8bbb-bbbbbbbbbbbb&zona=Zona+Norte,200,61.853,
2026-08-31T04:09:30.509262+00:00,GET,http://localhost:3000/logistics/tenderos/productos-disponibles?tiendaId=bbbbbbbb-bbbb-4bbb-8bbb-bbbbbbbbbbbb&zona=Zona+Norte,200,61.875,
2026-08-31T04:09:30.542687+00:00,GET,http://localhost:3000/logistics/tenderos/productos-disponibles?tiendaId=bbbbbbbb-bbbb-4bbb-8bbb-bbbbbbbbbbbb&zona=Zona+Norte,200,62.000,
2026-08-31T04:09:30.575633+00:00,GET,http://localhost:3000/logistics/tenderos/productos-disponibles?tiendaId=bbbbbbbb-bbbb-4bbb-8bbb-bbbbbbbbbbbb&zona=Zona+Norte,200,61.585,
2026-08-31T04:09:30.608959+00:00,GET,http://localhost:3000/logistics/tenderos/productos-disponibles?tiendaId=bbbbbbbb-bbbb-4bbb-8bbb-bbbbbbbbbbbb&zona=Zona+Norte,200,60.763,
2026-08-31T04:09:30.642296+00:00,GET,http://localhost:3000/logistics/tenderos/productos-disponibles?tiendaId=bbbbbbbb-bbbb-4bbb-8bbb-bbbbbbbbbbbb&zona=Zona+Norte,200,58.008,
2026-08-31T04:09:30.676159+00:00,GET,http://localhost:3000/logistics/tenderos/productos-disponibles?tiendaId=bbbbbbbb-bbbb-4bbb-8bbb-bbbbbbbbbbbb&zona=Zona+Norte,200,57.615,
2026-08-31T04:09:30.709794+00:00,GET,http://localhost:3000/logistics/tenderos/productos-disponibles?tiendaId=bbbbbbbb-bbbb-4bbb-8bbb-bbbbbbbbbbbb&zona=Zona+Norte,200,61.121,
2026-08-31T04:09:30.742352+00:00,GET,http://localhost:3000/logistics/tenderos/productos-disponibles?tiendaId=bbbbbbbb-bbbb-4bbb-8bbb-bbbbbbbbbbbb&zona=Zona+Norte,200,61.257,
2026-08-31T04:09:30.775998+00:00,GET,http://localhost:3000/logistics/tenderos/productos-disponibles?tiendaId=bbbbbbbb-bbbb-4bbb-8bbb-bbbbbbbbbbbb&zona=Zona+Norte,200,58.081,
2026-08-31T04:09:30.809436+00:00,GET,http://localhost:3000/logistics/tenderos/productos-disponibles?tiendaId=bbbbbbbb-bbbb-4bbb-8bbb-bbbbbbbbbbbb&zona=Zona+Norte,200,58.449,
2026-08-31T04:09:30.842723+00:00,GET,http://localhost:3000/logistics/tenderos/productos-disponibles?tiendaId=bbbbbbbb-bbbb-4bbb-8bbb-bbbbbbbbbbbb&zona=Zona+Norte,200,57.064,
2026-08-31T04:09:30.876388+00:00,GET,http://localhost:3000/logistics/tenderos/productos-disponibles?tiendaId=bbbbbbbb-bbbb-4bbb-8bbb-bbbbbbbbbbbb&zona=Zona+Norte,200,60.589,
2026-08-31T04:09:30.909804+00:00,GET,http://localhost:3000/logistics/tenderos/productos-disponibles?tiendaId=bbbbbbbb-bbbb-4bbb-8bbb-bbbbbbbbbbbb&zona=Zona+Norte,200,61.172,
2026-08-31T04:09:30.942749+00:00,GET,http://localhost:3000/logistics/tenderos/productos-disponibles?tiendaId=bbbbbbbb-bbbb-4bbb-8bbb-bbbbbbbbbbbb&zona=Zona+Norte,200,60.212,
2026-08-31T04:09:30.976014+00:00,GET,http://localhost:3000/logistics/tenderos/productos-disponibles?tiendaId=bbbbbbbb-bbbb-4bbb-8bbb-bbbbbbbbbbbb&zona=Zona+Norte,200,60.643,
2026-08-31T04:09:31.009496+00:00,GET,http://localhost:3000/logistics/tenderos/productos-disponibles?tiendaId=bbbbbbbb-bbbb-4bbb-8bbb-bbbbbbbbbbbb&zona=Zona+Norte,200,59.476,
2026-08-31T04:09:31.042782+00:00,GET,http://localhost:3000/logistics/tenderos/productos-disponibles?tiendaId=bbbbbbbb-bbbb-4bbb-8bbb-bbbbbbbbbbbb&zona=Zona+Norte,200,58.623,
2026-08-31T04:09:31.076243+00:00,GET,http://localhost:3000/logistics/tenderos/productos-disponibles?tiendaId=bbbbbbbb-bbbb-4bbb-8bbb-bbbbbbbbbbbb&zona=Zona+Norte,200,57.489,
2026-08-31T04:09:31.109731+00:00,GET,http://localhost:3000/logistics/tenderos/productos-disponibles?tiendaId=bbbbbbbb-bbbb-4bbb-8bbb-bbbbbbbbbbbb&zona=Zona+Norte,200,60.131,
2026-08-31T04:09:31.143128+00:00,GET,http://localhost:3000/logistics/tenderos/productos-disponibles?tiendaId=bbbbbbbb-bbbb-4bbb-8bbb-bbbbbbbbbbbb&zona=Zona+Norte,200,59.589,
2026-08-31T04:09:31.175717+00:00,GET,http://localhost:3000/logistics/tenderos/productos-disponibles?tiendaId=bbbbbbbb-bbbb-4bbb-8bbb-bbbbbbbbbbbb&zona=Zona+Norte,200,60.814,
2026-08-31T04:09:31.209535+00:00,GET,http://localhost:3000/logistics/tenderos/productos-disponibles?tiendaId=bbbbbbbb-bbbb-4bbb-8bbb-bbbbbbbbbbbb&zona=Zona+Norte,200,57.992,
2026-08-31T04:09:31.242806+00:00,GET,http://localhost:3000/logistics/tenderos/productos-disponibles?tiendaId=bbbbbbbb-bbbb-4bbb-8bbb-bbbbbbbbbbbb&zona=Zona+Norte,200,60.583,
2026-08-31T04:09:31.276439+00:00,GET,http://localhost:3000/logistics/tenderos/productos-disponibles?tiendaId=bbbbbbbb-bbbb-4bbb-8bbb-bbbbbbbbbbbb&zona=Zona+Norte,200,60.898,
2026-08-31T04:09:31.308938+00:00,GET,http://localhost:3000/logistics/tenderos/productos-disponibles?tiendaId=bbbbbbbb-bbbb-4bbb-8bbb-bbbbbbbbbbbb&zona=Zona+Norte,200,58.654,
2026-08-31T04:09:31.342288+00:00,GET,http://localhost:3000/logistics/tenderos/productos-disponibles?tiendaId=bbbbbbbb-bbbb-4bbb-8bbb-bbbbbbbbbbbb&zona=Zona+Norte,200,61.394,
2026-08-31T04:09:31.376438+00:00,GET,http://localhost:3000/logistics/tenderos/productos-disponibles?tiendaId=bbbbbbbb-bbbb-4bbb-8bbb-bbbbbbbbbbbb&zona=Zona+Norte,200,60.948,
2026-08-31T04:09:31.409430+00:00,GET,http://localhost:3000/logistics/tenderos/productos-disponibles?tiendaId=bbbbbbbb-bbbb-4bbb-8bbb-bbbbbbbbbbbb&zona=Zona+Norte,200,61.908,
2026-08-31T04:09:31.442704+00:00,GET,http://localhost:3000/logistics/tenderos/productos-disponibles?tiendaId=bbbbbbbb-bbbb-4bbb-8bbb-bbbbbbbbbbbb&zona=Zona+Norte,200,61.916,
2026-08-31T04:09:31.475965+00:00,GET,http://localhost:3000/logistics/tenderos/productos-disponibles?tiendaId=bbbbbbbb-bbbb-4bbb-8bbb-bbbbbbbbbbbb&zona=Zona+Norte,200,60.278,
2026-08-31T04:09:31.508932+00:00,GET,http://localhost:3000/logistics/tenderos/productos-disponibles?tiendaId=bbbbbbbb-bbbb-4bbb-8bbb-bbbbbbbbbbbb&zona=Zona+Norte,200,59.880,
2026-08-31T04:09:31.542836+00:00,GET,http://localhost:3000/logistics/tenderos/productos-disponibles?tiendaId=bbbbbbbb-bbbb-4bbb-8bbb-bbbbbbbbbbbb&zona=Zona+Norte,200,57.583,
2026-08-31T04:09:31.576277+00:00,GET,http://localhost:3000/logistics/tenderos/productos-disponibles?tiendaId=bbbbbbbb-bbbb-4bbb-8bbb-bbbbbbbbbbbb&zona=Zona+Norte,200,58.303,
2026-08-31T04:09:31.609790+00:00,GET,http://localhost:3000/logistics/tenderos/productos-disponibles?tiendaId=bbbbbbbb-bbbb-4bbb-8bbb-bbbbbbbbbbbb&zona=Zona+Norte,200,60.636,
2026-08-31T04:09:31.643067+00:00,GET,http://localhost:3000/logistics/tenderos/productos-disponibles?tiendaId=bbbbbbbb-bbbb-4bbb-8bbb-bbbbbbbbbbbb&zona=Zona+Norte,200,58.122,
2026-08-31T04:09:31.675712+00:00,GET,http://localhost:3000/logistics/tenderos/productos-disponibles?tiendaId=bbbbbbbb-bbbb-4bbb-8bbb-bbbbbbbbbbbb&zona=Zona+Norte,200,61.763,
2026-08-31T04:09:31.708951+00:00,GET,http://localhost:3000/logistics/tenderos/productos-disponibles?tiendaId=bbbbbbbb-bbbb-4bbb-8bbb-bbbbbbbbbbbb&zona=Zona+Norte,200,61.056,
2026-08-31T04:09:31.742695+00:00,GET,http://localhost:3000/logistics/tenderos/productos-disponibles?tiendaId=bbbbbbbb-bbbb-4bbb-8bbb-bbbbbbbbbbbb&zona=Zona+Norte,200,61.046,
2026-08-31T04:09:31.776143+00:00,GET,http://localhost:3000/logistics/tenderos/productos-disponibles?tiendaId=bbbbbbbb-bbbb-4bbb-8bbb-bbbbbbbbbbbb&zona=Zona+Norte,200,61.189,
2026-08-31T04:09:31.809442+00:00,GET,http://localhost:3000/logistics/tenderos/productos-disponibles?tiendaId=bbbbbbbb-bbbb-4bbb-8bbb-bbbbbbbbbbbb&zona=Zona+Norte,200,61.033,
2026-08-31T04:09:31.842681+00:00,GET,http://localhost:3000/logistics/tenderos/productos-disponibles?tiendaId=bbbbbbbb-bbbb-4bbb-8bbb-bbbbbbbbbbbb&zona=Zona+Norte,200,60.143,
2026-08-31T04:09:31.876073+00:00,GET,http://localhost:3000/logistics/tenderos/productos-disponibles?tiendaId=bbbbbbbb-bbbb-4bbb-8bbb-bbbbbbbbbbbb&zona=Zona+Norte,200,57.297,
2026-08-31T04:09:31.909388+00:00,GET,http://localhost:3000/logistics/tenderos/productos-disponibles?tiendaId=bbbbbbbb-bbbb-4bbb-8bbb-bbbbbbbbbbbb&zona=Zona+Norte,200,60.917,
2026-08-31T04:09:31.943129+00:00,GET,http://localhost:3000/logistics/tenderos/productos-disponibles?tiendaId=bbbbbbbb-bbbb-4bbb-8bbb-bbbbbbbbbbbb&zona=Zona+Norte,200,57.456,
2026-08-31T04:09:31.976100+00:00,GET,http://localhost:3000/logistics/tenderos/productos-disponibles?tiendaId=bbbbbbbb-bbbb-4bbb-8bbb-bbbbbbbbbbbb&zona=Zona+Norte,200,61.534,
2026-08-31T04:09:32.008924+00:00,GET,http://localhost:3000/logistics/tenderos/productos-disponibles?tiendaId=bbbbbbbb-bbbb-4bbb-8bbb-bbbbbbbbbbbb&zona=Zona+Norte,200,61.189,
2026-08-31T04:09:32.042246+00:00,GET,http://localhost:3000/logistics/tenderos/productos-disponibles?tiendaId=bbbbbbbb-bbbb-4bbb-8bbb-bbbbbbbbbbbb&zona=Zona+Norte,200,61.378,
2026-08-31T04:09:32.076121+00:00,GET,http://localhost:3000/logistics/tenderos/productos-disponibles?tiendaId=bbbbbbbb-bbbb-4bbb-8bbb-bbbbbbbbbbbb&zona=Zona+Norte,200,60.975,
2026-08-31T04:09:32.109472+00:00,GET,http://localhost:3000/logistics/tenderos/productos-disponibles?tiendaId=bbbbbbbb-bbbb-4bbb-8bbb-bbbbbbbbbbbb&zona=Zona+Norte,200,60.945,
2026-08-31T04:09:32.142742+00:00,GET,http://localhost:3000/logistics/tenderos/productos-disponibles?tiendaId=bbbbbbbb-bbbb-4bbb-8bbb-bbbbbbbbbbbb&zona=Zona+Norte,200,57.049,
2026-08-31T04:09:32.176127+00:00,GET,http://localhost:3000/logistics/tenderos/productos-disponibles?tiendaId=bbbbbbbb-bbbb-4bbb-8bbb-bbbbbbbbbbbb&zona=Zona+Norte,200,59.196,
2026-08-31T04:09:32.209845+00:00,GET,http://localhost:3000/logistics/tenderos/productos-disponibles?tiendaId=bbbbbbbb-bbbb-4bbb-8bbb-bbbbbbbbbbbb&zona=Zona+Norte,200,60.520,
2026-08-31T04:09:32.243037+00:00,GET,http://localhost:3000/logistics/tenderos/productos-disponibles?tiendaId=bbbbbbbb-bbbb-4bbb-8bbb-bbbbbbbbbbbb&zona=Zona+Norte,200,59.472,
2026-08-31T04:09:32.276222+00:00,GET,http://localhost:3000/logistics/tenderos/productos-disponibles?tiendaId=bbbbbbbb-bbbb-4bbb-8bbb-bbbbbbbbbbbb&zona=Zona+Norte,200,59.353,
2026-08-31T04:09:32.309657+00:00,GET,http://localhost:3000/logistics/tenderos/productos-disponibles?tiendaId=bbbbbbbb-bbbb-4bbb-8bbb-bbbbbbbbbbbb&zona=Zona+Norte,200,58.201,
2026-08-31T04:09:32.343002+00:00,GET,http://localhost:3000/logistics/tenderos/productos-disponibles?tiendaId=bbbbbbbb-bbbb-4bbb-8bbb-bbbbbbbbbbbb&zona=Zona+Norte,200,57.053,
2026-08-31T04:09:32.376072+00:00,GET,http://localhost:3000/logistics/tenderos/productos-disponibles?tiendaId=bbbbbbbb-bbbb-4bbb-8bbb-bbbbbbbbbbbb&zona=Zona+Norte,200,57.773,
2026-08-31T04:09:32.408861+00:00,GET,http://localhost:3000/logistics/tenderos/productos-disponibles?tiendaId=bbbbbbbb-bbbb-4bbb-8bbb-bbbbbbbbbbbb&zona=Zona+Norte,200,57.939,
2026-08-31T04:09:32.443219+00:00,GET,http://localhost:3000/logistics/tenderos/productos-disponibles?tiendaId=bbbbbbbb-bbbb-4bbb-8bbb-bbbbbbbbbbbb&zona=Zona+Norte,200,58.549,
2026-08-31T04:09:32.476535+00:00,GET,http://localhost:3000/logistics/tenderos/productos-disponibles?tiendaId=bbbbbbbb-bbbb-4bbb-8bbb-bbbbbbbbbbbb&zona=Zona+Norte,200,59.107,
2026-08-31T04:09:32.509771+00:00,GET,http://localhost:3000/logistics/tenderos/productos-disponibles?tiendaId=bbbbbbbb-bbbb-4bbb-8bbb-bbbbbbbbbbbb&zona=Zona+Norte,200,58.863,
2026-08-31T04:09:32.542992+00:00,GET,http://localhost:3000/logistics/tenderos/productos-disponibles?tiendaId=bbbbbbbb-bbbb-4bbb-8bbb-bbbbbbbbbbbb&zona=Zona+Norte,200,59.276,
2026-08-31T04:09:32.575609+00:00,GET,http://localhost:3000/logistics/tenderos/productos-disponibles?tiendaId=bbbbbbbb-bbbb-4bbb-8bbb-bbbbbbbbbbbb&zona=Zona+Norte,200,56.441,
2026-08-31T04:09:32.609451+00:00,GET,http://localhost:3000/logistics/tenderos/productos-disponibles?tiendaId=bbbbbbbb-bbbb-4bbb-8bbb-bbbbbbbbbbbb&zona=Zona+Norte,200,59.083,
2026-08-31T04:09:32.643208+00:00,GET,http://localhost:3000/logistics/tenderos/productos-disponibles?tiendaId=bbbbbbbb-bbbb-4bbb-8bbb-bbbbbbbbbbbb&zona=Zona+Norte,200,57.735,
2026-08-31T04:09:32.675599+00:00,GET,http://localhost:3000/logistics/tenderos/productos-disponibles?tiendaId=bbbbbbbb-bbbb-4bbb-8bbb-bbbbbbbbbbbb&zona=Zona+Norte,200,59.977,
2026-08-31T04:09:32.708957+00:00,GET,http://localhost:3000/logistics/tenderos/productos-disponibles?tiendaId=bbbbbbbb-bbbb-4bbb-8bbb-bbbbbbbbbbbb&zona=Zona+Norte,200,59.435,
2026-08-31T04:09:32.743012+00:00,GET,http://localhost:3000/logistics/tenderos/productos-disponibles?tiendaId=bbbbbbbb-bbbb-4bbb-8bbb-bbbbbbbbbbbb&zona=Zona+Norte,200,59.304,
2026-08-31T04:09:32.776417+00:00,GET,http://localhost:3000/logistics/tenderos/productos-disponibles?tiendaId=bbbbbbbb-bbbb-4bbb-8bbb-bbbbbbbbbbbb&zona=Zona+Norte,200,58.283,
2026-08-31T04:09:32.809709+00:00,GET,http://localhost:3000/logistics/tenderos/productos-disponibles?tiendaId=bbbbbbbb-bbbb-4bbb-8bbb-bbbbbbbbbbbb&zona=Zona+Norte,200,58.812,
2026-08-31T04:09:32.842278+00:00,GET,http://localhost:3000/logistics/tenderos/productos-disponibles?tiendaId=bbbbbbbb-bbbb-4bbb-8bbb-bbbbbbbbbbbb&zona=Zona+Norte,200,59.933,
2026-08-31T04:09:32.876420+00:00,GET,http://localhost:3000/logistics/tenderos/productos-disponibles?tiendaId=bbbbbbbb-bbbb-4bbb-8bbb-bbbbbbbbbbbb&zona=Zona+Norte,200,60.797,
2026-08-31T04:09:32.909348+00:00,GET,http://localhost:3000/logistics/tenderos/productos-disponibles?tiendaId=bbbbbbbb-bbbb-4bbb-8bbb-bbbbbbbbbbbb&zona=Zona+Norte,200,59.293,
2026-08-31T04:09:32.942228+00:00,GET,http://localhost:3000/logistics/tenderos/productos-disponibles?tiendaId=bbbbbbbb-bbbb-4bbb-8bbb-bbbbbbbbbbbb&zona=Zona+Norte,200,55.233,
2026-08-31T04:09:32.976392+00:00,GET,http://localhost:3000/logistics/tenderos/productos-disponibles?tiendaId=bbbbbbbb-bbbb-4bbb-8bbb-bbbbbbbbbbbb&zona=Zona+Norte,200,58.139,
2026-08-31T04:09:33.008943+00:00,GET,http://localhost:3000/logistics/tenderos/productos-disponibles?tiendaId=bbbbbbbb-bbbb-4bbb-8bbb-bbbbbbbbbbbb&zona=Zona+Norte,200,59.328,
2026-08-31T04:09:33.043151+00:00,GET,http://localhost:3000/logistics/tenderos/productos-disponibles?tiendaId=bbbbbbbb-bbbb-4bbb-8bbb-bbbbbbbbbbbb&zona=Zona+Norte,200,62.974,
2026-08-31T04:09:33.076074+00:00,GET,http://localhost:3000/logistics/tenderos/productos-disponibles?tiendaId=bbbbbbbb-bbbb-4bbb-8bbb-bbbbbbbbbbbb&zona=Zona+Norte,200,63.090,
2026-08-31T04:09:33.109228+00:00,GET,http://localhost:3000/logistics/tenderos/productos-disponibles?tiendaId=bbbbbbbb-bbbb-4bbb-8bbb-bbbbbbbbbbbb&zona=Zona+Norte,200,59.014,
2026-08-31T04:09:33.142234+00:00,GET,http://localhost:3000/logistics/tenderos/productos-disponibles?tiendaId=bbbbbbbb-bbbb-4bbb-8bbb-bbbbbbbbbbbb&zona=Zona+Norte,200,58.032,
2026-08-31T04:09:33.176456+00:00,GET,http://localhost:3000/logistics/tenderos/productos-disponibles?tiendaId=bbbbbbbb-bbbb-4bbb-8bbb-bbbbbbbbbbbb&zona=Zona+Norte,200,61.943,
2026-08-31T04:09:33.208899+00:00,GET,http://localhost:3000/logistics/tenderos/productos-disponibles?tiendaId=bbbbbbbb-bbbb-4bbb-8bbb-bbbbbbbbbbbb&zona=Zona+Norte,200,62.638,
2026-08-31T04:09:33.242658+00:00,GET,http://localhost:3000/logistics/tenderos/productos-disponibles?tiendaId=bbbbbbbb-bbbb-4bbb-8bbb-bbbbbbbbbbbb&zona=Zona+Norte,200,63.144,
2026-08-31T04:09:33.276033+00:00,GET,http://localhost:3000/logistics/tenderos/productos-disponibles?tiendaId=bbbbbbbb-bbbb-4bbb-8bbb-bbbbbbbbbbbb&zona=Zona+Norte,200,61.564,
2026-08-31T04:09:33.309256+00:00,GET,http://localhost:3000/logistics/tenderos/productos-disponibles?tiendaId=bbbbbbbb-bbbb-4bbb-8bbb-bbbbbbbbbbbb&zona=Zona+Norte,200,60.377,
2026-08-31T04:09:33.342777+00:00,GET,http://localhost:3000/logistics/tenderos/productos-disponibles?tiendaId=bbbbbbbb-bbbb-4bbb-8bbb-bbbbbbbbbbbb&zona=Zona+Norte,200,61.697,
2026-08-31T04:09:33.375552+00:00,GET,http://localhost:3000/logistics/tenderos/productos-disponibles?tiendaId=bbbbbbbb-bbbb-4bbb-8bbb-bbbbbbbbbbbb&zona=Zona+Norte,200,58.353,
2026-08-31T04:09:33.409396+00:00,GET,http://localhost:3000/logistics/tenderos/productos-disponibles?tiendaId=bbbbbbbb-bbbb-4bbb-8bbb-bbbbbbbbbbbb&zona=Zona+Norte,200,60.113,
2026-08-31T04:09:33.443190+00:00,GET,http://localhost:3000/logistics/tenderos/productos-disponibles?tiendaId=bbbbbbbb-bbbb-4bbb-8bbb-bbbbbbbbbbbb&zona=Zona+Norte,200,58.216,
2026-08-31T04:09:33.475542+00:00,GET,http://localhost:3000/logistics/tenderos/productos-disponibles?tiendaId=bbbbbbbb-bbbb-4bbb-8bbb-bbbbbbbbbbbb&zona=Zona+Norte,200,59.954,
2026-08-31T04:09:33.508886+00:00,GET,http://localhost:3000/logistics/tenderos/productos-disponibles?tiendaId=bbbbbbbb-bbbb-4bbb-8bbb-bbbbbbbbbbbb&zona=Zona+Norte,200,60.987,
2026-08-31T04:09:33.543020+00:00,GET,http://localhost:3000/logistics/tenderos/productos-disponibles?tiendaId=bbbbbbbb-bbbb-4bbb-8bbb-bbbbbbbbbbbb&zona=Zona+Norte,200,57.924,
2026-08-31T04:09:33.576229+00:00,GET,http://localhost:3000/logistics/tenderos/productos-disponibles?tiendaId=bbbbbbbb-bbbb-4bbb-8bbb-bbbbbbbbbbbb&zona=Zona+Norte,200,60.276,
2026-08-31T04:09:33.609207+00:00,GET,http://localhost:3000/logistics/tenderos/productos-disponibles?tiendaId=bbbbbbbb-bbbb-4bbb-8bbb-bbbbbbbbbbbb&zona=Zona+Norte,200,55.657,
