timestamp_iso,method,endpoint,status_code,latency_ms,error
2026-08-31T03:54:38.337777+00:00,GET,http://localhost:3000/logistics/tenderos/productos-disponibles?tiendaId=bbbbbbbb-bbbb-4bbb-8bbb-bbbbbbbbbbbb&zona=Zona+Norte,200,76.689,
2026-08-31T03:54:38.387460+00:00,GET,http://localhost:3000/logistics/tenderos/productos-disponibles?tiendaId=bbbbbbbb-bbbb-4bbb-8bbb-bbbbbbbbbbbb&zona=Zona+Norte,200,62.495,
2026-08-31T03:54:38.437443+00:00,GET,http://localhost:3000/logistics/tenderos/productos-disponibles?tiendaId=bbbbbbbb-bbbb-4bbb-8bbb-bbbbbbbbbbbb&zona=Zona+Norte,200,51.192,
2026-08-31T03:54:38.487454+00:00,GET,http://localhost:3000/logistics/tenderos/productos-disponibles?tiendaId=bbbbbbbb-bbbb-4bbb-8bbb-bbbbbbbbbbbb&zona=Zona+Norte,200,50.208,
2026-08-31T03:54:38.536876+00:00,GET,http://localhost:3000/logistics/tenderos/productos-disponibles?tiendaId=bbbbbbbb-bbbb-4bbb-8bbb-bbbbbbbbbbbb&zona=Zona+Norte,200,48.701,
2026-08-31T03:54:38.586529+00:00,GET,http://localhost:3000/logistics/tenderos/productos-disponibles?tiendaId=bbbbbbbb-bbbb-4bbb-8bbb-bbbbbbbbbbbb&zona=Zona+Norte,200,50.120,
2026-08-31T03:54:38.636676+00:00,GET,http://localhost:3000/logistics/tenderos/productos-disponibles?tiendaId=bbbbbbbb-bbbb-4bbb-8bbb-bbbbbbbbbbbb&zona=Zona+Norte,200,46.760,
2026-08-31T03:54:38.686850+00:00,GET,http://localhost:3000/logistics/tenderos/productos-disponibles?tiendaId=bbbbbbbb-bbbb-4bbb-8bbb-bbbbbbbbbbbb&zona=Zona+Norte,200,50.154,
2026-08-31T03:54:38.737029+00:00,GET,http://localhost:3000/logistics/tenderos/productos-disponibles?tiendaId=bbbbbbbb-bbbb-4bbb-8bbb-bbbbbbbbbbbb&zona=Zona+Norte,200,50.070,
2026-08-31T03:54:38.786815+00:00,GET,http://localhost:3000/logistics/tenderos/productos-disponibles?tiendaId=bbbbbbbb-bbbb-4bbb-8bbb-bbbbbbbbbbbb&zona=Zona+Norte,200,50.524,
2026-08-31T03:54:38.837371+00:00,GET,http://localhost:3000/logistics/tenderos/productos-disponibles?tiendaId=bbbbbbbb-bbbb-4bbb-8bbb-bbbbbbbbbbbb&zona=Zona+Norte,200,50.825,
2026-08-31T03:54:38.887481+00:00,GET,http://localhost:3000/logistics/tenderos/productos-disponibles?tiendaId=bbbbbbbb-bbbb-4bbb-8bbb-bbbbbbbbbbbb&zona=Zona+Norte,200,52.865,
2026-08-31T03:54:38.936760+00:00,GET,http://localhost:3000/logistics/tenderos/productos-disponibles?tiendaId=bbbbbbbb-bbbb-4bbb-8bbb-bbbbbbbbbbbb&zona=Zona+Norte,200,56.628,
2026-08-31T03:54:38.987492+00:00,GET,http://localhost:3000/logistics/tenderos/productos-disponibles?tiendaId=bbbbbbbb-bbbb-4bbb-8bbb-bbbbbbbbbbbb&zona=Zona+Norte,200,55.347,
2026-08-31T03:54:39.037507+00:00,GET,http://localhost:3000/logistics/tenderos/productos-disponibles?tiendaId=bbbbbbbb-bbbb-4bbb-8bbb-bbbbbbbbbbbb&zona=Zona+Norte,200,57.334,
2026-08-31T03:54:39.087507+00:00,GET,http://localhost:3000/logistics/tenderos/productos-disponibles?tiendaId=bbbbbbbb-bbbb-4bbb-8bbb-bbbbbbbbbbbb&zona=Zona+Norte,200,57.834,
2026-08-31T03:54:39.137048+00:00,GET,http://localhost:3000/logistics/tenderos/productos-disponibles?tiendaId=bbbbbbbb-bbbb-4bbb-8bbb-bbbbbbbbbbbb&zona=Zona+Norte,200,56.238,
2026-08-31T03:54:39.187477+00:00,GET,http://localhost:3000/logistics/tenderos/productos-disponibles?tiendaId=bbbbbbbb-bbbb-4bbb-8bbb-bbbbbbbbbbbb&zona=Zona+Norte,200,58.117,
2026-08-31T03:54:39.237512+00:00,GET,http://localhost:3000/logistics/tenderos/productos-disponibles?tiendaId=bbbbbbbb-bbbb-4bbb-8bbb-bbbbbbbbbbbb&zona=Zona+Norte,200,51.279,
2026-08-31T03:54:39.287498+00:00,GET,http://localhost:3000/logistics/tenderos/productos-disponibles?tiendaId=bbbbbbbb-bbbb-4bbb-8bbb-bbbbbbbbbbbb&zona=Zona+Norte,200,53.877,
2026-08-31T03:54:39.336756+00:00,GET,http://localhost:3000/logistics/tenderos/productos-disponibles?tiendaId=bbbbbbbb-bbbb-4bbb-8bbb-bbbbbbbbbbbb&zona=Zona+Norte,200,59.557,
2026-08-31T03:54:39.387489+00:00,GET,http://localhost:3000/logistics/tenderos/productos-disponibles?tiendaId=bbbbbbbb-bbbb-4bbb-8bbb-bbbbbbbbbbbb&zona=Zona+Norte,200,60.413,
2026-08-31T03:54:39.437505+00:00,GET,http://localhost:3000/logistics/tenderos/productos-disponibles?tiendaId=bbbbbbbb-bbbb-4bbb-8bbb-bbbbbbbbbbbb&zona=Zona+Norte,200,51.944,
2026-08-31T03:54:39.487491+00:00,GET,http://localhost:3000/logistics/tenderos/productos-disponibles?tiendaId=bbbbbbbb-bbbb-4bbb-8bbb-bbbbbbbbbbbb&zona=Zona+Norte,200,51.019,
2026-08-31T03:54:39.536735+00:00,GET,http://localhost:3000/logistics/tenderos/productos-disponibles?tiendaId=bbbbbbbb-bbbb-4bbb-8bbb-bbbbbbbbbbbb&zona=Zona+Norte,200,49.699,
2026-08-31T03:54:39.586527+00:00,GET,http://localhost:3000/logistics/tenderos/productos-disponibles?tiendaId=bbbbbbbb-bbbb-4bbb-8bbb-bbbbbbbbbbbb&zona=Zona+Norte,200,48.872,
2026-08-31T03:54:39.636589+00:00,GET,http://localhost:3000/logistics/tenderos/productos-disponibles?tiendaId=bbbbbbbb-bbbb-4bbb-8bbb-bbbbbbbbbbbb&zona=Zona+Norte,200,50.040,
2026-08-31T03:54:39.686654+00:00,GET,http://localhost:3000/logistics/tenderos/productos-disponibles?tiendaId=bbbbbbbb-bbbb-4bbb-8bbb-bbbbbbbbbbbb&zona=Zona+Norte,200,50.699,
2026-08-31T03:54:39.737377+00:00,GET,http://localhost:3000/logistics/tenderos/productos-disponibles?tiendaId=bbbbbbbb-bbbb-4bbb-8bbb-bbbbbbbbbbbb&zona=Zona+Norte,200,52.231,
2026-08-31T03:54:39.787509+00:00,GET,http://localhost:3000/logistics/tenderos/productos-disponibles?tiendaId=bbbbbbbb-bbbb-4bbb-8bbb-bbbbbbbbbbbb&zona=Zona+Norte,200,51.554,
2026-08-31T03:54:39.837506+00:00,GET,http://localhost:3000/logistics/tenderos/productos-disponibles?tiendaId=bbbbbbbb-bbbb-4bbb-8bbb-bbbbbbbbbbbb&zona=Zona+Norte,200,51.371,
2026-08-31T03:54:39.887512+00:00,GET,http://localhost:3000/logistics/tenderos/productos-disponibles?tiendaId=bbbbbbbb-bbbb-4bbb-8bbb-bbbbbbbbbbbb&zona=Zona+Norte,200,50.530,
2026-08-31T03:54:39.937502+00:00,GET,http://localhost:3000/logistics/tenderos/productos-disponibles?tiendaId=bbbbbbbb-bbbb-4bbb-8bbb-bbbbbbbbbbbb&zona=Zona+Norte,200,50.979,
2026-08-31T03:54:39.986956+00:00,GET,http://localhost:3000/logistics/tenderos/productos-disponibles?tiendaId=bbbbbbbb-bbbb-4bbb-8bbb-bbbbbbbbbbbb&zona=Zona+Norte,200,53.603,
2026-08-31T03:54:40.037397+00:00,GET,http://localhost:3000/logistics/tenderos/productos-disponibles?tiendaId=bbbbbbbb-bbbb-4bbb-8bbb-bbbbbbbbbbbb&zona=Zona+Norte,200,51.656,
2026-08-31T03:54:40.087511+00:00,GET,http://localhost:3000/logistics/tenderos/productos-disponibles?tiendaId=bbbbbbbb-bbbb-4bbb-8bbb-bbbbbbbbbbbb&zona=Zona+Norte,200,51.124,
2026-08-31T03:54:40.137508+00:00,GET,http://localhost:3000/logistics/tenderos/productos-disponibles?tiendaId=bbbbbbbb-bbbb-4bbb-8bbb-bbbbbbbbbbbb&zona=Zona+Norte,200,50.638,
2026-08-31T03:54:40.187007+00:00,GET,http://localhost:3000/logistics/tenderos/productos-disponibles?tiendaId=bbbbbbbb-bbbb-4bbb-8bbb-bbbbbbbbbbbb&zona=Zona+Norte,200,50.867,
2026-08-31T03:54:40.236762+00:00,GET,http://localhost:3000/logistics/tenderos/productos-disponibles?tiendaId=bbbbbbbb-bbbb-4bbb-8bbb-bbbbbbbbbbbb&zona=Zona+Norte,200,49.269,
2026-08-31T03:54:40.286539+00:00,GET,http://localhost:3000/logistics/tenderos/productos-disponibles?tiendaId=bbbbbbbb-bbbb-4bbb-8bbb-bbbbbbbbbbbb&zona=Zona+Norte,200,49.777,
2026-08-31T03:54:40.336512+00:00,GET,http://localhost:3000/logistics/tenderos/productos-disponibles?tiendaId=bbbbbbbb-bbbb-4bbb-8bbb-bbbbbbbbbbbb&zona=Zona+Norte,200,51.236,
2026-08-31T03:54:40.387338+00:00,GET,http://localhost:3000/logistics/tenderos/productos-disponibles?tiendaId=bbbbbbbb-bbbb-4bbb-8bbb-bbbbbbbbbbbb&zona=Zona+Norte,200,50.578,
2026-08-31T03:54:40.437525+00:00,GET,http://localhost:3000/logistics/tenderos/productos-disponibles?tiendaId=bbbbbbbb-bbbb-4bbb-8bbb-bbbbbbbbbbbb&zona=Zona+Norte,200,49.926,
2026-08-31T03:54:40.486895+00:00,GET,http://localhost:3000/logistics/tenderos/productos-disponibles?tiendaId=bbbbbbbb-bbbb-4bbb-8bbb-bbbbbbbbbbbb&zona=Zona+Norte,200,52.505,
2026-08-31T03:54:40.537521+00:00,GET,http://localhost:3000/logistics/tenderos/productos-disponibles?tiendaId=bbbbbbbb-bbbb-4bbb-8bbb-bbbbbbbbbbbb&zona=Zona+Norte,200,51.791,
2026-08-31T03:54:40.587536+00:00,GET,http://localhost:3000/logistics/tenderos/productos-disponibles?tiendaId=bbbbbbbb-bbbb-4bbb-8bbb-bbbbbbbbbbbb&zona=Zona+Norte,200,50.032,
2026-08-31T03:54:40.637594+00:00,GET,http://localhost:3000/logistics/tenderos/productos-disponibles?tiendaId=bbbbbbbb-bbbb-4bbb-8bbb-bbbbbbbbbbbb&zona=Zona+Norte,200,49.769,
2026-08-31T03:54:40.687390+00:00,GET,http://localhost:3000/logistics/tenderos/productos-disponibles?tiendaId=bbbbbbbb-bbbb-4bbb-8bbb-bbbbbbbbbbbb&zona=Zona+Norte,200,51.217,
2026-08-31T03:54:40.736743+00:00,GET,http://localhost:3000/logistics/tenderos/productos-disponibles?tiendaId=bbbbbbbb-bbbb-4bbb-8bbb-bbbbbbbbbbbb&zona=Zona+Norte,200,51.943,
2026-08-31T03:54:40.786874+00:00,GET,http://localhost:3000/logistics/tenderos/productos-disponibles?tiendaId=bbbbbbbb-bbbb-4bbb-8bbb-bbbbbbbbbbbb&zona=Zona+Norte,200,52.197,
2026-08-31T03:54:40.837546+00:00,GET,http://localhost:3000/logistics/tenderos/productos-disponibles?tiendaId=bbbbbbbb-bbbb-4bbb-8bbb-bbbbbbbbbbbb&zona=Zona+Norte,200,52.515,
2026-08-31T03:54:40.886742+00:00,GET,http://localhost:3000/logistics/tenderos/productos-disponibles?tiendaId=bbbbbbbb-bbbb-4bbb-8bbb-bbbbbbbbbbbb&zona=Zona+Norte,200,55.740,
2026-08-31T03:54:40.937530+00:00,GET,http://localhost:3000/logistics/tenderos/productos-disponibles?tiendaId=bbbbbbbb-bbbb-4bbb-8bbb-bbbbbbbbbbbb&zona=Zona+Norte,200,51.011,
2026-08-31T03:54:40.986946+00:00,GET,http://localhost:3000/logistics/tenderos/productos-disponibles?tiendaId=bbbbbbbb-bbbb-4bbb-8bbb-bbbbbbbbbbbb&zona=Zona+Norte,200,57.345,
2026-08-31T03:54:41.036578+00:00,GET,http://localhost:3000/logistics/tenderos/productos-disponibles?tiendaId=bbbbbbbb-bbbb-4bbb-8bbb-bbbbbbbbbbbb&zona=Zona+Norte,200,52.539,
2026-08-31T03:54:41.087528+00:00,GET,http://localhost:3000/logistics/tenderos/productos-disponibles?tiendaId=bbbbbbbb-bbbb-4bbb-8bbb-bbbbbbbbbbbb&zona=Zona+Norte,200,54.725,
2026-08-31T03:54:41.137534+00:00,GET,http://localhost:3000/logistics/tenderos/productos-disponibles?tiendaId=bbbbbbbb-bbbb-4bbb-8bbb-bbbbbbbbbbbb&zona=Zona+Norte,200,51.876,
2026-08-31T03:54:41.187553+00:00,GET,http://localhost:3000/logistics/tenderos/productos-disponibles?tiendaId=bbbbbbbb-bbbb-4bbb-8bbb-bbbbbbbbbbbb&zona=Zona+Norte,200,54.964,
2026-08-31T03:54:41.237730+00:00,GET,http://localhost:3000/logistics/tenderos/productos-disponibles?tiendaId=bbbbbbbb-bbbb-4bbb-8bbb-bbbbbbbbbbbb&zona=Zona+Norte,200,52.857,
2026-08-31T03:54:41.287546+00:00,GET,http://localhost:3000/logistics/tenderos/productos-disponibles?tiendaId=bbbbbbbb-bbbb-4bbb-8bbb-bbbbbbbbbbbb&zona=Zona+Norte,200,56.697,
2026-08-31T03:54:41.337566+00:00,GET,http://localhost:3000/logistics/tenderos/productos-disponibles?tiendaId=bbbbbbbb-bbbb-4bbb-8bbb-bbbbbbbbbbbb&zona=Zona+Norte,200,50.473,
2026-08-31T03:54:41.387535+00:00,GET,http://localhost:3000/logistics/tenderos/productos-disponibles?tiendaId=bbbbbbbb-bbbb-4bbb-8bbb-bbbbbbbbbbbb&zona=Zona+Norte,200,53.325,
2026-08-31T03:54:41.437538+00:00,GET,http://localhost:3000/logistics/tenderos/productos-disponibles?tiendaId=bbbbbbbb-bbbb-4bbb-8bbb-bbbbbbbbbbbb&zona=Zona+Norte,200,50.793,
2026-08-31T03:54:41.487537+00:00,GET,http://localhost:3000/logistics/tenderos/productos-disponibles?tiendaId=bbbbbbbb-bbbb-4bbb-8bbb-bbbbbbbbbbbb&zona=Zona+Norte,200,49.870,
2026-08-31T03:54:41.536827+00:00,GET,http://localhost:3000/logistics/tenderos/productos-disponibles?tiendaId=bbbbbbbb-bbbb-4bbb-8bbb-bbbbbbbbbbbb&zona=Zona+Norte,200,50.229,
2026-08-31T03:54:41.587086+00:00,GET,http://localhost:3000/logistics/tenderos/productos-disponibles?tiendaId=bbbbbbbb-bbbb-4bbb-8bbb-bbbbbbbbbbbb&zona=Zona+Norte,200,48.947,
2026-08-31T03:54:41.636550+00:00,GET,http://localhost:3000/logistics/tenderos/productos-disponibles?tiendaId=bbbbbbbb-bbbb-4bbb-8bbb-bbbbbbbbbbbb&zona=Zona+Norte,200,48.665,
2026-08-31T03:54:41.686678+00:00,GET,http://localhost:3000/logistics/tenderos/productos-disponibles?tiendaId=bbbbbbbb-bbbb-4bbb-8bbb-bbbbbbbbbbbb&zona=Zona+Norte,200,48.935,
2026-08-31T03:54:41.736625+00:00,GET,http://localhost:3000/logistics/tenderos/productos-disponibles?tiendaId=bbbbbbbb-bbbb-4bbb-8bbb-bbbbbbbbbbbb&zona=Zona+Norte,200,48.501,
2026-08-31T03:54:41.786820+00:00,GET,http://localhost:3000/logistics/tenderos/productos-disponibles?tiendaId=bbbbbbbb-bbbb-4bbb-8bbb-bbbbbbbbbbbb&zona=Zona+Norte,200,50.473,
2026-08-31T03:54:41.837321+00:00,GET,http://localhost:3000/logistics/tenderos/productos-disponibles?tiendaId=bbbbbbbb-bbbb-4bbb-8bbb-bbbbbbbbbbbb&zona=Zona+Norte,200,51.471,
2026-08-31T03:54:41.887551+00:00,GET,http://localhost:3000/logistics/tenderos/productos-disponibles?tiendaId=bbbbbbbb-bbbb-4bbb-8bbb-bbbbbbbbbbbb&zona=Zona+Norte,200,52.945,
2026-08-31T03:54:41.937563+00:00,GET,http://localhost:3000/logistics/tenderos/productos-disponibles?tiendaId=bbbbbbbb-bbbb-4bbb-8bbb-bbbbbbbbbbbb&zona=Zona+Norte,200,50.518,
2026-08-31T03:54:41.987589+00:00,GET,http://localhost:3000/logistics/tenderos/productos-disponibles?tiendaId=bbbbbbbb-bbbb-4bbb-8bbb-bbbbbbbbbbbb&zona=Zona+Norte,200,51.198,
2026-08-31T03:54:42.037552+00:00,GET,http://localhost:3000/logistics/tenderos/productos-disponibles?tiendaId=bbbbbbbb-bbbb-4bbb-8bbb-bbbbbbbbbbbb&zona=Zona+Norte,200,64.209,
2026-08-31T03:54:42.086715+00:00,GET,http://localhost:3000/logistics/tenderos/productos-disponibles?tiendaId=bbbbbbbb-bbbb-4bbb-8bbb-bbbbbbbbbbbb&zona=Zona+Norte,200,51.635,
2026-08-31T03:54:42.136906+00:00,GET,http://localhost:3000/logistics/tenderos/productos-disponibles?tiendaId=bbbbbbbb-bbbb-4bbb-8bbb-bbbbbbbbbbbb&zona=Zona+Norte,200,56.085,
2026-08-31T03:54:42.187569+00:00,GET,http://localhost:3000/logistics/tenderos/productos-disponibles?tiendaId=bbbbbbbb-bbbb-4bbb-8bbb-bbbbbbbbbbbb&zona=Zona+Norte,200,51.880,
2026-08-31T03:54:42.237560+00:00,GET,http://localhost:3000/logistics/tenderos/productos-disponibles?tiendaId=bbbbbbbb-bbbb-4bbb-8bbb-bbbbbbbbbbbb&zona=Zona+Norte,200,51.092,
2026-08-31T03:54:42.286802+00:00,GET,http://localhost:3000/logistics/tenderos/productos-disponibles?tiendaId=bbbbbbbb-bbbb-4bbb-8bbb-bbbbbbbbbbbb&zona=Zona+Norte,200,52.480,
2026-08-31T03:54:42.336895+00:00,GET,http://localhost:3000/logistics/tenderos/productos-disponibles?tiendaId=bbbbbbbb-bbbb-4bbb-8bbb-bbbbbbbbbbbb&zona=Zona+Norte,200,51.249,
2026-08-31T03:54:42.387585+00:00,GET,http://localhost:3000/logistics/tenderos/productos-disponibles?tiendaId=bbbbbbbb-bbbb-4bbb-8bbb-bbbbbbbbbbbb&zona=Zona+Norte,200,51.749,
2026-08-31T03:54:42.437580+00:00,GET,http://localhost:3000/logistics/tenderos/productos-disponibles?tiendaId=bbbbbbbb-bbbb-4bbb-8bbb-bbbbbbbbbbbb&zona=Zona+Norte,200,53.204,
2026-08-31T03:54:42.487558+00:00,GET,http://localhost:3000/logistics/tenderos/productos-disponibles?tiendaId=bbbbbbbb-bbbb-4bbb-8bbb-bbbbbbbbbbbb&zona=Zona+Norte,200,51.888,
2026-08-31T03:54:42.537581+00:00,GET,http://localhost:3000/logistics/tenderos/productos-disponibles?tiendaId=bbbbbbbb-bbbb-4bbb-8bbb-bbbbbbbbbbbb&zona=Zona+Norte,200,51.597,
2026-08-31T03:54:42.587580+00:00,GET,http://localhost:3000/logistics/tenderos/productos-disponibles?tiendaId=bbbbbbbb-bbbb-4bbb-8bbb-bbbbbbbbbbbb&zona=Zona+Norte,200,53.232,
2026-08-31T03:54:42.637565+00:00,GET,http://localhost:3000/logistics/tenderos/productos-disponibles?tiendaId=bbbbbbbb-bbbb-4bbb-8bbb-bbbbbbbbbbbb&zona=Zona+Norte,200,50.442,
2026-08-31T03:54:42.687596+00:00,GET,http://localhost:3000/logistics/tenderos/productos-disponibles?tiendaId=bbbbbbbb-bbbb-4bbb-8bbb-bbbbbbbbbbbb&zona=Zona+Norte,200,49.756,
2026-08-31T03:54:42.736737+00:00,GET,http://localhost:3000/logistics/tenderos/productos-disponibles?tiendaId=bbbbbbbb-bbbb-4bbb-8bbb-bbbbbbbbbbbb&zona=Zona+Norte,200,52.086,
2026-08-31T03:54:42.787586+00:00,GET,http://localhost:3000/logistics/tenderos/productos-disponibles?tiendaId=bbbbbbbb-bbbb-4bbb-8bbb-bbbbbbbbbbbb&zona=Zona+Norte,200,50.254,
2026-08-31T03:54:42.837574+00:00,GET,http://localhost:3000/logistics/tenderos/productos-disponibles?tiendaId=bbbbbbbb-bbbb-4bbb-8bbb-bbbbbbbbbbbb&zona=Zona+Norte,200,54.751,
2026-08-31T03:54:42.887593+00:00,GET,http://localhost:3000/logistics/tenderos/productos-disponibles?tiendaId=bbbbbbbb-bbbb-4bbb-8bbb-bbbbbbbbbbbb&zona=Zona+Norte,200,53.319,
2026-08-31T03:54:42.937047+00:00,GET,http://localhost:3000/logistics/tenderos/productos-disponibles?tiendaId=bbbbbbbb-bbbb-4bbb-8bbb-bbbbbbbbbbbb&zona=Zona+Norte,200,51.941,
2026-08-31T03:54:42.987585+00:00,GET,http://localhost:3000/logistics/tenderos/productos-disponibles?tiendaId=bbbbbbbb-bbbb-4bbb-8bbb-bbbbbbbbbbbb&zona=Zona+Norte,200,48.645,
2026-08-31T03:54:43.036579+00:00,GET,http://localhost:3000/logistics/tenderos/productos-disponibles?tiendaId=bbbbbbbb-bbbb-4bbb-8bbb-bbbbbbbbbbbb&zona=Zona+Norte,200,49.352,
2026-08-31T03:54:43.086602+00:00,GET,http://localhost:3000/logistics/tenderos/productos-disponibles?tiendaId=bbbbbbbb-bbbb-4bbb-8bbb-bbbbbbbbbbbb&zona=Zona+Norte,200,57.587,
2026-08-31T03:54:43.137574+00:00,GET,http://localhost:3000/logistics/tenderos/productos-disponibles?tiendaId=bbbbbbbb-bbbb-4bbb-8bbb-bbbbbbbbbbbb&zona=Zona+Norte,200,56.468,
2026-08-31T03:54:43.187580+00:00,GET,http://localhost:3000/logistics/tenderos/productos-disponibles?tiendaId=bbbbbbbb-bbbb-4bbb-8bbb-bbbbbbbbbbbb&zona=Zona+Norte,200,61.584,
2026-08-31T03:54:43.237415+00:00,GET,http://localhost:3000/logistics/tenderos/productos-disponibles?tiendaId=bbbbbbbb-bbbb-4bbb-8bbb-bbbbbbbbbbbb&zona=Zona+Norte,200,59.071,
2026-08-31T03:54:43.286685+00:00,GET,http://localhost:3000/logistics/tenderos/productos-disponibles?tiendaId=bbbbbbbb-bbbb-4bbb-8bbb-bbbbbbbbbbbb&zona=Zona+Norte,200,56.261,
2026-08-31T03:54:43.337570+00:00,GET,http://localhost:3000/logistics/tenderos/productos-disponibles?tiendaId=bbbbbbbb-bbbb-4bbb-8bbb-bbbbbbbbbbbb&zona=Zona+Norte,200,50.926,
2026-08-31T03:54:43.386895+00:00,GET,http://localhost:3000/logistics/tenderos/productos-disponibles?tiendaId=bbbbbbbb-bbbb-4bbb-8bbb-bbbbbbbbbbbb&zona=Zona+Norte,200,57.283,
2026-08-31T03:54:43.437588+00:00,GET,http://localhost:3000/logistics/tenderos/productos-disponibles?tiendaId=bbbbbbbb-bbbb-4bbb-8bbb-bbbbbbbbbbbb&zona=Zona+Norte,200,54.471,
2026-08-31T03:54:43.487242+00:00,GET,http://localhost:3000/logistics/tenderos/productos-disponibles?tiendaId=bbbbbbbb-bbbb-4bbb-8bbb-bbbbbbbbbbbb&zona=Zona+Norte,200,58.552,
2026-08-31T03:54:43.536843+00:00,GET,http://localhost:3000/logistics/tenderos/productos-disponibles?tiendaId=bbbbbbbb-bbbb-4bbb-8bbb-bbbbbbbbbbbb&zona=Zona+Norte,200,55.622,
2026-08-31T03:54:43.587587+00:00,GET,http://localhost:3000/logistics/tenderos/productos-disponibles?tiendaId=bbbbbbbb-bbbb-4bbb-8bbb-bbbbbbbbbbbb&zona=Zona+Norte,200,53.467,
2026-08-31T03:54:43.637595+00:00,GET,http://localhost:3000/logistics/tenderos/productos-disponibles?tiendaId=bbbbbbbb-bbbb-4bbb-8bbb-bbbbbbbbbbbb&zona=Zona+Norte,200,51.258,
2026-08-31T03:54:43.687610+00:00,GET,http://localhost:3000/logistics/tenderos/productos-disponibles?tiendaId=bbbbbbbb-bbbb-4bbb-8bbb-bbbbbbbbbbbb&zona=Zona+Norte,200,51.788,
2026-08-31T03:54:43.737599+00:00,GET,http://localhost:3000/logistics/tenderos/productos-disponibles?tiendaId=bbbbbbbb-bbbb-4bbb-8bbb-bbbbbbbbbbbb&zona=Zona+Norte,200,50.555,
2026-08-31T03:54:43.786754+00:00,GET,http://localhost:3000/logistics/tenderos/productos-disponibles?tiendaId=bbbbbbbb-bbbb-4bbb-8bbb-bbbbbbbbbbbb&zona=Zona+Norte,200,53.221,
2026-08-31T03:54:43.836637+00:00,GET,http://localhost:3000/logistics/tenderos/productos-disponibles?tiendaId=bbbbbbbb-bbbb-4bbb-8bbb-bbbbbbbbbbbb&zona=Zona+Norte,200,54.861,
2026-08-31T03:54:43.887600+00:00,GET,http://localhost:3000/logistics/tenderos/productos-disponibles?tiendaId=bbbbbbbb-bbbb-4bbb-8bbb-bbbbbbbbbbbb&zona=Zona+Norte,200,53.044,
2026-08-31T03:54:43.937594+00:00,GET,http://localhost:3000/logistics/tenderos/productos-disponibles?tiendaId=bbbbbbbb-bbbb-4bbb-8bbb-bbbbbbbbbbbb&zona=Zona+Norte,200,50.362,
2026-08-31T03:54:43.987337+00:00,GET,http://localhost:3000/logistics/tenderos/productos-disponibles?tiendaId=bbbbbbbb-bbbb-4bbb-8bbb-bbbbbbbbbbbb&zona=Zona+Norte,200,50.830,
2026-08-31T03:54:44.037649+00:00,GET,http://localhost:3000/logistics/tenderos/productos-disponibles?tiendaId=bbbbbbbb-bbbb-4bbb-8bbb-bbbbbbbbbbbb&zona=Zona+Norte,200,51.450,
2026-08-31T03:54:44.087608+00:00,GET,http://localhost:3000/logistics/tenderos/productos-disponibles?tiendaId=bbbbbbbb-bbbb-4bbb-8bbb-bbbbbbbbbbbb&zona=Zona+Norte,200,52.059,
2026-08-31T03:54:44.137676+00:00,GET,http://localhost:3000/logistics/tenderos/productos-disponibles?tiendaId=bbbbbbbb-bbbb-4bbb-8bbb-bbbbbbbbbbbb&zona=Zona+Norte,200,50.396,
2026-08-31T03:54:44.187051+00:00,GET,http://localhost:3000/logistics/tenderos/productos-disponibles?tiendaId=bbbbbbbb-bbbb-4bbb-8bbb-bbbbbbbbbbbb&zona=Zona+Norte,200,51.693,
2026-08-31T03:54:44.237606+00:00,GET,http://localhost:3000/logistics/tenderos/productos-disponibles?tiendaId=bbbbbbbb-bbbb-4bbb-8bbb-bbbbbbbbbbbb&zona=Zona+Norte,200,57.590,
2026-08-31T03:54:44.287618+00:00,GET,http://localhost:3000/logistics/tenderos/productos-disponibles?tiendaId=bbbbbbbb-bbbb-4bbb-8bbb-bbbbbbbbbbbb&zona=Zona+Norte,200,50.309,
2026-08-31T03:54:44.336727+00:00,GET,http://localhost:3000/logistics/tenderos/productos-disponibles?tiendaId=bbbbbbbb-bbbb-4bbb-8bbb-bbbbbbbbbbbb&zona=Zona+Norte,200,49.595,
2026-08-31T03:54:44.386600+00:00,GET,http://localhost:3000/logistics/tenderos/productos-disponibles?tiendaId=bbbbbbbb-bbbb-4bbb-8bbb-bbbbbbbbbbbb&zona=Zona+Norte,200,54.384,
2026-08-31T03:54:44.437606+00:00,GET,http://localhost:3000/logistics/tenderos/productos-disponibles?tiendaId=bbbbbbbb-bbbb-4bbb-8bbb-bbbbbbbbbbbb&zona=Zona+Norte,200,53.769,
2026-08-31T03:54:44.487604+00:00,GET,http://localhost:3000/logistics/tenderos/productos-disponibles?tiendaId=bbbbbbbb-bbbb-4bbb-8bbb-bbbbbbbbbbbb&zona=Zona+Norte,200,59.360,
2026-08-31T03:54:44.537640+00:00,GET,http://localhost:3000/logistics/tenderos/productos-disponibles?tiendaId=bbbbbbbb-bbbb-4bbb-8bbb-bbbbbbbbbbbb&zona=Zona+Norte,200,52.825,
2026-08-31T03:54:44.586766+00:00,GET,http://localhost:3000/logistics/tenderos/productos-disponibles?tiendaId=bbbbbbbb-bbbb-4bbb-8bbb-bbbbbbbbbbbb&zona=Zona+Norte,200,54.359,
2026-08-31T03:54:44.637619+00:00,GET,http://localhost:3000/logistics/tenderos/productos-disponibles?tiendaId=bbbbbbbb-bbbb-4bbb-8bbb-bbbbbbbbbbbb&zona=Zona+Norte,200,54.500,
2026-08-31T03:54:44.687614+00:00,GET,http://localhost:3000/logistics/tenderos/productos-disponibles?tiendaId=bbbbbbbb-bbbb-4bbb-8bbb-bbbbbbbbbbbb&zona=Zona+Norte,200,55.915,
2026-08-31T03:54:44.737629+00:00,GET,http://localhost:3000/logistics/tenderos/productos-disponibles?tiendaId=bbbbbbbb-bbbb-4bbb-8bbb-bbbbbbbbbbbb&zona=Zona+Norte,200,51.946,
2026-08-31T03:54:44.787630+00:00,GET,http://localhost:3000/logistics/tenderos/productos-disponibles?tiendaId=bbbbbbbb-bbbb-4bbb-8bbb-bbbbbbbbbbbb&zona=Zona+Norte,200,55.422,
2026-08-31T03:54:44.837636+00:00,GET,http://localhost:3000/logistics/tenderos/productos-disponibles?tiendaId=bbbbbbbb-bbbb-4bbb-8bbb-bbbbbbbbbbbb&zona=Zona+Norte,200,58.065,
2026-08-31T03:54:44.886732+00:00,GET,http://localhost:3000/logistics/tenderos/productos-disponibles?tiendaId=bbbbbbbb-bbbb-4bbb-8bbb-bbbbbbbbbbbb&zona=Zona+Norte,200,62.867,
2026-08-31T03:54:44.936722+00:00,GET,http://localhost:3000/logistics/tenderos/productos-disponibles?tiendaId=bbbbbbbb-bbbb-4bbb-8bbb-bbbbbbbbbbbb&zona=Zona+Norte,200,56.508,
2026-08-31T03:54:44.987624+00:00,GET,http://localhost:3000/logistics/tenderos/productos-disponibles?tiendaId=bbbbbbbb-bbbb-4bbb-8bbb-bbbbbbbbbbbb&zona=Zona+Norte,200,53.713,
2026-08-31T03:54:45.037620+00:00,GET,http://localhost:3000/logistics/tenderos/productos-disponibles?tiendaId=bbbbbbbb-bbbb-4bbb-8bbb-bbbbbbbbbbbb&zona=Zona+Norte,200,51.794,
2026-08-31T03:54:45.087618+00:00,GET,http://localhost:3000/logistics/tenderos/productos-disponibles?tiendaId=bbbbbbbb-bbbb-4bbb-8bbb-bbbbbbbbbbbb&zona=Zona+Norte,200,50.447,
2026-08-31T03:54:45.137629+00:00,GET,http://localhost:3000/logistics/tenderos/productos-disponibles?tiendaId=bbbbbbbb-bbbb-4bbb-8bbb-bbbbbbbbbbbb&zona=Zona+Norte,200,49.490,
2026-08-31T03:54:45.187146+00:00,GET,http://localhost:3000/logistics/tenderos/productos-disponibles?tiendaId=bbbbbbbb-bbbb-4bbb-8bbb-bbbbbbbbbbbb&zona=Zona+Norte,200,53.391,
2026-08-31T03:54:45.237623+00:00,GET,http://localhost:3000/logistics/tenderos/productos-disponibles?tiendaId=bbbbbbbb-bbbb-4bbb-8bbb-bbbbbbbbbbbb&zona=Zona+Norte,200,53.435,
2026-08-31T03:54:45.287021+00:00,GET,http://localhost:3000/logistics/tenderos/productos-disponibles?tiendaId=bbbbbbbb-bbbb-4bbb-8bbb-bbbbbbbbbbbb&zona=Zona+Norte,200,52.136,
2026-08-31T03:54:45.336709+00:00,GET,http://localhost:3000/logistics/tenderos/productos-disponibles?tiendaId=bbbbbbbb-bbbb-4bbb-8bbb-bbbbbbbbbbbb&zona=Zona+Norte,200,52.166,
2026-08-31T03:54:45.387664+00:00,GET,http://localhost:3000/logistics/tenderos/productos-disponibles?tiendaId=bbbbbbbb-bbbb-4bbb-8bbb-bbbbbbbbbbbb&zona=Zona+Norte,200,53.024,
2026-08-31T03:54:45.436710+00:00,GET,http://localhost:3000/logistics/tenderos/productos-disponibles?tiendaId=bbbbbbbb-bbbb-4bbb-8bbb-bbbbbbbbbbbb&zona=Zona+Norte,200,50.509,
2026-08-31T03:54:45.487246+00:00,GET,http://localhost:3000/logistics/tenderos/productos-disponibles?tiendaId=bbbbbbbb-bbbb-4bbb-8bbb-bbbbbbbbbbbb&zona=Zona+Norte,200,50.293,
2026-08-31T03:54:45.537069+00:00,GET,http://localhost:3000/logistics/tenderos/productos-disponibles?tiendaId=bbbbbbbb-bbbb-4bbb-8bbb-bbbbbbbbbbbb&zona=Zona+Norte,200,50.986,
2026-08-31T03:54:45.587654+00:00,GET,http://localhost:3000/logistics/tenderos/productos-disponibles?tiendaId=bbbbbbbb-bbbb-4bbb-8bbb-bbbbbbbbbbbb&zona=Zona+Norte,200,52.962,
2026-08-31T03:54:45.637642+00:00,GET,http://localhost:3000/logistics/tenderos/productos-disponibles?tiendaId=bbbbbbbb-bbbb-4bbb-8bbb-bbbbbbbbbbbb&zona=Zona+Norte,200,49.848,
2026-08-31T03:54:45.687520+00:00,GET,http://localhost:3000/logistics/tenderos/productos-disponibles?tiendaId=bbbbbbbb-bbbb-4bbb-8bbb-bbbbbbbbbbbb&zona=Zona+Norte,200,58.869,
2026-08-31T03:54:45.736711+00:00,GET,http://localhost:3000/logistics/tenderos/productos-disponibles?tiendaId=bbbbbbbb-bbbb-4bbb-8bbb-bbbbbbbbbbbb&zona=Zona+Norte,200,55.873,
2026-08-31T03:54:45.786824+00:00,GET,http://localhost:3000/logistics/tenderos/productos-disponibles?tiendaId=bbbbbbbb-bbbb-4bbb-8bbb-bbbbbbbbbbbb&zona=Zona+Norte,200,57.440,
2026-08-31T03:54:45.837644+00:00,GET,http://localhost:3000/logistics/tenderos/productos-disponibles?tiendaId=bbbbbbbb-bbbb-4bbb-8bbb-bbbbbbbbbbbb&zona=Zona+Norte,200,50.008,
2026-08-31T03:54:45.887204+00:00,GET,http://localhost:3000/logistics/tenderos/productos-disponibles?tiendaId=bbbbbbbb-bbbb-4bbb-8bbb-bbbbbbbbbbbb&zona=Zona+Norte,200,50.323,
2026-08-31T03:54:45.937560+00:00,GET,http://localhost:3000/logistics/tenderos/productos-disponibles?tiendaId=bbbbbbbb-bbbb-4bbb-8bbb-bbbbbbbbbbbb&zona=Zona+Norte,200,58.699,
2026-08-31T03:54:45.987640+00:00,GET,http://localhost:3000/logistics/tenderos/productos-disponibles?tiendaId=bbbbbbbb-bbbb-4bbb-8bbb-bbbbbbbbbbbb&zona=Zona+Norte,200,53.482,
2026-08-31T03:54:46.037647+00:00,GET,http://localhost:3000/logistics/tenderos/productos-disponibles?tiendaId=bbbbbbbb-bbbb-4bbb-8bbb-bbbbbbbbbbbb&zona=Zona+Norte,200,54.964,
2026-08-31T03:54:46.087648+00:00,GET,http://localhost:3000/logistics/tenderos/productos-disponibles?tiendaId=bbbbbbbb-bbbb-4bbb-8bbb-bbbbbbbbbbbb&zona=Zona+Norte,200,51.229,
2026-08-31T03:54:46.137683+00:00,GET,http://localhost:3000/logistics/tenderos/productos-disponibles?tiendaId=bbbbbbbb-bbbb-4bbb-8bbb-bbbbbbbbbbbb&zona=Zona+Norte,200,53.231,
2026-08-31T03:54:46.186912+00:00,GET,http://localhost:3000/logistics/tenderos/productos-disponibles?tiendaId=bbbbbbbb-bbbb-4bbb-8bbb-bbbbbbbbbbbb&zona=Zona+Norte,200,53.900,
2026-08-31T03:54:46.237658+00:00,GET,http://localhost:3000/logistics/tenderos/productos-disponibles?tiendaId=bbbbbbbb-bbbb-4bbb-8bbb-bbbbbbbbbbbb&zona=Zona+Norte,200,59.505,
2026-08-31T03:54:46.287650+00:00,GET,http://localhost:3000/logistics/tenderos/productos-disponibles?tiendaId=bbbbbbbb-bbbb-4bbb-8bbb-bbbbbbbbbbbb&zona=Zona+Norte,200,60.489,
2026-08-31T03:54:46.337645+00:00,GET,http://localhost:3000/logistics/tenderos/productos-disponibles?tiendaId=bbbbbbbb-bbbb-4bbb-8bbb-bbbbbbbbbbbb&zona=Zona+Norte,200,52.482,
2026-08-31T03:54:46.387646+00:00,GET,http://localhost:3000/logistics/tenderos/productos-disponibles?tiendaId=bbbbbbbb-bbbb-4bbb-8bbb-bbbbbbbbbbbb&zona=Zona+Norte,200,49.999,
2026-08-31T03:54:46.437672+00:00,GET,http://localhost:3000/logistics/tenderos/productos-disponibles?tiendaId=bbbbbbbb-bbbb-4bbb-8bbb-bbbbbbbbbbbb&zona=Zona+Norte,200,55.887,
2026-08-31T03:54:46.486726+00:00,GET,http://localhost:3000/logistics/tenderos/productos-disponibles?tiendaId=bbbbbbbb-bbbb-4bbb-8bbb-bbbbbbbbbbbb&zona=Zona+Norte,200,51.815,
2026-08-31T03:54:46.537235+00:00,GET,http://localhost:3000/logistics/tenderos/productos-disponibles?tiendaId=bbbbbbbb-bbbb-4bbb-8bbb-bbbbbbbbbbbb&zona=Zona+Norte,200,54.497,
2026-08-31T03:54:46.586786+00:00,GET,http://localhost:3000/logistics/tenderos/productos-disponibles?tiendaId=bbbbbbbb-bbbb-4bbb-8bbb-bbbbbbbbbbbb&zona=Zona+Norte,200,53.851,
2026-08-31T03:54:46.636713+00:00,GET,http://localhost:3000/logistics/tenderos/productos-disponibles?tiendaId=bbbbbbbb-bbbb-4bbb-8bbb-bbbbbbbbbbbb&zona=Zona+Norte,200,51.185,
2026-08-31T03:54:46.686744+00:00,GET,http://localhost:3000/logistics/tenderos/productos-disponibles?tiendaId=bbbbbbbb-bbbb-4bbb-8bbb-bbbbbbbbbbbb&zona=Zona+Norte,200,52.100,
2026-08-31T03:54:46.737659+00:00,GET,http://localhost:3000/logistics/tenderos/productos-disponibles?tiendaId=bbbbbbbb-bbbb-4bbb-8bbb-bbbbbbbbbbbb&zona=Zona+Norte,200,50.750,
2026-08-31T03:54:46.787682+00:00,GET,http://localhost:3000/logistics/tenderos/productos-disponibles?tiendaId=bbbbbbbb-bbbb-4bbb-8bbb-bbbbbbbbbbbb&zona=Zona+Norte,200,51.082,
2026-08-31T03:54:46.837668+00:00,GET,http://localhost:3000/logistics/tenderos/productos-disponibles?tiendaId=bbbbbbbb-bbbb-4bbb-8bbb-bbbbbbbbbbbb&zona=Zona+Norte,200,57.555,
2026-08-31T03:54:46.886737+00:00,GET,http://localhost:3000/logistics/tenderos/productos-disponibles?tiendaId=bbbbbbbb-bbbb-4bbb-8bbb-bbbbbbbbbbbb&zona=Zona+Norte,200,54.002,
2026-08-31T03:54:46.937706+00:00,GET,http://localhost:3000/logistics/tenderos/productos-disponibles?tiendaId=bbbbbbbb-bbbb-4bbb-8bbb-bbbbbbbbbbbb&zona=Zona+Norte,200,52.601,
2026-08-31T03:54:46.987702+00:00,GET,http://localhost:3000/logistics/tenderos/productos-disponibles?tiendaId=bbbbbbbb-bbbb-4bbb-8bbb-bbbbbbbbbbbb&zona=Zona+Norte,200,50.122,
2026-08-31T03:54:47.037867+00:00,GET,http://localhost:3000/logistics/tenderos/productos-disponibles?tiendaId=bbbbbbbb-bbbb-4bbb-8bbb-bbbbbbbbbbbb&zona=Zona+Norte,200,50.159,
2026-08-31T03:54:47.086743+00:00,GET,http://localhost:3000/logistics/tenderos/productos-disponibles?tiendaId=bbbbbbbb-bbbb-4bbb-8bbb-bbbbbbbbbbbb&zona=Zona+Norte,200,50.191,
2026-08-31T03:54:47.136960+00:00,GET,http://localhost:3000/logistics/tenderos/productos-disponibles?tiendaId=bbbbbbbb-bbbb-4bbb-8bbb-bbbbbbbbbbbb&zona=Zona+Norte,200,53.658,
2026-08-31T03:54:47.187704+00:00,GET,http://localhost:3000/logistics/tenderos/productos-disponibles?tiendaId=bbbbbbbb-bbbb-4bbb-8bbb-bbbbbbbbbbbb&zona=Zona+Norte,200,51.275,
2026-08-31T03:54:47.237719+00:00,GET,http://localhost:3000/logistics/tenderos/productos-disponibles?tiendaId=bbbbbbbb-bbbb-4bbb-8bbb-bbbbbbbbbbbb&zona=Zona+Norte,200,52.304,
2026-08-31T03:54:47.287679+00:00,GET,http://localhost:3000/logistics/tenderos/productos-disponibles?tiendaId=bbbbbbbb-bbbb-4bbb-8bbb-bbbbbbbbbbbb&zona=Zona+Norte,200,55.483,
2026-08-31T03:54:47.337666+00:00,GET,http://localhost:3000/logistics/tenderos/productos-disponibles?tiendaId=bbbbbbbb-bbbb-4bbb-8bbb-bbbbbbbbbbbb&zona=Zona+Norte,200,54.806,
2026-08-31T03:54:47.387671+00:00,GET,http://localhost:3000/logistics/tenderos/productos-disponibles?tiendaId=bbbbbbbb-bbbb-4bbb-8bbb-bbbbbbbbbbbb&zona=Zona+Norte,200,50.399,
2026-08-31T03:54:47.436716+00:00,GET,http://localhost:3000/logistics/tenderos/productos-disponibles?tiendaId=bbbbbbbb-bbbb-4bbb-8bbb-bbbbbbbbbbbb&zona=Zona+Norte,200,53.881,
2026-08-31T03:54:47.487667+00:00,GET,http://localhost:3000/logistics/tenderos/productos-disponibles?tiendaId=bbbbbbbb-bbbb-4bbb-8bbb-bbbbbbbbbbbb&zona=Zona+Norte,200,53.397,
2026-08-31T03:54:47.537678+00:00,GET,http://localhost:3000/logistics/tenderos/productos-disponibles?tiendaId=bbbbbbbb-bbbb-4bbb-8bbb-bbbbbbbbbbbb&zona=Zona+Norte,200,50.737,
2026-08-31T03:54:47.587675+00:00,GET,http://localhost:3000/logistics/tenderos/productos-disponibles?tiendaId=bbbbbbbb-bbbb-4bbb-8bbb-bbbbbbbbbbbb&zona=Zona+Norte,200,52.225,
2026-08-31T03:54:47.637676+00:00,GET,http://localhost:3000/logistics/tenderos/productos-disponibles?tiendaId=bbbbbbbb-bbbb-4bbb-8bbb-bbbbbbbbbbbb&zona=Zona+Norte,200,55.225,
2026-08-31T03:54:47.687678+00:00,GET,http://localhost:3000/logistics/tenderos/productos-disponibles?tiendaId=bbbbbbbb-bbbb-4bbb-8bbb-bbbbbbbbbbbb&zona=Zona+Norte,200,59.496,
2026-08-31T03:54:47.737688+00:00,GET,http://localhost:3000/logistics/tenderos/productos-disponibles?tiendaId=bbbbbbbb-bbbb-4bbb-8bbb-bbbbbbbbbbbb&zona=Zona+Norte,200,51.664,
2026-08-31T03:54:47.787719+00:00,GET,http://localhost:3000/logistics/tenderos/productos-disponibles?tiendaId=bbbbbbbb-bbbb-4bbb-8bbb-bbbbbbbbbbbb&zona=Zona+Norte,200,55.593,
2026-08-31T03:54:47.837679+00:00,GET,http://localhost:3000/logistics/tenderos/productos-disponibles?tiendaId=bbbbbbbb-bbbb-4bbb-8bbb-bbbbbbbbbbbb&zona=Zona+Norte,200,51.154,
2026-08-31T03:54:47.887682+00:00,GET,http://localhost:3000/logistics/tenderos/productos-disponibles?tiendaId=bbbbbbbb-bbbb-4bbb-8bbb-bbbbbbbbbbbb&zona=Zona+Norte,200,53.579,
2026-08-31T03:54:47.937679+00:00,GET,http://localhost:3000/logistics/tenderos/productos-disponibles?tiendaId=bbbbbbbb-bbbb-4bbb-8bbb-bbbbbbbbbbbb&zona=Zona+Norte,200,60.026,
2026-08-31T03:54:47.987436+00:00,GET,http://localhost:3000/logistics/tenderos/productos-disponibles?tiendaId=bbbbbbbb-bbbb-4bbb-8bbb-bbbbbbbbbbbb&zona=Zona+Norte,200,57.322,
2026-08-31T03:54:48.037438+00:00,GET,http://localhost:3000/logistics/tenderos/productos-disponibles?tiendaId=bbbbbbbb-bbbb-4bbb-8bbb-bbbbbbbbbbbb&zona=Zona+Norte,200,60.513,
2026-08-31T03:54:48.087688+00:00,GET,http://localhost:3000/logistics/tenderos/productos-disponibles?tiendaId=bbbbbbbb-bbbb-4bbb-8bbb-bbbbbbbbbbbb&zona=Zona+Norte,200,51.869,
2026-08-31T03:54:48.137698+00:00,GET,http://localhost:3000/logistics/tenderos/productos-disponibles?tiendaId=bbbbbbbb-bbbb-4bbb-8bbb-bbbbbbbbbbbb&zona=Zona+Norte,200,59.790,
2026-08-31T03:54:48.187701+00:00,GET,http://localhost:3000/logistics/tenderos/productos-disponibles?tiendaId=bbbbbbbb-bbbb-4bbb-8bbb-bbbbbbbbbbbb&zona=Zona+Norte,200,60.609,
2026-08-31T03:54:48.237698+00:00,GET,http://localhost:3000/logistics/tenderos/productos-disponibles?tiendaId=bbbbbbbb-bbbb-4bbb-8bbb-bbbbbbbbbbbb&zona=Zona+Norte,200,56.229,
2026-08-31T03:54:48.287687+00:00,GET,http://localhost:3000/logistics/tenderos/productos-disponibles?tiendaId=bbbbbbbb-bbbb-4bbb-8bbb-bbbbbbbbbbbb&zona=Zona+Norte,200,55.463,
2026-08-31T03:54:48.337697+00:00,GET,http://localhost:3000/logistics/tenderos/productos-disponibles?tiendaId=bbbbbbbb-bbbb-4bbb-8bbb-bbbbbbbbbbbb&zona=Zona+Norte,200,52.599,
2026-08-31T03:54:48.387613+00:00,GET,http://localhost:3000/logistics/tenderos/productos-disponibles?tiendaId=bbbbbbbb-bbbb-4bbb-8bbb-bbbbbbbbbbbb&zona=Zona+Norte,200,53.511,
2026-08-31T03:54:48.437697+00:00,GET,http://localhost:3000/logistics/tenderos/productos-disponibles?tiendaId=bbbbbbbb-bbbb-4bbb-8bbb-bbbbbbbbbbbb&zona=Zona+Norte,200,49.505,
2026-08-31T03:54:48.487229+00:00,GET,http://localhost:3000/logistics/tenderos/productos-disponibles?tiendaId=bbbbbbbb-bbbb-4bbb-8bbb-bbbbbbbbbbbb&zona=Zona+Norte,200,51.570,
2026-08-31T03:54:48.537713+00:00,GET,http://localhost:3000/logistics/tenderos/productos-disponibles?tiendaId=bbbbbbbb-bbbb-4bbb-8bbb-bbbbbbbbbbbb&zona=Zona+Norte,200,51.265,
2026-08-31T03:54:48.587188+00:00,GET,http://localhost:3000/logistics/tenderos/productos-disponibles?tiendaId=bbbbbbbb-bbbb-4bbb-8bbb-bbbbbbbbbbbb&zona=Zona+Norte,200,53.448,
2026-08-31T03:54:48.637711+00:00,GET,http://localhost:3000/logistics/tenderos/productos-disponibles?tiendaId=bbbbbbbb-bbbb-4bbb-8bbb-bbbbbbbbbbbb&zona=Zona+Norte,200,50.579,
2026-08-31T03:54:48.687701+00:00,GET,http://localhost:3000/logistics/tenderos/productos-disponibles?tiendaId=bbbbbbbb-bbbb-4bbb-8bbb-bbbbbbbbbbbb&zona=Zona+Norte,200,52.783,
2026-08-31T03:54:48.737706+00:00,GET,http://localhost:3000/logistics/tenderos/productos-disponibles?tiendaId=bbbbbbbb-bbbb-4bbb-8bbb-bbbbbbbbbbbb&zona=Zona+Norte,200,50.531,
2026-08-31T03:54:48.787787+00:00,GET,http://localhost:3000/logistics/tenderos/productos-disponibles?tiendaId=bbbbbbbb-bbbb-4bbb-8bbb-bbbbbbbbbbbb&zona=Zona+Norte,200,51.974,
2026-08-31T03:54:48.836837+00:00,GET,http://localhost:3000/logistics/tenderos/productos-disponibles?tiendaId=bbbbbbbb-bbbb-4bbb-8bbb-bbbbbbbbbbbb&zona=Zona+Norte,200,52.530,
2026-08-31T03:54:48.887702+00:00,GET,http://localhost:3000/logistics/tenderos/productos-disponibles?tiendaId=bbbbbbbb-bbbb-4bbb-8bbb-bbbbbbbbbbbb&zona=Zona+Norte,200,58.359,
2026-08-31T03:54:48.937709+00:00,GET,http://localhost:3000/logistics/tenderos/productos-disponibles?tiendaId=bbbbbbbb-bbbb-4bbb-8bbb-bbbbbbbbbbbb&zona=Zona+Norte,200,52.191,
2026-08-31T03:54:48.987718+00:00,GET,http://localhost:3000/logistics/tenderos/productos-disponibles?tiendaId=bbbbbbbb-bbbb-4bbb-8bbb-bbbbbbbbbbbb&zona=Zona+Norte,200,51.024,
2026-08-31T03:54:49.037621+00:00,GET,http://localhost:3000/logistics/tenderos/productos-disponibles?tiendaId=bbbbbbbb-bbbb-4bbb-8bbb-bbbbbbbbbbbb&zona=Zona+Norte,200,51.153,
2026-08-31T03:54:49.087705+00:00,GET,http://localhost:3000/logistics/tenderos/productos-disponibles?tiendaId=bbbbbbbb-bbbb-4bbb-8bbb-bbbbbbbbbbbb&zona=Zona+Norte,200,57.057,
2026-08-31T03:54:49.137720+00:00,GET,http://localhost:3000/logistics/tenderos/productos-disponibles?tiendaId=bbbbbbbb-bbbb-4bbb-8bbb-bbbbbbbbbbbb&zona=Zona+Norte,200,61.151,
2026-08-31T03:54:49.187714+00:00,GET,http://localhost:3000/logistics/tenderos/productos-disponibles?tiendaId=bbbbbbbb-bbbb-4bbb-8bbb-bbbbbbbbbbbb&zona=Zona+Norte,200,54.789,
2026-08-31T03:54:49.237706+00:00,GET,http://localhost:3000/logistics/tenderos/productos-disponibles?tiendaId=bbbbbbbb-bbbb-4bbb-8bbb-bbbbbbbbbbbb&zona=Zona+Norte,200,53.320,
2026-08-31T03:54:49.287738+00:00,GET,http://localhost:3000/logistics/tenderos/productos-disponibles?tiendaId=bbbbbbbb-bbbb-4bbb-8bbb-bbbbbbbbbbbb&zona=Zona+Norte,200,51.428,
2026-08-31T03:54:49.337725+00:00,GET,http://localhost:3000/logistics/tenderos/productos-disponibles?tiendaId=bbbbbbbb-bbbb-4bbb-8bbb-bbbbbbbbbbbb&zona=Zona+Norte,200,49.977,
2026-08-31T03:54:49.387737+00:00,GET,http://localhost:3000/logistics/tenderos/productos-disponibles?tiendaId=bbbbbbbb-bbbb-4bbb-8bbb-bbbbbbbbbbbb&zona=Zona+Norte,200,50.827,
2026-08-31T03:54:49.437765+00:00,GET,http://localhost:3000/logistics/tenderos/productos-disponibles?tiendaId=bbbbbbbb-bbbb-4bbb-8bbb-bbbbbbbbbbbb&zona=Zona+Norte,200,48.305,
2026-08-31T03:54:49.486760+00:00,GET,http://localhost:3000/logistics/tenderos/productos-disponibles?tiendaId=bbbbbbbb-bbbb-4bbb-8bbb-bbbbbbbbbbbb&zona=Zona+Norte,200,51.603,
2026-08-31T03:54:49.537720+00:00,GET,http://localhost:3000/logistics/tenderos/productos-disponibles?tiendaId=bbbbbbbb-bbbb-4bbb-8bbb-bbbbbbbbbbbb&zona=Zona+Norte,200,52.564,
2026-08-31T03:54:49.587724+00:00,GET,http://localhost:3000/logistics/tenderos/productos-disponibles?tiendaId=bbbbbbbb-bbbb-4bbb-8bbb-bbbbbbbbbbbb&zona=Zona+Norte,200,55.145,
2026-08-31T03:54:49.637778+00:00,GET,http://localhost:3000/logistics/tenderos/productos-disponibles?tiendaId=bbbbbbbb-bbbb-4bbb-8bbb-bbbbbbbbbbbb&zona=Zona+Norte,200,48.394,
2026-08-31T03:54:49.686856+00:00,GET,http://localhost:3000/logistics/tenderos/productos-disponibles?tiendaId=bbbbbbbb-bbbb-4bbb-8bbb-bbbbbbbbbbbb&zona=Zona+Norte,200,48.916,
2026-08-31T03:54:49.736789+00:00,GET,http://localhost:3000/logistics/tenderos/productos-disponibles?tiendaId=bbbbbbbb-bbbb-4bbb-8bbb-bbbbbbbbbbbb&zona=Zona+Norte,200,51.212,
2026-08-31T03:54:49.786861+00:00,GET,http://localhost:3000/logistics/tenderos/productos-disponibles?tiendaId=bbbbbbbb-bbbb-4bbb-8bbb-bbbbbbbbbbbb&zona=Zona+Norte,200,51.460,
2026-08-31T03:54:49.837734+00:00,GET,http://localhost:3000/logistics/tenderos/productos-disponibles?tiendaId=bbbbbbbb-bbbb-4bbb-8bbb-bbbbbbbbbbbb&zona=Zona+Norte,200,53.495,
2026-08-31T03:54:49.887241+00:00,GET,http://localhost:3000/logistics/tenderos/productos-disponibles?tiendaId=bbbbbbbb-bbbb-4bbb-8bbb-bbbbbbbbbbbb&zona=Zona+Norte,200,56.086,
2026-08-31T03:54:49.937732+00:00,GET,http://localhost:3000/logistics/tenderos/productos-disponibles?tiendaId=bbbbbbbb-bbbb-4bbb-8bbb-bbbbbbbbbbbb&zona=Zona+Norte,200,52.766,
2026-08-31T03:54:49.987746+00:00,GET,http://localhost:3000/logistics/tenderos/productos-disponibles?tiendaId=bbbbbbbb-bbbb-4bbb-8bbb-bbbbbbbbbbbb&zona=Zona+Norte,200,58.370,
2026-08-31T03:54:50.037729+00:00,GET,http://localhost:3000/logistics/tenderos/productos-disponibles?tiendaId=bbbbbbbb-bbbb-4bbb-8bbb-bbbbbbbbbbbb&zona=Zona+Norte,200,56.933,
2026-08-31T03:54:50.087731+00:00,GET,http://localhost:3000/logistics/tenderos/productos-disponibles?tiendaId=bbbbbbbb-bbbb-4bbb-8bbb-bbbbbbbbbbbb&zona=Zona+Norte,200,52.180,
2026-08-31T03:54:50.137740+00:00,GET,http://localhost:3000/logistics/tenderos/productos-disponibles?tiendaId=bbbbbbbb-bbbb-4bbb-8bbb-bbbbbbbbbbbb&zona=Zona+Norte,200,53.853,
2026-08-31T03:54:50.187743+00:00,GET,http://localhost:3000/logistics/tenderos/productos-disponibles?tiendaId=bbbbbbbb-bbbb-4bbb-8bbb-bbbbbbbbbbbb&zona=Zona+Norte,200,51.908,
2026-08-31T03:54:50.237745+00:00,GET,http://localhost:3000/logistics/tenderos/productos-disponibles?tiendaId=bbbbbbbb-bbbb-4bbb-8bbb-bbbbbbbbbbbb&zona=Zona+Norte,200,51.234,
2026-08-31T03:54:50.287739+00:00,GET,http://localhost:3000/logistics/tenderos/productos-disponibles?tiendaId=bbbbbbbb-bbbb-4bbb-8bbb-bbbbbbbbbbbb&zona=Zona+Norte,200,55.558,
2026-08-31T03:54:50.337739+00:00,GET,http://localhost:3000/logistics/tenderos/productos-disponibles?tiendaId=bbbbbbbb-bbbb-4bbb-8bbb-bbbbbbbbbbbb&zona=Zona+Norte,200,57.913,
2026-08-31T03:54:50.387230+00:00,GET,http://localhost:3000/logistics/tenderos/productos-disponibles?tiendaId=bbbbbbbb-bbbb-4bbb-8bbb-bbbbbbbbbbbb&zona=Zona+Norte,200,63.661,
2026-08-31T03:54:50.437462+00:00,GET,http://localhost:3000/logistics/tenderos/productos-disponibles?tiendaId=bbbbbbbb-bbbb-4bbb-8bbb-bbbbbbbbbbbb&zona=Zona+Norte,200,56.874,
2026-08-31T03:54:50.487753+00:00,GET,http://localhost:3000/logistics/tenderos/productos-disponibles?tiendaId=bbbbbbbb-bbbb-4bbb-8bbb-bbbbbbbbbbbb&zona=Zona+Norte,200,59.615,
2026-08-31T03:54:50.537764+00:00,GET,http://localhost:3000/logistics/tenderos/productos-disponibles?tiendaId=bbbbbbbb-bbbb-4bbb-8bbb-bbbbbbbbbbbb&zona=Zona+Norte,200,61.459,
2026-08-31T03:54:50.587761+00:00,GET,http://localhost:3000/logistics/tenderos/productos-disponibles?tiendaId=bbbbbbbb-bbbb-4bbb-8bbb-bbbbbbbbbbbb&zona=Zona+Norte,200,59.872,
2026-08-31T03:54:50.637776+00:00,GET,http://localhost:3000/logistics/tenderos/productos-disponibles?tiendaId=bbbbbbbb-bbbb-4bbb-8bbb-bbbbbbbbbbbb&zona=Zona+Norte,200,55.465,
2026-08-31T03:54:50.687757+00:00,GET,http://localhost:3000/logistics/tenderos/productos-disponibles?tiendaId=bbbbbbbb-bbbb-4bbb-8bbb-bbbbbbbbbbbb&zona=Zona+Norte,200,58.418,
2026-08-31T03:54:50.737752+00:00,GET,http://localhost:3000/logistics/tenderos/productos-disponibles?tiendaId=bbbbbbbb-bbbb-4bbb-8bbb-bbbbbbbbbbbb&zona=Zona+Norte,200,58.008,
2026-08-31T03:54:50.787749+00:00,GET,http://localhost:3000/logistics/tenderos/productos-disponibles?tiendaId=bbbbbbbb-bbbb-4bbb-8bbb-bbbbbbbbbbbb&zona=Zona+Norte,200,55.338,
2026-08-31T03:54:50.837311+00:00,GET,http://localhost:3000/logistics/tenderos/productos-disponibles?tiendaId=bbbbbbbb-bbbb-4bbb-8bbb-bbbbbbbbbbbb&zona=Zona+Norte,200,50.047,
2026-08-31T03:54:50.887384+00:00,GET,http://localhost:3000/logistics/tenderos/productos-disponibles?tiendaId=bbbbbbbb-bbbb-4bbb-8bbb-bbbbbbbbbbbb&zona=Zona+Norte,200,48.723,
2026-08-31T03:54:50.936789+00:00,GET,http://localhost:3000/logistics/tenderos/productos-disponibles?tiendaId=bbbbbbbb-bbbb-4bbb-8bbb-bbbbbbbbbbbb&zona=Zona+Norte,200,48.692,
2026-08-31T03:54:50.986860+00:00,GET,http://localhost:3000/logistics/tenderos/productos-disponibles?tiendaId=bbbbbbbb-bbbb-4bbb-8bbb-bbbbbbbbbbbb&zona=Zona+Norte,200,49.521,
2026-08-31T03:54:51.036743+00:00,GET,http://localhost:3000/logistics/tenderos/productos-disponibles?tiendaId=bbbbbbbb-bbbb-4bbb-8bbb-bbbbbbbbbbbb&zona=Zona+Norte,200,47.340,
2026-08-31T03:54:51.087110+00:00,GET,http://localhost:3000/logistics/tenderos/productos-disponibles?tiendaId=bbbbbbbb-bbbb-4bbb-8bbb-bbbbbbbbbbbb&zona=Zona+Norte,200,47.641,
2026-08-31T03:54:51.136992+00:00,GET,http://localhost:3000/logistics/tenderos/productos-disponibles?tiendaId=bbbbbbbb-bbbb-4bbb-8bbb-bbbbbbbbbbbb&zona=Zona+Norte,200,53.351,
2026-08-31T03:54:51.187039+00:00,GET,http://localhost:3000/logistics/tenderos/productos-disponibles?tiendaId=bbbbbbbb-bbbb-4bbb-8bbb-bbbbbbbbbbbb&zona=Zona+Norte,200,53.233,
2026-08-31T03:54:51.237467+00:00,GET,http://localhost:3000/logistics/tenderos/productos-disponibles?tiendaId=bbbbbbbb-bbbb-4bbb-8bbb-bbbbbbbbbbbb&zona=Zona+Norte,200,53.548,
2026-08-31T03:54:51.287858+00:00,GET,http://localhost:3000/logistics/tenderos/productos-disponibles?tiendaId=bbbbbbbb-bbbb-4bbb-8bbb-bbbbbbbbbbbb&zona=Zona+Norte,200,51.343,
2026-08-31T03:54:51.337791+00:00,GET,http://localhost:3000/logistics/tenderos/productos-disponibles?tiendaId=bbbbbbbb-bbbb-4bbb-8bbb-bbbbbbbbbbbb&zona=Zona+Norte,200,55.197,
2026-08-31T03:54:51.387801+00:00,GET,http://localhost:3000/logistics/tenderos/productos-disponibles?tiendaId=bbbbbbbb-bbbb-4bbb-8bbb-bbbbbbbbbbbb&zona=Zona+Norte,200,57.385,
2026-08-31T03:54:51.437487+00:00,GET,http://localhost:3000/logistics/tenderos/productos-disponibles?tiendaId=bbbbbbbb-bbbb-4bbb-8bbb-bbbbbbbbbbbb&zona=Zona+Norte,200,50.378,
2026-08-31T03:54:51.487602+00:00,GET,http://localhost:3000/logistics/tenderos/productos-disponibles?tiendaId=bbbbbbbb-bbbb-4bbb-8bbb-bbbbbbbbbbbb&zona=Zona+Norte,200,49.664,
2026-08-31T03:54:51.537292+00:00,GET,http://localhost:3000/logistics/tenderos/productos-disponibles?tiendaId=bbbbbbbb-bbbb-4bbb-8bbb-bbbbbbbbbbbb&zona=Zona+Norte,200,56.764,
2026-08-31T03:54:51.587804+00:00,GET,http://localhost:3000/logistics/tenderos/productos-disponibles?tiendaId=bbbbbbbb-bbbb-4bbb-8bbb-bbbbbbbbbbbb&zona=Zona+Norte,200,55.985,
2026-08-31T03:54:51.637846+00:00,GET,http://localhost:3000/logistics/tenderos/productos-disponibles?tiendaId=bbbbbbbb-bbbb-4bbb-8bbb-bbbbbbbbbbbb&zona=Zona+Norte,200,50.010,
2026-08-31T03:54:51.687889+00:00,GET,http://localhost:3000/logistics/tenderos/productos-disponibles?tiendaId=bbbbbbbb-bbbb-4bbb-8bbb-bbbbbbbbbbbb&zona=Zona+Norte,200,52.350,
2026-08-31T03:54:51.737800+00:00,GET,http://localhost:3000/logistics/tenderos/productos-disponibles?tiendaId=bbbbbbbb-bbbb-4bbb-8bbb-bbbbbbbbbbbb&zona=Zona+Norte,200,51.830,
2026-08-31T03:54:51.787805+00:00,GET,http://localhost:3000/logistics/tenderos/productos-disponibles?tiendaId=bbbbbbbb-bbbb-4bbb-8bbb-bbbbbbbbbbbb&zona=Zona+Norte,200,51.287,
2026-08-31T03:54:51.837813+00:00,GET,http://localhost:3000/logistics/tenderos/productos-disponibles?tiendaId=bbbbbbbb-bbbb-4bbb-8bbb-bbbbbbbbbbbb&zona=Zona+Norte,200,50.303,
2026-08-31T03:54:51.887813+00:00,GET,http://localhost:3000/logistics/tenderos/productos-disponibles?tiendaId=bbbbbbbb-bbbb-4bbb-8bbb-bbbbbbbbbbbb&zona=Zona+Norte,200,55.450,
2026-08-31T03:54:51.937810+00:00,GET,http://localhost:3000/logistics/tenderos/productos-disponibles?tiendaId=bbbbbbbb-bbbb-4bbb-8bbb-bbbbbbbbbbbb&zona=Zona+Norte,200,55.654,
2026-08-31T03:54:51.987864+00:00,GET,http://localhost:3000/logistics/tenderos/productos-disponibles?tiendaId=bbbbbbbb-bbbb-4bbb-8bbb-bbbbbbbbbbbb&zona=Zona+Norte,200,55.225,
2026-08-31T03:54:52.037826+00:00,GET,http://localhost:3000/logistics/tenderos/productos-disponibles?tiendaId=bbbbbbbb-bbbb-4bbb-8bbb-bbbbbbbbbbbb&zona=Zona+Norte,200,50.607,
2026-08-31T03:54:52.087104+00:00,GET,http://localhost:3000/logistics/tenderos/productos-disponibles?tiendaId=bbbbbbbb-bbbb-4bbb-8bbb-bbbbbbbbbbbb&zona=Zona+Norte,200,51.483,
2026-08-31T03:54:52.137810+00:00,GET,http://localhost:3000/logistics/tenderos/productos-disponibles?tiendaId=bbbbbbbb-bbbb-4bbb-8bbb-bbbbbbbbbbbb&zona=Zona+Norte,200,50.824,
2026-08-31T03:54:52.187852+00:00,GET,http://localhost:3000/logistics/tenderos/productos-disponibles?tiendaId=bbbbbbbb-bbbb-4bbb-8bbb-bbbbbbbbbbbb&zona=Zona+Norte,200,51.054,
2026-08-31T03:54:52.237810+00:00,GET,http://localhost:3000/logistics/tenderos/productos-disponibles?tiendaId=bbbbbbbb-bbbb-4bbb-8bbb-bbbbbbbbbbbb&zona=Zona+Norte,200,50.283,
2026-08-31T03:54:52.287811+00:00,GET,http://localhost:3000/logistics/tenderos/productos-disponibles?tiendaId=bbbbbbbb-bbbb-4bbb-8bbb-bbbbbbbbbbbb&zona=Zona+Norte,200,56.770,
2026-08-31T03:54:52.337814+00:00,GET,http://localhost:3000/logistics/tenderos/productos-disponibles?tiendaId=bbbbbbbb-bbbb-4bbb-8bbb-bbbbbbbbbbbb&zona=Zona+Norte,200,55.516,
2026-08-31T03:54:52.387824+00:00,GET,http://localhost:3000/logistics/tenderos/productos-disponibles?tiendaId=bbbbbbbb-bbbb-4bbb-8bbb-bbbbbbbbbbbb&zona=Zona+Norte,200,55.289,
2026-08-31T03:54:52.437822+00:00,GET,http://localhost:3000/logistics/tenderos/productos-disponibles?tiendaId=bbbbbbbb-bbbb-4bbb-8bbb-bbbbbbbbbbbb&zona=Zona+Norte,200,52.894,
2026-08-31T03:54:52.487865+00:00,GET,http://localhost:3000/logistics/tenderos/productos-disponibles?tiendaId=bbbbbbbb-bbbb-4bbb-8bbb-bbbbbbbbbbbb&zona=Zona+Norte,200,59.981,
2026-08-31T03:54:52.537823+00:00,GET,http://localhost:3000/logistics/tenderos/productos-disponibles?tiendaId=bbbbbbbb-bbbb-4bbb-8bbb-bbbbbbbbbbbb&zona=Zona+Norte,200,49.818,
2026-08-31T03:54:52.587667+00:00,GET,http://localhost:3000/logistics/tenderos/productos-disponibles?tiendaId=bbbbbbbb-bbbb-4bbb-8bbb-bbbbbbbbbbbb&zona=Zona+Norte,200,50.114,
2026-08-31T03:54:52.637805+00:00,GET,http://localhost:3000/logistics/tenderos/productos-disponibles?tiendaId=bbbbbbbb-bbbb-4bbb-8bbb-bbbbbbbbbbbb&zona=Zona+Norte,200,50.389,
2026-08-31T03:54:52.687833+00:00,GET,http://localhost:3000/logistics/tenderos/productos-disponibles?tiendaId=bbbbbbbb-bbbb-4bbb-8bbb-bbbbbbbbbbbb&zona=Zona+Norte,200,52.352,
2026-08-31T03:54:52.737497+00:00,GET,http://localhost:3000/logistics/tenderos/productos-disponibles?tiendaId=bbbbbbbb-bbbb-4bbb-8bbb-bbbbbbbbbbbb&zona=Zona+Norte,200,55.794,
2026-08-31T03:54:52.787831+00:00,GET,http://localhost:3000/logistics/tenderos/productos-disponibles?tiendaId=bbbbbbbb-bbbb-4bbb-8bbb-bbbbbbbbbbbb&zona=Zona+Norte,200,51.499,
2026-08-31T03:54:52.837834+00:00,GET,http://localhost:3000/logistics/tenderos/productos-disponibles?tiendaId=bbbbbbbb-bbbb-4bbb-8bbb-bbbbbbbbbbbb&zona=Zona+Norte,200,52.009,
2026-08-31T03:54:52.887841+00:00,GET,http://localhost:3000/logistics/tenderos/productos-disponibles?tiendaId=bbbbbbbb-bbbb-4bbb-8bbb-bbbbbbbbbbbb&zona=Zona+Norte,200,53.180,
2026-08-31T03:54:52.937850+00:00,GET,http://localhost:3000/logistics/tenderos/productos-disponibles?tiendaId=bbbbbbbb-bbbb-4bbb-8bbb-bbbbbbbbbbbb&zona=Zona+Norte,200,50.009,
2026-08-31T03:54:52.987890+00:00,GET,http://localhost:3000/logistics/tenderos/productos-disponibles?tiendaId=bbbbbbbb-bbbb-4bbb-8bbb-bbbbbbbbbbbb&zona=Zona+Norte,200,50.230,
2026-08-31T03:54:53.037847+00:00,GET,http://localhost:3000/logistics/tenderos/productos-disponibles?tiendaId=bbbbbbbb-bbbb-4bbb-8bbb-bbbbbbbbbbbb&zona=Zona+Norte,200,52.509,
2026-08-31T03:54:53.087829+00:00,GET,http://localhost:3000/logistics/tenderos/productos-disponibles?tiendaId=bbbbbbbb-bbbb-4bbb-8bbb-bbbbbbbbbbbb&zona=Zona+Norte,200,48.855,
2026-08-31T03:54:53.136806+00:00,GET,http://localhost:3000/logistics/tenderos/productos-disponibles?tiendaId=bbbbbbbb-bbbb-4bbb-8bbb-bbbbbbbbbbbb&zona=Zona+Norte,200,51.049,
2026-08-31T03:54:53.187884+00:00,GET,http://localhost:3000/logistics/tenderos/productos-disponibles?tiendaId=bbbbbbbb-bbbb-4bbb-8bbb-bbbbbbbbbbbb&zona=Zona+Norte,200,51.344,
2026-08-31T03:54:53.237844+00:00,GET,http://localhost:3000/logistics/tenderos/productos-disponibles?tiendaId=bbbbbbbb-bbbb-4bbb-8bbb-bbbbbbbbbbbb&zona=Zona+Norte,200,52.912,
2026-08-31T03:54:53.287874+00:00,GET,http://localhost:3000/logistics/tenderos/productos-disponibles?tiendaId=bbbbbbbb-bbbb-4bbb-8bbb-bbbbbbbbbbbb&zona=Zona+Norte,200,50.039,
2026-08-31T03:54:53.337946+00:00,GET,http://localhost:3000/logistics/tenderos/productos-disponibles?tiendaId=bbbbbbbb-bbbb-4bbb-8bbb-bbbbbbbbbbbb&zona=Zona+Norte,200,55.993,
2026-08-31T03:54:53.387636+00:00,GET,http://localhost:3000/logistics/tenderos/productos-disponibles?tiendaId=bbbbbbbb-bbbb-4bbb-8bbb-bbbbbbbbbbbb&zona=Zona+Norte,200,55.469,
2026-08-31T03:54:53.437833+00:00,GET,http://localhost:3000/logistics/tenderos/productos-disponibles?tiendaId=bbbbbbbb-bbbb-4bbb-8bbb-bbbbbbbbbbbb&zona=Zona+Norte,200,50.466,
2026-08-31T03:54:53.487847+00:00,GET,http://localhost:3000/logistics/tenderos/productos-disponibles?tiendaId=bbbbbbbb-bbbb-4bbb-8bbb-bbbbbbbbbbbb&zona=Zona+Norte,200,54.218,
2026-08-31T03:54:53.537837+00:00,GET,http://localhost:3000/logistics/tenderos/productos-disponibles?tiendaId=bbbbbbbb-bbbb-4bbb-8bbb-bbbbbbbbbbbb&zona=Zona+Norte,200,51.121,
2026-08-31T03:54:53.587829+00:00,GET,http://localhost:3000/logistics/tenderos/productos-disponibles?tiendaId=bbbbbbbb-bbbb-4bbb-8bbb-bbbbbbbbbbbb&zona=Zona+Norte,200,54.318,
2026-08-31T03:54:53.637891+00:00,GET,http://localhost:3000/logistics/tenderos/productos-disponibles?tiendaId=bbbbbbbb-bbbb-4bbb-8bbb-bbbbbbbbbbbb&zona=Zona+Norte,200,53.407,
2026-08-31T03:54:53.687877+00:00,GET,http://localhost:3000/logistics/tenderos/productos-disponibles?tiendaId=bbbbbbbb-bbbb-4bbb-8bbb-bbbbbbbbbbbb&zona=Zona+Norte,200,53.549,
2026-08-31T03:54:53.737856+00:00,GET,http://localhost:3000/logistics/tenderos/productos-disponibles?tiendaId=bbbbbbbb-bbbb-4bbb-8bbb-bbbbbbbbbbbb&zona=Zona+Norte,200,55.811,
2026-08-31T03:54:53.787851+00:00,GET,http://localhost:3000/logistics/tenderos/productos-disponibles?tiendaId=bbbbbbbb-bbbb-4bbb-8bbb-bbbbbbbbbbbb&zona=Zona+Norte,200,55.237,
2026-08-31T03:54:53.837842+00:00,GET,http://localhost:3000/logistics/tenderos/productos-disponibles?tiendaId=bbbbbbbb-bbbb-4bbb-8bbb-bbbbbbbbbbbb&zona=Zona+Norte,200,52.761,
2026-08-31T03:54:53.887857+00:00,GET,http://localhost:3000/logistics/tenderos/productos-disponibles?tiendaId=bbbbbbbb-bbbb-4bbb-8bbb-bbbbbbbbbbbb&zona=Zona+Norte,200,51.752,
2026-08-31T03:54:53.937847+00:00,GET,http://localhost:3000/logistics/tenderos/productos-disponibles?tiendaId=bbbbbbbb-bbbb-4bbb-8bbb-bbbbbbbbbbbb&zona=Zona+Norte,200,59.910,
2026-08-31T03:54:53.987880+00:00,GET,http://localhost:3000/logistics/tenderos/productos-disponibles?tiendaId=bbbbbbbb-bbbb-4bbb-8bbb-bbbbbbbbbbbb&zona=Zona+Norte,200,54.026,
2026-08-31T03:54:54.037469+00:00,GET,http://localhost:3000/logistics/tenderos/productos-disponibles?tiendaId=bbbbbbbb-bbbb-4bbb-8bbb-bbbbbbbbbbbb&zona=Zona+Norte,200,50.453,
2026-08-31T03:54:54.087947+00:00,GET,http://localhost:3000/logistics/tenderos/productos-disponibles?tiendaId=bbbbbbbb-bbbb-4bbb-8bbb-bbbbbbbbbbbb&zona=Zona+Norte,200,48.402,
2026-08-31T03:54:54.136861+00:00,GET,http://localhost:3000/logistics/tenderos/productos-disponibles?tiendaId=bbbbbbbb-bbbb-4bbb-8bbb-bbbbbbbbbbbb&zona=Zona+Norte,200,49.379,
2026-08-31T03:54:54.186878+00:00,GET,http://localhost:3000/logistics/tenderos/productos-disponibles?tiendaId=bbbbbbbb-bbbb-4bbb-8bbb-bbbbbbbbbbbb&zona=Zona+Norte,200,55.801,
2026-08-31T03:54:54.237884+00:00,GET,http://localhost:3000/logistics/tenderos/productos-disponibles?tiendaId=bbbbbbbb-bbbb-4bbb-8bbb-bbbbbbbbbbbb&zona=Zona+Norte,200,51.587,
2026-08-31T03:54:54.287763+00:00,GET,http://localhost:3000/logistics/tenderos/productos-disponibles?tiendaId=bbbbbbbb-bbbb-4bbb-8bbb-bbbbbbbbbbbb&zona=Zona+Norte,200,50.565,
2026-08-31T03:54:54.337873+00:00,GET,http://localhost:3000/logistics/tenderos/productos-disponibles?tiendaId=bbbbbbbb-bbbb-4bbb-8bbb-bbbbbbbbbbbb&zona=Zona+Norte,200,51.832,
2026-08-31T03:54:54.387862+00:00,GET,http://localhost:3000/logistics/tenderos/productos-disponibles?tiendaId=bbbbbbbb-bbbb-4bbb-8bbb-bbbbbbbbbbbb&zona=Zona+Norte,200,56.786,
2026-08-31T03:54:54.437872+00:00,GET,http://localhost:3000/logistics/tenderos/productos-disponibles?tiendaId=bbbbbbbb-bbbb-4bbb-8bbb-bbbbbbbbbbbb&zona=Zona+Norte,200,51.239,
2026-08-31T03:54:54.487857+00:00,GET,http://localhost:3000/logistics/tenderos/productos-disponibles?tiendaId=bbbbbbbb-bbbb-4bbb-8bbb-bbbbbbbbbbbb&zona=Zona+Norte,200,57.535,
2026-08-31T03:54:54.537872+00:00,GET,http://localhost:3000/logistics/tenderos/productos-disponibles?tiendaId=bbbbbbbb-bbbb-4bbb-8bbb-bbbbbbbbbbbb&zona=Zona+Norte,200,56.896,
2026-08-31T03:54:54.587884+00:00,GET,http://localhost:3000/logistics/tenderos/productos-disponibles?tiendaId=bbbbbbbb-bbbb-4bbb-8bbb-bbbbbbbbbbbb&zona=Zona+Norte,200,50.675,
2026-08-31T03:54:54.637900+00:00,GET,http://localhost:3000/logistics/tenderos/productos-disponibles?tiendaId=bbbbbbbb-bbbb-4bbb-8bbb-bbbbbbbbbbbb&zona=Zona+Norte,200,56.015,
2026-08-31T03:54:54.687889+00:00,GET,http://localhost:3000/logistics/tenderos/productos-disponibles?tiendaId=bbbbbbbb-bbbb-4bbb-8bbb-bbbbbbbbbbbb&zona=Zona+Norte,200,54.939,
2026-08-31T03:54:54.737869+00:00,GET,http://localhost:3000/logistics/tenderos/productos-disponibles?tiendaId=bbbbbbbb-bbbb-4bbb-8bbb-bbbbbbbbbbbb&zona=Zona+Norte,200,53.048,
2026-08-31T03:54:54.787883+00:00,GET,http://localhost:3000/logistics/tenderos/productos-disponibles?tiendaId=bbbbbbbb-bbbb-4bbb-8bbb-bbbbbbbbbbbb&zona=Zona+Norte,200,50.530,
2026-08-31T03:54:54.837875+00:00,GET,http://localhost:3000/logistics/tenderos/productos-disponibles?tiendaId=bbbbbbbb-bbbb-4bbb-8bbb-bbbbbbbbbbbb&zona=Zona+Norte,200,57.118,
2026-08-31T03:54:54.887871+00:00,GET,http://localhost:3000/logistics/tenderos/productos-disponibles?tiendaId=bbbbbbbb-bbbb-4bbb-8bbb-bbbbbbbbbbbb&zona=Zona+Norte,200,51.963,
2026-08-31T03:54:54.937357+00:00,GET,http://localhost:3000/logistics/tenderos/productos-disponibles?tiendaId=bbbbbbbb-bbbb-4bbb-8bbb-bbbbbbbbbbbb&zona=Zona+Norte,200,50.768,
2026-08-31T03:54:54.987874+00:00,GET,http://localhost:3000/logistics/tenderos/productos-disponibles?tiendaId=bbbbbbbb-bbbb-4bbb-8bbb-bbbbbbbbbbbb&zona=Zona+Norte,200,48.955,
2026-08-31T03:54:55.036901+00:00,GET,http://localhost:3000/logistics/tenderos/productos-disponibles?tiendaId=bbbbbbbb-bbbb-4bbb-8bbb-bbbbbbbbbbbb&zona=Zona+Norte,200,52.666,
2026-08-31T03:54:55.087868+00:00,GET,http://localhost:3000/logistics/tenderos/productos-disponibles?tiendaId=bbbbbbbb-bbbb-4bbb-8bbb-bbbbbbbbbbbb&zona=Zona+Norte,200,50.490,
2026-08-31T03:54:55.137908+00:00,GET,http://localhost:3000/logistics/tenderos/productos-disponibles?tiendaId=bbbbbbbb-bbbb-4bbb-8bbb-bbbbbbbbbbbb&zona=Zona+Norte,200,50.499,
2026-08-31T03:54:55.187905+00:00,GET,http://localhost:3000/logistics/tenderos/productos-disponibles?tiendaId=bbbbbbbb-bbbb-4bbb-8bbb-bbbbbbbbbbbb&zona=Zona+Norte,200,51.314,
2026-08-31T03:54:55.237891+00:00,GET,http://localhost:3000/logistics/tenderos/productos-disponibles?tiendaId=bbbbbbbb-bbbb-4bbb-8bbb-bbbbbbbbbbbb&zona=Zona+Norte,200,50.250,
2026-08-31T03:54:55.287873+00:00,GET,http://localhost:3000/logistics/tenderos/productos-disponibles?tiendaId=bbbbbbbb-bbbb-4bbb-8bbb-bbbbbbbbbbbb&zona=Zona+Norte,200,51.155,
2026-08-31T03:54:55.337891+00:00,GET,http://localhost:3000/logistics/tenderos/productos-disponibles?tiendaId=bbbbbbbb-bbbb-4bbb-8bbb-bbbbbbbbbbbb&zona=Zona+Norte,200,56.022,
2026-08-31T03:54:55.387884+00:00,GET,http://localhost:3000/logistics/tenderos/productos-disponibles?tiendaId=bbbbbbbb-bbbb-4bbb-8bbb-bbbbbbbbbbbb&zona=Zona+Norte,200,50.633,
2026-08-31T03:54:55.437877+00:00,GET,http://localhost:3000/logistics/tenderos/productos-disponibles?tiendaId=bbbbbbbb-bbbb-4bbb-8bbb-bbbbbbbbbbbb&zona=Zona+Norte,200,53.057,
2026-08-31T03:54:55.487886+00:00,GET,http://localhost:3000/logistics/tenderos/productos-disponibles?tiendaId=bbbbbbbb-bbbb-4bbb-8bbb-bbbbbbbbbbbb&zona=Zona+Norte,200,51.340,
2026-08-31T03:54:55.537554+00:00,GET,http://localhost:3000/logistics/tenderos/productos-disponibles?tiendaId=bbbbbbbb-bbbb-4bbb-8bbb-bbbbbbbbbbbb&zona=Zona+Norte,200,50.348,
2026-08-31T03:54:55.587931+00:00,GET,http://localhost:3000/logistics/tenderos/productos-disponibles?tiendaId=bbbbbbbb-bbbb-4bbb-8bbb-bbbbbbbbbbbb&zona=Zona+Norte,200,50.975,
2026-08-31T03:54:55.637984+00:00,GET,http://localhost:3000/logistics/tenderos/productos-disponibles?tiendaId=bbbbbbbb-bbbb-4bbb-8bbb-bbbbbbbbbbbb&zona=Zona+Norte,200,58.150,
2026-08-31T03:54:55.687934+00:00,GET,http://localhost:3000/logistics/tenderos/productos-disponibles?tiendaId=bbbbbbbb-bbbb-4bbb-8bbb-bbbbbbbbbbbb&zona=Zona+Norte,200,52.581,
2026-08-31T03:54:55.737889+00:00,GET,http://localhost:3000/logistics/tenderos/productos-disponibles?tiendaId=bbbbbbbb-bbbb-4bbb-8bbb-bbbbbbbbbbbb&zona=Zona+Norte,200,58.542,
2026-08-31T03:54:55.787898+00:00,GET,http://localhost:3000/logistics/tenderos/productos-disponibles?tiendaId=bbbbbbbb-bbbb-4bbb-8bbb-bbbbbbbbbbbb&zona=Zona+Norte,200,52.100,
2026-08-31T03:54:55.837266+00:00,GET,http://localhost:3000/logistics/tenderos/productos-disponibles?tiendaId=bbbbbbbb-bbbb-4bbb-8bbb-bbbbbbbbbbbb&zona=Zona+Norte,200,51.279,
2026-08-31T03:54:55.887920+00:00,GET,http://localhost:3000/logistics/tenderos/productos-disponibles?tiendaId=bbbbbbbb-bbbb-4bbb-8bbb-bbbbbbbbbbbb&zona=Zona+Norte,200,49.749,
2026-08-31T03:54:55.937447+00:00,GET,http://localhost:3000/logistics/tenderos/productos-disponibles?tiendaId=bbbbbbbb-bbbb-4bbb-8bbb-bbbbbbbbbbbb&zona=Zona+Norte,200,50.427,
2026-08-31T03:54:55.987911+00:00,GET,http://localhost:3000/logistics/tenderos/productos-disponibles?tiendaId=bbbbbbbb-bbbb-4bbb-8bbb-bbbbbbbbbbbb&zona=Zona+Norte,200,51.331,
2026-08-31T03:54:56.037913+00:00,GET,http://localhost:3000/logistics/tenderos/productos-disponibles?tiendaId=bbbbbbbb-bbbb-4bbb-8bbb-bbbbbbbbbbbb&zona=Zona+Norte,200,51.227,
2026-08-31T03:54:56.087921+00:00,GET,http://localhost:3000/logistics/tenderos/productos-disponibles?tiendaId=bbbbbbbb-bbbb-4bbb-8bbb-bbbbbbbbbbbb&zona=Zona+Norte,200,50.566,
2026-08-31T03:54:56.137929+00:00,GET,http://localhost:3000/logistics/tenderos/productos-disponibles?tiendaId=bbbbbbbb-bbbb-4bbb-8bbb-bbbbbbbbbbbb&zona=Zona+Norte,200,49.673,
2026-08-31T03:54:56.187648+00:00,GET,http://localhost:3000/logistics/tenderos/productos-disponibles?tiendaId=bbbbbbbb-bbbb-4bbb-8bbb-bbbbbbbbbbbb&zona=Zona+Norte,200,49.131,
2026-08-31T03:54:56.236871+00:00,GET,http://localhost:3000/logistics/tenderos/productos-disponibles?tiendaId=bbbbbbbb-bbbb-4bbb-8bbb-bbbbbbbbbbbb&zona=Zona+Norte,200,50.829,
2026-08-31T03:54:56.287400+00:00,GET,http://localhost:3000/logistics/tenderos/productos-disponibles?tiendaId=bbbbbbbb-bbbb-4bbb-8bbb-bbbbbbbbbbbb&zona=Zona+Norte,200,50.342,
2026-08-31T03:54:56.337769+00:00,GET,http://localhost:3000/logistics/tenderos/productos-disponibles?tiendaId=bbbbbbbb-bbbb-4bbb-8bbb-bbbbbbbbbbbb&zona=Zona+Norte,200,51.187,
2026-08-31T03:54:56.387674+00:00,GET,http://localhost:3000/logistics/tenderos/productos-disponibles?tiendaId=bbbbbbbb-bbbb-4bbb-8bbb-bbbbbbbbbbbb&zona=Zona+Norte,200,51.777,
2026-08-31T03:54:56.437911+00:00,GET,http://localhost:3000/logistics/tenderos/productos-disponibles?tiendaId=bbbbbbbb-bbbb-4bbb-8bbb-bbbbbbbbbbbb&zona=Zona+Norte,200,51.311,
2026-08-31T03:54:56.487928+00:00,GET,http://localhost:3000/logistics/tenderos/productos-disponibles?tiendaId=bbbbbbbb-bbbb-4bbb-8bbb-bbbbbbbbbbbb&zona=Zona+Norte,200,51.756,
2026-08-31T03:54:56.537915+00:00,GET,http://localhost:3000/logistics/tenderos/productos-disponibles?tiendaId=bbbbbbbb-bbbb-4bbb-8bbb-bbbbbbbbbbbb&zona=Zona+Norte,200,50.319,
2026-08-31T03:54:56.587920+00:00,GET,http://localhost:3000/logistics/tenderos/productos-disponibles?tiendaId=bbbbbbbb-bbbb-4bbb-8bbb-bbbbbbbbbbbb&zona=Zona+Norte,200,51.217,
2026-08-31T03:54:56.637235+00:00,GET,http://localhost:3000/logistics/tenderos/productos-disponibles?tiendaId=bbbbbbbb-bbbb-4bbb-8bbb-bbbbbbbbbbbb&zona=Zona+Norte,200,50.987,
2026-08-31T03:54:56.687917+00:00,GET,http://localhost:3000/logistics/tenderos/productos-disponibles?tiendaId=bbbbbbbb-bbbb-4bbb-8bbb-bbbbbbbbbbbb&zona=Zona+Norte,200,50.762,
2026-08-31T03:54:56.737911+00:00,GET,http://localhost:3000/logistics/tenderos/productos-disponibles?tiendaId=bbbbbbbb-bbbb-4bbb-8bbb-bbbbbbbbbbbb&zona=Zona+Norte,200,52.687,
2026-08-31T03:54:56.787939+00:00,GET,http://localhost:3000/logistics/tenderos/productos-disponibles?tiendaId=bbbbbbbb-bbbb-4bbb-8bbb-bbbbbbbbbbbb&zona=Zona+Norte,200,51.977,
2026-08-31T03:54:56.837513+00:00,GET,http://localhost:3000/logistics/tenderos/productos-disponibles?tiendaId=bbbbbbbb-bbbb-4bbb-8bbb-bbbbbbbbbbbb&zona=Zona+Norte,200,50.387,
2026-08-31T03:54:56.887933+00:00,GET,http://localhost:3000/logistics/tenderos/productos-disponibles?tiendaId=bbbbbbbb-bbbb-4bbb-8bbb-bbbbbbbbbbbb&zona=Zona+Norte,200,54.881,
2026-08-31T03:54:56.937917+00:00,GET,http://localhost:3000/logistics/tenderos/productos-disponibles?tiendaId=bbbbbbbb-bbbb-4bbb-8bbb-bbbbbbbbbbbb&zona=Zona+Norte,200,51.503,
2026-08-31T03:54:56.988186+00:00,GET,http://localhost:3000/logistics/tenderos/productos-disponibles?tiendaId=bbbbbbbb-bbbb-4bbb-8bbb-bbbbbbbbbbbb&zona=Zona+Norte,200,51.818,
2026-08-31T03:54:57.037925+00:00,GET,http://localhost:3000/logistics/tenderos/productos-disponibles?tiendaId=bbbbbbbb-bbbb-4bbb-8bbb-bbbbbbbbbbbb&zona=Zona+Norte,200,50.580,
2026-08-31T03:54:57.087947+00:00,GET,http://localhost:3000/logistics/tenderos/productos-disponibles?tiendaId=bbbbbbbb-bbbb-4bbb-8bbb-bbbbbbbbbbbb&zona=Zona+Norte,200,50.720,
2026-08-31T03:54:57.137958+00:00,GET,http://localhost:3000/logistics/tenderos/productos-disponibles?tiendaId=bbbbbbbb-bbbb-4bbb-8bbb-bbbbbbbbbbbb&zona=Zona+Norte,200,53.496,
2026-08-31T03:54:57.187994+00:00,GET,http://localhost:3000/logistics/tenderos/productos-disponibles?tiendaId=bbbbbbbb-bbbb-4bbb-8bbb-bbbbbbbbbbbb&zona=Zona+Norte,200,54.846,
2026-08-31T03:54:57.237945+00:00,GET,http://localhost:3000/logistics/tenderos/productos-disponibles?tiendaId=bbbbbbbb-bbbb-4bbb-8bbb-bbbbbbbbbbbb&zona=Zona+Norte,200,53.350,
2026-08-31T03:54:57.287956+00:00,GET,http://localhost:3000/logistics/tenderos/productos-disponibles?tiendaId=bbbbbbbb-bbbb-4bbb-8bbb-bbbbbbbbbbbb&zona=Zona+Norte,200,51.892,
2026-08-31T03:54:57.337956+00:00,GET,http://localhost:3000/logistics/tenderos/productos-disponibles?tiendaId=bbbbbbbb-bbbb-4bbb-8bbb-bbbbbbbbbbbb&zona=Zona+Norte,200,56.234,
2026-08-31T03:54:57.387949+00:00,GET,http://localhost:3000/logistics/tenderos/productos-disponibles?tiendaId=bbbbbbbb-bbbb-4bbb-8bbb-bbbbbbbbbbbb&zona=Zona+Norte,200,51.963,
2026-08-31T03:54:57.437974+00:00,GET,http://localhost:3000/logistics/tenderos/productos-disponibles?tiendaId=bbbbbbbb-bbbb-4bbb-8bbb-bbbbbbbbbbbb&zona=Zona+Norte,200,51.907,
2026-08-31T03:54:57.487981+00:00,GET,http://localhost:3000/logistics/tenderos/productos-disponibles?tiendaId=bbbbbbbb-bbbb-4bbb-8bbb-bbbbbbbbbbbb&zona=Zona+Norte,200,53.871,
2026-08-31T03:54:57.537945+00:00,GET,http://localhost:3000/logistics/tenderos/productos-disponibles?tiendaId=bbbbbbbb-bbbb-4bbb-8bbb-bbbbbbbbbbbb&zona=Zona+Norte,200,51.897,
2026-08-31T03:54:57.587994+00:00,GET,http://localhost:3000/logistics/tenderos/productos-disponibles?tiendaId=bbbbbbbb-bbbb-4bbb-8bbb-bbbbbbbbbbbb&zona=Zona+Norte,200,50.084,
2026-08-31T03:54:57.637592+00:00,GET,http://localhost:3000/logistics/tenderos/productos-disponibles?tiendaId=bbbbbbbb-bbbb-4bbb-8bbb-bbbbbbbbbbbb&zona=Zona+Norte,200,49.558,
2026-08-31T03:54:57.687194+00:00,GET,http://localhost:3000/logistics/tenderos/productos-disponibles?tiendaId=bbbbbbbb-bbbb-4bbb-8bbb-bbbbbbbbbbbb&zona=Zona+Norte,200,54.829,
2026-08-31T03:54:57.737889+00:00,GET,http://localhost:3000/logistics/tenderos/productos-disponibles?tiendaId=bbbbbbbb-bbbb-4bbb-8bbb-bbbbbbbbbbbb&zona=Zona+Norte,200,50.504,
2026-08-31T03:54:57.787447+00:00,GET,http://localhost:3000/logistics/tenderos/productos-disponibles?tiendaId=bbbbbbbb-bbbb-4bbb-8bbb-bbbbbbbbbbbb&zona=Zona+Norte,200,51.074,
2026-08-31T03:54:57.837982+00:00,GET,http://localhost:3000/logistics/tenderos/productos-disponibles?tiendaId=bbbbbbbb-bbbb-4bbb-8bbb-bbbbbbbbbbbb&zona=Zona+Norte,200,50.944,
2026-08-31T03:54:57.887993+00:00,GET,http://localhost:3000/logistics/tenderos/productos-disponibles?tiendaId=bbbbbbbb-bbbb-4bbb-8bbb-bbbbbbbbbbbb&zona=Zona+Norte,200,51.894,
2026-08-31T03:54:57.937959+00:00,GET,http://localhost:3000/logistics/tenderos/productos-disponibles?tiendaId=bbbbbbbb-bbbb-4bbb-8bbb-bbbbbbbbbbbb&zona=Zona+Norte,200,54.905,
2026-08-31T03:54:57.987959+00:00,GET,http://localhost:3000/logistics/tenderos/productos-disponibles?tiendaId=bbbbbbbb-bbbb-4bbb-8bbb-bbbbbbbbbbbb&zona=Zona+Norte,200,61.373,
2026-08-31T03:54:58.037799+00:00,GET,http://localhost:3000/logistics/tenderos/productos-disponibles?tiendaId=bbbbbbbb-bbbb-4bbb-8bbb-bbbbbbbbbbbb&zona=Zona+Norte,200,58.573,
2026-08-31T03:54:58.087959+00:00,GET,http://localhost:3000/logistics/tenderos/productos-disponibles?tiendaId=bbbbbbbb-bbbb-4bbb-8bbb-bbbbbbbbbbbb&zona=Zona+Norte,200,53.897,
2026-08-31T03:54:58.137989+00:00,GET,http://localhost:3000/logistics/tenderos/productos-disponibles?tiendaId=bbbbbbbb-bbbb-4bbb-8bbb-bbbbbbbbbbbb&zona=Zona+Norte,200,52.643,
2026-08-31T03:54:58.187910+00:00,GET,http://localhost:3000/logistics/tenderos/productos-disponibles?tiendaId=bbbbbbbb-bbbb-4bbb-8bbb-bbbbbbbbbbbb&zona=Zona+Norte,200,53.369,
2026-08-31T03:54:58.237937+00:00,GET,http://localhost:3000/logistics/tenderos/productos-disponibles?tiendaId=bbbbbbbb-bbbb-4bbb-8bbb-bbbbbbbbbbbb&zona=Zona+Norte,200,53.785,
2026-08-31T03:54:58.287981+00:00,GET,http://localhost:3000/logistics/tenderos/productos-disponibles?tiendaId=bbbbbbbb-bbbb-4bbb-8bbb-bbbbbbbbbbbb&zona=Zona+Norte,200,53.693,
2026-08-31T03:54:58.337957+00:00,GET,http://localhost:3000/logistics/tenderos/productos-disponibles?tiendaId=bbbbbbbb-bbbb-4bbb-8bbb-bbbbbbbbbbbb&zona=Zona+Norte,200,55.819,
2026-08-31T03:54:58.387956+00:00,GET,http://localhost:3000/logistics/tenderos/productos-disponibles?tiendaId=bbbbbbbb-bbbb-4bbb-8bbb-bbbbbbbbbbbb&zona=Zona+Norte,200,62.465,
2026-08-31T03:54:58.437970+00:00,GET,http://localhost:3000/logistics/tenderos/productos-disponibles?tiendaId=bbbbbbbb-bbbb-4bbb-8bbb-bbbbbbbbbbbb&zona=Zona+Norte,200,59.409,
2026-08-31T03:54:58.487059+00:00,GET,http://localhost:3000/logistics/tenderos/productos-disponibles?tiendaId=bbbbbbbb-bbbb-4bbb-8bbb-bbbbbbbbbbbb&zona=Zona+Norte,200,59.081,
2026-08-31T03:54:58.537966+00:00,GET,http://localhost:3000/logistics/tenderos/productos-disponibles?tiendaId=bbbbbbbb-bbbb-4bbb-8bbb-bbbbbbbbbbbb&zona=Zona+Norte,200,56.467,
2026-08-31T03:54:58.587966+00:00,GET,http://localhost:3000/logistics/tenderos/productos-disponibles?tiendaId=bbbbbbbb-bbbb-4bbb-8bbb-bbbbbbbbbbbb&zona=Zona+Norte,200,57.085,
2026-08-31T03:54:58.637983+00:00,GET,http://localhost:3000/logistics/tenderos/productos-disponibles?tiendaId=bbbbbbbb-bbbb-4bbb-8bbb-bbbbbbbbbbbb&zona=Zona+Norte,200,55.689,
2026-08-31T03:54:58.687014+00:00,GET,http://localhost:3000/logistics/tenderos/productos-disponibles?tiendaId=bbbbbbbb-bbbb-4bbb-8bbb-bbbbbbbbbbbb&zona=Zona+Norte,200,58.735,
2026-08-31T03:54:58.737218+00:00,GET,http://localhost:3000/logistics/tenderos/productos-disponibles?tiendaId=bbbbbbbb-bbbb-4bbb-8bbb-bbbbbbbbbbbb&zona=Zona+Norte,200,53.556,
2026-08-31T03:54:58.787973+00:00,GET,http://localhost:3000/logistics/tenderos/productos-disponibles?tiendaId=bbbbbbbb-bbbb-4bbb-8bbb-bbbbbbbbbbbb&zona=Zona+Norte,200,58.090,
2026-08-31T03:54:58.837948+00:00,GET,http://localhost:3000/logistics/tenderos/productos-disponibles?tiendaId=bbbbbbbb-bbbb-4bbb-8bbb-bbbbbbbbbbbb&zona=Zona+Norte,200,55.512,
2026-08-31T03:54:58.887971+00:00,GET,http://localhost:3000/logistics/tenderos/productos-disponibles?tiendaId=bbbbbbbb-bbbb-4bbb-8bbb-bbbbbbbbbbbb&zona=Zona+Norte,200,56.589,
2026-08-31T03:54:58.937091+00:00,GET,http://localhost:3000/logistics/tenderos/productos-disponibles?tiendaId=bbbbbbbb-bbbb-4bbb-8bbb-bbbbbbbbbbbb&zona=Zona+Norte,200,55.834,
2026-08-31T03:54:58.987922+00:00,GET,http://localhost:3000/logistics/tenderos/productos-disponibles?tiendaId=bbbbbbbb-bbbb-4bbb-8bbb-bbbbbbbbbbbb&zona=Zona+Norte,200,57.667,
2026-08-31T03:54:59.037998+00:00,GET,http://localhost:3000/logistics/tenderos/productos-disponibles?tiendaId=bbbbbbbb-bbbb-4bbb-8bbb-bbbbbbbbbbbb&zona=Zona+Norte,200,59.201,
2026-08-31T03:54:59.088008+00:00,GET,http://localhost:3000/logistics/tenderos/productos-disponibles?tiendaId=bbbbbbbb-bbbb-4bbb-8bbb-bbbbbbbbbbbb&zona=Zona+Norte,200,63.377,
2026-08-31T03:54:59.137498+00:00,GET,http://localhost:3000/logistics/tenderos/productos-disponibles?tiendaId=bbbbbbbb-bbbb-4bbb-8bbb-bbbbbbbbbbbb&zona=Zona+Norte,200,52.469,
2026-08-31T03:54:59.188014+00:00,GET,http://localhost:3000/logistics/tenderos/productos-disponibles?tiendaId=bbbbbbbb-bbbb-4bbb-8bbb-bbbbbbbbbbbb&zona=Zona+Norte,200,51.811,
2026-08-31T03:54:59.237976+00:00,GET,http://localhost:3000/logistics/tenderos/productos-disponibles?tiendaId=bbbbbbbb-bbbb-4bbb-8bbb-bbbbbbbbbbbb&zona=Zona+Norte,200,51.709,
2026-08-31T03:54:59.287957+00:00,GET,http://localhost:3000/logistics/tenderos/productos-disponibles?tiendaId=bbbbbbbb-bbbb-4bbb-8bbb-bbbbbbbbbbbb&zona=Zona+Norte,200,53.256,
2026-08-31T03:54:59.337969+00:00,GET,http://localhost:3000/logistics/tenderos/productos-disponibles?tiendaId=bbbbbbbb-bbbb-4bbb-8bbb-bbbbbbbbbbbb&zona=Zona+Norte,200,52.175,
2026-08-31T03:54:59.387914+00:00,GET,http://localhost:3000/logistics/tenderos/productos-disponibles?tiendaId=bbbbbbbb-bbbb-4bbb-8bbb-bbbbbbbbbbbb&zona=Zona+Norte,200,51.637,
2026-08-31T03:54:59.438013+00:00,GET,http://localhost:3000/logistics/tenderos/productos-disponibles?tiendaId=bbbbbbbb-bbbb-4bbb-8bbb-bbbbbbbbbbbb&zona=Zona+Norte,200,56.461,
2026-08-31T03:54:59.487345+00:00,GET,http://localhost:3000/logistics/tenderos/productos-disponibles?tiendaId=bbbbbbbb-bbbb-4bbb-8bbb-bbbbbbbbbbbb&zona=Zona+Norte,200,57.788,
2026-08-31T03:54:59.537987+00:00,GET,http://localhost:3000/logistics/tenderos/productos-disponibles?tiendaId=bbbbbbbb-bbbb-4bbb-8bbb-bbbbbbbbbbbb&zona=Zona+Norte,200,51.492,
2026-08-31T03:54:59.588031+00:00,GET,http://localhost:3000/logistics/tenderos/productos-disponibles?tiendaId=bbbbbbbb-bbbb-4bbb-8bbb-bbbbbbbbbbbb&zona=Zona+Norte,200,51.260,
2026-08-31T03:54:59.637987+00:00,GET,http://localhost:3000/logistics/tenderos/productos-disponibles?tiendaId=bbbbbbbb-bbbb-4bbb-8bbb-bbbbbbbbbbbb&zona=Zona+Norte,200,56.727,
2026-08-31T03:54:59.687985+00:00,GET,http://localhost:3000/logistics/tenderos/productos-disponibles?tiendaId=bbbbbbbb-bbbb-4bbb-8bbb-bbbbbbbbbbbb&zona=Zona+Norte,200,53.339,
2026-08-31T03:54:59.737990+00:00,GET,http://localhost:3000/logistics/tenderos/productos-disponibles?tiendaId=bbbbbbbb-bbbb-4bbb-8bbb-bbbbbbbbbbbb&zona=Zona+Norte,200,51.639,
2026-08-31T03:54:59.788091+00:00,GET,http://localhost:3000/logistics/tenderos/productos-disponibles?tiendaId=bbbbbbbb-bbbb-4bbb-8bbb-bbbbbbbbbbbb&zona=Zona+Norte,200,50.879,
2026-08-31T03:54:59.838011+00:00,GET,http://localhost:3000/logistics/tenderos/productos-disponibles?tiendaId=bbbbbbbb-bbbb-4bbb-8bbb-bbbbbbbbbbbb&zona=Zona+Norte,200,51.757,
2026-08-31T03:54:59.888005+00:00,GET,http://localhost:3000/logistics/tenderos/productos-disponibles?tiendaId=bbbbbbbb-bbbb-4bbb-8bbb-bbbbbbbbbbbb&zona=Zona+Norte,200,52.038,
2026-08-31T03:54:59.937981+00:00,GET,http://localhost:3000/logistics/tenderos/productos-disponibles?tiendaId=bbbbbbbb-bbbb-4bbb-8bbb-bbbbbbbbbbbb&zona=Zona+Norte,200,51.348,
2026-08-31T03:54:59.987994+00:00,GET,http://localhost:3000/logistics/tenderos/productos-disponibles?tiendaId=bbbbbbbb-bbbb-4bbb-8bbb-bbbbbbbbbbbb&zona=Zona+Norte,200,51.241,
2026-08-31T03:55:00.038004+00:00,GET,http://localhost:3000/logistics/tenderos/productos-disponibles?tiendaId=bbbbbbbb-bbbb-4bbb-8bbb-bbbbbbbbbbbb&zona=Zona+Norte,200,51.972,
2026-08-31T03:55:00.087994+00:00,GET,http://localhost:3000/logistics/tenderos/productos-disponibles?tiendaId=bbbbbbbb-bbbb-4bbb-8bbb-bbbbbbbbbbbb&zona=Zona+Norte,200,53.073,
2026-08-31T03:55:00.138078+00:00,GET,http://localhost:3000/logistics/tenderos/productos-disponibles?tiendaId=bbbbbbbb-bbbb-4bbb-8bbb-bbbbbbbbbbbb&zona=Zona+Norte,200,53.405,
2026-08-31T03:55:00.187992+00:00,GET,http://localhost:3000/logistics/tenderos/productos-disponibles?tiendaId=bbbbbbbb-bbbb-4bbb-8bbb-bbbbbbbbbbbb&zona=Zona+Norte,200,58.227,
2026-08-31T03:55:00.238002+00:00,GET,http://localhost:3000/logistics/tenderos/productos-disponibles?tiendaId=bbbbbbbb-bbbb-4bbb-8bbb-bbbbbbbbbbbb&zona=Zona+Norte,200,54.386,
2026-08-31T03:55:00.288012+00:00,GET,http://localhost:3000/logistics/tenderos/productos-disponibles?tiendaId=bbbbbbbb-bbbb-4bbb-8bbb-bbbbbbbbbbbb&zona=Zona+Norte,200,57.578,
2026-08-31T03:55:00.337992+00:00,GET,http://localhost:3000/logistics/tenderos/productos-disponibles?tiendaId=bbbbbbbb-bbbb-4bbb-8bbb-bbbbbbbbbbbb&zona=Zona+Norte,200,58.779,
2026-08-31T03:55:00.388052+00:00,GET,http://localhost:3000/logistics/tenderos/productos-disponibles?tiendaId=bbbbbbbb-bbbb-4bbb-8bbb-bbbbbbbbbbbb&zona=Zona+Norte,200,56.721,
2026-08-31T03:55:00.437994+00:00,GET,http://localhost:3000/logistics/tenderos/productos-disponibles?tiendaId=bbbbbbbb-bbbb-4bbb-8bbb-bbbbbbbbbbbb&zona=Zona+Norte,200,51.482,
2026-08-31T03:55:00.487978+00:00,GET,http://localhost:3000/logistics/tenderos/productos-disponibles?tiendaId=bbbbbbbb-bbbb-4bbb-8bbb-bbbbbbbbbbbb&zona=Zona+Norte,200,57.071,
2026-08-31T03:55:00.538025+00:00,GET,http://localhost:3000/logistics/tenderos/productos-disponibles?tiendaId=bbbbbbbb-bbbb-4bbb-8bbb-bbbbbbbbbbbb&zona=Zona+Norte,200,52.361,
2026-08-31T03:55:00.588008+00:00,GET,http://localhost:3000/logistics/tenderos/productos-disponibles?tiendaId=bbbbbbbb-bbbb-4bbb-8bbb-bbbbbbbbbbbb&zona=Zona+Norte,200,60.044,
2026-08-31T03:55:00.638107+00:00,GET,http://localhost:3000/logistics/tenderos/productos-disponibles?tiendaId=bbbbbbbb-bbbb-4bbb-8bbb-bbbbbbbbbbbb&zona=Zona+Norte,200,52.270,
2026-08-31T03:55:00.687775+00:00,GET,http://localhost:3000/logistics/tenderos/productos-disponibles?tiendaId=bbbbbbbb-bbbb-4bbb-8bbb-bbbbbbbbbbbb&zona=Zona+Norte,200,56.320,
2026-08-31T03:55:00.738027+00:00,GET,http://localhost:3000/logistics/tenderos/productos-disponibles?tiendaId=bbbbbbbb-bbbb-4bbb-8bbb-bbbbbbbbbbbb&zona=Zona+Norte,200,60.513,
2026-08-31T03:55:00.788038+00:00,GET,http://localhost:3000/logistics/tenderos/productos-disponibles?tiendaId=bbbbbbbb-bbbb-4bbb-8bbb-bbbbbbbbbbbb&zona=Zona+Norte,200,65.085,
2026-08-31T03:55:00.838026+00:00,GET,http://localhost:3000/logistics/tenderos/productos-disponibles?tiendaId=bbbbbbbb-bbbb-4bbb-8bbb-bbbbbbbbbbbb&zona=Zona+Norte,200,54.480,
2026-08-31T03:55:00.888015+00:00,GET,http://localhost:3000/logistics/tenderos/productos-disponibles?tiendaId=bbbbbbbb-bbbb-4bbb-8bbb-bbbbbbbbbbbb&zona=Zona+Norte,200,55.516,
2026-08-31T03:55:00.937441+00:00,GET,http://localhost:3000/logistics/tenderos/productos-disponibles?tiendaId=bbbbbbbb-bbbb-4bbb-8bbb-bbbbbbbbbbbb&zona=Zona+Norte,200,49.337,
2026-08-31T03:55:00.986973+00:00,GET,http://localhost:3000/logistics/tenderos/productos-disponibles?tiendaId=bbbbbbbb-bbbb-4bbb-8bbb-bbbbbbbbbbbb&zona=Zona+Norte,200,51.513,
2026-08-31T03:55:01.038013+00:00,GET,http://localhost:3000/logistics/tenderos/productos-disponibles?tiendaId=bbbbbbbb-bbbb-4bbb-8bbb-bbbbbbbbbbbb&zona=Zona+Norte,200,57.996,
2026-08-31T03:55:01.088004+00:00,GET,http://localhost:3000/logistics/tenderos/productos-disponibles?tiendaId=bbbbbbbb-bbbb-4bbb-8bbb-bbbbbbbbbbbb&zona=Zona+Norte,200,56.825,
2026-08-31T03:55:01.138063+00:00,GET,http://localhost:3000/logistics/tenderos/productos-disponibles?tiendaId=bbbbbbbb-bbbb-4bbb-8bbb-bbbbbbbbbbbb&zona=Zona+Norte,200,52.255,
2026-08-31T03:55:01.188001+00:00,GET,http://localhost:3000/logistics/tenderos/productos-disponibles?tiendaId=bbbbbbbb-bbbb-4bbb-8bbb-bbbbbbbbbbbb&zona=Zona+Norte,200,54.736,
2026-08-31T03:55:01.238032+00:00,GET,http://localhost:3000/logistics/tenderos/productos-disponibles?tiendaId=bbbbbbbb-bbbb-4bbb-8bbb-bbbbbbbbbbbb&zona=Zona+Norte,200,51.488,
2026-08-31T03:55:01.287330+00:00,GET,http://localhost:3000/logistics/tenderos/productos-disponibles?tiendaId=bbbbbbbb-bbbb-4bbb-8bbb-bbbbbbbbbbbb&zona=Zona+Norte,200,56.939,
2026-08-31T03:55:01.338055+00:00,GET,http://localhost:3000/logistics/tenderos/productos-disponibles?tiendaId=bbbbbbbb-bbbb-4bbb-8bbb-bbbbbbbbbbbb&zona=Zona+Norte,200,52.329,
2026-08-31T03:55:01.388024+00:00,GET,http://localhost:3000/logistics/tenderos/productos-disponibles?tiendaId=bbbbbbbb-bbbb-4bbb-8bbb-bbbbbbbbbbbb&zona=Zona+Norte,200,52.934,
2026-08-31T03:55:01.438038+00:00,GET,http://localhost:3000/logistics/tenderos/productos-disponibles?tiendaId=bbbbbbbb-bbbb-4bbb-8bbb-bbbbbbbbbbbb&zona=Zona+Norte,200,53.296,
2026-08-31T03:55:01.488030+00:00,GET,http://localhost:3000/logistics/tenderos/productos-disponibles?tiendaId=bbbbbbbb-bbbb-4bbb-8bbb-bbbbbbbbbbbb&zona=Zona+Norte,200,52.151,
2026-08-31T03:55:01.537449+00:00,GET,http://localhost:3000/logistics/tenderos/productos-disponibles?tiendaId=bbbbbbbb-bbbb-4bbb-8bbb-bbbbbbbbbbbb&zona=Zona+Norte,200,54.929,
2026-08-31T03:55:01.588067+00:00,GET,http://localhost:3000/logistics/tenderos/productos-disponibles?tiendaId=bbbbbbbb-bbbb-4bbb-8bbb-bbbbbbbbbbbb&zona=Zona+Norte,200,54.736,
2026-08-31T03:55:01.638133+00:00,GET,http://localhost:3000/logistics/tenderos/productos-disponibles?tiendaId=bbbbbbbb-bbbb-4bbb-8bbb-bbbbbbbbbbbb&zona=Zona+Norte,200,53.331,
2026-08-31T03:55:01.687482+00:00,GET,http://localhost:3000/logistics/tenderos/productos-disponibles?tiendaId=bbbbbbbb-bbbb-4bbb-8bbb-bbbbbbbbbbbb&zona=Zona+Norte,200,53.643,
2026-08-31T03:55:01.738051+00:00,GET,http://localhost:3000/logistics/tenderos/productos-disponibles?tiendaId=bbbbbbbb-bbbb-4bbb-8bbb-bbbbbbbbbbbb&zona=Zona+Norte,200,52.268,
2026-08-31T03:55:01.788072+00:00,GET,http://localhost:3000/logistics/tenderos/productos-disponibles?tiendaId=bbbbbbbb-bbbb-4bbb-8bbb-bbbbbbbbbbbb&zona=Zona+Norte,200,51.631,
2026-08-31T03:55:01.837441+00:00,GET,http://localhost:3000/logistics/tenderos/productos-disponibles?tiendaId=bbbbbbbb-bbbb-4bbb-8bbb-bbbbbbbbbbbb&zona=Zona+Norte,200,52.693,
2026-08-31T03:55:01.887702+00:00,GET,http://localhost:3000/logistics/tenderos/productos-disponibles?tiendaId=bbbbbbbb-bbbb-4bbb-8bbb-bbbbbbbbbbbb&zona=Zona+Norte,200,53.993,
2026-08-31T03:55:01.938075+00:00,GET,http://localhost:3000/logistics/tenderos/productos-disponibles?tiendaId=bbbbbbbb-bbbb-4bbb-8bbb-bbbbbbbbbbbb&zona=Zona+Norte,200,53.679,
2026-08-31T03:55:01.987273+00:00,GET,http://localhost:3000/logistics/tenderos/productos-disponibles?tiendaId=bbbbbbbb-bbbb-4bbb-8bbb-bbbbbbbbbbbb&zona=Zona+Norte,200,54.278,
2026-08-31T03:55:02.038055+00:00,GET,http://localhost:3000/logistics/tenderos/productos-disponibles?tiendaId=bbbbbbbb-bbbb-4bbb-8bbb-bbbbbbbbbbbb&zona=Zona+Norte,200,59.307,
2026-08-31T03:55:02.088054+00:00,GET,http://localhost:3000/logistics/tenderos/productos-disponibles?tiendaId=bbbbbbbb-bbbb-4bbb-8bbb-bbbbbbbbbbbb&zona=Zona+Norte,200,53.918,
2026-08-31T03:55:02.138021+00:00,GET,http://localhost:3000/logistics/tenderos/productos-disponibles?tiendaId=bbbbbbbb-bbbb-4bbb-8bbb-bbbbbbbbbbbb&zona=Zona+Norte,200,55.468,
2026-08-31T03:55:02.188025+00:00,GET,http://localhost:3000/logistics/tenderos/productos-disponibles?tiendaId=bbbbbbbb-bbbb-4bbb-8bbb-bbbbbbbbbbbb&zona=Zona+Norte,200,51.286,
2026-08-31T03:55:02.238028+00:00,GET,http://localhost:3000/logistics/tenderos/productos-disponibles?tiendaId=bbbbbbbb-bbbb-4bbb-8bbb-bbbbbbbbbbbb&zona=Zona+Norte,200,50.877,
2026-08-31T03:55:02.288058+00:00,GET,http://localhost:3000/logistics/tenderos/productos-disponibles?tiendaId=bbbbbbbb-bbbb-4bbb-8bbb-bbbbbbbbbbbb&zona=Zona+Norte,200,52.111,
2026-08-31T03:55:02.338047+00:00,GET,http://localhost:3000/logistics/tenderos/productos-disponibles?tiendaId=bbbbbbbb-bbbb-4bbb-8bbb-bbbbbbbbbbbb&zona=Zona+Norte,200,55.273,
2026-08-31T03:55:02.387887+00:00,GET,http://localhost:3000/logistics/tenderos/productos-disponibles?tiendaId=bbbbbbbb-bbbb-4bbb-8bbb-bbbbbbbbbbbb&zona=Zona+Norte,200,54.864,
2026-08-31T03:55:02.437810+00:00,GET,http://localhost:3000/logistics/tenderos/productos-disponibles?tiendaId=bbbbbbbb-bbbb-4bbb-8bbb-bbbbbbbbbbbb&zona=Zona+Norte,200,53.569,
2026-08-31T03:55:02.488029+00:00,GET,http://localhost:3000/logistics/tenderos/productos-disponibles?tiendaId=bbbbbbbb-bbbb-4bbb-8bbb-bbbbbbbbbbbb&zona=Zona+Norte,200,53.333,
2026-08-31T03:55:02.538051+00:00,GET,http://localhost:3000/logistics/tenderos/productos-disponibles?tiendaId=bbbbbbbb-bbbb-4bbb-8bbb-bbbbbbbbbbbb&zona=Zona+Norte,200,51.722,
2026-08-31T03:55:02.588055+00:00,GET,http://localhost:3000/logistics/tenderos/productos-disponibles?tiendaId=bbbbbbbb-bbbb-4bbb-8bbb-bbbbbbbbbbbb&zona=Zona+Norte,200,59.670,
2026-08-31T03:55:02.638099+00:00,GET,http://localhost:3000/logistics/tenderos/productos-disponibles?tiendaId=bbbbbbbb-bbbb-4bbb-8bbb-bbbbbbbbbbbb&zona=Zona+Norte,200,60.263,
2026-08-31T03:55:02.687704+00:00,GET,http://localhost:3000/logistics/tenderos/productos-disponibles?tiendaId=bbbbbbbb-bbbb-4bbb-8bbb-bbbbbbbbbbbb&zona=Zona+Norte,200,56.484,
2026-08-31T03:55:02.738075+00:00,GET,http://localhost:3000/logistics/tenderos/productos-disponibles?tiendaId=bbbbbbbb-bbbb-4bbb-8bbb-bbbbbbbbbbbb&zona=Zona+Norte,200,55.625,
2026-08-31T03:55:02.788087+00:00,GET,http://localhost:3000/logistics/tenderos/productos-disponibles?tiendaId=bbbbbbbb-bbbb-4bbb-8bbb-bbbbbbbbbbbb&zona=Zona+Norte,200,54.230,
2026-08-31T03:55:02.837386+00:00,GET,http://localhost:3000/logistics/tenderos/productos-disponibles?tiendaId=bbbbbbbb-bbbb-4bbb-8bbb-bbbbbbbbbbbb&zona=Zona+Norte,200,54.613,
2026-08-31T03:55:02.888045+00:00,GET,http://localhost:3000/logistics/tenderos/productos-disponibles?tiendaId=bbbbbbbb-bbbb-4bbb-8bbb-bbbbbbbbbbbb&zona=Zona+Norte,200,52.746,
2026-08-31T03:55:02.937416+00:00,GET,http://localhost:3000/logistics/tenderos/productos-disponibles?tiendaId=bbbbbbbb-bbbb-4bbb-8bbb-bbbbbbbbbbbb&zona=Zona+Norte,200,54.042,
2026-08-31T03:55:02.988074+00:00,GET,http://localhost:3000/logistics/tenderos/productos-disponibles?tiendaId=bbbbbbbb-bbbb-4bbb-8bbb-bbbbbbbbbbbb&zona=Zona+Norte,200,54.797,
2026-08-31T03:55:03.037297+00:00,GET,http://localhost:3000/logistics/tenderos/productos-disponibles?tiendaId=bbbbbbbb-bbbb-4bbb-8bbb-bbbbbbbbbbbb&zona=Zona+Norte,200,52.517,
2026-08-31T03:55:03.087695+00:00,GET,http://localhost:3000/logistics/tenderos/productos-disponibles?tiendaId=bbbbbbbb-bbbb-4bbb-8bbb-bbbbbbbbbbbb&zona=Zona+Norte,200,53.749,
2026-08-31T03:55:03.138101+00:00,GET,http://localhost:3000/logistics/tenderos/productos-disponibles?tiendaId=bbbbbbbb-bbbb-4bbb-8bbb-bbbbbbbbbbbb&zona=Zona+Norte,200,55.340,
2026-08-31T03:55:03.188112+00:00,GET,http://localhost:3000/logistics/tenderos/productos-disponibles?tiendaId=bbbbbbbb-bbbb-4bbb-8bbb-bbbbbbbbbbbb&zona=Zona+Norte,200,52.958,
2026-08-31T03:55:03.238108+00:00,GET,http://localhost:3000/logistics/tenderos/productos-disponibles?tiendaId=bbbbbbbb-bbbb-4bbb-8bbb-bbbbbbbbbbbb&zona=Zona+Norte,200,53.492,
2026-08-31T03:55:03.288081+00:00,GET,http://localhost:3000/logistics/tenderos/productos-disponibles?tiendaId=bbbbbbbb-bbbb-4bbb-8bbb-bbbbbbbbbbbb&zona=Zona+Norte,200,49.039,
2026-08-31T03:55:03.337184+00:00,GET,http://localhost:3000/logistics/tenderos/productos-disponibles?tiendaId=bbbbbbbb-bbbb-4bbb-8bbb-bbbbbbbbbbbb&zona=Zona+Norte,200,55.381,
2026-08-31T03:55:03.388101+00:00,GET,http://localhost:3000/logistics/tenderos/productos-disponibles?tiendaId=bbbbbbbb-bbbb-4bbb-8bbb-bbbbbbbbbbbb&zona=Zona+Norte,200,53.643,
2026-08-31T03:55:03.438094+00:00,GET,http://localhost:3000/logistics/tenderos/productos-disponibles?tiendaId=bbbbbbbb-bbbb-4bbb-8bbb-bbbbbbbbbbbb&zona=Zona+Norte,200,60.516,
2026-08-31T03:55:03.488003+00:00,GET,http://localhost:3000/logistics/tenderos/productos-disponibles?tiendaId=bbbbbbbb-bbbb-4bbb-8bbb-bbbbbbbbbbbb&zona=Zona+Norte,200,52.990,
2026-08-31T03:55:03.537604+00:00,GET,http://localhost:3000/logistics/tenderos/productos-disponibles?tiendaId=bbbbbbbb-bbbb-4bbb-8bbb-bbbbbbbbbbbb&zona=Zona+Norte,200,58.656,
2026-08-31T03:55:03.587946+00:00,GET,http://localhost:3000/logistics/tenderos/productos-disponibles?tiendaId=bbbbbbbb-bbbb-4bbb-8bbb-bbbbbbbbbbbb&zona=Zona+Norte,200,58.767,
2026-08-31T03:55:03.637578+00:00,GET,http://localhost:3000/logistics/tenderos/productos-disponibles?tiendaId=bbbbbbbb-bbbb-4bbb-8bbb-bbbbbbbbbbbb&zona=Zona+Norte,200,58.227,
2026-08-31T03:55:03.688041+00:00,GET,http://localhost:3000/logistics/tenderos/productos-disponibles?tiendaId=bbbbbbbb-bbbb-4bbb-8bbb-bbbbbbbbbbbb&zona=Zona+Norte,200,52.015,
2026-08-31T03:55:03.738080+00:00,GET,http://localhost:3000/logistics/tenderos/productos-disponibles?tiendaId=bbbbbbbb-bbbb-4bbb-8bbb-bbbbbbbbbbbb&zona=Zona+Norte,200,60.571,
2026-08-31T03:55:03.788066+00:00,GET,http://localhost:3000/logistics/tenderos/productos-disponibles?tiendaId=bbbbbbbb-bbbb-4bbb-8bbb-bbbbbbbbbbbb&zona=Zona+Norte,200,55.685,
2026-08-31T03:55:03.838054+00:00,GET,http://localhost:3000/logistics/tenderos/productos-disponibles?tiendaId=bbbbbbbb-bbbb-4bbb-8bbb-bbbbbbbbbbbb&zona=Zona+Norte,200,56.925,
2026-08-31T03:55:03.888099+00:00,GET,http://localhost:3000/logistics/tenderos/productos-disponibles?tiendaId=bbbbbbbb-bbbb-4bbb-8bbb-bbbbbbbbbbbb&zona=Zona+Norte,200,54.429,
2026-08-31T03:55:03.938074+00:00,GET,http://localhost:3000/logistics/tenderos/productos-disponibles?tiendaId=bbbbbbbb-bbbb-4bbb-8bbb-bbbbbbbbbbbb&zona=Zona+Norte,200,49.763,
2026-08-31T03:55:03.987875+00:00,GET,http://localhost:3000/logistics/tenderos/productos-disponibles?tiendaId=bbbbbbbb-bbbb-4bbb-8bbb-bbbbbbbbbbbb&zona=Zona+Norte,200,52.844,
2026-08-31T03:55:04.038080+00:00,GET,http://localhost:3000/logistics/tenderos/productos-disponibles?tiendaId=bbbbbbbb-bbbb-4bbb-8bbb-bbbbbbbbbbbb&zona=Zona+Norte,200,56.337,
2026-08-31T03:55:04.088070+00:00,GET,http://localhost:3000/logistics/tenderos/productos-disponibles?tiendaId=bbbbbbbb-bbbb-4bbb-8bbb-bbbbbbbbbbbb&zona=Zona+Norte,200,56.124,
2026-08-31T03:55:04.137397+00:00,GET,http://localhost:3000/logistics/tenderos/productos-disponibles?tiendaId=bbbbbbbb-bbbb-4bbb-8bbb-bbbbbbbbbbbb&zona=Zona+Norte,200,59.768,
2026-08-31T03:55:04.188096+00:00,GET,http://localhost:3000/logistics/tenderos/productos-disponibles?tiendaId=bbbbbbbb-bbbb-4bbb-8bbb-bbbbbbbbbbbb&zona=Zona+Norte,200,56.235,
2026-08-31T03:55:04.238068+00:00,GET,http://localhost:3000/logistics/tenderos/productos-disponibles?tiendaId=bbbbbbbb-bbbb-4bbb-8bbb-bbbbbbbbbbbb&zona=Zona+Norte,200,54.038,
2026-08-31T03:55:04.288105+00:00,GET,http://localhost:3000/logistics/tenderos/productos-disponibles?tiendaId=bbbbbbbb-bbbb-4bbb-8bbb-bbbbbbbbbbbb&zona=Zona+Norte,200,53.471,
2026-08-31T03:55:04.338090+00:00,GET,http://localhost:3000/logistics/tenderos/productos-disponibles?tiendaId=bbbbbbbb-bbbb-4bbb-8bbb-bbbbbbbbbbbb&zona=Zona+Norte,200,57.103,
2026-08-31T03:55:04.387357+00:00,GET,http://localhost:3000/logistics/tenderos/productos-disponibles?tiendaId=bbbbbbbb-bbbb-4bbb-8bbb-bbbbbbbbbbbb&zona=Zona+Norte,200,55.392,
2026-08-31T03:55:04.438140+00:00,GET,http://localhost:3000/logistics/tenderos/productos-disponibles?tiendaId=bbbbbbbb-bbbb-4bbb-8bbb-bbbbbbbbbbbb&zona=Zona+Norte,200,54.956,
2026-08-31T03:55:04.488095+00:00,GET,http://localhost:3000/logistics/tenderos/productos-disponibles?tiendaId=bbbbbbbb-bbbb-4bbb-8bbb-bbbbbbbbbbbb&zona=Zona+Norte,200,56.847,
2026-08-31T03:55:04.538110+00:00,GET,http://localhost:3000/logistics/tenderos/productos-disponibles?tiendaId=bbbbbbbb-bbbb-4bbb-8bbb-bbbbbbbbbbbb&zona=Zona+Norte,200,56.275,
2026-08-31T03:55:04.588079+00:00,GET,http://localhost:3000/logistics/tenderos/productos-disponibles?tiendaId=bbbbbbbb-bbbb-4bbb-8bbb-bbbbbbbbbbbb&zona=Zona+Norte,200,52.605,
2026-08-31T03:55:04.638136+00:00,GET,http://localhost:3000/logistics/tenderos/productos-disponibles?tiendaId=bbbbbbbb-bbbb-4bbb-8bbb-bbbbbbbbbbbb&zona=Zona+Norte,200,52.503,
2026-08-31T03:55:04.688116+00:00,GET,http://localhost:3000/logistics/tenderos/productos-disponibles?tiendaId=bbbbbbbb-bbbb-4bbb-8bbb-bbbbbbbbbbbb&zona=Zona+Norte,200,53.379,
2026-08-31T03:55:04.738110+00:00,GET,http://localhost:3000/logistics/tenderos/productos-disponibles?tiendaId=bbbbbbbb-bbbb-4bbb-8bbb-bbbbbbbbbbbb&zona=Zona+Norte,200,52.580,
2026-08-31T03:55:04.788102+00:00,GET,http://localhost:3000/logistics/tenderos/productos-disponibles?tiendaId=bbbbbbbb-bbbb-4bbb-8bbb-bbbbbbbbbbbb&zona=Zona+Norte,200,52.144,
2026-08-31T03:55:04.837573+00:00,GET,http://localhost:3000/logistics/tenderos/productos-disponibles?tiendaId=bbbbbbbb-bbbb-4bbb-8bbb-bbbbbbbbbbbb&zona=Zona+Norte,200,53.090,
2026-08-31T03:55:04.888128+00:00,GET,http://localhost:3000/logistics/tenderos/productos-disponibles?tiendaId=bbbbbbbb-bbbb-4bbb-8bbb-bbbbbbbbbbbb&zona=Zona+Norte,200,53.075,
2026-08-31T03:55:04.938120+00:00,GET,http://localhost:3000/logistics/tenderos/productos-disponibles?tiendaId=bbbbbbbb-bbbb-4bbb-8bbb-bbbbbbbbbbbb&zona=Zona+Norte,200,52.109,
2026-08-31T03:55:04.988106+00:00,GET,http://localhost:3000/logistics/tenderos/productos-disponibles?tiendaId=bbbbbbbb-bbbb-4bbb-8bbb-bbbbbbbbbbbb&zona=Zona+Norte,200,52.358,
2026-08-31T03:55:05.038110+00:00,GET,http://localhost:3000/logistics/tenderos/productos-disponibles?tiendaId=bbbbbbbb-bbbb-4bbb-8bbb-bbbbbbbbbbbb&zona=Zona+Norte,200,52.000,
2026-08-31T03:55:05.088107+00:00,GET,http://localhost:3000/logistics/tenderos/productos-disponibles?tiendaId=bbbbbbbb-bbbb-4bbb-8bbb-bbbbbbbbbbbb&zona=Zona+Norte,200,51.347,
2026-08-31T03:55:05.138125+00:00,GET,http://localhost:3000/logistics/tenderos/productos-disponibles?tiendaId=bbbbbbbb-bbbb-4bbb-8bbb-bbbbbbbbbbbb&zona=Zona+Norte,200,52.978,
2026-08-31T03:55:05.188134+00:00,GET,http://localhost:3000/logistics/tenderos/productos-disponibles?tiendaId=bbbbbbbb-bbbb-4bbb-8bbb-bbbbbbbbbbbb&zona=Zona+Norte,200,53.057,
2026-08-31T03:55:05.238091+00:00,GET,http://localhost:3000/logistics/tenderos/productos-disponibles?tiendaId=bbbbbbbb-bbbb-4bbb-8bbb-bbbbbbbbbbbb&zona=Zona+Norte,200,62.785,
2026-08-31T03:55:05.288122+00:00,GET,http://localhost:3000/logistics/tenderos/productos-disponibles?tiendaId=bbbbbbbb-bbbb-4bbb-8bbb-bbbbbbbbbbbb&zona=Zona+Norte,200,52.326,
2026-08-31T03:55:05.338123+00:00,GET,http://localhost:3000/logistics/tenderos/productos-disponibles?tiendaId=bbbbbbbb-bbbb-4bbb-8bbb-bbbbbbbbbbbb&zona=Zona+Norte,200,62.645,
2026-08-31T03:55:05.388146+00:00,GET,http://localhost:3000/logistics/tenderos/productos-disponibles?tiendaId=bbbbbbbb-bbbb-4bbb-8bbb-bbbbbbbbbbbb&zona=Zona+Norte,200,56.062,
2026-08-31T03:55:05.438127+00:00,GET,http://localhost:3000/logistics/tenderos/productos-disponibles?tiendaId=bbbbbbbb-bbbb-4bbb-8bbb-bbbbbbbbbbbb&zona=Zona+Norte,200,52.191,
2026-08-31T03:55:05.488120+00:00,GET,http://localhost:3000/logistics/tenderos/productos-disponibles?tiendaId=bbbbbbbb-bbbb-4bbb-8bbb-bbbbbbbbbbbb&zona=Zona+Norte,200,58.143,
2026-08-31T03:55:05.538131+00:00,GET,http://localhost:3000/logistics/tenderos/productos-disponibles?tiendaId=bbbbbbbb-bbbb-4bbb-8bbb-bbbbbbbbbbbb&zona=Zona+Norte,200,51.781,
2026-08-31T03:55:05.588125+00:00,GET,http://localhost:3000/logistics/tenderos/productos-disponibles?tiendaId=bbbbbbbb-bbbb-4bbb-8bbb-bbbbbbbbbbbb&zona=Zona+Norte,200,50.294,
2026-08-31T03:55:05.638117+00:00,GET,http://localhost:3000/logistics/tenderos/productos-disponibles?tiendaId=bbbbbbbb-bbbb-4bbb-8bbb-bbbbbbbbbbbb&zona=Zona+Norte,200,50.896,
2026-08-31T03:55:05.688145+00:00,GET,http://localhost:3000/logistics/tenderos/productos-disponibles?tiendaId=bbbbbbbb-bbbb-4bbb-8bbb-bbbbbbbbbbbb&zona=Zona+Norte,200,51.708,
2026-08-31T03:55:05.738154+00:00,GET,http://localhost:3000/logistics/tenderos/productos-disponibles?tiendaId=bbbbbbbb-bbbb-4bbb-8bbb-bbbbbbbbbbbb&zona=Zona+Norte,200,53.756,
2026-08-31T03:55:05.788132+00:00,GET,http://localhost:3000/logistics/tenderos/productos-disponibles?tiendaId=bbbbbbbb-bbbb-4bbb-8bbb-bbbbbbbbbbbb&zona=Zona+Norte,200,52.463,
2026-08-31T03:55:05.837465+00:00,GET,http://localhost:3000/logistics/tenderos/productos-disponibles?tiendaId=bbbbbbbb-bbbb-4bbb-8bbb-bbbbbbbbbbbb&zona=Zona+Norte,200,52.602,
2026-08-31T03:55:05.888163+00:00,GET,http://localhost:3000/logistics/tenderos/productos-disponibles?tiendaId=bbbbbbbb-bbbb-4bbb-8bbb-bbbbbbbbbbbb&zona=Zona+Norte,200,53.938,
2026-08-31T03:55:05.938142+00:00,GET,http://localhost:3000/logistics/tenderos/productos-disponibles?tiendaId=bbbbbbbb-bbbb-4bbb-8bbb-bbbbbbbbbbbb&zona=Zona+Norte,200,56.140,
2026-08-31T03:55:05.987719+00:00,GET,http://localhost:3000/logistics/tenderos/productos-disponibles?tiendaId=bbbbbbbb-bbbb-4bbb-8bbb-bbbbbbbbbbbb&zona=Zona+Norte,200,52.567,
2026-08-31T03:55:06.037288+00:00,GET,http://localhost:3000/logistics/tenderos/productos-disponibles?tiendaId=bbbbbbbb-bbbb-4bbb-8bbb-bbbbbbbbbbbb&zona=Zona+Norte,200,57.194,
2026-08-31T03:55:06.088121+00:00,GET,http://localhost:3000/logistics/tenderos/productos-disponibles?tiendaId=bbbbbbbb-bbbb-4bbb-8bbb-bbbbbbbbbbbb&zona=Zona+Norte,200,54.387,
2026-08-31T03:55:06.137165+00:00,GET,http://localhost:3000/logistics/tenderos/productos-disponibles?tiendaId=bbbbbbbb-bbbb-4bbb-8bbb-bbbbbbbbbbbb&zona=Zona+Norte,200,51.406,
2026-08-31T03:55:06.187762+00:00,GET,http://localhost:3000/logistics/tenderos/productos-disponibles?tiendaId=bbbbbbbb-bbbb-4bbb-8bbb-bbbbbbbbbbbb&zona=Zona+Norte,200,52.143,
2026-08-31T03:55:06.238141+00:00,GET,http://localhost:3000/logistics/tenderos/productos-disponibles?tiendaId=bbbbbbbb-bbbb-4bbb-8bbb-bbbbbbbbbbbb&zona=Zona+Norte,200,58.869,
2026-08-31T03:55:06.288121+00:00,GET,http://localhost:3000/logistics/tenderos/productos-disponibles?tiendaId=bbbbbbbb-bbbb-4bbb-8bbb-bbbbbbbbbbbb&zona=Zona+Norte,200,54.611,
2026-08-31T03:55:06.337983+00:00,GET,http://localhost:3000/logistics/tenderos/productos-disponibles?tiendaId=bbbbbbbb-bbbb-4bbb-8bbb-bbbbbbbbbbbb&zona=Zona+Norte,200,53.598,
2026-08-31T03:55:06.388143+00:00,GET,http://localhost:3000/logistics/tenderos/productos-disponibles?tiendaId=bbbbbbbb-bbbb-4bbb-8bbb-bbbbbbbbbbbb&zona=Zona+Norte,200,56.431,
2026-08-31T03:55:06.438133+00:00,GET,http://localhost:3000/logistics/tenderos/productos-disponibles?tiendaId=bbbbbbbb-bbbb-4bbb-8bbb-bbbbbbbbbbbb&zona=Zona+Norte,200,57.298,
2026-08-31T03:55:06.488155+00:00,GET,http://localhost:3000/logistics/tenderos/productos-disponibles?tiendaId=bbbbbbbb-bbbb-4bbb-8bbb-bbbbbbbbbbbb&zona=Zona+Norte,200,58.910,
2026-08-31T03:55:06.538147+00:00,GET,http://localhost:3000/logistics/tenderos/productos-disponibles?tiendaId=bbbbbbbb-bbbb-4bbb-8bbb-bbbbbbbbbbbb&zona=Zona+Norte,200,62.269,
2026-08-31T03:55:06.588158+00:00,GET,http://localhost:3000/logistics/tenderos/productos-disponibles?tiendaId=bbbbbbbb-bbbb-4bbb-8bbb-bbbbbbbbbbbb&zona=Zona+Norte,200,53.013,
2026-08-31T03:55:06.638207+00:00,GET,http://localhost:3000/logistics/tenderos/productos-disponibles?tiendaId=bbbbbbbb-bbbb-4bbb-8bbb-bbbbbbbbbbbb&zona=Zona+Norte,200,57.569,
2026-08-31T03:55:06.688134+00:00,GET,http://localhost:3000/logistics/tenderos/productos-disponibles?tiendaId=bbbbbbbb-bbbb-4bbb-8bbb-bbbbbbbbbbbb&zona=Zona+Norte,200,57.140,
2026-08-31T03:55:06.738133+00:00,GET,http://localhost:3000/logistics/tenderos/productos-disponibles?tiendaId=bbbbbbbb-bbbb-4bbb-8bbb-bbbbbbbbbbbb&zona=Zona+Norte,200,53.260,
2026-08-31T03:55:06.788182+00:00,GET,http://localhost:3000/logistics/tenderos/productos-disponibles?tiendaId=bbbbbbbb-bbbb-4bbb-8bbb-bbbbbbbbbbbb&zona=Zona+Norte,200,56.914,
2026-08-31T03:55:06.838148+00:00,GET,http://localhost:3000/logistics/tenderos/productos-disponibles?tiendaId=bbbbbbbb-bbbb-4bbb-8bbb-bbbbbbbbbbbb&zona=Zona+Norte,200,54.697,
2026-08-31T03:55:06.888156+00:00,GET,http://localhost:3000/logistics/tenderos/productos-disponibles?tiendaId=bbbbbbbb-bbbb-4bbb-8bbb-bbbbbbbbbbbb&zona=Zona+Norte,200,51.429,
2026-08-31T03:55:06.938167+00:00,GET,http://localhost:3000/logistics/tenderos/productos-disponibles?tiendaId=bbbbbbbb-bbbb-4bbb-8bbb-bbbbbbbbbbbb&zona=Zona+Norte,200,56.741,
2026-08-31T03:55:06.988123+00:00,GET,http://localhost:3000/logistics/tenderos/productos-disponibles?tiendaId=bbbbbbbb-bbbb-4bbb-8bbb-bbbbbbbbbbbb&zona=Zona+Norte,200,55.231,
2026-08-31T03:55:07.037249+00:00,GET,http://localhost:3000/logistics/tenderos/productos-disponibles?tiendaId=bbbbbbbb-bbbb-4bbb-8bbb-bbbbbbbbbbbb&zona=Zona+Norte,200,56.031,
2026-08-31T03:55:07.088136+00:00,GET,http://localhost:3000/logistics/tenderos/productos-disponibles?tiendaId=bbbbbbbb-bbbb-4bbb-8bbb-bbbbbbbbbbbb&zona=Zona+Norte,200,56.920,
2026-08-31T03:55:07.137247+00:00,GET,http://localhost:3000/logistics/tenderos/productos-disponibles?tiendaId=bbbbbbbb-bbbb-4bbb-8bbb-bbbbbbbbbbbb&zona=Zona+Norte,200,52.186,
2026-08-31T03:55:07.188164+00:00,GET,http://localhost:3000/logistics/tenderos/productos-disponibles?tiendaId=bbbbbbbb-bbbb-4bbb-8bbb-bbbbbbbbbbbb&zona=Zona+Norte,200,50.853,
2026-08-31T03:55:07.238184+00:00,GET,http://localhost:3000/logistics/tenderos/productos-disponibles?tiendaId=bbbbbbbb-bbbb-4bbb-8bbb-bbbbbbbbbbbb&zona=Zona+Norte,200,50.017,
2026-08-31T03:55:07.288247+00:00,GET,http://localhost:3000/logistics/tenderos/productos-disponibles?tiendaId=bbbbbbbb-bbbb-4bbb-8bbb-bbbbbbbbbbbb&zona=Zona+Norte,200,58.479,
2026-08-31T03:55:07.338170+00:00,GET,http://localhost:3000/logistics/tenderos/productos-disponibles?tiendaId=bbbbbbbb-bbbb-4bbb-8bbb-bbbbbbbbbbbb&zona=Zona+Norte,200,53.083,
2026-08-31T03:55:07.387344+00:00,GET,http://localhost:3000/logistics/tenderos/productos-disponibles?tiendaId=bbbbbbbb-bbbb-4bbb-8bbb-bbbbbbbbbbbb&zona=Zona+Norte,200,54.094,
2026-08-31T03:55:07.438166+00:00,GET,http://localhost:3000/logistics/tenderos/productos-disponibles?tiendaId=bbbbbbbb-bbbb-4bbb-8bbb-bbbbbbbbbbbb&zona=Zona+Norte,200,55.451,
2026-08-31T03:55:07.487672+00:00,GET,http://localhost:3000/logistics/tenderos/productos-disponibles?tiendaId=bbbbbbbb-bbbb-4bbb-8bbb-bbbbbbbbbbbb&zona=Zona+Norte,200,55.475,
2026-08-31T03:55:07.538171+00:00,GET,http://localhost:3000/logistics/tenderos/productos-disponibles?tiendaId=bbbbbbbb-bbbb-4bbb-8bbb-bbbbbbbbbbbb&zona=Zona+Norte,200,55.723,
2026-08-31T03:55:07.588190+00:00,GET,http://localhost:3000/logistics/tenderos/productos-disponibles?tiendaId=bbbbbbbb-bbbb-4bbb-8bbb-bbbbbbbbbbbb&zona=Zona+Norte,200,65.017,
2026-08-31T03:55:07.638217+00:00,GET,http://localhost:3000/logistics/tenderos/productos-disponibles?tiendaId=bbbbbbbb-bbbb-4bbb-8bbb-bbbbbbbbbbbb&zona=Zona+Norte,200,59.829,
2026-08-31T03:55:07.688169+00:00,GET,http://localhost:3000/logistics/tenderos/productos-disponibles?tiendaId=bbbbbbbb-bbbb-4bbb-8bbb-bbbbbbbbbbbb&zona=Zona+Norte,200,55.778,
2026-08-31T03:55:07.738176+00:00,GET,http://localhost:3000/logistics/tenderos/productos-disponibles?tiendaId=bbbbbbbb-bbbb-4bbb-8bbb-bbbbbbbbbbbb&zona=Zona+Norte,200,57.500,
2026-08-31T03:55:07.788167+00:00,GET,http://localhost:3000/logistics/tenderos/productos-disponibles?tiendaId=bbbbbbbb-bbbb-4bbb-8bbb-bbbbbbbbbbbb&zona=Zona+Norte,200,54.507,
2026-08-31T03:55:07.838199+00:00,GET,http://localhost:3000/logistics/tenderos/productos-disponibles?tiendaId=bbbbbbbb-bbbb-4bbb-8bbb-bbbbbbbbbbbb&zona=Zona+Norte,200,54.464,
2026-08-31T03:55:07.888184+00:00,GET,http://localhost:3000/logistics/tenderos/productos-disponibles?tiendaId=bbbbbbbb-bbbb-4bbb-8bbb-bbbbbbbbbbbb&zona=Zona+Norte,200,55.093,
2026-08-31T03:55:07.938166+00:00,GET,http://localhost:3000/logistics/tenderos/productos-disponibles?tiendaId=bbbbbbbb-bbbb-4bbb-8bbb-bbbbbbbbbbbb&zona=Zona+Norte,200,53.902,
2026-08-31T03:55:07.987544+00:00,GET,http://localhost:3000/logistics/tenderos/productos-disponibles?tiendaId=bbbbbbbb-bbbb-4bbb-8bbb-bbbbbbbbbbbb&zona=Zona+Norte,200,53.982,
2026-08-31T03:55:08.037582+00:00,GET,http://localhost:3000/logistics/tenderos/productos-disponibles?tiendaId=bbbbbbbb-bbbb-4bbb-8bbb-bbbbbbbbbbbb&zona=Zona+Norte,200,51.684,
2026-08-31T03:55:08.088025+00:00,GET,http://localhost:3000/logistics/tenderos/productos-disponibles?tiendaId=bbbbbbbb-bbbb-4bbb-8bbb-bbbbbbbbbbbb&zona=Zona+Norte,200,55.139,
2026-08-31T03:55:08.138174+00:00,GET,http://localhost:3000/logistics/tenderos/productos-disponibles?tiendaId=bbbbbbbb-bbbb-4bbb-8bbb-bbbbbbbbbbbb&zona=Zona+Norte,200,59.760,
2026-08-31T03:55:08.188164+00:00,GET,http://localhost:3000/logistics/tenderos/productos-disponibles?tiendaId=bbbbbbbb-bbbb-4bbb-8bbb-bbbbbbbbbbbb&zona=Zona+Norte,200,51.803,
2026-08-31T03:55:08.238177+00:00,GET,http://localhost:3000/logistics/tenderos/productos-disponibles?tiendaId=bbbbbbbb-bbbb-4bbb-8bbb-bbbbbbbbbbbb&zona=Zona+Norte,200,51.421,
2026-08-31T03:55:08.288173+00:00,GET,http://localhost:3000/logistics/tenderos/productos-disponibles?tiendaId=bbbbbbbb-bbbb-4bbb-8bbb-bbbbbbbbbbbb&zona=Zona+Norte,200,54.213,
2026-08-31T03:55:08.338168+00:00,GET,http://localhost:3000/logistics/tenderos/productos-disponibles?tiendaId=bbbbbbbb-bbbb-4bbb-8bbb-bbbbbbbbbbbb&zona=Zona+Norte,200,50.740,
2026-08-31T03:55:08.388175+00:00,GET,http://localhost:3000/logistics/tenderos/productos-disponibles?tiendaId=bbbbbbbb-bbbb-4bbb-8bbb-bbbbbbbbbbbb&zona=Zona+Norte,200,51.336,
2026-08-31T03:55:08.438061+00:00,GET,http://localhost:3000/logistics/tenderos/productos-disponibles?tiendaId=bbbbbbbb-bbbb-4bbb-8bbb-bbbbbbbbbbbb&zona=Zona+Norte,200,57.588,
2026-08-31T03:55:08.488167+00:00,GET,http://localhost:3000/logistics/tenderos/productos-disponibles?tiendaId=bbbbbbbb-bbbb-4bbb-8bbb-bbbbbbbbbbbb&zona=Zona+Norte,200,52.491,
2026-08-31T03:55:08.538174+00:00,GET,http://localhost:3000/logistics/tenderos/productos-disponibles?tiendaId=bbbbbbbb-bbbb-4bbb-8bbb-bbbbbbbbbbbb&zona=Zona+Norte,200,56.432,
2026-08-31T03:55:08.588166+00:00,GET,http://localhost:3000/logistics/tenderos/productos-disponibles?tiendaId=bbbbbbbb-bbbb-4bbb-8bbb-bbbbbbbbbbbb&zona=Zona+Norte,200,53.723,
2026-08-31T03:55:08.638228+00:00,GET,http://localhost:3000/logistics/tenderos/productos-disponibles?tiendaId=bbbbbbbb-bbbb-4bbb-8bbb-bbbbbbbbbbbb&zona=Zona+Norte,200,60.870,
2026-08-31T03:55:08.688164+00:00,GET,http://localhost:3000/logistics/tenderos/productos-disponibles?tiendaId=bbbbbbbb-bbbb-4bbb-8bbb-bbbbbbbbbbbb&zona=Zona+Norte,200,60.890,
2026-08-31T03:55:08.738200+00:00,GET,http://localhost:3000/logistics/tenderos/productos-disponibles?tiendaId=bbbbbbbb-bbbb-4bbb-8bbb-bbbbbbbbbbbb&zona=Zona+Norte,200,55.423,
2026-08-31T03:55:08.788158+00:00,GET,http://localhost:3000/logistics/tenderos/productos-disponibles?tiendaId=bbbbbbbb-bbbb-4bbb-8bbb-bbbbbbbbbbbb&zona=Zona+Norte,200,52.432,
2026-08-31T03:55:08.838181+00:00,GET,http://localhost:3000/logistics/tenderos/productos-disponibles?tiendaId=bbbbbbbb-bbbb-4bbb-8bbb-bbbbbbbbbbbb&zona=Zona+Norte,200,52.028,
2026-08-31T03:55:08.888185+00:00,GET,http://localhost:3000/logistics/tenderos/productos-disponibles?tiendaId=bbbbbbbb-bbbb-4bbb-8bbb-bbbbbbbbbbbb&zona=Zona+Norte,200,60.275,
2026-08-31T03:55:08.938196+00:00,GET,http://localhost:3000/logistics/tenderos/productos-disponibles?tiendaId=bbbbbbbb-bbbb-4bbb-8bbb-bbbbbbbbbbbb&zona=Zona+Norte,200,59.253,
2026-08-31T03:55:08.988197+00:00,GET,http://localhost:3000/logistics/tenderos/productos-disponibles?tiendaId=bbbbbbbb-bbbb-4bbb-8bbb-bbbbbbbbbbbb&zona=Zona+Norte,200,59.603,
2026-08-31T03:55:09.038206+00:00,GET,http://localhost:3000/logistics/tenderos/productos-disponibles?tiendaId=bbbbbbbb-bbbb-4bbb-8bbb-bbbbbbbbbbbb&zona=Zona+Norte,200,54.262,
2026-08-31T03:55:09.087660+00:00,GET,http://localhost:3000/logistics/tenderos/productos-disponibles?tiendaId=bbbbbbbb-bbbb-4bbb-8bbb-bbbbbbbbbbbb&zona=Zona+Norte,200,53.332,
2026-08-31T03:55:09.138186+00:00,GET,http://localhost:3000/logistics/tenderos/productos-disponibles?tiendaId=bbbbbbbb-bbbb-4bbb-8bbb-bbbbbbbbbbbb&zona=Zona+Norte,200,53.596,
2026-08-31T03:55:09.188196+00:00,GET,http://localhost:3000/logistics/tenderos/productos-disponibles?tiendaId=bbbbbbbb-bbbb-4bbb-8bbb-bbbbbbbbbbbb&zona=Zona+Norte,200,61.771,
2026-08-31T03:55:09.238185+00:00,GET,http://localhost:3000/logistics/tenderos/productos-disponibles?tiendaId=bbbbbbbb-bbbb-4bbb-8bbb-bbbbbbbbbbbb&zona=Zona+Norte,200,54.880,
2026-08-31T03:55:09.287683+00:00,GET,http://localhost:3000/logistics/tenderos/productos-disponibles?tiendaId=bbbbbbbb-bbbb-4bbb-8bbb-bbbbbbbbbbbb&zona=Zona+Norte,200,57.798,
2026-08-31T03:55:09.338208+00:00,GET,http://localhost:3000/logistics/tenderos/productos-disponibles?tiendaId=bbbbbbbb-bbbb-4bbb-8bbb-bbbbbbbbbbbb&zona=Zona+Norte,200,50.438,
2026-08-31T03:55:09.388211+00:00,GET,http://localhost:3000/logistics/tenderos/productos-disponibles?tiendaId=bbbbbbbb-bbbb-4bbb-8bbb-bbbbbbbbbbbb&zona=Zona+Norte,200,49.260,
2026-08-31T03:55:09.437510+00:00,GET,http://localhost:3000/logistics/tenderos/productos-disponibles?tiendaId=bbbbbbbb-bbbb-4bbb-8bbb-bbbbbbbbbbbb&zona=Zona+Norte,200,50.957,
2026-08-31T03:55:09.488175+00:00,GET,http://localhost:3000/logistics/tenderos/productos-disponibles?tiendaId=bbbbbbbb-bbbb-4bbb-8bbb-bbbbbbbbbbbb&zona=Zona+Norte,200,49.423,
2026-08-31T03:55:09.537633+00:00,GET,http://localhost:3000/logistics/tenderos/productos-disponibles?tiendaId=bbbbbbbb-bbbb-4bbb-8bbb-bbbbbbbbbbbb&zona=Zona+Norte,200,50.849,
2026-08-31T03:55:09.588043+00:00,GET,http://localhost:3000/logistics/tenderos/productos-disponibles?tiendaId=bbbbbbbb-bbbb-4bbb-8bbb-bbbbbbbbbbbb&zona=Zona+Norte,200,53.594,
2026-08-31T03:55:09.638280+00:00,GET,http://localhost:3000/logistics/tenderos/productos-disponibles?tiendaId=bbbbbbbb-bbbb-4bbb-8bbb-bbbbbbbbbbbb&zona=Zona+Norte,200,50.102,
2026-08-31T03:55:09.687946+00:00,GET,http://localhost:3000/logistics/tenderos/productos-disponibles?tiendaId=bbbbbbbb-bbbb-4bbb-8bbb-bbbbbbbbbbbb&zona=Zona+Norte,200,54.034,
2026-08-31T03:55:09.738220+00:00,GET,http://localhost:3000/logistics/tenderos/productos-disponibles?tiendaId=bbbbbbbb-bbbb-4bbb-8bbb-bbbbbbbbbbbb&zona=Zona+Norte,200,50.446,
2026-08-31T03:55:09.788228+00:00,GET,http://localhost:3000/logistics/tenderos/productos-disponibles?tiendaId=bbbbbbbb-bbbb-4bbb-8bbb-bbbbbbbbbbbb&zona=Zona+Norte,200,51.160,
2026-08-31T03:55:09.838195+00:00,GET,http://localhost:3000/logistics/tenderos/productos-disponibles?tiendaId=bbbbbbbb-bbbb-4bbb-8bbb-bbbbbbbbbbbb&zona=Zona+Norte,200,49.874,
2026-08-31T03:55:09.888106+00:00,GET,http://localhost:3000/logistics/tenderos/productos-disponibles?tiendaId=bbbbbbbb-bbbb-4bbb-8bbb-bbbbbbbbbbbb&zona=Zona+Norte,200,49.549,
2026-08-31T03:55:09.937700+00:00,GET,http://localhost:3000/logistics/tenderos/productos-disponibles?tiendaId=bbbbbbbb-bbbb-4bbb-8bbb-bbbbbbbbbbbb&zona=Zona+Norte,200,53.496,
2026-08-31T03:55:09.988205+00:00,GET,http://localhost:3000/logistics/tenderos/productos-disponibles?tiendaId=bbbbbbbb-bbbb-4bbb-8bbb-bbbbbbbbbbbb&zona=Zona+Norte,200,54.150,
2026-08-31T03:55:10.037885+00:00,GET,http://localhost:3000/logistics/tenderos/productos-disponibles?tiendaId=bbbbbbbb-bbbb-4bbb-8bbb-bbbbbbbbbbbb&zona=Zona+Norte,200,55.376,
2026-08-31T03:55:10.088207+00:00,GET,http://localhost:3000/logistics/tenderos/productos-disponibles?tiendaId=bbbbbbbb-bbbb-4bbb-8bbb-bbbbbbbbbbbb&zona=Zona+Norte,200,55.283,
2026-08-31T03:55:10.138259+00:00,GET,http://localhost:3000/logistics/tenderos/productos-disponibles?tiendaId=bbbbbbbb-bbbb-4bbb-8bbb-bbbbbbbbbbbb&zona=Zona+Norte,200,56.562,
2026-08-31T03:55:10.188217+00:00,GET,http://localhost:3000/logistics/tenderos/productos-disponibles?tiendaId=bbbbbbbb-bbbb-4bbb-8bbb-bbbbbbbbbbbb&zona=Zona+Norte,200,59.432,
2026-08-31T03:55:10.238153+00:00,GET,http://localhost:3000/logistics/tenderos/productos-disponibles?tiendaId=bbbbbbbb-bbbb-4bbb-8bbb-bbbbbbbbbbbb&zona=Zona+Norte,200,51.328,
2026-08-31T03:55:10.288182+00:00,GET,http://localhost:3000/logistics/tenderos/productos-disponibles?tiendaId=bbbbbbbb-bbbb-4bbb-8bbb-bbbbbbbbbbbb&zona=Zona+Norte,200,52.199,
2026-08-31T03:55:10.338215+00:00,GET,http://localhost:3000/logistics/tenderos/productos-disponibles?tiendaId=bbbbbbbb-bbbb-4bbb-8bbb-bbbbbbbbbbbb&zona=Zona+Norte,200,53.806,
2026-08-31T03:55:10.388202+00:00,GET,http://localhost:3000/logistics/tenderos/productos-disponibles?tiendaId=bbbbbbbb-bbbb-4bbb-8bbb-bbbbbbbbbbbb&zona=Zona+Norte,200,60.761,
2026-08-31T03:55:10.438226+00:00,GET,http://localhost:3000/logistics/tenderos/productos-disponibles?tiendaId=bbbbbbbb-bbbb-4bbb-8bbb-bbbbbbbbbbbb&zona=Zona+Norte,200,59.403,
2026-08-31T03:55:10.488029+00:00,GET,http://localhost:3000/logistics/tenderos/productos-disponibles?tiendaId=bbbbbbbb-bbbb-4bbb-8bbb-bbbbbbbbbbbb&zona=Zona+Norte,200,56.621,
2026-08-31T03:55:10.537451+00:00,GET,http://localhost:3000/logistics/tenderos/productos-disponibles?tiendaId=bbbbbbbb-bbbb-4bbb-8bbb-bbbbbbbbbbbb&zona=Zona+Norte,200,52.560,
2026-08-31T03:55:10.588204+00:00,GET,http://localhost:3000/logistics/tenderos/productos-disponibles?tiendaId=bbbbbbbb-bbbb-4bbb-8bbb-bbbbbbbbbbbb&zona=Zona+Norte,200,52.505,
2026-08-31T03:55:10.637718+00:00,GET,http://localhost:3000/logistics/tenderos/productos-disponibles?tiendaId=bbbbbbbb-bbbb-4bbb-8bbb-bbbbbbbbbbbb&zona=Zona+Norte,200,53.012,
2026-08-31T03:55:10.688244+00:00,GET,http://localhost:3000/logistics/tenderos/productos-disponibles?tiendaId=bbbbbbbb-bbbb-4bbb-8bbb-bbbbbbbbbbbb&zona=Zona+Norte,200,56.929,
2026-08-31T03:55:10.738238+00:00,GET,http://localhost:3000/logistics/tenderos/productos-disponibles?tiendaId=bbbbbbbb-bbbb-4bbb-8bbb-bbbbbbbbbbbb&zona=Zona+Norte,200,57.286,
2026-08-31T03:55:10.788231+00:00,GET,http://localhost:3000/logistics/tenderos/productos-disponibles?tiendaId=bbbbbbbb-bbbb-4bbb-8bbb-bbbbbbbbbbbb&zona=Zona+Norte,200,54.982,
2026-08-31T03:55:10.837356+00:00,GET,http://localhost:3000/logistics/tenderos/productos-disponibles?tiendaId=bbbbbbbb-bbbb-4bbb-8bbb-bbbbbbbbbbbb&zona=Zona+Norte,200,52.071,
2026-08-31T03:55:10.888236+00:00,GET,http://localhost:3000/logistics/tenderos/productos-disponibles?tiendaId=bbbbbbbb-bbbb-4bbb-8bbb-bbbbbbbbbbbb&zona=Zona+Norte,200,53.265,
2026-08-31T03:55:10.937357+00:00,GET,http://localhost:3000/logistics/tenderos/productos-disponibles?tiendaId=bbbbbbbb-bbbb-4bbb-8bbb-bbbbbbbbbbbb&zona=Zona+Norte,200,58.908,
2026-08-31T03:55:10.988221+00:00,GET,http://localhost:3000/logistics/tenderos/productos-disponibles?tiendaId=bbbbbbbb-bbbb-4bbb-8bbb-bbbbbbbbbbbb&zona=Zona+Norte,200,54.863,
2026-08-31T03:55:11.038251+00:00,GET,http://localhost:3000/logistics/tenderos/productos-disponibles?tiendaId=bbbbbbbb-bbbb-4bbb-8bbb-bbbbbbbbbbbb&zona=Zona+Norte,200,52.759,
2026-08-31T03:55:11.088304+00:00,GET,http://localhost:3000/logistics/tenderos/productos-disponibles?tiendaId=bbbbbbbb-bbbb-4bbb-8bbb-bbbbbbbbbbbb&zona=Zona+Norte,200,58.372,
2026-08-31T03:55:11.138283+00:00,GET,http://localhost:3000/logistics/tenderos/productos-disponibles?tiendaId=bbbbbbbb-bbbb-4bbb-8bbb-bbbbbbbbbbbb&zona=Zona+Norte,200,51.006,
2026-08-31T03:55:11.188312+00:00,GET,http://localhost:3000/logistics/tenderos/productos-disponibles?tiendaId=bbbbbbbb-bbbb-4bbb-8bbb-bbbbbbbbbbbb&zona=Zona+Norte,200,52.521,
2026-08-31T03:55:11.237648+00:00,GET,http://localhost:3000/logistics/tenderos/productos-disponibles?tiendaId=bbbbbbbb-bbbb-4bbb-8bbb-bbbbbbbbbbbb&zona=Zona+Norte,200,52.476,
2026-08-31T03:55:11.288315+00:00,GET,http://localhost:3000/logistics/tenderos/productos-disponibles?tiendaId=bbbbbbbb-bbbb-4bbb-8bbb-bbbbbbbbbbbb&zona=Zona+Norte,200,56.777,
2026-08-31T03:55:11.338303+00:00,GET,http://localhost:3000/logistics/tenderos/productos-disponibles?tiendaId=bbbbbbbb-bbbb-4bbb-8bbb-bbbbbbbbbbbb&zona=Zona+Norte,200,51.802,
2026-08-31T03:55:11.388282+00:00,GET,http://localhost:3000/logistics/tenderos/productos-disponibles?tiendaId=bbbbbbbb-bbbb-4bbb-8bbb-bbbbbbbbbbbb&zona=Zona+Norte,200,50.041,
2026-08-31T03:55:11.438364+00:00,GET,http://localhost:3000/logistics/tenderos/productos-disponibles?tiendaId=bbbbbbbb-bbbb-4bbb-8bbb-bbbbbbbbbbbb&zona=Zona+Norte,200,50.769,
2026-08-31T03:55:11.488329+00:00,GET,http://localhost:3000/logistics/tenderos/productos-disponibles?tiendaId=bbbbbbbb-bbbb-4bbb-8bbb-bbbbbbbbbbbb&zona=Zona+Norte,200,56.014,
2026-08-31T03:55:11.538308+00:00,GET,http://localhost:3000/logistics/tenderos/productos-disponibles?tiendaId=bbbbbbbb-bbbb-4bbb-8bbb-bbbbbbbbbbbb&zona=Zona+Norte,200,56.116,
2026-08-31T03:55:11.588255+00:00,GET,http://localhost:3000/logistics/tenderos/productos-disponibles?tiendaId=bbbbbbbb-bbbb-4bbb-8bbb-bbbbbbbbbbbb&zona=Zona+Norte,200,52.908,
2026-08-31T03:55:11.638366+00:00,GET,http://localhost:3000/logistics/tenderos/productos-disponibles?tiendaId=bbbbbbbb-bbbb-4bbb-8bbb-bbbbbbbbbbbb&zona=Zona+Norte,200,56.243,
2026-08-31T03:55:11.688298+00:00,GET,http://localhost:3000/logistics/tenderos/productos-disponibles?tiendaId=bbbbbbbb-bbbb-4bbb-8bbb-bbbbbbbbbbbb&zona=Zona+Norte,200,55.979,
2026-08-31T03:55:11.738307+00:00,GET,http://localhost:3000/logistics/tenderos/productos-disponibles?tiendaId=bbbbbbbb-bbbb-4bbb-8bbb-bbbbbbbbbbbb&zona=Zona+Norte,200,52.407,
2026-08-31T03:55:11.788111+00:00,GET,http://localhost:3000/logistics/tenderos/productos-disponibles?tiendaId=bbbbbbbb-bbbb-4bbb-8bbb-bbbbbbbbbbbb&zona=Zona+Norte,200,54.957,
2026-08-31T03:55:11.838279+00:00,GET,http://localhost:3000/logistics/tenderos/productos-disponibles?tiendaId=bbbbbbbb-bbbb-4bbb-8bbb-bbbbbbbbbbbb&zona=Zona+Norte,200,58.941,
2026-08-31T03:55:11.887980+00:00,GET,http://localhost:3000/logistics/tenderos/productos-disponibles?tiendaId=bbbbbbbb-bbbb-4bbb-8bbb-bbbbbbbbbbbb&zona=Zona+Norte,200,51.782,
2026-08-31T03:55:11.938301+00:00,GET,http://localhost:3000/logistics/tenderos/productos-disponibles?tiendaId=bbbbbbbb-bbbb-4bbb-8bbb-bbbbbbbbbbbb&zona=Zona+Norte,200,55.326,
2026-08-31T03:55:11.988298+00:00,GET,http://localhost:3000/logistics/tenderos/productos-disponibles?tiendaId=bbbbbbbb-bbbb-4bbb-8bbb-bbbbbbbbbbbb&zona=Zona+Norte,200,57.438,
2026-08-31T03:55:12.037630+00:00,GET,http://localhost:3000/logistics/tenderos/productos-disponibles?tiendaId=bbbbbbbb-bbbb-4bbb-8bbb-bbbbbbbbbbbb&zona=Zona+Norte,200,58.678,
2026-08-31T03:55:12.088304+00:00,GET,http://localhost:3000/logistics/tenderos/productos-disponibles?tiendaId=bbbbbbbb-bbbb-4bbb-8bbb-bbbbbbbbbbbb&zona=Zona+Norte,200,52.553,
2026-08-31T03:55:12.138327+00:00,GET,http://localhost:3000/logistics/tenderos/productos-disponibles?tiendaId=bbbbbbbb-bbbb-4bbb-8bbb-bbbbbbbbbbbb&zona=Zona+Norte,200,51.514,
2026-08-31T03:55:12.188332+00:00,GET,http://localhost:3000/logistics/tenderos/productos-disponibles?tiendaId=bbbbbbbb-bbbb-4bbb-8bbb-bbbbbbbbbbbb&zona=Zona+Norte,200,50.505,
2026-08-31T03:55:12.237504+00:00,GET,http://localhost:3000/logistics/tenderos/productos-disponibles?tiendaId=bbbbbbbb-bbbb-4bbb-8bbb-bbbbbbbbbbbb&zona=Zona+Norte,200,51.647,
2026-08-31T03:55:12.287748+00:00,GET,http://localhost:3000/logistics/tenderos/productos-disponibles?tiendaId=bbbbbbbb-bbbb-4bbb-8bbb-bbbbbbbbbbbb&zona=Zona+Norte,200,52.999,
2026-08-31T03:55:12.338338+00:00,GET,http://localhost:3000/logistics/tenderos/productos-disponibles?tiendaId=bbbbbbbb-bbbb-4bbb-8bbb-bbbbbbbbbbbb&zona=Zona+Norte,200,52.012,
2026-08-31T03:55:12.388330+00:00,GET,http://localhost:3000/logistics/tenderos/productos-disponibles?tiendaId=bbbbbbbb-bbbb-4bbb-8bbb-bbbbbbbbbbbb&zona=Zona+Norte,200,57.618,
2026-08-31T03:55:12.438353+00:00,GET,http://localhost:3000/logistics/tenderos/productos-disponibles?tiendaId=bbbbbbbb-bbbb-4bbb-8bbb-bbbbbbbbbbbb&zona=Zona+Norte,200,55.309,
2026-08-31T03:55:12.487411+00:00,GET,http://localhost:3000/logistics/tenderos/productos-disponibles?tiendaId=bbbbbbbb-bbbb-4bbb-8bbb-bbbbbbbbbbbb&zona=Zona+Norte,200,56.330,
2026-08-31T03:55:12.538355+00:00,GET,http://localhost:3000/logistics/tenderos/productos-disponibles?tiendaId=bbbbbbbb-bbbb-4bbb-8bbb-bbbbbbbbbbbb&zona=Zona+Norte,200,55.017,
2026-08-31T03:55:12.587843+00:00,GET,http://localhost:3000/logistics/tenderos/productos-disponibles?tiendaId=bbbbbbbb-bbbb-4bbb-8bbb-bbbbbbbbbbbb&zona=Zona+Norte,200,53.532,
2026-08-31T03:55:12.638390+00:00,GET,http://localhost:3000/logistics/tenderos/productos-disponibles?tiendaId=bbbbbbbb-bbbb-4bbb-8bbb-bbbbbbbbbbbb&zona=Zona+Norte,200,58.224,
2026-08-31T03:55:12.688326+00:00,GET,http://localhost:3000/logistics/tenderos/productos-disponibles?tiendaId=bbbbbbbb-bbbb-4bbb-8bbb-bbbbbbbbbbbb&zona=Zona+Norte,200,53.207,
2026-08-31T03:55:12.738344+00:00,GET,http://localhost:3000/logistics/tenderos/productos-disponibles?tiendaId=bbbbbbbb-bbbb-4bbb-8bbb-bbbbbbbbbbbb&zona=Zona+Norte,200,51.236,
2026-08-31T03:55:12.787745+00:00,GET,http://localhost:3000/logistics/tenderos/productos-disponibles?tiendaId=bbbbbbbb-bbbb-4bbb-8bbb-bbbbbbbbbbbb&zona=Zona+Norte,200,56.336,
2026-08-31T03:55:12.838009+00:00,GET,http://localhost:3000/logistics/tenderos/productos-disponibles?tiendaId=bbbbbbbb-bbbb-4bbb-8bbb-bbbbbbbbbbbb&zona=Zona+Norte,200,57.535,
2026-08-31T03:55:12.888362+00:00,GET,http://localhost:3000/logistics/tenderos/productos-disponibles?tiendaId=bbbbbbbb-bbbb-4bbb-8bbb-bbbbbbbbbbbb&zona=Zona+Norte,200,53.379,
2026-08-31T03:55:12.938130+00:00,GET,http://localhost:3000/logistics/tenderos/productos-disponibles?tiendaId=bbbbbbbb-bbbb-4bbb-8bbb-bbbbbbbbbbbb&zona=Zona+Norte,200,55.729,
2026-08-31T03:55:12.988346+00:00,GET,http://localhost:3000/logistics/tenderos/productos-disponibles?tiendaId=bbbbbbbb-bbbb-4bbb-8bbb-bbbbbbbbbbbb&zona=Zona+Norte,200,53.843,
2026-08-31T03:55:13.038185+00:00,GET,http://localhost:3000/logistics/tenderos/productos-disponibles?tiendaId=bbbbbbbb-bbbb-4bbb-8bbb-bbbbbbbbbbbb&zona=Zona+Norte,200,59.796,
2026-08-31T03:55:13.088086+00:00,GET,http://localhost:3000/logistics/tenderos/productos-disponibles?tiendaId=bbbbbbbb-bbbb-4bbb-8bbb-bbbbbbbbbbbb&zona=Zona+Norte,200,53.467,
2026-08-31T03:55:13.138392+00:00,GET,http://localhost:3000/logistics/tenderos/productos-disponibles?tiendaId=bbbbbbbb-bbbb-4bbb-8bbb-bbbbbbbbbbbb&zona=Zona+Norte,200,56.238,
2026-08-31T03:55:13.188114+00:00,GET,http://localhost:3000/logistics/tenderos/productos-disponibles?tiendaId=bbbbbbbb-bbbb-4bbb-8bbb-bbbbbbbbbbbb&zona=Zona+Norte,200,55.566,
2026-08-31T03:55:13.237409+00:00,GET,http://localhost:3000/logistics/tenderos/productos-disponibles?tiendaId=bbbbbbbb-bbbb-4bbb-8bbb-bbbbbbbbbbbb&zona=Zona+Norte,200,54.086,
2026-08-31T03:55:13.287769+00:00,GET,http://localhost:3000/logistics/tenderos/productos-disponibles?tiendaId=bbbbbbbb-bbbb-4bbb-8bbb-bbbbbbbbbbbb&zona=Zona+Norte,200,52.565,
2026-08-31T03:55:13.338410+00:00,GET,http://localhost:3000/logistics/tenderos/productos-disponibles?tiendaId=bbbbbbbb-bbbb-4bbb-8bbb-bbbbbbbbbbbb&zona=Zona+Norte,200,52.030,
2026-08-31T03:55:13.388405+00:00,GET,http://localhost:3000/logistics/tenderos/productos-disponibles?tiendaId=bbbbbbbb-bbbb-4bbb-8bbb-bbbbbbbbbbbb&zona=Zona+Norte,200,53.164,
2026-08-31T03:55:13.438386+00:00,GET,http://localhost:3000/logistics/tenderos/productos-disponibles?tiendaId=bbbbbbbb-bbbb-4bbb-8bbb-bbbbbbbbbbbb&zona=Zona+Norte,200,52.215,
2026-08-31T03:55:13.488292+00:00,GET,http://localhost:3000/logistics/tenderos/productos-disponibles?tiendaId=bbbbbbbb-bbbb-4bbb-8bbb-bbbbbbbbbbbb&zona=Zona+Norte,200,52.796,
2026-08-31T03:55:13.538410+00:00,GET,http://localhost:3000/logistics/tenderos/productos-disponibles?tiendaId=bbbbbbbb-bbbb-4bbb-8bbb-bbbbbbbbbbbb&zona=Zona+Norte,200,51.714,
2026-08-31T03:55:13.588386+00:00,GET,http://localhost:3000/logistics/tenderos/productos-disponibles?tiendaId=bbbbbbbb-bbbb-4bbb-8bbb-bbbbbbbbbbbb&zona=Zona+Norte,200,51.890,
2026-08-31T03:55:13.638470+00:00,GET,http://localhost:3000/logistics/tenderos/productos-disponibles?tiendaId=bbbbbbbb-bbbb-4bbb-8bbb-bbbbbbbbbbbb&zona=Zona+Norte,200,51.034,
2026-08-31T03:55:13.688386+00:00,GET,http://localhost:3000/logistics/tenderos/productos-disponibles?tiendaId=bbbbbbbb-bbbb-4bbb-8bbb-bbbbbbbbbbbb&zona=Zona+Norte,200,54.093,
2026-08-31T03:55:13.738413+00:00,GET,http://localhost:3000/logistics/tenderos/productos-disponibles?tiendaId=bbbbbbbb-bbbb-4bbb-8bbb-bbbbbbbbbbbb&zona=Zona+Norte,200,50.448,
2026-08-31T03:55:13.788420+00:00,GET,http://localhost:3000/logistics/tenderos/productos-disponibles?tiendaId=bbbbbbbb-bbbb-4bbb-8bbb-bbbbbbbbbbbb&zona=Zona+Norte,200,58.912,
2026-08-31T03:55:13.838066+00:00,GET,http://localhost:3000/logistics/tenderos/productos-disponibles?tiendaId=bbbbbbbb-bbbb-4bbb-8bbb-bbbbbbbbbbbb&zona=Zona+Norte,200,54.996,
2026-08-31T03:55:13.888407+00:00,GET,http://localhost:3000/logistics/tenderos/productos-disponibles?tiendaId=bbbbbbbb-bbbb-4bbb-8bbb-bbbbbbbbbbbb&zona=Zona+Norte,200,49.965,
2026-08-31T03:55:13.938414+00:00,GET,http://localhost:3000/logistics/tenderos/productos-disponibles?tiendaId=bbbbbbbb-bbbb-4bbb-8bbb-bbbbbbbbbbbb&zona=Zona+Norte,200,51.774,
2026-08-31T03:55:13.988416+00:00,GET,http://localhost:3000/logistics/tenderos/productos-disponibles?tiendaId=bbbbbbbb-bbbb-4bbb-8bbb-bbbbbbbbbbbb&zona=Zona+Norte,200,58.354,
2026-08-31T03:55:14.038431+00:00,GET,http://localhost:3000/logistics/tenderos/productos-disponibles?tiendaId=bbbbbbbb-bbbb-4bbb-8bbb-bbbbbbbbbbbb&zona=Zona+Norte,200,54.223,
2026-08-31T03:55:14.088377+00:00,GET,http://localhost:3000/logistics/tenderos/productos-disponibles?tiendaId=bbbbbbbb-bbbb-4bbb-8bbb-bbbbbbbbbbbb&zona=Zona+Norte,200,50.844,
2026-08-31T03:55:14.138375+00:00,GET,http://localhost:3000/logistics/tenderos/productos-disponibles?tiendaId=bbbbbbbb-bbbb-4bbb-8bbb-bbbbbbbbbbbb&zona=Zona+Norte,200,53.960,
2026-08-31T03:55:14.188376+00:00,GET,http://localhost:3000/logistics/tenderos/productos-disponibles?tiendaId=bbbbbbbb-bbbb-4bbb-8bbb-bbbbbbbbbbbb&zona=Zona+Norte,200,53.763,
2026-08-31T03:55:14.238388+00:00,GET,http://localhost:3000/logistics/tenderos/productos-disponibles?tiendaId=bbbbbbbb-bbbb-4bbb-8bbb-bbbbbbbbbbbb&zona=Zona+Norte,200,55.369,
2026-08-31T03:55:14.288293+00:00,GET,http://localhost:3000/logistics/tenderos/productos-disponibles?tiendaId=bbbbbbbb-bbbb-4bbb-8bbb-bbbbbbbbbbbb&zona=Zona+Norte,200,54.862,
2026-08-31T03:55:14.338379+00:00,GET,http://localhost:3000/logistics/tenderos/productos-disponibles?tiendaId=bbbbbbbb-bbbb-4bbb-8bbb-bbbbbbbbbbbb&zona=Zona+Norte,200,52.391,
2026-08-31T03:55:14.387744+00:00,GET,http://localhost:3000/logistics/tenderos/productos-disponibles?tiendaId=bbbbbbbb-bbbb-4bbb-8bbb-bbbbbbbbbbbb&zona=Zona+Norte,200,51.102,
2026-08-31T03:55:14.437618+00:00,GET,http://localhost:3000/logistics/tenderos/productos-disponibles?tiendaId=bbbbbbbb-bbbb-4bbb-8bbb-bbbbbbbbbbbb&zona=Zona+Norte,200,51.727,
2026-08-31T03:55:14.488101+00:00,GET,http://localhost:3000/logistics/tenderos/productos-disponibles?tiendaId=bbbbbbbb-bbbb-4bbb-8bbb-bbbbbbbbbbbb&zona=Zona+Norte,200,55.172,
2026-08-31T03:55:14.538411+00:00,GET,http://localhost:3000/logistics/tenderos/productos-disponibles?tiendaId=bbbbbbbb-bbbb-4bbb-8bbb-bbbbbbbbbbbb&zona=Zona+Norte,200,59.342,
2026-08-31T03:55:14.587792+00:00,GET,http://localhost:3000/logistics/tenderos/productos-disponibles?tiendaId=bbbbbbbb-bbbb-4bbb-8bbb-bbbbbbbbbbbb&zona=Zona+Norte,200,52.310,
2026-08-31T03:55:14.638440+00:00,GET,http://localhost:3000/logistics/tenderos/productos-disponibles?tiendaId=bbbbbbbb-bbbb-4bbb-8bbb-bbbbbbbbbbbb&zona=Zona+Norte,200,53.050,
2026-08-31T03:55:14.688402+00:00,GET,http://localhost:3000/logistics/tenderos/productos-disponibles?tiendaId=bbbbbbbb-bbbb-4bbb-8bbb-bbbbbbbbbbbb&zona=Zona+Norte,200,55.566,
2026-08-31T03:55:14.737398+00:00,GET,http://localhost:3000/logistics/tenderos/productos-disponibles?tiendaId=bbbbbbbb-bbbb-4bbb-8bbb-bbbbbbbbbbbb&zona=Zona+Norte,200,55.368,
2026-08-31T03:55:14.788401+00:00,GET,http://localhost:3000/logistics/tenderos/productos-disponibles?tiendaId=bbbbbbbb-bbbb-4bbb-8bbb-bbbbbbbbbbbb&zona=Zona+Norte,200,55.456,
2026-08-31T03:55:14.838410+00:00,GET,http://localhost:3000/logistics/tenderos/productos-disponibles?tiendaId=bbbbbbbb-bbbb-4bbb-8bbb-bbbbbbbbbbbb&zona=Zona+Norte,200,56.710,
2026-08-31T03:55:14.888064+00:00,GET,http://localhost:3000/logistics/tenderos/productos-disponibles?tiendaId=bbbbbbbb-bbbb-4bbb-8bbb-bbbbbbbbbbbb&zona=Zona+Norte,200,59.811,
2026-08-31T03:55:14.938409+00:00,GET,http://localhost:3000/logistics/tenderos/productos-disponibles?tiendaId=bbbbbbbb-bbbb-4bbb-8bbb-bbbbbbbbbbbb&zona=Zona+Norte,200,55.136,
2026-08-31T03:55:14.988427+00:00,GET,http://localhost:3000/logistics/tenderos/productos-disponibles?tiendaId=bbbbbbbb-bbbb-4bbb-8bbb-bbbbbbbbbbbb&zona=Zona+Norte,200,52.499,
2026-08-31T03:55:15.038395+00:00,GET,http://localhost:3000/logistics/tenderos/productos-disponibles?tiendaId=bbbbbbbb-bbbb-4bbb-8bbb-bbbbbbbbbbbb&zona=Zona+Norte,200,52.436,
2026-08-31T03:55:15.088412+00:00,GET,http://localhost:3000/logistics/tenderos/productos-disponibles?tiendaId=bbbbbbbb-bbbb-4bbb-8bbb-bbbbbbbbbbbb&zona=Zona+Norte,200,51.364,
2026-08-31T03:55:15.138420+00:00,GET,http://localhost:3000/logistics/tenderos/productos-disponibles?tiendaId=bbbbbbbb-bbbb-4bbb-8bbb-bbbbbbbbbbbb&zona=Zona+Norte,200,52.931,
2026-08-31T03:55:15.188413+00:00,GET,http://localhost:3000/logistics/tenderos/productos-disponibles?tiendaId=bbbbbbbb-bbbb-4bbb-8bbb-bbbbbbbbbbbb&zona=Zona+Norte,200,52.107,
2026-08-31T03:55:15.238428+00:00,GET,http://localhost:3000/logistics/tenderos/productos-disponibles?tiendaId=bbbbbbbb-bbbb-4bbb-8bbb-bbbbbbbbbbbb&zona=Zona+Norte,200,55.105,
2026-08-31T03:55:15.288433+00:00,GET,http://localhost:3000/logistics/tenderos/productos-disponibles?tiendaId=bbbbbbbb-bbbb-4bbb-8bbb-bbbbbbbbbbbb&zona=Zona+Norte,200,54.571,
2026-08-31T03:55:15.338414+00:00,GET,http://localhost:3000/logistics/tenderos/productos-disponibles?tiendaId=bbbbbbbb-bbbb-4bbb-8bbb-bbbbbbbbbbbb&zona=Zona+Norte,200,52.343,
2026-08-31T03:55:15.388442+00:00,GET,http://localhost:3000/logistics/tenderos/productos-disponibles?tiendaId=bbbbbbbb-bbbb-4bbb-8bbb-bbbbbbbbbbbb&zona=Zona+Norte,200,54.278,
2026-08-31T03:55:15.438422+00:00,GET,http://localhost:3000/logistics/tenderos/productos-disponibles?tiendaId=bbbbbbbb-bbbb-4bbb-8bbb-bbbbbbbbbbbb&zona=Zona+Norte,200,53.161,
2026-08-31T03:55:15.488412+00:00,GET,http://localhost:3000/logistics/tenderos/productos-disponibles?tiendaId=bbbbbbbb-bbbb-4bbb-8bbb-bbbbbbbbbbbb&zona=Zona+Norte,200,54.315,
2026-08-31T03:55:15.538420+00:00,GET,http://localhost:3000/logistics/tenderos/productos-disponibles?tiendaId=bbbbbbbb-bbbb-4bbb-8bbb-bbbbbbbbbbbb&zona=Zona+Norte,200,51.345,
2026-08-31T03:55:15.588425+00:00,GET,http://localhost:3000/logistics/tenderos/productos-disponibles?tiendaId=bbbbbbbb-bbbb-4bbb-8bbb-bbbbbbbbbbbb&zona=Zona+Norte,200,53.964,
2026-08-31T03:55:15.638464+00:00,GET,http://localhost:3000/logistics/tenderos/productos-disponibles?tiendaId=bbbbbbbb-bbbb-4bbb-8bbb-bbbbbbbbbbbb&zona=Zona+Norte,200,51.872,
2026-08-31T03:55:15.688463+00:00,GET,http://localhost:3000/logistics/tenderos/productos-disponibles?tiendaId=bbbbbbbb-bbbb-4bbb-8bbb-bbbbbbbbbbbb&zona=Zona+Norte,200,53.098,
2026-08-31T03:55:15.738146+00:00,GET,http://localhost:3000/logistics/tenderos/productos-disponibles?tiendaId=bbbbbbbb-bbbb-4bbb-8bbb-bbbbbbbbbbbb&zona=Zona+Norte,200,53.192,
2026-08-31T03:55:15.788436+00:00,GET,http://localhost:3000/logistics/tenderos/productos-disponibles?tiendaId=bbbbbbbb-bbbb-4bbb-8bbb-bbbbbbbbbbbb&zona=Zona+Norte,200,54.341,
2026-08-31T03:55:15.838407+00:00,GET,http://localhost:3000/logistics/tenderos/productos-disponibles?tiendaId=bbbbbbbb-bbbb-4bbb-8bbb-bbbbbbbbbbbb&zona=Zona+Norte,200,56.045,
2026-08-31T03:55:15.888313+00:00,GET,http://localhost:3000/logistics/tenderos/productos-disponibles?tiendaId=bbbbbbbb-bbbb-4bbb-8bbb-bbbbbbbbbbbb&zona=Zona+Norte,200,52.719,
2026-08-31T03:55:15.937854+00:00,GET,http://localhost:3000/logistics/tenderos/productos-disponibles?tiendaId=bbbbbbbb-bbbb-4bbb-8bbb-bbbbbbbbbbbb&zona=Zona+Norte,200,53.432,
2026-08-31T03:55:15.988413+00:00,GET,http://localhost:3000/logistics/tenderos/productos-disponibles?tiendaId=bbbbbbbb-bbbb-4bbb-8bbb-bbbbbbbbbbbb&zona=Zona+Norte,200,57.019,
2026-08-31T03:55:16.037661+00:00,GET,http://localhost:3000/logistics/tenderos/productos-disponibles?tiendaId=bbbbbbbb-bbbb-4bbb-8bbb-bbbbbbbbbbbb&zona=Zona+Norte,200,55.354,
2026-08-31T03:55:16.088423+00:00,GET,http://localhost:3000/logistics/tenderos/productos-disponibles?tiendaId=bbbbbbbb-bbbb-4bbb-8bbb-bbbbbbbbbbbb&zona=Zona+Norte,200,54.920,
2026-08-31T03:55:16.138422+00:00,GET,http://localhost:3000/logistics/tenderos/productos-disponibles?tiendaId=bbbbbbbb-bbbb-4bbb-8bbb-bbbbbbbbbbbb&zona=Zona+Norte,200,60.216,
2026-08-31T03:55:16.188438+00:00,GET,http://localhost:3000/logistics/tenderos/productos-disponibles?tiendaId=bbbbbbbb-bbbb-4bbb-8bbb-bbbbbbbbbbbb&zona=Zona+Norte,200,56.464,
2026-08-31T03:55:16.238421+00:00,GET,http://localhost:3000/logistics/tenderos/productos-disponibles?tiendaId=bbbbbbbb-bbbb-4bbb-8bbb-bbbbbbbbbbbb&zona=Zona+Norte,200,57.646,
2026-08-31T03:55:16.287799+00:00,GET,http://localhost:3000/logistics/tenderos/productos-disponibles?tiendaId=bbbbbbbb-bbbb-4bbb-8bbb-bbbbbbbbbbbb&zona=Zona+Norte,200,51.987,
2026-08-31T03:55:16.338444+00:00,GET,http://localhost:3000/logistics/tenderos/productos-disponibles?tiendaId=bbbbbbbb-bbbb-4bbb-8bbb-bbbbbbbbbbbb&zona=Zona+Norte,200,55.376,
2026-08-31T03:55:16.388440+00:00,GET,http://localhost:3000/logistics/tenderos/productos-disponibles?tiendaId=bbbbbbbb-bbbb-4bbb-8bbb-bbbbbbbbbbbb&zona=Zona+Norte,200,53.257,
2026-08-31T03:55:16.438457+00:00,GET,http://localhost:3000/logistics/tenderos/productos-disponibles?tiendaId=bbbbbbbb-bbbb-4bbb-8bbb-bbbbbbbbbbbb&zona=Zona+Norte,200,59.487,
2026-08-31T03:55:16.488441+00:00,GET,http://localhost:3000/logistics/tenderos/productos-disponibles?tiendaId=bbbbbbbb-bbbb-4bbb-8bbb-bbbbbbbbbbbb&zona=Zona+Norte,200,54.044,
2026-08-31T03:55:16.538413+00:00,GET,http://localhost:3000/logistics/tenderos/productos-disponibles?tiendaId=bbbbbbbb-bbbb-4bbb-8bbb-bbbbbbbbbbbb&zona=Zona+Norte,200,60.079,
2026-08-31T03:55:16.588443+00:00,GET,http://localhost:3000/logistics/tenderos/productos-disponibles?tiendaId=bbbbbbbb-bbbb-4bbb-8bbb-bbbbbbbbbbbb&zona=Zona+Norte,200,51.706,
2026-08-31T03:55:16.638462+00:00,GET,http://localhost:3000/logistics/tenderos/productos-disponibles?tiendaId=bbbbbbbb-bbbb-4bbb-8bbb-bbbbbbbbbbbb&zona=Zona+Norte,200,52.717,
2026-08-31T03:55:16.688440+00:00,GET,http://localhost:3000/logistics/tenderos/productos-disponibles?tiendaId=bbbbbbbb-bbbb-4bbb-8bbb-bbbbbbbbbbbb&zona=Zona+Norte,200,50.874,
2026-08-31T03:55:16.738427+00:00,GET,http://localhost:3000/logistics/tenderos/productos-disponibles?tiendaId=bbbbbbbb-bbbb-4bbb-8bbb-bbbbbbbbbbbb&zona=Zona+Norte,200,55.186,
2026-08-31T03:55:16.787708+00:00,GET,http://localhost:3000/logistics/tenderos/productos-disponibles?tiendaId=bbbbbbbb-bbbb-4bbb-8bbb-bbbbbbbbbbbb&zona=Zona+Norte,200,60.138,
2026-08-31T03:55:16.838433+00:00,GET,http://localhost:3000/logistics/tenderos/productos-disponibles?tiendaId=bbbbbbbb-bbbb-4bbb-8bbb-bbbbbbbbbbbb&zona=Zona+Norte,200,57.158,
2026-08-31T03:55:16.888122+00:00,GET,http://localhost:3000/logistics/tenderos/productos-disponibles?tiendaId=bbbbbbbb-bbbb-4bbb-8bbb-bbbbbbbbbbbb&zona=Zona+Norte,200,56.014,
2026-08-31T03:55:16.938457+00:00,GET,http://localhost:3000/logistics/tenderos/productos-disponibles?tiendaId=bbbbbbbb-bbbb-4bbb-8bbb-bbbbbbbbbbbb&zona=Zona+Norte,200,58.622,
2026-08-31T03:55:16.988448+00:00,GET,http://localhost:3000/logistics/tenderos/productos-disponibles?tiendaId=bbbbbbbb-bbbb-4bbb-8bbb-bbbbbbbbbbbb&zona=Zona+Norte,200,57.403,
2026-08-31T03:55:17.038466+00:00,GET,http://localhost:3000/logistics/tenderos/productos-disponibles?tiendaId=bbbbbbbb-bbbb-4bbb-8bbb-bbbbbbbbbbbb&zona=Zona+Norte,200,53.135,
2026-08-31T03:55:17.087765+00:00,GET,http://localhost:3000/logistics/tenderos/productos-disponibles?tiendaId=bbbbbbbb-bbbb-4bbb-8bbb-bbbbbbbbbbbb&zona=Zona+Norte,200,56.775,
2026-08-31T03:55:17.138461+00:00,GET,http://localhost:3000/logistics/tenderos/productos-disponibles?tiendaId=bbbbbbbb-bbbb-4bbb-8bbb-bbbbbbbbbbbb&zona=Zona+Norte,200,53.797,
2026-08-31T03:55:17.188476+00:00,GET,http://localhost:3000/logistics/tenderos/productos-disponibles?tiendaId=bbbbbbbb-bbbb-4bbb-8bbb-bbbbbbbbbbbb&zona=Zona+Norte,200,60.645,
2026-08-31T03:55:17.238439+00:00,GET,http://localhost:3000/logistics/tenderos/productos-disponibles?tiendaId=bbbbbbbb-bbbb-4bbb-8bbb-bbbbbbbbbbbb&zona=Zona+Norte,200,66.791,
2026-08-31T03:55:17.288437+00:00,GET,http://localhost:3000/logistics/tenderos/productos-disponibles?tiendaId=bbbbbbbb-bbbb-4bbb-8bbb-bbbbbbbbbbbb&zona=Zona+Norte,200,51.957,
2026-08-31T03:55:17.338479+00:00,GET,http://localhost:3000/logistics/tenderos/productos-disponibles?tiendaId=bbbbbbbb-bbbb-4bbb-8bbb-bbbbbbbbbbbb&zona=Zona+Norte,200,52.313,
2026-08-31T03:55:17.388474+00:00,GET,http://localhost:3000/logistics/tenderos/productos-disponibles?tiendaId=bbbbbbbb-bbbb-4bbb-8bbb-bbbbbbbbbbbb&zona=Zona+Norte,200,51.038,
2026-08-31T03:55:17.438468+00:00,GET,http://localhost:3000/logistics/tenderos/productos-disponibles?tiendaId=bbbbbbbb-bbbb-4bbb-8bbb-bbbbbbbbbbbb&zona=Zona+Norte,200,52.160,
2026-08-31T03:55:17.487803+00:00,GET,http://localhost:3000/logistics/tenderos/productos-disponibles?tiendaId=bbbbbbbb-bbbb-4bbb-8bbb-bbbbbbbbbbbb&zona=Zona+Norte,200,53.420,
2026-08-31T03:55:17.538475+00:00,GET,http://localhost:3000/logistics/tenderos/productos-disponibles?tiendaId=bbbbbbbb-bbbb-4bbb-8bbb-bbbbbbbbbbbb&zona=Zona+Norte,200,52.068,
2026-08-31T03:55:17.587885+00:00,GET,http://localhost:3000/logistics/tenderos/productos-disponibles?tiendaId=bbbbbbbb-bbbb-4bbb-8bbb-bbbbbbbbbbbb&zona=Zona+Norte,200,52.505,
2026-08-31T03:55:17.638582+00:00,GET,http://localhost:3000/logistics/tenderos/productos-disponibles?tiendaId=bbbbbbbb-bbbb-4bbb-8bbb-bbbbbbbbbbbb&zona=Zona+Norte,200,55.230,
2026-08-31T03:55:17.687684+00:00,GET,http://localhost:3000/logistics/tenderos/productos-disponibles?tiendaId=bbbbbbbb-bbbb-4bbb-8bbb-bbbbbbbbbbbb&zona=Zona+Norte,200,51.944,
2026-08-31T03:55:17.738491+00:00,GET,http://localhost:3000/logistics/tenderos/productos-disponibles?tiendaId=bbbbbbbb-bbbb-4bbb-8bbb-bbbbbbbbbbbb&zona=Zona+Norte,200,51.670,
2026-08-31T03:55:17.788476+00:00,GET,http://localhost:3000/logistics/tenderos/productos-disponibles?tiendaId=bbbbbbbb-bbbb-4bbb-8bbb-bbbbbbbbbbbb&zona=Zona+Norte,200,50.260,
2026-08-31T03:55:17.838466+00:00,GET,http://localhost:3000/logistics/tenderos/productos-disponibles?tiendaId=bbbbbbbb-bbbb-4bbb-8bbb-bbbbbbbbbbbb&zona=Zona+Norte,200,57.361,
2026-08-31T03:55:17.888507+00:00,GET,http://localhost:3000/logistics/tenderos/productos-disponibles?tiendaId=bbbbbbbb-bbbb-4bbb-8bbb-bbbbbbbbbbbb&zona=Zona+Norte,200,51.932,
2026-08-31T03:55:17.938369+00:00,GET,http://localhost:3000/logistics/tenderos/productos-disponibles?tiendaId=bbbbbbbb-bbbb-4bbb-8bbb-bbbbbbbbbbbb&zona=Zona+Norte,200,54.492,
2026-08-31T03:55:17.988476+00:00,GET,http://localhost:3000/logistics/tenderos/productos-disponibles?tiendaId=bbbbbbbb-bbbb-4bbb-8bbb-bbbbbbbbbbbb&zona=Zona+Norte,200,52.335,
2026-08-31T03:55:18.038504+00:00,GET,http://localhost:3000/logistics/tenderos/productos-disponibles?tiendaId=bbbbbbbb-bbbb-4bbb-8bbb-bbbbbbbbbbbb&zona=Zona+Norte,200,53.952,
2026-08-31T03:55:18.087827+00:00,GET,http://localhost:3000/logistics/tenderos/productos-disponibles?tiendaId=bbbbbbbb-bbbb-4bbb-8bbb-bbbbbbbbbbbb&zona=Zona+Norte,200,62.183,
2026-08-31T03:55:18.138503+00:00,GET,http://localhost:3000/logistics/tenderos/productos-disponibles?tiendaId=bbbbbbbb-bbbb-4bbb-8bbb-bbbbbbbbbbbb&zona=Zona+Norte,200,52.322,
2026-08-31T03:55:18.188486+00:00,GET,http://localhost:3000/logistics/tenderos/productos-disponibles?tiendaId=bbbbbbbb-bbbb-4bbb-8bbb-bbbbbbbbbbbb&zona=Zona+Norte,200,51.687,
2026-08-31T03:55:18.238504+00:00,GET,http://localhost:3000/logistics/tenderos/productos-disponibles?tiendaId=bbbbbbbb-bbbb-4bbb-8bbb-bbbbbbbbbbbb&zona=Zona+Norte,200,59.487,
2026-08-31T03:55:18.288497+00:00,GET,http://localhost:3000/logistics/tenderos/productos-disponibles?tiendaId=bbbbbbbb-bbbb-4bbb-8bbb-bbbbbbbbbbbb&zona=Zona+Norte,200,54.582,
2026-08-31T03:55:18.338463+00:00,GET,http://localhost:3000/logistics/tenderos/productos-disponibles?tiendaId=bbbbbbbb-bbbb-4bbb-8bbb-bbbbbbbbbbbb&zona=Zona+Norte,200,55.860,
2026-08-31T03:55:18.388498+00:00,GET,http://localhost:3000/logistics/tenderos/productos-disponibles?tiendaId=bbbbbbbb-bbbb-4bbb-8bbb-bbbbbbbbbbbb&zona=Zona+Norte,200,53.384,
2026-08-31T03:55:18.438465+00:00,GET,http://localhost:3000/logistics/tenderos/productos-disponibles?tiendaId=bbbbbbbb-bbbb-4bbb-8bbb-bbbbbbbbbbbb&zona=Zona+Norte,200,54.795,
2026-08-31T03:55:18.488514+00:00,GET,http://localhost:3000/logistics/tenderos/productos-disponibles?tiendaId=bbbbbbbb-bbbb-4bbb-8bbb-bbbbbbbbbbbb&zona=Zona+Norte,200,53.817,
2026-08-31T03:55:18.538408+00:00,GET,http://localhost:3000/logistics/tenderos/productos-disponibles?tiendaId=bbbbbbbb-bbbb-4bbb-8bbb-bbbbbbbbbbbb&zona=Zona+Norte,200,51.851,
2026-08-31T03:55:18.588507+00:00,GET,http://localhost:3000/logistics/tenderos/productos-disponibles?tiendaId=bbbbbbbb-bbbb-4bbb-8bbb-bbbbbbbbbbbb&zona=Zona+Norte,200,59.770,
2026-08-31T03:55:18.638546+00:00,GET,http://localhost:3000/logistics/tenderos/productos-disponibles?tiendaId=bbbbbbbb-bbbb-4bbb-8bbb-bbbbbbbbbbbb&zona=Zona+Norte,200,55.354,
2026-08-31T03:55:18.687875+00:00,GET,http://localhost:3000/logistics/tenderos/productos-disponibles?tiendaId=bbbbbbbb-bbbb-4bbb-8bbb-bbbbbbbbbbbb&zona=Zona+Norte,200,52.754,
2026-08-31T03:55:18.738470+00:00,GET,http://localhost:3000/logistics/tenderos/productos-disponibles?tiendaId=bbbbbbbb-bbbb-4bbb-8bbb-bbbbbbbbbbbb&zona=Zona+Norte,200,51.156,
2026-08-31T03:55:18.788423+00:00,GET,http://localhost:3000/logistics/tenderos/productos-disponibles?tiendaId=bbbbbbbb-bbbb-4bbb-8bbb-bbbbbbbbbbbb&zona=Zona+Norte,200,52.725,
2026-08-31T03:55:18.838478+00:00,GET,http://localhost:3000/logistics/tenderos/productos-disponibles?tiendaId=bbbbbbbb-bbbb-4bbb-8bbb-bbbbbbbbbbbb&zona=Zona+Norte,200,52.869,
2026-08-31T03:55:18.888526+00:00,GET,http://localhost:3000/logistics/tenderos/productos-disponibles?tiendaId=bbbbbbbb-bbbb-4bbb-8bbb-bbbbbbbbbbbb&zona=Zona+Norte,200,55.043,
2026-08-31T03:55:18.938501+00:00,GET,http://localhost:3000/logistics/tenderos/productos-disponibles?tiendaId=bbbbbbbb-bbbb-4bbb-8bbb-bbbbbbbbbbbb&zona=Zona+Norte,200,57.765,
2026-08-31T03:55:18.988501+00:00,GET,http://localhost:3000/logistics/tenderos/productos-disponibles?tiendaId=bbbbbbbb-bbbb-4bbb-8bbb-bbbbbbbbbbbb&zona=Zona+Norte,200,57.157,
2026-08-31T03:55:19.037824+00:00,GET,http://localhost:3000/logistics/tenderos/productos-disponibles?tiendaId=bbbbbbbb-bbbb-4bbb-8bbb-bbbbbbbbbbbb&zona=Zona+Norte,200,53.471,
2026-08-31T03:55:19.088488+00:00,GET,http://localhost:3000/logistics/tenderos/productos-disponibles?tiendaId=bbbbbbbb-bbbb-4bbb-8bbb-bbbbbbbbbbbb&zona=Zona+Norte,200,58.884,
2026-08-31T03:55:19.138507+00:00,GET,http://localhost:3000/logistics/tenderos/productos-disponibles?tiendaId=bbbbbbbb-bbbb-4bbb-8bbb-bbbbbbbbbbbb&zona=Zona+Norte,200,57.507,
2026-08-31T03:55:19.187670+00:00,GET,http://localhost:3000/logistics/tenderos/productos-disponibles?tiendaId=bbbbbbbb-bbbb-4bbb-8bbb-bbbbbbbbbbbb&zona=Zona+Norte,200,56.895,
2026-08-31T03:55:19.238504+00:00,GET,http://localhost:3000/logistics/tenderos/productos-disponibles?tiendaId=bbbbbbbb-bbbb-4bbb-8bbb-bbbbbbbbbbbb&zona=Zona+Norte,200,50.721,
2026-08-31T03:55:19.288545+00:00,GET,http://localhost:3000/logistics/tenderos/productos-disponibles?tiendaId=bbbbbbbb-bbbb-4bbb-8bbb-bbbbbbbbbbbb&zona=Zona+Norte,200,49.974,
2026-08-31T03:55:19.338564+00:00,GET,http://localhost:3000/logistics/tenderos/productos-disponibles?tiendaId=bbbbbbbb-bbbb-4bbb-8bbb-bbbbbbbbbbbb&zona=Zona+Norte,200,50.690,
2026-08-31T03:55:19.388523+00:00,GET,http://localhost:3000/logistics/tenderos/productos-disponibles?tiendaId=bbbbbbbb-bbbb-4bbb-8bbb-bbbbbbbbbbbb&zona=Zona+Norte,200,49.011,
2026-08-31T03:55:19.437564+00:00,GET,http://localhost:3000/logistics/tenderos/productos-disponibles?tiendaId=bbbbbbbb-bbbb-4bbb-8bbb-bbbbbbbbbbbb&zona=Zona+Norte,200,49.674,
2026-08-31T03:55:19.487510+00:00,GET,http://localhost:3000/logistics/tenderos/productos-disponibles?tiendaId=bbbbbbbb-bbbb-4bbb-8bbb-bbbbbbbbbbbb&zona=Zona+Norte,200,49.244,
2026-08-31T03:55:19.537554+00:00,GET,http://localhost:3000/logistics/tenderos/productos-disponibles?tiendaId=bbbbbbbb-bbbb-4bbb-8bbb-bbbbbbbbbbbb&zona=Zona+Norte,200,52.617,
2026-08-31T03:55:19.588523+00:00,GET,http://localhost:3000/logistics/tenderos/productos-disponibles?tiendaId=bbbbbbbb-bbbb-4bbb-8bbb-bbbbbbbbbbbb&zona=Zona+Norte,200,51.428,
2026-08-31T03:55:19.638537+00:00,GET,http://localhost:3000/logistics/tenderos/productos-disponibles?tiendaId=bbbbbbbb-bbbb-4bbb-8bbb-bbbbbbbbbbbb&zona=Zona+Norte,200,52.388,
2026-08-31T03:55:19.688552+00:00,GET,http://localhost:3000/logistics/tenderos/productos-disponibles?tiendaId=bbbbbbbb-bbbb-4bbb-8bbb-bbbbbbbbbbbb&zona=Zona+Norte,200,52.409,
2026-08-31T03:55:19.738560+00:00,GET,http://localhost:3000/logistics/tenderos/productos-disponibles?tiendaId=bbbbbbbb-bbbb-4bbb-8bbb-bbbbbbbbbbbb&zona=Zona+Norte,200,55.410,
2026-08-31T03:55:19.788513+00:00,GET,http://localhost:3000/logistics/tenderos/productos-disponibles?tiendaId=bbbbbbbb-bbbb-4bbb-8bbb-bbbbbbbbbbbb&zona=Zona+Norte,200,52.147,
2026-08-31T03:55:19.838497+00:00,GET,http://localhost:3000/logistics/tenderos/productos-disponibles?tiendaId=bbbbbbbb-bbbb-4bbb-8bbb-bbbbbbbbbbbb&zona=Zona+Norte,200,51.621,
2026-08-31T03:55:19.888553+00:00,GET,http://localhost:3000/logistics/tenderos/productos-disponibles?tiendaId=bbbbbbbb-bbbb-4bbb-8bbb-bbbbbbbbbbbb&zona=Zona+Norte,200,55.859,
2026-08-31T03:55:19.938540+00:00,GET,http://localhost:3000/logistics/tenderos/productos-disponibles?tiendaId=bbbbbbbb-bbbb-4bbb-8bbb-bbbbbbbbbbbb&zona=Zona+Norte,200,59.355,
2026-08-31T03:55:19.988533+00:00,GET,http://localhost:3000/logistics/tenderos/productos-disponibles?tiendaId=bbbbbbbb-bbbb-4bbb-8bbb-bbbbbbbbbbbb&zona=Zona+Norte,200,61.835,
2026-08-31T03:55:20.038360+00:00,GET,http://localhost:3000/logistics/tenderos/productos-disponibles?tiendaId=bbbbbbbb-bbbb-4bbb-8bbb-bbbbbbbbbbbb&zona=Zona+Norte,200,59.176,
2026-08-31T03:55:20.088554+00:00,GET,http://localhost:3000/logistics/tenderos/productos-disponibles?tiendaId=bbbbbbbb-bbbb-4bbb-8bbb-bbbbbbbbbbbb&zona=Zona+Norte,200,63.437,
2026-08-31T03:55:20.138567+00:00,GET,http://localhost:3000/logistics/tenderos/productos-disponibles?tiendaId=bbbbbbbb-bbbb-4bbb-8bbb-bbbbbbbbbbbb&zona=Zona+Norte,200,59.707,
2026-08-31T03:55:20.188547+00:00,GET,http://localhost:3000/logistics/tenderos/productos-disponibles?tiendaId=bbbbbbbb-bbbb-4bbb-8bbb-bbbbbbbbbbbb&zona=Zona+Norte,200,52.903,
2026-08-31T03:55:20.238510+00:00,GET,http://localhost:3000/logistics/tenderos/productos-disponibles?tiendaId=bbbbbbbb-bbbb-4bbb-8bbb-bbbbbbbbbbbb&zona=Zona+Norte,200,50.739,
2026-08-31T03:55:20.288578+00:00,GET,http://localhost:3000/logistics/tenderos/productos-disponibles?tiendaId=bbbbbbbb-bbbb-4bbb-8bbb-bbbbbbbbbbbb&zona=Zona+Norte,200,52.678,
2026-08-31T03:55:20.337892+00:00,GET,http://localhost:3000/logistics/tenderos/productos-disponibles?tiendaId=bbbbbbbb-bbbb-4bbb-8bbb-bbbbbbbbbbbb&zona=Zona+Norte,200,53.528,
2026-08-31T03:55:20.388505+00:00,GET,http://localhost:3000/logistics/tenderos/productos-disponibles?tiendaId=bbbbbbbb-bbbb-4bbb-8bbb-bbbbbbbbbbbb&zona=Zona+Norte,200,51.758,
2026-08-31T03:55:20.438509+00:00,GET,http://localhost:3000/logistics/tenderos/productos-disponibles?tiendaId=bbbbbbbb-bbbb-4bbb-8bbb-bbbbbbbbbbbb&zona=Zona+Norte,200,52.513,
2026-08-31T03:55:20.488527+00:00,GET,http://localhost:3000/logistics/tenderos/productos-disponibles?tiendaId=bbbbbbbb-bbbb-4bbb-8bbb-bbbbbbbbbbbb&zona=Zona+Norte,200,51.311,
2026-08-31T03:55:20.538503+00:00,GET,http://localhost:3000/logistics/tenderos/productos-disponibles?tiendaId=bbbbbbbb-bbbb-4bbb-8bbb-bbbbbbbbbbbb&zona=Zona+Norte,200,52.903,
2026-08-31T03:55:20.588546+00:00,GET,http://localhost:3000/logistics/tenderos/productos-disponibles?tiendaId=bbbbbbbb-bbbb-4bbb-8bbb-bbbbbbbbbbbb&zona=Zona+Norte,200,51.014,
2026-08-31T03:55:20.638602+00:00,GET,http://localhost:3000/logistics/tenderos/productos-disponibles?tiendaId=bbbbbbbb-bbbb-4bbb-8bbb-bbbbbbbbbbbb&zona=Zona+Norte,200,59.564,
2026-08-31T03:55:20.688324+00:00,GET,http://localhost:3000/logistics/tenderos/productos-disponibles?tiendaId=bbbbbbbb-bbbb-4bbb-8bbb-bbbbbbbbbbbb&zona=Zona+Norte,200,56.845,
2026-08-31T03:55:20.738529+00:00,GET,http://localhost:3000/logistics/tenderos/productos-disponibles?tiendaId=bbbbbbbb-bbbb-4bbb-8bbb-bbbbbbbbbbbb&zona=Zona+Norte,200,55.488,
2026-08-31T03:55:20.788532+00:00,GET,http://localhost:3000/logistics/tenderos/productos-disponibles?tiendaId=bbbbbbbb-bbbb-4bbb-8bbb-bbbbbbbbbbbb&zona=Zona+Norte,200,55.802,
2026-08-31T03:55:20.838519+00:00,GET,http://localhost:3000/logistics/tenderos/productos-disponibles?tiendaId=bbbbbbbb-bbbb-4bbb-8bbb-bbbbbbbbbbbb&zona=Zona+Norte,200,54.547,
2026-08-31T03:55:20.888522+00:00,GET,http://localhost:3000/logistics/tenderos/productos-disponibles?tiendaId=bbbbbbbb-bbbb-4bbb-8bbb-bbbbbbbbbbbb&zona=Zona+Norte,200,53.916,
2026-08-31T03:55:20.938539+00:00,GET,http://localhost:3000/logistics/tenderos/productos-disponibles?tiendaId=bbbbbbbb-bbbb-4bbb-8bbb-bbbbbbbbbbbb&zona=Zona+Norte,200,52.899,
2026-08-31T03:55:20.988523+00:00,GET,http://localhost:3000/logistics/tenderos/productos-disponibles?tiendaId=bbbbbbbb-bbbb-4bbb-8bbb-bbbbbbbbbbbb&zona=Zona+Norte,200,54.332,
2026-08-31T03:55:21.038526+00:00,GET,http://localhost:3000/logistics/tenderos/productos-disponibles?tiendaId=bbbbbbbb-bbbb-4bbb-8bbb-bbbbbbbbbbbb&zona=Zona+Norte,200,51.039,
2026-08-31T03:55:21.088214+00:00,GET,http://localhost:3000/logistics/tenderos/productos-disponibles?tiendaId=bbbbbbbb-bbbb-4bbb-8bbb-bbbbbbbbbbbb&zona=Zona+Norte,200,54.841,
2026-08-31T03:55:21.137773+00:00,GET,http://localhost:3000/logistics/tenderos/productos-disponibles?tiendaId=bbbbbbbb-bbbb-4bbb-8bbb-bbbbbbbbbbbb&zona=Zona+Norte,200,52.672,
2026-08-31T03:55:21.188529+00:00,GET,http://localhost:3000/logistics/tenderos/productos-disponibles?tiendaId=bbbbbbbb-bbbb-4bbb-8bbb-bbbbbbbbbbbb&zona=Zona+Norte,200,54.820,
2026-08-31T03:55:21.238550+00:00,GET,http://localhost:3000/logistics/tenderos/productos-disponibles?tiendaId=bbbbbbbb-bbbb-4bbb-8bbb-bbbbbbbbbbbb&zona=Zona+Norte,200,52.502,
2026-08-31T03:55:21.288545+00:00,GET,http://localhost:3000/logistics/tenderos/productos-disponibles?tiendaId=bbbbbbbb-bbbb-4bbb-8bbb-bbbbbbbbbbbb&zona=Zona+Norte,200,53.867,
2026-08-31T03:55:21.338564+00:00,GET,http://localhost:3000/logistics/tenderos/productos-disponibles?tiendaId=bbbbbbbb-bbbb-4bbb-8bbb-bbbbbbbbbbbb&zona=Zona+Norte,200,56.766,
2026-08-31T03:55:21.387764+00:00,GET,http://localhost:3000/logistics/tenderos/productos-disponibles?tiendaId=bbbbbbbb-bbbb-4bbb-8bbb-bbbbbbbbbbbb&zona=Zona+Norte,200,59.365,
2026-08-31T03:55:21.438551+00:00,GET,http://localhost:3000/logistics/tenderos/productos-disponibles?tiendaId=bbbbbbbb-bbbb-4bbb-8bbb-bbbbbbbbbbbb&zona=Zona+Norte,200,62.412,
2026-08-31T03:55:21.488558+00:00,GET,http://localhost:3000/logistics/tenderos/productos-disponibles?tiendaId=bbbbbbbb-bbbb-4bbb-8bbb-bbbbbbbbbbbb&zona=Zona+Norte,200,56.272,
2026-08-31T03:55:21.538554+00:00,GET,http://localhost:3000/logistics/tenderos/productos-disponibles?tiendaId=bbbbbbbb-bbbb-4bbb-8bbb-bbbbbbbbbbbb&zona=Zona+Norte,200,56.671,
2026-08-31T03:55:21.588683+00:00,GET,http://localhost:3000/logistics/tenderos/productos-disponibles?tiendaId=bbbbbbbb-bbbb-4bbb-8bbb-bbbbbbbbbbbb&zona=Zona+Norte,200,53.374,
2026-08-31T03:55:21.638676+00:00,GET,http://localhost:3000/logistics/tenderos/productos-disponibles?tiendaId=bbbbbbbb-bbbb-4bbb-8bbb-bbbbbbbbbbbb&zona=Zona+Norte,200,55.719,
2026-08-31T03:55:21.688585+00:00,GET,http://localhost:3000/logistics/tenderos/productos-disponibles?tiendaId=bbbbbbbb-bbbb-4bbb-8bbb-bbbbbbbbbbbb&zona=Zona+Norte,200,51.463,
2026-08-31T03:55:21.738557+00:00,GET,http://localhost:3000/logistics/tenderos/productos-disponibles?tiendaId=bbbbbbbb-bbbb-4bbb-8bbb-bbbbbbbbbbbb&zona=Zona+Norte,200,55.103,
2026-08-31T03:55:21.788591+00:00,GET,http://localhost:3000/logistics/tenderos/productos-disponibles?tiendaId=bbbbbbbb-bbbb-4bbb-8bbb-bbbbbbbbbbbb&zona=Zona+Norte,200,62.346,
2026-08-31T03:55:21.837756+00:00,GET,http://localhost:3000/logistics/tenderos/productos-disponibles?tiendaId=bbbbbbbb-bbbb-4bbb-8bbb-bbbbbbbbbbbb&zona=Zona+Norte,200,60.787,
2026-08-31T03:55:21.888602+00:00,GET,http://localhost:3000/logistics/tenderos/productos-disponibles?tiendaId=bbbbbbbb-bbbb-4bbb-8bbb-bbbbbbbbbbbb&zona=Zona+Norte,200,55.181,
2026-08-31T03:55:21.938549+00:00,GET,http://localhost:3000/logistics/tenderos/productos-disponibles?tiendaId=bbbbbbbb-bbbb-4bbb-8bbb-bbbbbbbbbbbb&zona=Zona+Norte,200,57.628,
2026-08-31T03:55:21.988574+00:00,GET,http://localhost:3000/logistics/tenderos/productos-disponibles?tiendaId=bbbbbbbb-bbbb-4bbb-8bbb-bbbbbbbbbbbb&zona=Zona+Norte,200,55.225,
2026-08-31T03:55:22.038444+00:00,GET,http://localhost:3000/logistics/tenderos/productos-disponibles?tiendaId=bbbbbbbb-bbbb-4bbb-8bbb-bbbbbbbbbbbb&zona=Zona+Norte,200,54.126,
2026-08-31T03:55:22.088546+00:00,GET,http://localhost:3000/logistics/tenderos/productos-disponibles?tiendaId=bbbbbbbb-bbbb-4bbb-8bbb-bbbbbbbbbbbb&zona=Zona+Norte,200,56.103,
2026-08-31T03:55:22.138571+00:00,GET,http://localhost:3000/logistics/tenderos/productos-disponibles?tiendaId=bbbbbbbb-bbbb-4bbb-8bbb-bbbbbbbbbbbb&zona=Zona+Norte,200,54.015,
2026-08-31T03:55:22.188672+00:00,GET,http://localhost:3000/logistics/tenderos/productos-disponibles?tiendaId=bbbbbbbb-bbbb-4bbb-8bbb-bbbbbbbbbbbb&zona=Zona+Norte,200,52.906,
2026-08-31T03:55:22.238557+00:00,GET,http://localhost:3000/logistics/tenderos/productos-disponibles?tiendaId=bbbbbbbb-bbbb-4bbb-8bbb-bbbbbbbbbbbb&zona=Zona+Norte,200,58.416,
2026-08-31T03:55:22.288589+00:00,GET,http://localhost:3000/logistics/tenderos/productos-disponibles?tiendaId=bbbbbbbb-bbbb-4bbb-8bbb-bbbbbbbbbbbb&zona=Zona+Norte,200,51.197,
2026-08-31T03:55:22.338573+00:00,GET,http://localhost:3000/logistics/tenderos/productos-disponibles?tiendaId=bbbbbbbb-bbbb-4bbb-8bbb-bbbbbbbbbbbb&zona=Zona+Norte,200,51.975,
2026-08-31T03:55:22.388599+00:00,GET,http://localhost:3000/logistics/tenderos/productos-disponibles?tiendaId=bbbbbbbb-bbbb-4bbb-8bbb-bbbbbbbbbbbb&zona=Zona+Norte,200,51.928,
2026-08-31T03:55:22.437708+00:00,GET,http://localhost:3000/logistics/tenderos/productos-disponibles?tiendaId=bbbbbbbb-bbbb-4bbb-8bbb-bbbbbbbbbbbb&zona=Zona+Norte,200,60.399,
2026-08-31T03:55:22.488258+00:00,GET,http://localhost:3000/logistics/tenderos/productos-disponibles?tiendaId=bbbbbbbb-bbbb-4bbb-8bbb-bbbbbbbbbbbb&zona=Zona+Norte,200,56.014,
2026-08-31T03:55:22.538484+00:00,GET,http://localhost:3000/logistics/tenderos/productos-disponibles?tiendaId=bbbbbbbb-bbbb-4bbb-8bbb-bbbbbbbbbbbb&zona=Zona+Norte,200,52.207,
2026-08-31T03:55:22.588193+00:00,GET,http://localhost:3000/logistics/tenderos/productos-disponibles?tiendaId=bbbbbbbb-bbbb-4bbb-8bbb-bbbbbbbbbbbb&zona=Zona+Norte,200,57.051,
2026-08-31T03:55:22.638682+00:00,GET,http://localhost:3000/logistics/tenderos/productos-disponibles?tiendaId=bbbbbbbb-bbbb-4bbb-8bbb-bbbbbbbbbbbb&zona=Zona+Norte,200,52.668,
2026-08-31T03:55:22.687980+00:00,GET,http://localhost:3000/logistics/tenderos/productos-disponibles?tiendaId=bbbbbbbb-bbbb-4bbb-8bbb-bbbbbbbbbbbb&zona=Zona+Norte,200,51.947,
2026-08-31T03:55:22.738565+00:00,GET,http://localhost:3000/logistics/tenderos/productos-disponibles?tiendaId=bbbbbbbb-bbbb-4bbb-8bbb-bbbbbbbbbbbb&zona=Zona+Norte,200,51.798,
2026-08-31T03:55:22.788586+00:00,GET,http://localhost:3000/logistics/tenderos/productos-disponibles?tiendaId=bbbbbbbb-bbbb-4bbb-8bbb-bbbbbbbbbbbb&zona=Zona+Norte,200,51.560,
2026-08-31T03:55:22.838572+00:00,GET,http://localhost:3000/logistics/tenderos/productos-disponibles?tiendaId=bbbbbbbb-bbbb-4bbb-8bbb-bbbbbbbbbbbb&zona=Zona+Norte,200,58.989,
2026-08-31T03:55:22.888565+00:00,GET,http://localhost:3000/logistics/tenderos/productos-disponibles?tiendaId=bbbbbbbb-bbbb-4bbb-8bbb-bbbbbbbbbbbb&zona=Zona+Norte,200,53.330,
2026-08-31T03:55:22.938580+00:00,GET,http://localhost:3000/logistics/tenderos/productos-disponibles?tiendaId=bbbbbbbb-bbbb-4bbb-8bbb-bbbbbbbbbbbb&zona=Zona+Norte,200,51.851,
2026-08-31T03:55:22.988591+00:00,GET,http://localhost:3000/logistics/tenderos/productos-disponibles?tiendaId=bbbbbbbb-bbbb-4bbb-8bbb-bbbbbbbbbbbb&zona=Zona+Norte,200,56.698,
2026-08-31T03:55:23.038578+00:00,GET,http://localhost:3000/logistics/tenderos/productos-disponibles?tiendaId=bbbbbbbb-bbbb-4bbb-8bbb-bbbbbbbbbbbb&zona=Zona+Norte,200,53.900,
2026-08-31T03:55:23.087914+00:00,GET,http://localhost:3000/logistics/tenderos/productos-disponibles?tiendaId=bbbbbbbb-bbbb-4bbb-8bbb-bbbbbbbbbbbb&zona=Zona+Norte,200,54.586,
2026-08-31T03:55:23.138612+00:00,GET,http://localhost:3000/logistics/tenderos/productos-disponibles?tiendaId=bbbbbbbb-bbbb-4bbb-8bbb-bbbbbbbbbbbb&zona=Zona+Norte,200,62.690,
2026-08-31T03:55:23.188428+00:00,GET,http://localhost:3000/logistics/tenderos/productos-disponibles?tiendaId=bbbbbbbb-bbbb-4bbb-8bbb-bbbbbbbbbbbb&zona=Zona+Norte,200,51.803,
2026-08-31T03:55:23.238393+00:00,GET,http://localhost:3000/logistics/tenderos/productos-disponibles?tiendaId=bbbbbbbb-bbbb-4bbb-8bbb-bbbbbbbbbbbb&zona=Zona+Norte,200,52.078,
2026-08-31T03:55:23.288626+00:00,GET,http://localhost:3000/logistics/tenderos/productos-disponibles?tiendaId=bbbbbbbb-bbbb-4bbb-8bbb-bbbbbbbbbbbb&zona=Zona+Norte,200,50.610,
2026-08-31T03:55:23.338598+00:00,GET,http://localhost:3000/logistics/tenderos/productos-disponibles?tiendaId=bbbbbbbb-bbbb-4bbb-8bbb-bbbbbbbbbbbb&zona=Zona+Norte,200,53.151,
2026-08-31T03:55:23.388618+00:00,GET,http://localhost:3000/logistics/tenderos/productos-disponibles?tiendaId=bbbbbbbb-bbbb-4bbb-8bbb-bbbbbbbbbbbb&zona=Zona+Norte,200,50.921,
2026-08-31T03:55:23.438606+00:00,GET,http://localhost:3000/logistics/tenderos/productos-disponibles?tiendaId=bbbbbbbb-bbbb-4bbb-8bbb-bbbbbbbbbbbb&zona=Zona+Norte,200,51.528,
2026-08-31T03:55:23.488583+00:00,GET,http://localhost:3000/logistics/tenderos/productos-disponibles?tiendaId=bbbbbbbb-bbbb-4bbb-8bbb-bbbbbbbbbbbb&zona=Zona+Norte,200,51.519,
2026-08-31T03:55:23.538561+00:00,GET,http://localhost:3000/logistics/tenderos/productos-disponibles?tiendaId=bbbbbbbb-bbbb-4bbb-8bbb-bbbbbbbbbbbb&zona=Zona+Norte,200,51.991,
2026-08-31T03:55:23.588631+00:00,GET,http://localhost:3000/logistics/tenderos/productos-disponibles?tiendaId=bbbbbbbb-bbbb-4bbb-8bbb-bbbbbbbbbbbb&zona=Zona+Norte,200,52.459,
2026-08-31T03:55:23.638630+00:00,GET,http://localhost:3000/logistics/tenderos/productos-disponibles?tiendaId=bbbbbbbb-bbbb-4bbb-8bbb-bbbbbbbbbbbb&zona=Zona+Norte,200,53.672,
2026-08-31T03:55:23.688627+00:00,GET,http://localhost:3000/logistics/tenderos/productos-disponibles?tiendaId=bbbbbbbb-bbbb-4bbb-8bbb-bbbbbbbbbbbb&zona=Zona+Norte,200,60.171,
2026-08-31T03:55:23.738455+00:00,GET,http://localhost:3000/logistics/tenderos/productos-disponibles?tiendaId=bbbbbbbb-bbbb-4bbb-8bbb-bbbbbbbbbbbb&zona=Zona+Norte,200,54.285,
2026-08-31T03:55:23.788588+00:00,GET,http://localhost:3000/logistics/tenderos/productos-disponibles?tiendaId=bbbbbbbb-bbbb-4bbb-8bbb-bbbbbbbbbbbb&zona=Zona+Norte,200,59.205,
2026-08-31T03:55:23.838140+00:00,GET,http://localhost:3000/logistics/tenderos/productos-disponibles?tiendaId=bbbbbbbb-bbbb-4bbb-8bbb-bbbbbbbbbbbb&zona=Zona+Norte,200,57.423,
2026-08-31T03:55:23.888618+00:00,GET,http://localhost:3000/logistics/tenderos/productos-disponibles?tiendaId=bbbbbbbb-bbbb-4bbb-8bbb-bbbbbbbbbbbb&zona=Zona+Norte,200,59.279,
2026-08-31T03:55:23.938590+00:00,GET,http://localhost:3000/logistics/tenderos/productos-disponibles?tiendaId=bbbbbbbb-bbbb-4bbb-8bbb-bbbbbbbbbbbb&zona=Zona+Norte,200,55.803,
2026-08-31T03:55:23.988619+00:00,GET,http://localhost:3000/logistics/tenderos/productos-disponibles?tiendaId=bbbbbbbb-bbbb-4bbb-8bbb-bbbbbbbbbbbb&zona=Zona+Norte,200,55.912,
2026-08-31T03:55:24.038587+00:00,GET,http://localhost:3000/logistics/tenderos/productos-disponibles?tiendaId=bbbbbbbb-bbbb-4bbb-8bbb-bbbbbbbbbbbb&zona=Zona+Norte,200,57.048,
2026-08-31T03:55:24.088590+00:00,GET,http://localhost:3000/logistics/tenderos/productos-disponibles?tiendaId=bbbbbbbb-bbbb-4bbb-8bbb-bbbbbbbbbbbb&zona=Zona+Norte,200,54.196,
2026-08-31T03:55:24.138610+00:00,GET,http://localhost:3000/logistics/tenderos/productos-disponibles?tiendaId=bbbbbbbb-bbbb-4bbb-8bbb-bbbbbbbbbbbb&zona=Zona+Norte,200,54.145,
2026-08-31T03:55:24.188359+00:00,GET,http://localhost:3000/logistics/tenderos/productos-disponibles?tiendaId=bbbbbbbb-bbbb-4bbb-8bbb-bbbbbbbbbbbb&zona=Zona+Norte,200,57.262,
2026-08-31T03:55:24.238587+00:00,GET,http://localhost:3000/logistics/tenderos/productos-disponibles?tiendaId=bbbbbbbb-bbbb-4bbb-8bbb-bbbbbbbbbbbb&zona=Zona+Norte,200,50.259,
2026-08-31T03:55:24.288291+00:00,GET,http://localhost:3000/logistics/tenderos/productos-disponibles?tiendaId=bbbbbbbb-bbbb-4bbb-8bbb-bbbbbbbbbbbb&zona=Zona+Norte,200,52.603,
2026-08-31T03:55:24.338630+00:00,GET,http://localhost:3000/logistics/tenderos/productos-disponibles?tiendaId=bbbbbbbb-bbbb-4bbb-8bbb-bbbbbbbbbbbb&zona=Zona+Norte,200,57.450,
2026-08-31T03:55:24.388596+00:00,GET,http://localhost:3000/logistics/tenderos/productos-disponibles?tiendaId=bbbbbbbb-bbbb-4bbb-8bbb-bbbbbbbbbbbb&zona=Zona+Norte,200,53.654,
2026-08-31T03:55:24.438596+00:00,GET,http://localhost:3000/logistics/tenderos/productos-disponibles?tiendaId=bbbbbbbb-bbbb-4bbb-8bbb-bbbbbbbbbbbb&zona=Zona+Norte,200,54.195,
2026-08-31T03:55:24.488596+00:00,GET,http://localhost:3000/logistics/tenderos/productos-disponibles?tiendaId=bbbbbbbb-bbbb-4bbb-8bbb-bbbbbbbbbbbb&zona=Zona+Norte,200,55.991,
2026-08-31T03:55:24.538597+00:00,GET,http://localhost:3000/logistics/tenderos/productos-disponibles?tiendaId=bbbbbbbb-bbbb-4bbb-8bbb-bbbbbbbbbbbb&zona=Zona+Norte,200,51.471,
2026-08-31T03:55:24.588614+00:00,GET,http://localhost:3000/logistics/tenderos/productos-disponibles?tiendaId=bbbbbbbb-bbbb-4bbb-8bbb-bbbbbbbbbbbb&zona=Zona+Norte,200,55.806,
2026-08-31T03:55:24.638641+00:00,GET,http://localhost:3000/logistics/tenderos/productos-disponibles?tiendaId=bbbbbbbb-bbbb-4bbb-8bbb-bbbbbbbbbbbb&zona=Zona+Norte,200,53.229,
2026-08-31T03:55:24.688619+00:00,GET,http://localhost:3000/logistics/tenderos/productos-disponibles?tiendaId=bbbbbbbb-bbbb-4bbb-8bbb-bbbbbbbbbbbb&zona=Zona+Norte,200,51.367,
2026-08-31T03:55:24.738622+00:00,GET,http://localhost:3000/logistics/tenderos/productos-disponibles?tiendaId=bbbbbbbb-bbbb-4bbb-8bbb-bbbbbbbbbbbb&zona=Zona+Norte,200,52.690,
2026-08-31T03:55:24.787809+00:00,GET,http://localhost:3000/logistics/tenderos/productos-disponibles?tiendaId=bbbbbbbb-bbbb-4bbb-8bbb-bbbbbbbbbbbb&zona=Zona+Norte,200,53.587,
2026-08-31T03:55:24.837681+00:00,GET,http://localhost:3000/logistics/tenderos/productos-disponibles?tiendaId=bbbbbbbb-bbbb-4bbb-8bbb-bbbbbbbbbbbb&zona=Zona+Norte,200,56.108,
2026-08-31T03:55:24.888634+00:00,GET,http://localhost:3000/logistics/tenderos/productos-disponibles?tiendaId=bbbbbbbb-bbbb-4bbb-8bbb-bbbbbbbbbbbb&zona=Zona+Norte,200,56.827,
2026-08-31T03:55:24.938613+00:00,GET,http://localhost:3000/logistics/tenderos/productos-disponibles?tiendaId=bbbbbbbb-bbbb-4bbb-8bbb-bbbbbbbbbbbb&zona=Zona+Norte,200,58.402,
2026-08-31T03:55:24.988611+00:00,GET,http://localhost:3000/logistics/tenderos/productos-disponibles?tiendaId=bbbbbbbb-bbbb-4bbb-8bbb-bbbbbbbbbbbb&zona=Zona+Norte,200,51.233,
2026-08-31T03:55:25.038611+00:00,GET,http://localhost:3000/logistics/tenderos/productos-disponibles?tiendaId=bbbbbbbb-bbbb-4bbb-8bbb-bbbbbbbbbbbb&zona=Zona+Norte,200,53.543,
2026-08-31T03:55:25.088638+00:00,GET,http://localhost:3000/logistics/tenderos/productos-disponibles?tiendaId=bbbbbbbb-bbbb-4bbb-8bbb-bbbbbbbbbbbb&zona=Zona+Norte,200,52.717,
2026-08-31T03:55:25.138615+00:00,GET,http://localhost:3000/logistics/tenderos/productos-disponibles?tiendaId=bbbbbbbb-bbbb-4bbb-8bbb-bbbbbbbbbbbb&zona=Zona+Norte,200,50.838,
2026-08-31T03:55:25.187918+00:00,GET,http://localhost:3000/logistics/tenderos/productos-disponibles?tiendaId=bbbbbbbb-bbbb-4bbb-8bbb-bbbbbbbbbbbb&zona=Zona+Norte,200,51.990,
2026-08-31T03:55:25.238611+00:00,GET,http://localhost:3000/logistics/tenderos/productos-disponibles?tiendaId=bbbbbbbb-bbbb-4bbb-8bbb-bbbbbbbbbbbb&zona=Zona+Norte,200,52.806,
2026-08-31T03:55:25.288608+00:00,GET,http://localhost:3000/logistics/tenderos/productos-disponibles?tiendaId=bbbbbbbb-bbbb-4bbb-8bbb-bbbbbbbbbbbb&zona=Zona+Norte,200,53.831,
2026-08-31T03:55:25.338624+00:00,GET,http://localhost:3000/logistics/tenderos/productos-disponibles?tiendaId=bbbbbbbb-bbbb-4bbb-8bbb-bbbbbbbbbbbb&zona=Zona+Norte,200,54.994,
2026-08-31T03:55:25.388672+00:00,GET,http://localhost:3000/logistics/tenderos/productos-disponibles?tiendaId=bbbbbbbb-bbbb-4bbb-8bbb-bbbbbbbbbbbb&zona=Zona+Norte,200,54.687,
2026-08-31T03:55:25.438643+00:00,GET,http://localhost:3000/logistics/tenderos/productos-disponibles?tiendaId=bbbbbbbb-bbbb-4bbb-8bbb-bbbbbbbbbbbb&zona=Zona+Norte,200,51.597,
2026-08-31T03:55:25.488374+00:00,GET,http://localhost:3000/logistics/tenderos/productos-disponibles?tiendaId=bbbbbbbb-bbbb-4bbb-8bbb-bbbbbbbbbbbb&zona=Zona+Norte,200,54.431,
2026-08-31T03:55:25.538657+00:00,GET,http://localhost:3000/logistics/tenderos/productos-disponibles?tiendaId=bbbbbbbb-bbbb-4bbb-8bbb-bbbbbbbbbbbb&zona=Zona+Norte,200,51.914,
2026-08-31T03:55:25.588664+00:00,GET,http://localhost:3000/logistics/tenderos/productos-disponibles?tiendaId=bbbbbbbb-bbbb-4bbb-8bbb-bbbbbbbbbbbb&zona=Zona+Norte,200,55.139,
2026-08-31T03:55:25.638727+00:00,GET,http://localhost:3000/logistics/tenderos/productos-disponibles?tiendaId=bbbbbbbb-bbbb-4bbb-8bbb-bbbbbbbbbbbb&zona=Zona+Norte,200,54.916,
2026-08-31T03:55:25.688660+00:00,GET,http://localhost:3000/logistics/tenderos/productos-disponibles?tiendaId=bbbbbbbb-bbbb-4bbb-8bbb-bbbbbbbbbbbb&zona=Zona+Norte,200,56.814,
2026-08-31T03:55:25.738642+00:00,GET,http://localhost:3000/logistics/tenderos/productos-disponibles?tiendaId=bbbbbbbb-bbbb-4bbb-8bbb-bbbbbbbbbbbb&zona=Zona+Norte,200,54.958,
2026-08-31T03:55:25.788643+00:00,GET,http://localhost:3000/logistics/tenderos/productos-disponibles?tiendaId=bbbbbbbb-bbbb-4bbb-8bbb-bbbbbbbbbbbb&zona=Zona+Norte,200,55.036,
2026-08-31T03:55:25.838634+00:00,GET,http://localhost:3000/logistics/tenderos/productos-disponibles?tiendaId=bbbbbbbb-bbbb-4bbb-8bbb-bbbbbbbbbbbb&zona=Zona+Norte,200,51.981,
2026-08-31T03:55:25.888540+00:00,GET,http://localhost:3000/logistics/tenderos/productos-disponibles?tiendaId=bbbbbbbb-bbbb-4bbb-8bbb-bbbbbbbbbbbb&zona=Zona+Norte,200,50.981,
2026-08-31T03:55:25.938247+00:00,GET,http://localhost:3000/logistics/tenderos/productos-disponibles?tiendaId=bbbbbbbb-bbbb-4bbb-8bbb-bbbbbbbbbbbb&zona=Zona+Norte,200,51.854,
2026-08-31T03:55:25.988370+00:00,GET,http://localhost:3000/logistics/tenderos/productos-disponibles?tiendaId=bbbbbbbb-bbbb-4bbb-8bbb-bbbbbbbbbbbb&zona=Zona+Norte,200,52.019,
2026-08-31T03:55:26.038665+00:00,GET,http://localhost:3000/logistics/tenderos/productos-disponibles?tiendaId=bbbbbbbb-bbbb-4bbb-8bbb-bbbbbbbbbbbb&zona=Zona+Norte,200,60.879,
2026-08-31T03:55:26.088639+00:00,GET,http://localhost:3000/logistics/tenderos/productos-disponibles?tiendaId=bbbbbbbb-bbbb-4bbb-8bbb-bbbbbbbbbbbb&zona=Zona+Norte,200,52.244,
2026-08-31T03:55:26.138566+00:00,GET,http://localhost:3000/logistics/tenderos/productos-disponibles?tiendaId=bbbbbbbb-bbbb-4bbb-8bbb-bbbbbbbbbbbb&zona=Zona+Norte,200,51.621,
2026-08-31T03:55:26.188638+00:00,GET,http://localhost:3000/logistics/tenderos/productos-disponibles?tiendaId=bbbbbbbb-bbbb-4bbb-8bbb-bbbbbbbbbbbb&zona=Zona+Norte,200,53.814,
2026-08-31T03:55:26.238636+00:00,GET,http://localhost:3000/logistics/tenderos/productos-disponibles?tiendaId=bbbbbbbb-bbbb-4bbb-8bbb-bbbbbbbbbbbb&zona=Zona+Norte,200,54.151,
2026-08-31T03:55:26.287881+00:00,GET,http://localhost:3000/logistics/tenderos/productos-disponibles?tiendaId=bbbbbbbb-bbbb-4bbb-8bbb-bbbbbbbbbbbb&zona=Zona+Norte,200,52.828,
2026-08-31T03:55:26.338663+00:00,GET,http://localhost:3000/logistics/tenderos/productos-disponibles?tiendaId=bbbbbbbb-bbbb-4bbb-8bbb-bbbbbbbbbbbb&zona=Zona+Norte,200,52.268,
2026-08-31T03:55:26.387993+00:00,GET,http://localhost:3000/logistics/tenderos/productos-disponibles?tiendaId=bbbbbbbb-bbbb-4bbb-8bbb-bbbbbbbbbbbb&zona=Zona+Norte,200,51.243,
2026-08-31T03:55:26.438669+00:00,GET,http://localhost:3000/logistics/tenderos/productos-disponibles?tiendaId=bbbbbbbb-bbbb-4bbb-8bbb-bbbbbbbbbbbb&zona=Zona+Norte,200,54.024,
2026-08-31T03:55:26.488652+00:00,GET,http://localhost:3000/logistics/tenderos/productos-disponibles?tiendaId=bbbbbbbb-bbbb-4bbb-8bbb-bbbbbbbbbbbb&zona=Zona+Norte,200,57.587,
2026-08-31T03:55:26.538657+00:00,GET,http://localhost:3000/logistics/tenderos/productos-disponibles?tiendaId=bbbbbbbb-bbbb-4bbb-8bbb-bbbbbbbbbbbb&zona=Zona+Norte,200,54.652,
2026-08-31T03:55:26.588183+00:00,GET,http://localhost:3000/logistics/tenderos/productos-disponibles?tiendaId=bbbbbbbb-bbbb-4bbb-8bbb-bbbbbbbbbbbb&zona=Zona+Norte,200,61.892,
2026-08-31T03:55:26.638672+00:00,GET,http://localhost:3000/logistics/tenderos/productos-disponibles?tiendaId=bbbbbbbb-bbbb-4bbb-8bbb-bbbbbbbbbbbb&zona=Zona+Norte,200,63.020,
2026-08-31T03:55:26.688647+00:00,GET,http://localhost:3000/logistics/tenderos/productos-disponibles?tiendaId=bbbbbbbb-bbbb-4bbb-8bbb-bbbbbbbbbbbb&zona=Zona+Norte,200,54.921,
2026-08-31T03:55:26.738666+00:00,GET,http://localhost:3000/logistics/tenderos/productos-disponibles?tiendaId=bbbbbbbb-bbbb-4bbb-8bbb-bbbbbbbbbbbb&zona=Zona+Norte,200,51.952,
2026-08-31T03:55:26.788647+00:00,GET,http://localhost:3000/logistics/tenderos/productos-disponibles?tiendaId=bbbbbbbb-bbbb-4bbb-8bbb-bbbbbbbbbbbb&zona=Zona+Norte,200,51.247,
2026-08-31T03:55:26.838652+00:00,GET,http://localhost:3000/logistics/tenderos/productos-disponibles?tiendaId=bbbbbbbb-bbbb-4bbb-8bbb-bbbbbbbbbbbb&zona=Zona+Norte,200,56.972,
2026-08-31T03:55:26.888652+00:00,GET,http://localhost:3000/logistics/tenderos/productos-disponibles?tiendaId=bbbbbbbb-bbbb-4bbb-8bbb-bbbbbbbbbbbb&zona=Zona+Norte,200,52.411,
2026-08-31T03:55:26.938649+00:00,GET,http://localhost:3000/logistics/tenderos/productos-disponibles?tiendaId=bbbbbbbb-bbbb-4bbb-8bbb-bbbbbbbbbbbb&zona=Zona+Norte,200,51.125,
2026-08-31T03:55:26.988638+00:00,GET,http://localhost:3000/logistics/tenderos/productos-disponibles?tiendaId=bbbbbbbb-bbbb-4bbb-8bbb-bbbbbbbbbbbb&zona=Zona+Norte,200,53.801,
2026-08-31T03:55:27.037999+00:00,GET,http://localhost:3000/logistics/tenderos/productos-disponibles?tiendaId=bbbbbbbb-bbbb-4bbb-8bbb-bbbbbbbbbbbb&zona=Zona+Norte,200,57.905,
2026-08-31T03:55:27.088373+00:00,GET,http://localhost:3000/logistics/tenderos/productos-disponibles?tiendaId=bbbbbbbb-bbbb-4bbb-8bbb-bbbbbbbbbbbb&zona=Zona+Norte,200,52.959,
2026-08-31T03:55:27.138668+00:00,GET,http://localhost:3000/logistics/tenderos/productos-disponibles?tiendaId=bbbbbbbb-bbbb-4bbb-8bbb-bbbbbbbbbbbb&zona=Zona+Norte,200,51.623,
2026-08-31T03:55:27.188690+00:00,GET,http://localhost:3000/logistics/tenderos/productos-disponibles?tiendaId=bbbbbbbb-bbbb-4bbb-8bbb-bbbbbbbbbbbb&zona=Zona+Norte,200,52.873,
2026-08-31T03:55:27.238677+00:00,GET,http://localhost:3000/logistics/tenderos/productos-disponibles?tiendaId=bbbbbbbb-bbbb-4bbb-8bbb-bbbbbbbbbbbb&zona=Zona+Norte,200,55.296,
2026-08-31T03:55:27.288686+00:00,GET,http://localhost:3000/logistics/tenderos/productos-disponibles?tiendaId=bbbbbbbb-bbbb-4bbb-8bbb-bbbbbbbbbbbb&zona=Zona+Norte,200,52.115,
2026-08-31T03:55:27.338532+00:00,GET,http://localhost:3000/logistics/tenderos/productos-disponibles?tiendaId=bbbbbbbb-bbbb-4bbb-8bbb-bbbbbbbbbbbb&zona=Zona+Norte,200,52.962,
2026-08-31T03:55:27.388678+00:00,GET,http://localhost:3000/logistics/tenderos/productos-disponibles?tiendaId=bbbbbbbb-bbbb-4bbb-8bbb-bbbbbbbbbbbb&zona=Zona+Norte,200,51.957,
2026-08-31T03:55:27.438092+00:00,GET,http://localhost:3000/logistics/tenderos/productos-disponibles?tiendaId=bbbbbbbb-bbbb-4bbb-8bbb-bbbbbbbbbbbb&zona=Zona+Norte,200,51.038,
2026-08-31T03:55:27.488686+00:00,GET,http://localhost:3000/logistics/tenderos/productos-disponibles?tiendaId=bbbbbbbb-bbbb-4bbb-8bbb-bbbbbbbbbbbb&zona=Zona+Norte,200,50.510,
2026-08-31T03:55:27.538704+00:00,GET,http://localhost:3000/logistics/tenderos/productos-disponibles?tiendaId=bbbbbbbb-bbbb-4bbb-8bbb-bbbbbbbbbbbb&zona=Zona+Norte,200,50.405,
2026-08-31T03:55:27.588699+00:00,GET,http://localhost:3000/logistics/tenderos/productos-disponibles?tiendaId=bbbbbbbb-bbbb-4bbb-8bbb-bbbbbbbbbbbb&zona=Zona+Norte,200,49.992,
2026-08-31T03:55:27.638733+00:00,GET,http://localhost:3000/logistics/tenderos/productos-disponibles?tiendaId=bbbbbbbb-bbbb-4bbb-8bbb-bbbbbbbbbbbb&zona=Zona+Norte,200,51.190,
2026-08-31T03:55:27.688686+00:00,GET,http://localhost:3000/logistics/tenderos/productos-disponibles?tiendaId=bbbbbbbb-bbbb-4bbb-8bbb-bbbbbbbbbbbb&zona=Zona+Norte,200,50.732,
2026-08-31T03:55:27.738676+00:00,GET,http://localhost:3000/logistics/tenderos/productos-disponibles?tiendaId=bbbbbbbb-bbbb-4bbb-8bbb-bbbbbbbbbbbb&zona=Zona+Norte,200,61.841,
2026-08-31T03:55:27.788664+00:00,GET,http://localhost:3000/logistics/tenderos/productos-disponibles?tiendaId=bbbbbbbb-bbbb-4bbb-8bbb-bbbbbbbbbbbb&zona=Zona+Norte,200,53.320,
2026-08-31T03:55:27.838613+00:00,GET,http://localhost:3000/logistics/tenderos/productos-disponibles?tiendaId=bbbbbbbb-bbbb-4bbb-8bbb-bbbbbbbbbbbb&zona=Zona+Norte,200,57.164,
2026-08-31T03:55:27.888729+00:00,GET,http://localhost:3000/logistics/tenderos/productos-disponibles?tiendaId=bbbbbbbb-bbbb-4bbb-8bbb-bbbbbbbbbbbb&zona=Zona+Norte,200,58.452,
2026-08-31T03:55:27.938669+00:00,GET,http://localhost:3000/logistics/tenderos/productos-disponibles?tiendaId=bbbbbbbb-bbbb-4bbb-8bbb-bbbbbbbbbbbb&zona=Zona+Norte,200,51.920,
2026-08-31T03:55:27.988730+00:00,GET,http://localhost:3000/logistics/tenderos/productos-disponibles?tiendaId=bbbbbbbb-bbbb-4bbb-8bbb-bbbbbbbbbbbb&zona=Zona+Norte,200,54.130,
2026-08-31T03:55:28.037926+00:00,GET,http://localhost:3000/logistics/tenderos/productos-disponibles?tiendaId=bbbbbbbb-bbbb-4bbb-8bbb-bbbbbbbbbbbb&zona=Zona+Norte,200,53.947,
2026-08-31T03:55:28.088666+00:00,GET,http://localhost:3000/logistics/tenderos/productos-disponibles?tiendaId=bbbbbbbb-bbbb-4bbb-8bbb-bbbbbbbbbbbb&zona=Zona+Norte,200,55.509,
2026-08-31T03:55:28.138717+00:00,GET,http://localhost:3000/logistics/tenderos/productos-disponibles?tiendaId=bbbbbbbb-bbbb-4bbb-8bbb-bbbbbbbbbbbb&zona=Zona+Norte,200,53.586,
2026-08-31T03:55:28.188691+00:00,GET,http://localhost:3000/logistics/tenderos/productos-disponibles?tiendaId=bbbbbbbb-bbbb-4bbb-8bbb-bbbbbbbbbbbb&zona=Zona+Norte,200,60.346,
2026-08-31T03:55:28.238696+00:00,GET,http://localhost:3000/logistics/tenderos/productos-disponibles?tiendaId=bbbbbbbb-bbbb-4bbb-8bbb-bbbbbbbbbbbb&zona=Zona+Norte,200,57.620,
2026-08-31T03:55:28.288184+00:00,GET,http://localhost:3000/logistics/tenderos/productos-disponibles?tiendaId=bbbbbbbb-bbbb-4bbb-8bbb-bbbbbbbbbbbb&zona=Zona+Norte,200,53.111,
2026-08-31T03:55:28.338690+00:00,GET,http://localhost:3000/logistics/tenderos/productos-disponibles?tiendaId=bbbbbbbb-bbbb-4bbb-8bbb-bbbbbbbbbbbb&zona=Zona+Norte,200,53.027,
2026-08-31T03:55:28.388678+00:00,GET,http://localhost:3000/logistics/tenderos/productos-disponibles?tiendaId=bbbbbbbb-bbbb-4bbb-8bbb-bbbbbbbbbbbb&zona=Zona+Norte,200,58.837,
2026-08-31T03:55:28.438710+00:00,GET,http://localhost:3000/logistics/tenderos/productos-disponibles?tiendaId=bbbbbbbb-bbbb-4bbb-8bbb-bbbbbbbbbbbb&zona=Zona+Norte,200,52.942,
2026-08-31T03:55:28.488387+00:00,GET,http://localhost:3000/logistics/tenderos/productos-disponibles?tiendaId=bbbbbbbb-bbbb-4bbb-8bbb-bbbbbbbbbbbb&zona=Zona+Norte,200,61.190,
2026-08-31T03:55:28.538701+00:00,GET,http://localhost:3000/logistics/tenderos/productos-disponibles?tiendaId=bbbbbbbb-bbbb-4bbb-8bbb-bbbbbbbbbbbb&zona=Zona+Norte,200,52.806,
2026-08-31T03:55:28.588684+00:00,GET,http://localhost:3000/logistics/tenderos/productos-disponibles?tiendaId=bbbbbbbb-bbbb-4bbb-8bbb-bbbbbbbbbbbb&zona=Zona+Norte,200,53.470,
2026-08-31T03:55:28.638730+00:00,GET,http://localhost:3000/logistics/tenderos/productos-disponibles?tiendaId=bbbbbbbb-bbbb-4bbb-8bbb-bbbbbbbbbbbb&zona=Zona+Norte,200,66.230,
2026-08-31T03:55:28.688714+00:00,GET,http://localhost:3000/logistics/tenderos/productos-disponibles?tiendaId=bbbbbbbb-bbbb-4bbb-8bbb-bbbbbbbbbbbb&zona=Zona+Norte,200,61.929,
2026-08-31T03:55:28.738685+00:00,GET,http://localhost:3000/logistics/tenderos/productos-disponibles?tiendaId=bbbbbbbb-bbbb-4bbb-8bbb-bbbbbbbbbbbb&zona=Zona+Norte,200,59.453,
2026-08-31T03:55:28.788715+00:00,GET,http://localhost:3000/logistics/tenderos/productos-disponibles?tiendaId=bbbbbbbb-bbbb-4bbb-8bbb-bbbbbbbbbbbb&zona=Zona+Norte,200,51.914,
2026-08-31T03:55:28.837736+00:00,GET,http://localhost:3000/logistics/tenderos/productos-disponibles?tiendaId=bbbbbbbb-bbbb-4bbb-8bbb-bbbbbbbbbbbb&zona=Zona+Norte,200,50.886,
2026-08-31T03:55:28.888655+00:00,GET,http://localhost:3000/logistics/tenderos/productos-disponibles?tiendaId=bbbbbbbb-bbbb-4bbb-8bbb-bbbbbbbbbbbb&zona=Zona+Norte,200,50.586,
2026-08-31T03:55:28.938716+00:00,GET,http://localhost:3000/logistics/tenderos/productos-disponibles?tiendaId=bbbbbbbb-bbbb-4bbb-8bbb-bbbbbbbbbbbb&zona=Zona+Norte,200,59.098,
2026-08-31T03:55:28.988712+00:00,GET,http://localhost:3000/logistics/tenderos/productos-disponibles?tiendaId=bbbbbbbb-bbbb-4bbb-8bbb-bbbbbbbbbbbb&zona=Zona+Norte,200,55.680,
2026-08-31T03:55:29.038704+00:00,GET,http://localhost:3000/logistics/tenderos/productos-disponibles?tiendaId=bbbbbbbb-bbbb-4bbb-8bbb-bbbbbbbbbbbb&zona=Zona+Norte,200,58.170,
2026-08-31T03:55:29.088697+00:00,GET,http://localhost:3000/logistics/tenderos/productos-disponibles?tiendaId=bbbbbbbb-bbbb-4bbb-8bbb-bbbbbbbbbbbb&zona=Zona+Norte,200,60.755,
2026-08-31T03:55:29.138735+00:00,GET,http://localhost:3000/logistics/tenderos/productos-disponibles?tiendaId=bbbbbbbb-bbbb-4bbb-8bbb-bbbbbbbbbbbb&zona=Zona+Norte,200,62.563,
2026-08-31T03:55:29.188722+00:00,GET,http://localhost:3000/logistics/tenderos/productos-disponibles?tiendaId=bbbbbbbb-bbbb-4bbb-8bbb-bbbbbbbbbbbb&zona=Zona+Norte,200,53.731,
2026-08-31T03:55:29.238705+00:00,GET,http://localhost:3000/logistics/tenderos/productos-disponibles?tiendaId=bbbbbbbb-bbbb-4bbb-8bbb-bbbbbbbbbbbb&zona=Zona+Norte,200,56.995,
2026-08-31T03:55:29.288337+00:00,GET,http://localhost:3000/logistics/tenderos/productos-disponibles?tiendaId=bbbbbbbb-bbbb-4bbb-8bbb-bbbbbbbbbbbb&zona=Zona+Norte,200,54.440,
2026-08-31T03:55:29.338720+00:00,GET,http://localhost:3000/logistics/tenderos/productos-disponibles?tiendaId=bbbbbbbb-bbbb-4bbb-8bbb-bbbbbbbbbbbb&zona=Zona+Norte,200,57.387,
2026-08-31T03:55:29.388712+00:00,GET,http://localhost:3000/logistics/tenderos/productos-disponibles?tiendaId=bbbbbbbb-bbbb-4bbb-8bbb-bbbbbbbbbbbb&zona=Zona+Norte,200,51.364,
2026-08-31T03:55:29.437952+00:00,GET,http://localhost:3000/logistics/tenderos/productos-disponibles?tiendaId=bbbbbbbb-bbbb-4bbb-8bbb-bbbbbbbbbbbb&zona=Zona+Norte,200,55.453,
2026-08-31T03:55:29.488080+00:00,GET,http://localhost:3000/logistics/tenderos/productos-disponibles?tiendaId=bbbbbbbb-bbbb-4bbb-8bbb-bbbbbbbbbbbb&zona=Zona+Norte,200,57.003,
2026-08-31T03:55:29.538724+00:00,GET,http://localhost:3000/logistics/tenderos/productos-disponibles?tiendaId=bbbbbbbb-bbbb-4bbb-8bbb-bbbbbbbbbbbb&zona=Zona+Norte,200,50.462,
2026-08-31T03:55:29.588741+00:00,GET,http://localhost:3000/logistics/tenderos/productos-disponibles?tiendaId=bbbbbbbb-bbbb-4bbb-8bbb-bbbbbbbbbbbb&zona=Zona+Norte,200,52.510,
2026-08-31T03:55:29.638783+00:00,GET,http://localhost:3000/logistics/tenderos/productos-disponibles?tiendaId=bbbbbbbb-bbbb-4bbb-8bbb-bbbbbbbbbbbb&zona=Zona+Norte,200,50.860,
2026-08-31T03:55:29.688730+00:00,GET,http://localhost:3000/logistics/tenderos/productos-disponibles?tiendaId=bbbbbbbb-bbbb-4bbb-8bbb-bbbbbbbbbbbb&zona=Zona+Norte,200,54.141,
2026-08-31T03:55:29.737787+00:00,GET,http://localhost:3000/logistics/tenderos/productos-disponibles?tiendaId=bbbbbbbb-bbbb-4bbb-8bbb-bbbbbbbbbbbb&zona=Zona+Norte,200,49.733,
2026-08-31T03:55:29.787993+00:00,GET,http://localhost:3000/logistics/tenderos/productos-disponibles?tiendaId=bbbbbbbb-bbbb-4bbb-8bbb-bbbbbbbbbbbb&zona=Zona+Norte,200,49.767,
2026-08-31T03:55:29.837820+00:00,GET,http://localhost:3000/logistics/tenderos/productos-disponibles?tiendaId=bbbbbbbb-bbbb-4bbb-8bbb-bbbbbbbbbbbb&zona=Zona+Norte,200,59.258,
2026-08-31T03:55:29.888739+00:00,GET,http://localhost:3000/logistics/tenderos/productos-disponibles?tiendaId=bbbbbbbb-bbbb-4bbb-8bbb-bbbbbbbbbbbb&zona=Zona+Norte,200,55.129,
2026-08-31T03:55:29.938749+00:00,GET,http://localhost:3000/logistics/tenderos/productos-disponibles?tiendaId=bbbbbbbb-bbbb-4bbb-8bbb-bbbbbbbbbbbb&zona=Zona+Norte,200,52.518,
2026-08-31T03:55:29.988743+00:00,GET,http://localhost:3000/logistics/tenderos/productos-disponibles?tiendaId=bbbbbbbb-bbbb-4bbb-8bbb-bbbbbbbbbbbb&zona=Zona+Norte,200,51.870,
2026-08-31T03:55:30.038748+00:00,GET,http://localhost:3000/logistics/tenderos/productos-disponibles?tiendaId=bbbbbbbb-bbbb-4bbb-8bbb-bbbbbbbbbbbb&zona=Zona+Norte,200,52.921,
2026-08-31T03:55:30.088722+00:00,GET,http://localhost:3000/logistics/tenderos/productos-disponibles?tiendaId=bbbbbbbb-bbbb-4bbb-8bbb-bbbbbbbbbbbb&zona=Zona+Norte,200,54.271,
2026-08-31T03:55:30.138770+00:00,GET,http://localhost:3000/logistics/tenderos/productos-disponibles?tiendaId=bbbbbbbb-bbbb-4bbb-8bbb-bbbbbbbbbbbb&zona=Zona+Norte,200,52.358,
2026-08-31T03:55:30.188722+00:00,GET,http://localhost:3000/logistics/tenderos/productos-disponibles?tiendaId=bbbbbbbb-bbbb-4bbb-8bbb-bbbbbbbbbbbb&zona=Zona+Norte,200,55.133,
2026-08-31T03:55:30.238717+00:00,GET,http://localhost:3000/logistics/tenderos/productos-disponibles?tiendaId=bbbbbbbb-bbbb-4bbb-8bbb-bbbbbbbbbbbb&zona=Zona+Norte,200,55.611,
2026-08-31T03:55:30.288107+00:00,GET,http://localhost:3000/logistics/tenderos/productos-disponibles?tiendaId=bbbbbbbb-bbbb-4bbb-8bbb-bbbbbbbbbbbb&zona=Zona+Norte,200,53.187,
2026-08-31T03:55:30.338723+00:00,GET,http://localhost:3000/logistics/tenderos/productos-disponibles?tiendaId=bbbbbbbb-bbbb-4bbb-8bbb-bbbbbbbbbbbb&zona=Zona+Norte,200,52.286,
2026-08-31T03:55:30.387783+00:00,GET,http://localhost:3000/logistics/tenderos/productos-disponibles?tiendaId=bbbbbbbb-bbbb-4bbb-8bbb-bbbbbbbbbbbb&zona=Zona+Norte,200,52.554,
2026-08-31T03:55:30.438729+00:00,GET,http://localhost:3000/logistics/tenderos/productos-disponibles?tiendaId=bbbbbbbb-bbbb-4bbb-8bbb-bbbbbbbbbbbb&zona=Zona+Norte,200,61.026,
2026-08-31T03:55:30.488766+00:00,GET,http://localhost:3000/logistics/tenderos/productos-disponibles?tiendaId=bbbbbbbb-bbbb-4bbb-8bbb-bbbbbbbbbbbb&zona=Zona+Norte,200,55.312,
2026-08-31T03:55:30.538745+00:00,GET,http://localhost:3000/logistics/tenderos/productos-disponibles?tiendaId=bbbbbbbb-bbbb-4bbb-8bbb-bbbbbbbbbbbb&zona=Zona+Norte,200,54.896,
2026-08-31T03:55:30.588744+00:00,GET,http://localhost:3000/logistics/tenderos/productos-disponibles?tiendaId=bbbbbbbb-bbbb-4bbb-8bbb-bbbbbbbbbbbb&zona=Zona+Norte,200,53.656,
2026-08-31T03:55:30.638409+00:00,GET,http://localhost:3000/logistics/tenderos/productos-disponibles?tiendaId=bbbbbbbb-bbbb-4bbb-8bbb-bbbbbbbbbbbb&zona=Zona+Norte,200,58.953,
2026-08-31T03:55:30.687977+00:00,GET,http://localhost:3000/logistics/tenderos/productos-disponibles?tiendaId=bbbbbbbb-bbbb-4bbb-8bbb-bbbbbbbbbbbb&zona=Zona+Norte,200,58.102,
2026-08-31T03:55:30.738730+00:00,GET,http://localhost:3000/logistics/tenderos/productos-disponibles?tiendaId=bbbbbbbb-bbbb-4bbb-8bbb-bbbbbbbbbbbb&zona=Zona+Norte,200,57.567,
2026-08-31T03:55:30.788732+00:00,GET,http://localhost:3000/logistics/tenderos/productos-disponibles?tiendaId=bbbbbbbb-bbbb-4bbb-8bbb-bbbbbbbbbbbb&zona=Zona+Norte,200,51.198,
2026-08-31T03:55:30.838743+00:00,GET,http://localhost:3000/logistics/tenderos/productos-disponibles?tiendaId=bbbbbbbb-bbbb-4bbb-8bbb-bbbbbbbbbbbb&zona=Zona+Norte,200,51.722,
2026-08-31T03:55:30.888746+00:00,GET,http://localhost:3000/logistics/tenderos/productos-disponibles?tiendaId=bbbbbbbb-bbbb-4bbb-8bbb-bbbbbbbbbbbb&zona=Zona+Norte,200,54.287,
2026-08-31T03:55:30.938748+00:00,GET,http://localhost:3000/logistics/tenderos/productos-disponibles?tiendaId=bbbbbbbb-bbbb-4bbb-8bbb-bbbbbbbbbbbb&zona=Zona+Norte,200,53.296,
2026-08-31T03:55:30.988742+00:00,GET,http://localhost:3000/logistics/tenderos/productos-disponibles?tiendaId=bbbbbbbb-bbbb-4bbb-8bbb-bbbbbbbbbbbb&zona=Zona+Norte,200,54.071,
2026-08-31T03:55:31.038735+00:00,GET,http://localhost:3000/logistics/tenderos/productos-disponibles?tiendaId=bbbbbbbb-bbbb-4bbb-8bbb-bbbbbbbbbbbb&zona=Zona+Norte,200,54.653,
2026-08-31T03:55:31.088815+00:00,GET,http://localhost:3000/logistics/tenderos/productos-disponibles?tiendaId=bbbbbbbb-bbbb-4bbb-8bbb-bbbbbbbbbbbb&zona=Zona+Norte,200,55.518,
2026-08-31T03:55:31.138807+00:00,GET,http://localhost:3000/logistics/tenderos/productos-disponibles?tiendaId=bbbbbbbb-bbbb-4bbb-8bbb-bbbbbbbbbbbb&zona=Zona+Norte,200,56.906,
2026-08-31T03:55:31.188455+00:00,GET,http://localhost:3000/logistics/tenderos/productos-disponibles?tiendaId=bbbbbbbb-bbbb-4bbb-8bbb-bbbbbbbbbbbb&zona=Zona+Norte,200,55.324,
2026-08-31T03:55:31.238807+00:00,GET,http://localhost:3000/logistics/tenderos/productos-disponibles?tiendaId=bbbbbbbb-bbbb-4bbb-8bbb-bbbbbbbbbbbb&zona=Zona+Norte,200,55.168,
2026-08-31T03:55:31.288805+00:00,GET,http://localhost:3000/logistics/tenderos/productos-disponibles?tiendaId=bbbbbbbb-bbbb-4bbb-8bbb-bbbbbbbbbbbb&zona=Zona+Norte,200,61.212,
2026-08-31T03:55:31.338815+00:00,GET,http://localhost:3000/logistics/tenderos/productos-disponibles?tiendaId=bbbbbbbb-bbbb-4bbb-8bbb-bbbbbbbbbbbb&zona=Zona+Norte,200,53.883,
2026-08-31T03:55:31.388812+00:00,GET,http://localhost:3000/logistics/tenderos/productos-disponibles?tiendaId=bbbbbbbb-bbbb-4bbb-8bbb-bbbbbbbbbbbb&zona=Zona+Norte,200,53.225,
2026-08-31T03:55:31.438837+00:00,GET,http://localhost:3000/logistics/tenderos/productos-disponibles?tiendaId=bbbbbbbb-bbbb-4bbb-8bbb-bbbbbbbbbbbb&zona=Zona+Norte,200,57.201,
2026-08-31T03:55:31.488821+00:00,GET,http://localhost:3000/logistics/tenderos/productos-disponibles?tiendaId=bbbbbbbb-bbbb-4bbb-8bbb-bbbbbbbbbbbb&zona=Zona+Norte,200,59.479,
2026-08-31T03:55:31.538069+00:00,GET,http://localhost:3000/logistics/tenderos/productos-disponibles?tiendaId=bbbbbbbb-bbbb-4bbb-8bbb-bbbbbbbbbbbb&zona=Zona+Norte,200,60.242,
2026-08-31T03:55:31.588802+00:00,GET,http://localhost:3000/logistics/tenderos/productos-disponibles?tiendaId=bbbbbbbb-bbbb-4bbb-8bbb-bbbbbbbbbbbb&zona=Zona+Norte,200,53.590,
2026-08-31T03:55:31.638863+00:00,GET,http://localhost:3000/logistics/tenderos/productos-disponibles?tiendaId=bbbbbbbb-bbbb-4bbb-8bbb-bbbbbbbbbbbb&zona=Zona+Norte,200,61.511,
2026-08-31T03:55:31.688812+00:00,GET,http://localhost:3000/logistics/tenderos/productos-disponibles?tiendaId=bbbbbbbb-bbbb-4bbb-8bbb-bbbbbbbbbbbb&zona=Zona+Norte,200,53.256,
2026-08-31T03:55:31.738798+00:00,GET,http://localhost:3000/logistics/tenderos/productos-disponibles?tiendaId=bbbbbbbb-bbbb-4bbb-8bbb-bbbbbbbbbbbb&zona=Zona+Norte,200,53.877,
2026-08-31T03:55:31.788843+00:00,GET,http://localhost:3000/logistics/tenderos/productos-disponibles?tiendaId=bbbbbbbb-bbbb-4bbb-8bbb-bbbbbbbbbbbb&zona=Zona+Norte,200,52.821,
2026-08-31T03:55:31.838084+00:00,GET,http://localhost:3000/logistics/tenderos/productos-disponibles?tiendaId=bbbbbbbb-bbbb-4bbb-8bbb-bbbbbbbbbbbb&zona=Zona+Norte,200,51.744,
2026-08-31T03:55:31.888823+00:00,GET,http://localhost:3000/logistics/tenderos/productos-disponibles?tiendaId=bbbbbbbb-bbbb-4bbb-8bbb-bbbbbbbbbbbb&zona=Zona+Norte,200,51.469,
2026-08-31T03:55:31.938520+00:00,GET,http://localhost:3000/logistics/tenderos/productos-disponibles?tiendaId=bbbbbbbb-bbbb-4bbb-8bbb-bbbbbbbbbbbb&zona=Zona+Norte,200,52.061,
2026-08-31T03:55:31.988819+00:00,GET,http://localhost:3000/logistics/tenderos/productos-disponibles?tiendaId=bbbbbbbb-bbbb-4bbb-8bbb-bbbbbbbbbbbb&zona=Zona+Norte,200,50.972,
2026-08-31T03:55:32.038619+00:00,GET,http://localhost:3000/logistics/tenderos/productos-disponibles?tiendaId=bbbbbbbb-bbbb-4bbb-8bbb-bbbbbbbbbbbb&zona=Zona+Norte,200,52.107,
2026-08-31T03:55:32.088740+00:00,GET,http://localhost:3000/logistics/tenderos/productos-disponibles?tiendaId=bbbbbbbb-bbbb-4bbb-8bbb-bbbbbbbbbbbb&zona=Zona+Norte,200,51.519,
2026-08-31T03:55:32.138811+00:00,GET,http://localhost:3000/logistics/tenderos/productos-disponibles?tiendaId=bbbbbbbb-bbbb-4bbb-8bbb-bbbbbbbbbbbb&zona=Zona+Norte,200,59.651,
2026-08-31T03:55:32.188802+00:00,GET,http://localhost:3000/logistics/tenderos/productos-disponibles?tiendaId=bbbbbbbb-bbbb-4bbb-8bbb-bbbbbbbbbbbb&zona=Zona+Norte,200,56.250,
2026-08-31T03:55:32.238819+00:00,GET,http://localhost:3000/logistics/tenderos/productos-disponibles?tiendaId=bbbbbbbb-bbbb-4bbb-8bbb-bbbbbbbbbbbb&zona=Zona+Norte,200,54.289,
2026-08-31T03:55:32.288806+00:00,GET,http://localhost:3000/logistics/tenderos/productos-disponibles?tiendaId=bbbbbbbb-bbbb-4bbb-8bbb-bbbbbbbbbbbb&zona=Zona+Norte,200,56.862,
2026-08-31T03:55:32.338017+00:00,GET,http://localhost:3000/logistics/tenderos/productos-disponibles?tiendaId=bbbbbbbb-bbbb-4bbb-8bbb-bbbbbbbbbbbb&zona=Zona+Norte,200,52.198,
2026-08-31T03:55:32.388095+00:00,GET,http://localhost:3000/logistics/tenderos/productos-disponibles?tiendaId=bbbbbbbb-bbbb-4bbb-8bbb-bbbbbbbbbbbb&zona=Zona+Norte,200,55.052,
2026-08-31T03:55:32.438843+00:00,GET,http://localhost:3000/logistics/tenderos/productos-disponibles?tiendaId=bbbbbbbb-bbbb-4bbb-8bbb-bbbbbbbbbbbb&zona=Zona+Norte,200,52.839,
2026-08-31T03:55:32.487989+00:00,GET,http://localhost:3000/logistics/tenderos/productos-disponibles?tiendaId=bbbbbbbb-bbbb-4bbb-8bbb-bbbbbbbbbbbb&zona=Zona+Norte,200,56.776,
2026-08-31T03:55:32.538839+00:00,GET,http://localhost:3000/logistics/tenderos/productos-disponibles?tiendaId=bbbbbbbb-bbbb-4bbb-8bbb-bbbbbbbbbbbb&zona=Zona+Norte,200,57.568,
2026-08-31T03:55:32.588857+00:00,GET,http://localhost:3000/logistics/tenderos/productos-disponibles?tiendaId=bbbbbbbb-bbbb-4bbb-8bbb-bbbbbbbbbbbb&zona=Zona+Norte,200,59.348,
2026-08-31T03:55:32.638887+00:00,GET,http://localhost:3000/logistics/tenderos/productos-disponibles?tiendaId=bbbbbbbb-bbbb-4bbb-8bbb-bbbbbbbbbbbb&zona=Zona+Norte,200,58.428,
2026-08-31T03:55:32.688724+00:00,GET,http://localhost:3000/logistics/tenderos/productos-disponibles?tiendaId=bbbbbbbb-bbbb-4bbb-8bbb-bbbbbbbbbbbb&zona=Zona+Norte,200,54.278,
2026-08-31T03:55:32.738812+00:00,GET,http://localhost:3000/logistics/tenderos/productos-disponibles?tiendaId=bbbbbbbb-bbbb-4bbb-8bbb-bbbbbbbbbbbb&zona=Zona+Norte,200,53.310,
2026-08-31T03:55:32.788824+00:00,GET,http://localhost:3000/logistics/tenderos/productos-disponibles?tiendaId=bbbbbbbb-bbbb-4bbb-8bbb-bbbbbbbbbbbb&zona=Zona+Norte,200,58.014,
2026-08-31T03:55:32.838517+00:00,GET,http://localhost:3000/logistics/tenderos/productos-disponibles?tiendaId=bbbbbbbb-bbbb-4bbb-8bbb-bbbbbbbbbbbb&zona=Zona+Norte,200,54.984,
2026-08-31T03:55:32.888818+00:00,GET,http://localhost:3000/logistics/tenderos/productos-disponibles?tiendaId=bbbbbbbb-bbbb-4bbb-8bbb-bbbbbbbbbbbb&zona=Zona+Norte,200,54.606,
2026-08-31T03:55:32.938819+00:00,GET,http://localhost:3000/logistics/tenderos/productos-disponibles?tiendaId=bbbbbbbb-bbbb-4bbb-8bbb-bbbbbbbbbbbb&zona=Zona+Norte,200,51.843,
2026-08-31T03:55:32.988898+00:00,GET,http://localhost:3000/logistics/tenderos/productos-disponibles?tiendaId=bbbbbbbb-bbbb-4bbb-8bbb-bbbbbbbbbbbb&zona=Zona+Norte,200,58.330,
2026-08-31T03:55:33.038817+00:00,GET,http://localhost:3000/logistics/tenderos/productos-disponibles?tiendaId=bbbbbbbb-bbbb-4bbb-8bbb-bbbbbbbbbbbb&zona=Zona+Norte,200,60.152,
2026-08-31T03:55:33.088866+00:00,GET,http://localhost:3000/logistics/tenderos/productos-disponibles?tiendaId=bbbbbbbb-bbbb-4bbb-8bbb-bbbbbbbbbbbb&zona=Zona+Norte,200,59.939,
2026-08-31T03:55:33.138326+00:00,GET,http://localhost:3000/logistics/tenderos/productos-disponibles?tiendaId=bbbbbbbb-bbbb-4bbb-8bbb-bbbbbbbbbbbb&zona=Zona+Norte,200,55.276,
2026-08-31T03:55:33.188652+00:00,GET,http://localhost:3000/logistics/tenderos/productos-disponibles?tiendaId=bbbbbbbb-bbbb-4bbb-8bbb-bbbbbbbbbbbb&zona=Zona+Norte,200,51.291,
2026-08-31T03:55:33.238601+00:00,GET,http://localhost:3000/logistics/tenderos/productos-disponibles?tiendaId=bbbbbbbb-bbbb-4bbb-8bbb-bbbbbbbbbbbb&zona=Zona+Norte,200,52.097,
2026-08-31T03:55:33.288855+00:00,GET,http://localhost:3000/logistics/tenderos/productos-disponibles?tiendaId=bbbbbbbb-bbbb-4bbb-8bbb-bbbbbbbbbbbb&zona=Zona+Norte,200,51.713,
2026-08-31T03:55:33.338459+00:00,GET,http://localhost:3000/logistics/tenderos/productos-disponibles?tiendaId=bbbbbbbb-bbbb-4bbb-8bbb-bbbbbbbbbbbb&zona=Zona+Norte,200,55.016,
2026-08-31T03:55:33.388860+00:00,GET,http://localhost:3000/logistics/tenderos/productos-disponibles?tiendaId=bbbbbbbb-bbbb-4bbb-8bbb-bbbbbbbbbbbb&zona=Zona+Norte,200,52.392,
2026-08-31T03:55:33.437929+00:00,GET,http://localhost:3000/logistics/tenderos/productos-disponibles?tiendaId=bbbbbbbb-bbbb-4bbb-8bbb-bbbbbbbbbbbb&zona=Zona+Norte,200,55.888,
2026-08-31T03:55:33.488848+00:00,GET,http://localhost:3000/logistics/tenderos/productos-disponibles?tiendaId=bbbbbbbb-bbbb-4bbb-8bbb-bbbbbbbbbbbb&zona=Zona+Norte,200,50.865,
2026-08-31T03:55:33.538863+00:00,GET,http://localhost:3000/logistics/tenderos/productos-disponibles?tiendaId=bbbbbbbb-bbbb-4bbb-8bbb-bbbbbbbbbbbb&zona=Zona+Norte,200,50.508,
2026-08-31T03:55:33.588871+00:00,GET,http://localhost:3000/logistics/tenderos/productos-disponibles?tiendaId=bbbbbbbb-bbbb-4bbb-8bbb-bbbbbbbbbbbb&zona=Zona+Norte,200,51.438,
2026-08-31T03:55:33.638154+00:00,GET,http://localhost:3000/logistics/tenderos/productos-disponibles?tiendaId=bbbbbbbb-bbbb-4bbb-8bbb-bbbbbbbbbbbb&zona=Zona+Norte,200,50.667,
2026-08-31T03:55:33.688857+00:00,GET,http://localhost:3000/logistics/tenderos/productos-disponibles?tiendaId=bbbbbbbb-bbbb-4bbb-8bbb-bbbbbbbbbbbb&zona=Zona+Norte,200,51.805,
2026-08-31T03:55:33.738876+00:00,GET,http://localhost:3000/logistics/tenderos/productos-disponibles?tiendaId=bbbbbbbb-bbbb-4bbb-8bbb-bbbbbbbbbbbb&zona=Zona+Norte,200,51.664,
2026-08-31T03:55:33.788861+00:00,GET,http://localhost:3000/logistics/tenderos/productos-disponibles?tiendaId=bbbbbbbb-bbbb-4bbb-8bbb-bbbbbbbbbbbb&zona=Zona+Norte,200,52.196,
2026-08-31T03:55:33.837850+00:00,GET,http://localhost:3000/logistics/tenderos/productos-disponibles?tiendaId=bbbbbbbb-bbbb-4bbb-8bbb-bbbbbbbbbbbb&zona=Zona+Norte,200,51.813,
2026-08-31T03:55:33.888888+00:00,GET,http://localhost:3000/logistics/tenderos/productos-disponibles?tiendaId=bbbbbbbb-bbbb-4bbb-8bbb-bbbbbbbbbbbb&zona=Zona+Norte,200,50.768,
2026-08-31T03:55:33.938883+00:00,GET,http://localhost:3000/logistics/tenderos/productos-disponibles?tiendaId=bbbbbbbb-bbbb-4bbb-8bbb-bbbbbbbbbbbb&zona=Zona+Norte,200,51.753,
2026-08-31T03:55:33.988869+00:00,GET,http://localhost:3000/logistics/tenderos/productos-disponibles?tiendaId=bbbbbbbb-bbbb-4bbb-8bbb-bbbbbbbbbbbb&zona=Zona+Norte,200,51.226,
2026-08-31T03:55:34.038844+00:00,GET,http://localhost:3000/logistics/tenderos/productos-disponibles?tiendaId=bbbbbbbb-bbbb-4bbb-8bbb-bbbbbbbbbbbb&zona=Zona+Norte,200,53.215,
2026-08-31T03:55:34.088837+00:00,GET,http://localhost:3000/logistics/tenderos/productos-disponibles?tiendaId=bbbbbbbb-bbbb-4bbb-8bbb-bbbbbbbbbbbb&zona=Zona+Norte,200,57.389,
2026-08-31T03:55:34.138547+00:00,GET,http://localhost:3000/logistics/tenderos/productos-disponibles?tiendaId=bbbbbbbb-bbbb-4bbb-8bbb-bbbbbbbbbbbb&zona=Zona+Norte,200,51.519,
2026-08-31T03:55:34.188847+00:00,GET,http://localhost:3000/logistics/tenderos/productos-disponibles?tiendaId=bbbbbbbb-bbbb-4bbb-8bbb-bbbbbbbbbbbb&zona=Zona+Norte,200,54.373,
2026-08-31T03:55:34.238881+00:00,GET,http://localhost:3000/logistics/tenderos/productos-disponibles?tiendaId=bbbbbbbb-bbbb-4bbb-8bbb-bbbbbbbbbbbb&zona=Zona+Norte,200,59.850,
2026-08-31T03:55:34.288853+00:00,GET,http://localhost:3000/logistics/tenderos/productos-disponibles?tiendaId=bbbbbbbb-bbbb-4bbb-8bbb-bbbbbbbbbbbb&zona=Zona+Norte,200,53.950,
2026-08-31T03:55:34.338880+00:00,GET,http://localhost:3000/logistics/tenderos/productos-disponibles?tiendaId=bbbbbbbb-bbbb-4bbb-8bbb-bbbbbbbbbbbb&zona=Zona+Norte,200,50.688,
2026-08-31T03:55:34.388897+00:00,GET,http://localhost:3000/logistics/tenderos/productos-disponibles?tiendaId=bbbbbbbb-bbbb-4bbb-8bbb-bbbbbbbbbbbb&zona=Zona+Norte,200,52.123,
2026-08-31T03:55:34.438891+00:00,GET,http://localhost:3000/logistics/tenderos/productos-disponibles?tiendaId=bbbbbbbb-bbbb-4bbb-8bbb-bbbbbbbbbbbb&zona=Zona+Norte,200,52.147,
2026-08-31T03:55:34.488871+00:00,GET,http://localhost:3000/logistics/tenderos/productos-disponibles?tiendaId=bbbbbbbb-bbbb-4bbb-8bbb-bbbbbbbbbbbb&zona=Zona+Norte,200,52.891,
2026-08-31T03:55:34.538880+00:00,GET,http://localhost:3000/logistics/tenderos/productos-disponibles?tiendaId=bbbbbbbb-bbbb-4bbb-8bbb-bbbbbbbbbbbb&zona=Zona+Norte,200,51.742,
2026-08-31T03:55:34.588100+00:00,GET,http://localhost:3000/logistics/tenderos/productos-disponibles?tiendaId=bbbbbbbb-bbbb-4bbb-8bbb-bbbbbbbbbbbb&zona=Zona+Norte,200,58.478,
2026-08-31T03:55:34.638042+00:00,GET,http://localhost:3000/logistics/tenderos/productos-disponibles?tiendaId=bbbbbbbb-bbbb-4bbb-8bbb-bbbbbbbbbbbb&zona=Zona+Norte,200,67.285,
2026-08-31T03:55:34.688872+00:00,GET,http://localhost:3000/logistics/tenderos/productos-disponibles?tiendaId=bbbbbbbb-bbbb-4bbb-8bbb-bbbbbbbbbbbb&zona=Zona+Norte,200,58.966,
2026-08-31T03:55:34.738921+00:00,GET,http://localhost:3000/logistics/tenderos/productos-disponibles?tiendaId=bbbbbbbb-bbbb-4bbb-8bbb-bbbbbbbbbbbb&zona=Zona+Norte,200,60.730,
2026-08-31T03:55:34.788092+00:00,GET,http://localhost:3000/logistics/tenderos/productos-disponibles?tiendaId=bbbbbbbb-bbbb-4bbb-8bbb-bbbbbbbbbbbb&zona=Zona+Norte,200,55.923,
2026-08-31T03:55:34.838886+00:00,GET,http://localhost:3000/logistics/tenderos/productos-disponibles?tiendaId=bbbbbbbb-bbbb-4bbb-8bbb-bbbbbbbbbbbb&zona=Zona+Norte,200,58.992,
2026-08-31T03:55:34.888892+00:00,GET,http://localhost:3000/logistics/tenderos/productos-disponibles?tiendaId=bbbbbbbb-bbbb-4bbb-8bbb-bbbbbbbbbbbb&zona=Zona+Norte,200,57.442,
2026-08-31T03:55:34.938902+00:00,GET,http://localhost:3000/logistics/tenderos/productos-disponibles?tiendaId=bbbbbbbb-bbbb-4bbb-8bbb-bbbbbbbbbbbb&zona=Zona+Norte,200,53.224,
2026-08-31T03:55:34.988896+00:00,GET,http://localhost:3000/logistics/tenderos/productos-disponibles?tiendaId=bbbbbbbb-bbbb-4bbb-8bbb-bbbbbbbbbbbb&zona=Zona+Norte,200,54.763,
2026-08-31T03:55:35.038872+00:00,GET,http://localhost:3000/logistics/tenderos/productos-disponibles?tiendaId=bbbbbbbb-bbbb-4bbb-8bbb-bbbbbbbbbbbb&zona=Zona+Norte,200,53.178,
2026-08-31T03:55:35.088748+00:00,GET,http://localhost:3000/logistics/tenderos/productos-disponibles?tiendaId=bbbbbbbb-bbbb-4bbb-8bbb-bbbbbbbbbbbb&zona=Zona+Norte,200,52.037,
2026-08-31T03:55:35.138931+00:00,GET,http://localhost:3000/logistics/tenderos/productos-disponibles?tiendaId=bbbbbbbb-bbbb-4bbb-8bbb-bbbbbbbbbbbb&zona=Zona+Norte,200,49.769,
2026-08-31T03:55:35.188748+00:00,GET,http://localhost:3000/logistics/tenderos/productos-disponibles?tiendaId=bbbbbbbb-bbbb-4bbb-8bbb-bbbbbbbbbbbb&zona=Zona+Norte,200,51.966,
2026-08-31T03:55:35.238895+00:00,GET,http://localhost:3000/logistics/tenderos/productos-disponibles?tiendaId=bbbbbbbb-bbbb-4bbb-8bbb-bbbbbbbbbbbb&zona=Zona+Norte,200,51.053,
2026-08-31T03:55:35.288875+00:00,GET,http://localhost:3000/logistics/tenderos/productos-disponibles?tiendaId=bbbbbbbb-bbbb-4bbb-8bbb-bbbbbbbbbbbb&zona=Zona+Norte,200,52.572,
2026-08-31T03:55:35.338889+00:00,GET,http://localhost:3000/logistics/tenderos/productos-disponibles?tiendaId=bbbbbbbb-bbbb-4bbb-8bbb-bbbbbbbbbbbb&zona=Zona+Norte,200,50.480,
2026-08-31T03:55:35.388904+00:00,GET,http://localhost:3000/logistics/tenderos/productos-disponibles?tiendaId=bbbbbbbb-bbbb-4bbb-8bbb-bbbbbbbbbbbb&zona=Zona+Norte,200,58.349,
2026-08-31T03:55:35.438898+00:00,GET,http://localhost:3000/logistics/tenderos/productos-disponibles?tiendaId=bbbbbbbb-bbbb-4bbb-8bbb-bbbbbbbbbbbb&zona=Zona+Norte,200,54.100,
2026-08-31T03:55:35.488923+00:00,GET,http://localhost:3000/logistics/tenderos/productos-disponibles?tiendaId=bbbbbbbb-bbbb-4bbb-8bbb-bbbbbbbbbbbb&zona=Zona+Norte,200,49.217,
2026-08-31T03:55:35.538182+00:00,GET,http://localhost:3000/logistics/tenderos/productos-disponibles?tiendaId=bbbbbbbb-bbbb-4bbb-8bbb-bbbbbbbbbbbb&zona=Zona+Norte,200,51.047,
2026-08-31T03:55:35.588891+00:00,GET,http://localhost:3000/logistics/tenderos/productos-disponibles?tiendaId=bbbbbbbb-bbbb-4bbb-8bbb-bbbbbbbbbbbb&zona=Zona+Norte,200,55.359,
2026-08-31T03:55:35.638923+00:00,GET,http://localhost:3000/logistics/tenderos/productos-disponibles?tiendaId=bbbbbbbb-bbbb-4bbb-8bbb-bbbbbbbbbbbb&zona=Zona+Norte,200,53.404,
2026-08-31T03:55:35.688017+00:00,GET,http://localhost:3000/logistics/tenderos/productos-disponibles?tiendaId=bbbbbbbb-bbbb-4bbb-8bbb-bbbbbbbbbbbb&zona=Zona+Norte,200,54.654,
2026-08-31T03:55:35.738901+00:00,GET,http://localhost:3000/logistics/tenderos/productos-disponibles?tiendaId=bbbbbbbb-bbbb-4bbb-8bbb-bbbbbbbbbbbb&zona=Zona+Norte,200,52.686,
2026-08-31T03:55:35.788921+00:00,GET,http://localhost:3000/logistics/tenderos/productos-disponibles?tiendaId=bbbbbbbb-bbbb-4bbb-8bbb-bbbbbbbbbbbb&zona=Zona+Norte,200,54.462,
2026-08-31T03:55:35.838888+00:00,GET,http://localhost:3000/logistics/tenderos/productos-disponibles?tiendaId=bbbbbbbb-bbbb-4bbb-8bbb-bbbbbbbbbbbb&zona=Zona+Norte,200,61.171,
2026-08-31T03:55:35.888895+00:00,GET,http://localhost:3000/logistics/tenderos/productos-disponibles?tiendaId=bbbbbbbb-bbbb-4bbb-8bbb-bbbbbbbbbbbb&zona=Zona+Norte,200,53.506,
2026-08-31T03:55:35.938898+00:00,GET,http://localhost:3000/logistics/tenderos/productos-disponibles?tiendaId=bbbbbbbb-bbbb-4bbb-8bbb-bbbbbbbbbbbb&zona=Zona+Norte,200,60.167,
2026-08-31T03:55:35.988933+00:00,GET,http://localhost:3000/logistics/tenderos/productos-disponibles?tiendaId=bbbbbbbb-bbbb-4bbb-8bbb-bbbbbbbbbbbb&zona=Zona+Norte,200,55.863,
2026-08-31T03:55:36.038897+00:00,GET,http://localhost:3000/logistics/tenderos/productos-disponibles?tiendaId=bbbbbbbb-bbbb-4bbb-8bbb-bbbbbbbbbbbb&zona=Zona+Norte,200,60.481,
2026-08-31T03:55:36.088897+00:00,GET,http://localhost:3000/logistics/tenderos/productos-disponibles?tiendaId=bbbbbbbb-bbbb-4bbb-8bbb-bbbbbbbbbbbb&zona=Zona+Norte,200,58.953,
2026-08-31T03:55:36.138922+00:00,GET,http://localhost:3000/logistics/tenderos/productos-disponibles?tiendaId=bbbbbbbb-bbbb-4bbb-8bbb-bbbbbbbbbbbb&zona=Zona+Norte,200,57.804,
2026-08-31T03:55:36.188928+00:00,GET,http://localhost:3000/logistics/tenderos/productos-disponibles?tiendaId=bbbbbbbb-bbbb-4bbb-8bbb-bbbbbbbbbbbb&zona=Zona+Norte,200,59.164,
2026-08-31T03:55:36.238631+00:00,GET,http://localhost:3000/logistics/tenderos/productos-disponibles?tiendaId=bbbbbbbb-bbbb-4bbb-8bbb-bbbbbbbbbbbb&zona=Zona+Norte,200,57.664,
2026-08-31T03:55:36.288914+00:00,GET,http://localhost:3000/logistics/tenderos/productos-disponibles?tiendaId=bbbbbbbb-bbbb-4bbb-8bbb-bbbbbbbbbbbb&zona=Zona+Norte,200,52.891,
2026-08-31T03:55:36.338910+00:00,GET,http://localhost:3000/logistics/tenderos/productos-disponibles?tiendaId=bbbbbbbb-bbbb-4bbb-8bbb-bbbbbbbbbbbb&zona=Zona+Norte,200,53.537,
2026-08-31T03:55:36.388030+00:00,GET,http://localhost:3000/logistics/tenderos/productos-disponibles?tiendaId=bbbbbbbb-bbbb-4bbb-8bbb-bbbbbbbbbbbb&zona=Zona+Norte,200,56.285,
2026-08-31T03:55:36.438937+00:00,GET,http://localhost:3000/logistics/tenderos/productos-disponibles?tiendaId=bbbbbbbb-bbbb-4bbb-8bbb-bbbbbbbbbbbb&zona=Zona+Norte,200,53.054,
2026-08-31T03:55:36.488456+00:00,GET,http://localhost:3000/logistics/tenderos/productos-disponibles?tiendaId=bbbbbbbb-bbbb-4bbb-8bbb-bbbbbbbbbbbb&zona=Zona+Norte,200,61.979,
2026-08-31T03:55:36.538947+00:00,GET,http://localhost:3000/logistics/tenderos/productos-disponibles?tiendaId=bbbbbbbb-bbbb-4bbb-8bbb-bbbbbbbbbbbb&zona=Zona+Norte,200,55.213,
2026-08-31T03:55:36.588920+00:00,GET,http://localhost:3000/logistics/tenderos/productos-disponibles?tiendaId=bbbbbbbb-bbbb-4bbb-8bbb-bbbbbbbbbbbb&zona=Zona+Norte,200,58.461,
2026-08-31T03:55:36.638993+00:00,GET,http://localhost:3000/logistics/tenderos/productos-disponibles?tiendaId=bbbbbbbb-bbbb-4bbb-8bbb-bbbbbbbbbbbb&zona=Zona+Norte,200,51.649,
2026-08-31T03:55:36.688904+00:00,GET,http://localhost:3000/logistics/tenderos/productos-disponibles?tiendaId=bbbbbbbb-bbbb-4bbb-8bbb-bbbbbbbbbbbb&zona=Zona+Norte,200,54.263,
2026-08-31T03:55:36.738906+00:00,GET,http://localhost:3000/logistics/tenderos/productos-disponibles?tiendaId=bbbbbbbb-bbbb-4bbb-8bbb-bbbbbbbbbbbb&zona=Zona+Norte,200,50.278,
2026-08-31T03:55:36.788902+00:00,GET,http://localhost:3000/logistics/tenderos/productos-disponibles?tiendaId=bbbbbbbb-bbbb-4bbb-8bbb-bbbbbbbbbbbb&zona=Zona+Norte,200,53.606,
2026-08-31T03:55:36.838907+00:00,GET,http://localhost:3000/logistics/tenderos/productos-disponibles?tiendaId=bbbbbbbb-bbbb-4bbb-8bbb-bbbbbbbbbbbb&zona=Zona+Norte,200,58.947,
2026-08-31T03:55:36.888909+00:00,GET,http://localhost:3000/logistics/tenderos/productos-disponibles?tiendaId=bbbbbbbb-bbbb-4bbb-8bbb-bbbbbbbbbbbb&zona=Zona+Norte,200,58.173,
2026-08-31T03:55:36.938428+00:00,GET,http://localhost:3000/logistics/tenderos/productos-disponibles?tiendaId=bbbbbbbb-bbbb-4bbb-8bbb-bbbbbbbbbbbb&zona=Zona+Norte,200,51.043,
2026-08-31T03:55:36.988918+00:00,GET,http://localhost:3000/logistics/tenderos/productos-disponibles?tiendaId=bbbbbbbb-bbbb-4bbb-8bbb-bbbbbbbbbbbb&zona=Zona+Norte,200,54.395,
2026-08-31T03:55:37.038928+00:00,GET,http://localhost:3000/logistics/tenderos/productos-disponibles?tiendaId=bbbbbbbb-bbbb-4bbb-8bbb-bbbbbbbbbbbb&zona=Zona+Norte,200,61.250,
2026-08-31T03:55:37.088916+00:00,GET,http://localhost:3000/logistics/tenderos/productos-disponibles?tiendaId=bbbbbbbb-bbbb-4bbb-8bbb-bbbbbbbbbbbb&zona=Zona+Norte,200,52.234,
2026-08-31T03:55:37.138919+00:00,GET,http://localhost:3000/logistics/tenderos/productos-disponibles?tiendaId=bbbbbbbb-bbbb-4bbb-8bbb-bbbbbbbbbbbb&zona=Zona+Norte,200,51.500,
2026-08-31T03:55:37.188920+00:00,GET,http://localhost:3000/logistics/tenderos/productos-disponibles?tiendaId=bbbbbbbb-bbbb-4bbb-8bbb-bbbbbbbbbbbb&zona=Zona+Norte,200,57.181,
2026-08-31T03:55:37.238961+00:00,GET,http://localhost:3000/logistics/tenderos/productos-disponibles?tiendaId=bbbbbbbb-bbbb-4bbb-8bbb-bbbbbbbbbbbb&zona=Zona+Norte,200,55.398,
2026-08-31T03:55:37.288214+00:00,GET,http://localhost:3000/logistics/tenderos/productos-disponibles?tiendaId=bbbbbbbb-bbbb-4bbb-8bbb-bbbbbbbbbbbb&zona=Zona+Norte,200,55.755,
2026-08-31T03:55:37.338965+00:00,GET,http://localhost:3000/logistics/tenderos/productos-disponibles?tiendaId=bbbbbbbb-bbbb-4bbb-8bbb-bbbbbbbbbbbb&zona=Zona+Norte,200,54.987,
2026-08-31T03:55:37.388930+00:00,GET,http://localhost:3000/logistics/tenderos/productos-disponibles?tiendaId=bbbbbbbb-bbbb-4bbb-8bbb-bbbbbbbbbbbb&zona=Zona+Norte,200,59.629,
2026-08-31T03:55:37.438946+00:00,GET,http://localhost:3000/logistics/tenderos/productos-disponibles?tiendaId=bbbbbbbb-bbbb-4bbb-8bbb-bbbbbbbbbbbb&zona=Zona+Norte,200,52.528,
2026-08-31T03:55:37.488960+00:00,GET,http://localhost:3000/logistics/tenderos/productos-disponibles?tiendaId=bbbbbbbb-bbbb-4bbb-8bbb-bbbbbbbbbbbb&zona=Zona+Norte,200,55.925,
2026-08-31T03:55:37.538166+00:00,GET,http://localhost:3000/logistics/tenderos/productos-disponibles?tiendaId=bbbbbbbb-bbbb-4bbb-8bbb-bbbbbbbbbbbb&zona=Zona+Norte,200,51.709,
2026-08-31T03:55:37.588945+00:00,GET,http://localhost:3000/logistics/tenderos/productos-disponibles?tiendaId=bbbbbbbb-bbbb-4bbb-8bbb-bbbbbbbbbbbb&zona=Zona+Norte,200,51.019,
2026-08-31T03:55:37.639034+00:00,GET,http://localhost:3000/logistics/tenderos/productos-disponibles?tiendaId=bbbbbbbb-bbbb-4bbb-8bbb-bbbbbbbbbbbb&zona=Zona+Norte,200,53.606,
2026-08-31T03:55:37.688819+00:00,GET,http://localhost:3000/logistics/tenderos/productos-disponibles?tiendaId=bbbbbbbb-bbbb-4bbb-8bbb-bbbbbbbbbbbb&zona=Zona+Norte,200,50.093,
2026-08-31T03:55:37.738953+00:00,GET,http://localhost:3000/logistics/tenderos/productos-disponibles?tiendaId=bbbbbbbb-bbbb-4bbb-8bbb-bbbbbbbbbbbb&zona=Zona+Norte,200,51.830,
2026-08-31T03:55:37.788951+00:00,GET,http://localhost:3000/logistics/tenderos/productos-disponibles?tiendaId=bbbbbbbb-bbbb-4bbb-8bbb-bbbbbbbbbbbb&zona=Zona+Norte,200,58.408,
2026-08-31T03:55:37.838955+00:00,GET,http://localhost:3000/logistics/tenderos/productos-disponibles?tiendaId=bbbbbbbb-bbbb-4bbb-8bbb-bbbbbbbbbbbb&zona=Zona+Norte,200,55.774,
2026-08-31T03:55:37.888819+00:00,GET,http://localhost:3000/logistics/tenderos/productos-disponibles?tiendaId=bbbbbbbb-bbbb-4bbb-8bbb-bbbbbbbbbbbb&zona=Zona+Norte,200,59.850,
2026-08-31T03:55:37.938963+00:00,GET,http://localhost:3000/logistics/tenderos/productos-disponibles?tiendaId=bbbbbbbb-bbbb-4bbb-8bbb-bbbbbbbbbbbb&zona=Zona+Norte,200,51.532,
2026-08-31T03:55:37.988955+00:00,GET,http://localhost:3000/logistics/tenderos/productos-disponibles?tiendaId=bbbbbbbb-bbbb-4bbb-8bbb-bbbbbbbbbbbb&zona=Zona+Norte,200,57.893,
2026-08-31T03:55:38.038953+00:00,GET,http://localhost:3000/logistics/tenderos/productos-disponibles?tiendaId=bbbbbbbb-bbbb-4bbb-8bbb-bbbbbbbbbbbb&zona=Zona+Norte,200,57.378,
2026-08-31T03:55:38.088933+00:00,GET,http://localhost:3000/logistics/tenderos/productos-disponibles?tiendaId=bbbbbbbb-bbbb-4bbb-8bbb-bbbbbbbbbbbb&zona=Zona+Norte,200,56.907,
2026-08-31T03:55:38.138183+00:00,GET,http://localhost:3000/logistics/tenderos/productos-disponibles?tiendaId=bbbbbbbb-bbbb-4bbb-8bbb-bbbbbbbbbbbb&zona=Zona+Norte,200,54.456,
2026-08-31T03:55:38.188972+00:00,GET,http://localhost:3000/logistics/tenderos/productos-disponibles?tiendaId=bbbbbbbb-bbbb-4bbb-8bbb-bbbbbbbbbbbb&zona=Zona+Norte,200,57.946,
2026-08-31T03:55:38.238754+00:00,GET,http://localhost:3000/logistics/tenderos/productos-disponibles?tiendaId=bbbbbbbb-bbbb-4bbb-8bbb-bbbbbbbbbbbb&zona=Zona+Norte,200,62.660,
2026-08-31T03:55:38.288949+00:00,GET,http://localhost:3000/logistics/tenderos/productos-disponibles?tiendaId=bbbbbbbb-bbbb-4bbb-8bbb-bbbbbbbbbbbb&zona=Zona+Norte,200,59.901,
2026-08-31T03:55:38.338940+00:00,GET,http://localhost:3000/logistics/tenderos/productos-disponibles?tiendaId=bbbbbbbb-bbbb-4bbb-8bbb-bbbbbbbbbbbb&zona=Zona+Norte,200,55.676,
2026-08-31T03:55:38.388964+00:00,GET,http://localhost:3000/logistics/tenderos/productos-disponibles?tiendaId=bbbbbbbb-bbbb-4bbb-8bbb-bbbbbbbbbbbb&zona=Zona+Norte,200,55.489,
2026-08-31T03:55:38.438966+00:00,GET,http://localhost:3000/logistics/tenderos/productos-disponibles?tiendaId=bbbbbbbb-bbbb-4bbb-8bbb-bbbbbbbbbbbb&zona=Zona+Norte,200,53.565,
2026-08-31T03:55:38.488948+00:00,GET,http://localhost:3000/logistics/tenderos/productos-disponibles?tiendaId=bbbbbbbb-bbbb-4bbb-8bbb-bbbbbbbbbbbb&zona=Zona+Norte,200,53.289,
2026-08-31T03:55:38.538949+00:00,GET,http://localhost:3000/logistics/tenderos/productos-disponibles?tiendaId=bbbbbbbb-bbbb-4bbb-8bbb-bbbbbbbbbbbb&zona=Zona+Norte,200,52.098,
2026-08-31T03:55:38.588148+00:00,GET,http://localhost:3000/logistics/tenderos/productos-disponibles?tiendaId=bbbbbbbb-bbbb-4bbb-8bbb-bbbbbbbbbbbb&zona=Zona+Norte,200,56.384,
2026-08-31T03:55:38.639008+00:00,GET,http://localhost:3000/logistics/tenderos/productos-disponibles?tiendaId=bbbbbbbb-bbbb-4bbb-8bbb-bbbbbbbbbbbb&zona=Zona+Norte,200,57.168,
2026-08-31T03:55:38.688968+00:00,GET,http://localhost:3000/logistics/tenderos/productos-disponibles?tiendaId=bbbbbbbb-bbbb-4bbb-8bbb-bbbbbbbbbbbb&zona=Zona+Norte,200,53.955,
2026-08-31T03:55:38.738261+00:00,GET,http://localhost:3000/logistics/tenderos/productos-disponibles?tiendaId=bbbbbbbb-bbbb-4bbb-8bbb-bbbbbbbbbbbb&zona=Zona+Norte,200,51.387,
2026-08-31T03:55:38.788667+00:00,GET,http://localhost:3000/logistics/tenderos/productos-disponibles?tiendaId=bbbbbbbb-bbbb-4bbb-8bbb-bbbbbbbbbbbb&zona=Zona+Norte,200,53.198,
2026-08-31T03:55:38.838947+00:00,GET,http://localhost:3000/logistics/tenderos/productos-disponibles?tiendaId=bbbbbbbb-bbbb-4bbb-8bbb-bbbbbbbbbbbb&zona=Zona+Norte,200,57.530,
2026-08-31T03:55:38.888523+00:00,GET,http://localhost:3000/logistics/tenderos/productos-disponibles?tiendaId=bbbbbbbb-bbbb-4bbb-8bbb-bbbbbbbbbbbb&zona=Zona+Norte,200,55.508,
2026-08-31T03:55:38.938989+00:00,GET,http://localhost:3000/logistics/tenderos/productos-disponibles?tiendaId=bbbbbbbb-bbbb-4bbb-8bbb-bbbbbbbbbbbb&zona=Zona+Norte,200,54.387,
2026-08-31T03:55:38.987989+00:00,GET,http://localhost:3000/logistics/tenderos/productos-disponibles?tiendaId=bbbbbbbb-bbbb-4bbb-8bbb-bbbbbbbbbbbb&zona=Zona+Norte,200,52.582,
2026-08-31T03:55:39.038983+00:00,GET,http://localhost:3000/logistics/tenderos/productos-disponibles?tiendaId=bbbbbbbb-bbbb-4bbb-8bbb-bbbbbbbbbbbb&zona=Zona+Norte,200,51.047,
2026-08-31T03:55:39.088453+00:00,GET,http://localhost:3000/logistics/tenderos/productos-disponibles?tiendaId=bbbbbbbb-bbbb-4bbb-8bbb-bbbbbbbbbbbb&zona=Zona+Norte,200,52.870,
2026-08-31T03:55:39.138828+00:00,GET,http://localhost:3000/logistics/tenderos/productos-disponibles?tiendaId=bbbbbbbb-bbbb-4bbb-8bbb-bbbbbbbbbbbb&zona=Zona+Norte,200,50.646,
2026-08-31T03:55:39.189029+00:00,GET,http://localhost:3000/logistics/tenderos/productos-disponibles?tiendaId=bbbbbbbb-bbbb-4bbb-8bbb-bbbbbbbbbbbb&zona=Zona+Norte,200,50.958,
2026-08-31T03:55:39.238983+00:00,GET,http://localhost:3000/logistics/tenderos/productos-disponibles?tiendaId=bbbbbbbb-bbbb-4bbb-8bbb-bbbbbbbbbbbb&zona=Zona+Norte,200,52.345,
2026-08-31T03:55:39.288900+00:00,GET,http://localhost:3000/logistics/tenderos/productos-disponibles?tiendaId=bbbbbbbb-bbbb-4bbb-8bbb-bbbbbbbbbbbb&zona=Zona+Norte,200,58.856,
2026-08-31T03:55:39.338992+00:00,GET,http://localhost:3000/logistics/tenderos/productos-disponibles?tiendaId=bbbbbbbb-bbbb-4bbb-8bbb-bbbbbbbbbbbb&zona=Zona+Norte,200,49.904,
2026-08-31T03:55:39.388384+00:00,GET,http://localhost:3000/logistics/tenderos/productos-disponibles?tiendaId=bbbbbbbb-bbbb-4bbb-8bbb-bbbbbbbbbbbb&zona=Zona+Norte,200,52.384,
2026-08-31T03:55:39.438995+00:00,GET,http://localhost:3000/logistics/tenderos/productos-disponibles?tiendaId=bbbbbbbb-bbbb-4bbb-8bbb-bbbbbbbbbbbb&zona=Zona+Norte,200,50.438,
2026-08-31T03:55:39.488986+00:00,GET,http://localhost:3000/logistics/tenderos/productos-disponibles?tiendaId=bbbbbbbb-bbbb-4bbb-8bbb-bbbbbbbbbbbb&zona=Zona+Norte,200,60.102,
2026-08-31T03:55:39.538998+00:00,GET,http://localhost:3000/logistics/tenderos/productos-disponibles?tiendaId=bbbbbbbb-bbbb-4bbb-8bbb-bbbbbbbbbbbb&zona=Zona+Norte,200,52.640,
2026-08-31T03:55:39.589021+00:00,GET,http://localhost:3000/logistics/tenderos/productos-disponibles?tiendaId=bbbbbbbb-bbbb-4bbb-8bbb-bbbbbbbbbbbb&zona=Zona+Norte,200,58.170,
2026-08-31T03:55:39.639065+00:00,GET,http://localhost:3000/logistics/tenderos/productos-disponibles?tiendaId=bbbbbbbb-bbbb-4bbb-8bbb-bbbbbbbbbbbb&zona=Zona+Norte,200,52.727,
2026-08-31T03:55:39.689100+00:00,GET,http://localhost:3000/logistics/tenderos/productos-disponibles?tiendaId=bbbbbbbb-bbbb-4bbb-8bbb-bbbbbbbbbbbb&zona=Zona+Norte,200,55.532,
2026-08-31T03:55:39.738999+00:00,GET,http://localhost:3000/logistics/tenderos/productos-disponibles?tiendaId=bbbbbbbb-bbbb-4bbb-8bbb-bbbbbbbbbbbb&zona=Zona+Norte,200,53.288,
2026-08-31T03:55:39.789019+00:00,GET,http://localhost:3000/logistics/tenderos/productos-disponibles?tiendaId=bbbbbbbb-bbbb-4bbb-8bbb-bbbbbbbbbbbb&zona=Zona+Norte,200,53.994,
2026-08-31T03:55:39.839015+00:00,GET,http://localhost:3000/logistics/tenderos/productos-disponibles?tiendaId=bbbbbbbb-bbbb-4bbb-8bbb-bbbbbbbbbbbb&zona=Zona+Norte,200,51.611,
2026-08-31T03:55:39.889015+00:00,GET,http://localhost:3000/logistics/tenderos/productos-disponibles?tiendaId=bbbbbbbb-bbbb-4bbb-8bbb-bbbbbbbbbbbb&zona=Zona+Norte,200,53.028,
2026-08-31T03:55:39.938904+00:00,GET,http://localhost:3000/logistics/tenderos/productos-disponibles?tiendaId=bbbbbbbb-bbbb-4bbb-8bbb-bbbbbbbbbbbb&zona=Zona+Norte,200,52.196,
2026-08-31T03:55:39.989020+00:00,GET,http://localhost:3000/logistics/tenderos/productos-disponibles?tiendaId=bbbbbbbb-bbbb-4bbb-8bbb-bbbbbbbbbbbb&zona=Zona+Norte,200,55.287,
2026-08-31T03:55:40.038940+00:00,GET,http://localhost:3000/logistics/tenderos/productos-disponibles?tiendaId=bbbbbbbb-bbbb-4bbb-8bbb-bbbbbbbbbbbb&zona=Zona+Norte,200,54.659,
2026-08-31T03:55:40.088097+00:00,GET,http://localhost:3000/logistics/tenderos/productos-disponibles?tiendaId=bbbbbbbb-bbbb-4bbb-8bbb-bbbbbbbbbbbb&zona=Zona+Norte,200,56.562,
2026-08-31T03:55:40.139020+00:00,GET,http://localhost:3000/logistics/tenderos/productos-disponibles?tiendaId=bbbbbbbb-bbbb-4bbb-8bbb-bbbbbbbbbbbb&zona=Zona+Norte,200,51.533,
2026-08-31T03:55:40.188976+00:00,GET,http://localhost:3000/logistics/tenderos/productos-disponibles?tiendaId=bbbbbbbb-bbbb-4bbb-8bbb-bbbbbbbbbbbb&zona=Zona+Norte,200,52.324,
2026-08-31T03:55:40.239016+00:00,GET,http://localhost:3000/logistics/tenderos/productos-disponibles?tiendaId=bbbbbbbb-bbbb-4bbb-8bbb-bbbbbbbbbbbb&zona=Zona+Norte,200,51.136,
2026-08-31T03:55:40.289004+00:00,GET,http://localhost:3000/logistics/tenderos/productos-disponibles?tiendaId=bbbbbbbb-bbbb-4bbb-8bbb-bbbbbbbbbbbb&zona=Zona+Norte,200,58.629,
2026-08-31T03:55:40.338978+00:00,GET,http://localhost:3000/logistics/tenderos/productos-disponibles?tiendaId=bbbbbbbb-bbbb-4bbb-8bbb-bbbbbbbbbbbb&zona=Zona+Norte,200,51.880,
2026-08-31T03:55:40.388978+00:00,GET,http://localhost:3000/logistics/tenderos/productos-disponibles?tiendaId=bbbbbbbb-bbbb-4bbb-8bbb-bbbbbbbbbbbb&zona=Zona+Norte,200,51.402,
2026-08-31T03:55:40.438988+00:00,GET,http://localhost:3000/logistics/tenderos/productos-disponibles?tiendaId=bbbbbbbb-bbbb-4bbb-8bbb-bbbbbbbbbbbb&zona=Zona+Norte,200,52.893,
2026-08-31T03:55:40.489009+00:00,GET,http://localhost:3000/logistics/tenderos/productos-disponibles?tiendaId=bbbbbbbb-bbbb-4bbb-8bbb-bbbbbbbbbbbb&zona=Zona+Norte,200,59.553,
2026-08-31T03:55:40.538986+00:00,GET,http://localhost:3000/logistics/tenderos/productos-disponibles?tiendaId=bbbbbbbb-bbbb-4bbb-8bbb-bbbbbbbbbbbb&zona=Zona+Norte,200,51.980,
2026-08-31T03:55:40.589023+00:00,GET,http://localhost:3000/logistics/tenderos/productos-disponibles?tiendaId=bbbbbbbb-bbbb-4bbb-8bbb-bbbbbbbbbbbb&zona=Zona+Norte,200,55.351,
2026-08-31T03:55:40.639057+00:00,GET,http://localhost:3000/logistics/tenderos/productos-disponibles?tiendaId=bbbbbbbb-bbbb-4bbb-8bbb-bbbbbbbbbbbb&zona=Zona+Norte,200,53.436,
2026-08-31T03:55:40.689014+00:00,GET,http://localhost:3000/logistics/tenderos/productos-disponibles?tiendaId=bbbbbbbb-bbbb-4bbb-8bbb-bbbbbbbbbbbb&zona=Zona+Norte,200,54.307,
2026-08-31T03:55:40.738989+00:00,GET,http://localhost:3000/logistics/tenderos/productos-disponibles?tiendaId=bbbbbbbb-bbbb-4bbb-8bbb-bbbbbbbbbbbb&zona=Zona+Norte,200,54.979,
2026-08-31T03:55:40.788672+00:00,GET,http://localhost:3000/logistics/tenderos/productos-disponibles?tiendaId=bbbbbbbb-bbbb-4bbb-8bbb-bbbbbbbbbbbb&zona=Zona+Norte,200,55.315,
2026-08-31T03:55:40.838171+00:00,GET,http://localhost:3000/logistics/tenderos/productos-disponibles?tiendaId=bbbbbbbb-bbbb-4bbb-8bbb-bbbbbbbbbbbb&zona=Zona+Norte,200,58.571,
2026-08-31T03:55:40.888575+00:00,GET,http://localhost:3000/logistics/tenderos/productos-disponibles?tiendaId=bbbbbbbb-bbbb-4bbb-8bbb-bbbbbbbbbbbb&zona=Zona+Norte,200,55.762,
2026-08-31T03:55:40.938692+00:00,GET,http://localhost:3000/logistics/tenderos/productos-disponibles?tiendaId=bbbbbbbb-bbbb-4bbb-8bbb-bbbbbbbbbbbb&zona=Zona+Norte,200,57.450,
2026-08-31T03:55:40.989016+00:00,GET,http://localhost:3000/logistics/tenderos/productos-disponibles?tiendaId=bbbbbbbb-bbbb-4bbb-8bbb-bbbbbbbbbbbb&zona=Zona+Norte,200,61.512,
2026-08-31T03:55:41.039004+00:00,GET,http://localhost:3000/logistics/tenderos/productos-disponibles?tiendaId=bbbbbbbb-bbbb-4bbb-8bbb-bbbbbbbbbbbb&zona=Zona+Norte,200,53.897,
2026-08-31T03:55:41.088995+00:00,GET,http://localhost:3000/logistics/tenderos/productos-disponibles?tiendaId=bbbbbbbb-bbbb-4bbb-8bbb-bbbbbbbbbbbb&zona=Zona+Norte,200,53.786,
2026-08-31T03:55:41.139027+00:00,GET,http://localhost:3000/logistics/tenderos/productos-disponibles?tiendaId=bbbbbbbb-bbbb-4bbb-8bbb-bbbbbbbbbbbb&zona=Zona+Norte,200,53.657,
2026-08-31T03:55:41.189000+00:00,GET,http://localhost:3000/logistics/tenderos/productos-disponibles?tiendaId=bbbbbbbb-bbbb-4bbb-8bbb-bbbbbbbbbbbb&zona=Zona+Norte,200,52.439,
2026-08-31T03:55:41.239066+00:00,GET,http://localhost:3000/logistics/tenderos/productos-disponibles?tiendaId=bbbbbbbb-bbbb-4bbb-8bbb-bbbbbbbbbbbb&zona=Zona+Norte,200,54.003,
2026-08-31T03:55:41.288892+00:00,GET,http://localhost:3000/logistics/tenderos/productos-disponibles?tiendaId=bbbbbbbb-bbbb-4bbb-8bbb-bbbbbbbbbbbb&zona=Zona+Norte,200,55.594,
2026-08-31T03:55:41.339007+00:00,GET,http://localhost:3000/logistics/tenderos/productos-disponibles?tiendaId=bbbbbbbb-bbbb-4bbb-8bbb-bbbbbbbbbbbb&zona=Zona+Norte,200,53.685,
2026-08-31T03:55:41.389036+00:00,GET,http://localhost:3000/logistics/tenderos/productos-disponibles?tiendaId=bbbbbbbb-bbbb-4bbb-8bbb-bbbbbbbbbbbb&zona=Zona+Norte,200,53.740,
2026-08-31T03:55:41.439051+00:00,GET,http://localhost:3000/logistics/tenderos/productos-disponibles?tiendaId=bbbbbbbb-bbbb-4bbb-8bbb-bbbbbbbbbbbb&zona=Zona+Norte,200,58.265,
2026-08-31T03:55:41.489030+00:00,GET,http://localhost:3000/logistics/tenderos/productos-disponibles?tiendaId=bbbbbbbb-bbbb-4bbb-8bbb-bbbbbbbbbbbb&zona=Zona+Norte,200,58.850,
2026-08-31T03:55:41.538849+00:00,GET,http://localhost:3000/logistics/tenderos/productos-disponibles?tiendaId=bbbbbbbb-bbbb-4bbb-8bbb-bbbbbbbbbbbb&zona=Zona+Norte,200,51.979,
2026-08-31T03:55:41.588124+00:00,GET,http://localhost:3000/logistics/tenderos/productos-disponibles?tiendaId=bbbbbbbb-bbbb-4bbb-8bbb-bbbbbbbbbbbb&zona=Zona+Norte,200,50.090,
2026-08-31T03:55:41.638253+00:00,GET,http://localhost:3000/logistics/tenderos/productos-disponibles?tiendaId=bbbbbbbb-bbbb-4bbb-8bbb-bbbbbbbbbbbb&zona=Zona+Norte,200,53.493,
2026-08-31T03:55:41.688331+00:00,GET,http://localhost:3000/logistics/tenderos/productos-disponibles?tiendaId=bbbbbbbb-bbbb-4bbb-8bbb-bbbbbbbbbbbb&zona=Zona+Norte,200,52.539,
2026-08-31T03:55:41.739037+00:00,GET,http://localhost:3000/logistics/tenderos/productos-disponibles?tiendaId=bbbbbbbb-bbbb-4bbb-8bbb-bbbbbbbbbbbb&zona=Zona+Norte,200,52.623,
2026-08-31T03:55:41.789197+00:00,GET,http://localhost:3000/logistics/tenderos/productos-disponibles?tiendaId=bbbbbbbb-bbbb-4bbb-8bbb-bbbbbbbbbbbb&zona=Zona+Norte,200,52.977,
2026-08-31T03:55:41.839043+00:00,GET,http://localhost:3000/logistics/tenderos/productos-disponibles?tiendaId=bbbbbbbb-bbbb-4bbb-8bbb-bbbbbbbbbbbb&zona=Zona+Norte,200,54.368,
2026-08-31T03:55:41.889034+00:00,GET,http://localhost:3000/logistics/tenderos/productos-disponibles?tiendaId=bbbbbbbb-bbbb-4bbb-8bbb-bbbbbbbbbbbb&zona=Zona+Norte,200,52.981,
2026-08-31T03:55:41.938050+00:00,GET,http://localhost:3000/logistics/tenderos/productos-disponibles?tiendaId=bbbbbbbb-bbbb-4bbb-8bbb-bbbbbbbbbbbb&zona=Zona+Norte,200,51.442,
2026-08-31T03:55:41.989046+00:00,GET,http://localhost:3000/logistics/tenderos/productos-disponibles?tiendaId=bbbbbbbb-bbbb-4bbb-8bbb-bbbbbbbbbbbb&zona=Zona+Norte,200,52.959,
2026-08-31T03:55:42.039023+00:00,GET,http://localhost:3000/logistics/tenderos/productos-disponibles?tiendaId=bbbbbbbb-bbbb-4bbb-8bbb-bbbbbbbbbbbb&zona=Zona+Norte,200,56.140,
2026-08-31T03:55:42.089031+00:00,GET,http://localhost:3000/logistics/tenderos/productos-disponibles?tiendaId=bbbbbbbb-bbbb-4bbb-8bbb-bbbbbbbbbbbb&zona=Zona+Norte,200,57.616,
2026-08-31T03:55:42.139033+00:00,GET,http://localhost:3000/logistics/tenderos/productos-disponibles?tiendaId=bbbbbbbb-bbbb-4bbb-8bbb-bbbbbbbbbbbb&zona=Zona+Norte,200,51.489,
2026-08-31T03:55:42.189021+00:00,GET,http://localhost:3000/logistics/tenderos/productos-disponibles?tiendaId=bbbbbbbb-bbbb-4bbb-8bbb-bbbbbbbbbbbb&zona=Zona+Norte,200,52.458,
2026-08-31T03:55:42.239074+00:00,GET,http://localhost:3000/logistics/tenderos/productos-disponibles?tiendaId=bbbbbbbb-bbbb-4bbb-8bbb-bbbbbbbbbbbb&zona=Zona+Norte,200,51.188,
2026-08-31T03:55:42.288780+00:00,GET,http://localhost:3000/logistics/tenderos/productos-disponibles?tiendaId=bbbbbbbb-bbbb-4bbb-8bbb-bbbbbbbbbbbb&zona=Zona+Norte,200,57.147,
2026-08-31T03:55:42.339056+00:00,GET,http://localhost:3000/logistics/tenderos/productos-disponibles?tiendaId=bbbbbbbb-bbbb-4bbb-8bbb-bbbbbbbbbbbb&zona=Zona+Norte,200,52.397,
2026-08-31T03:55:42.388892+00:00,GET,http://localhost:3000/logistics/tenderos/productos-disponibles?tiendaId=bbbbbbbb-bbbb-4bbb-8bbb-bbbbbbbbbbbb&zona=Zona+Norte,200,52.381,
2026-08-31T03:55:42.439058+00:00,GET,http://localhost:3000/logistics/tenderos/productos-disponibles?tiendaId=bbbbbbbb-bbbb-4bbb-8bbb-bbbbbbbbbbbb&zona=Zona+Norte,200,51.370,
2026-08-31T03:55:42.489031+00:00,GET,http://localhost:3000/logistics/tenderos/productos-disponibles?tiendaId=bbbbbbbb-bbbb-4bbb-8bbb-bbbbbbbbbbbb&zona=Zona+Norte,200,53.614,
2026-08-31T03:55:42.538971+00:00,GET,http://localhost:3000/logistics/tenderos/productos-disponibles?tiendaId=bbbbbbbb-bbbb-4bbb-8bbb-bbbbbbbbbbbb&zona=Zona+Norte,200,51.539,
2026-08-31T03:55:42.589042+00:00,GET,http://localhost:3000/logistics/tenderos/productos-disponibles?tiendaId=bbbbbbbb-bbbb-4bbb-8bbb-bbbbbbbbbbbb&zona=Zona+Norte,200,59.464,
2026-08-31T03:55:42.639041+00:00,GET,http://localhost:3000/logistics/tenderos/productos-disponibles?tiendaId=bbbbbbbb-bbbb-4bbb-8bbb-bbbbbbbbbbbb&zona=Zona+Norte,200,58.216,
2026-08-31T03:55:42.688837+00:00,GET,http://localhost:3000/logistics/tenderos/productos-disponibles?tiendaId=bbbbbbbb-bbbb-4bbb-8bbb-bbbbbbbbbbbb&zona=Zona+Norte,200,53.371,
2026-08-31T03:55:42.739285+00:00,GET,http://localhost:3000/logistics/tenderos/productos-disponibles?tiendaId=bbbbbbbb-bbbb-4bbb-8bbb-bbbbbbbbbbbb&zona=Zona+Norte,200,60.230,
2026-08-31T03:55:42.789058+00:00,GET,http://localhost:3000/logistics/tenderos/productos-disponibles?tiendaId=bbbbbbbb-bbbb-4bbb-8bbb-bbbbbbbbbbbb&zona=Zona+Norte,200,57.098,
2026-08-31T03:55:42.839067+00:00,GET,http://localhost:3000/logistics/tenderos/productos-disponibles?tiendaId=bbbbbbbb-bbbb-4bbb-8bbb-bbbbbbbbbbbb&zona=Zona+Norte,200,57.292,
2026-08-31T03:55:42.889067+00:00,GET,http://localhost:3000/logistics/tenderos/productos-disponibles?tiendaId=bbbbbbbb-bbbb-4bbb-8bbb-bbbbbbbbbbbb&zona=Zona+Norte,200,54.445,
2026-08-31T03:55:42.939059+00:00,GET,http://localhost:3000/logistics/tenderos/productos-disponibles?tiendaId=bbbbbbbb-bbbb-4bbb-8bbb-bbbbbbbbbbbb&zona=Zona+Norte,200,52.535,
2026-08-31T03:55:42.989052+00:00,GET,http://localhost:3000/logistics/tenderos/productos-disponibles?tiendaId=bbbbbbbb-bbbb-4bbb-8bbb-bbbbbbbbbbbb&zona=Zona+Norte,200,53.931,
2026-08-31T03:55:43.039054+00:00,GET,http://localhost:3000/logistics/tenderos/productos-disponibles?tiendaId=bbbbbbbb-bbbb-4bbb-8bbb-bbbbbbbbbbbb&zona=Zona+Norte,200,61.024,
2026-08-31T03:55:43.089074+00:00,GET,http://localhost:3000/logistics/tenderos/productos-disponibles?tiendaId=bbbbbbbb-bbbb-4bbb-8bbb-bbbbbbbbbbbb&zona=Zona+Norte,200,52.513,
2026-08-31T03:55:43.139066+00:00,GET,http://localhost:3000/logistics/tenderos/productos-disponibles?tiendaId=bbbbbbbb-bbbb-4bbb-8bbb-bbbbbbbbbbbb&zona=Zona+Norte,200,51.933,
2026-08-31T03:55:43.189065+00:00,GET,http://localhost:3000/logistics/tenderos/productos-disponibles?tiendaId=bbbbbbbb-bbbb-4bbb-8bbb-bbbbbbbbbbbb&zona=Zona+Norte,200,52.116,
2026-08-31T03:55:43.239054+00:00,GET,http://localhost:3000/logistics/tenderos/productos-disponibles?tiendaId=bbbbbbbb-bbbb-4bbb-8bbb-bbbbbbbbbbbb&zona=Zona+Norte,200,55.586,
2026-08-31T03:55:43.289066+00:00,GET,http://localhost:3000/logistics/tenderos/productos-disponibles?tiendaId=bbbbbbbb-bbbb-4bbb-8bbb-bbbbbbbbbbbb&zona=Zona+Norte,200,51.698,
2026-08-31T03:55:43.339085+00:00,GET,http://localhost:3000/logistics/tenderos/productos-disponibles?tiendaId=bbbbbbbb-bbbb-4bbb-8bbb-bbbbbbbbbbbb&zona=Zona+Norte,200,55.405,
2026-08-31T03:55:43.389082+00:00,GET,http://localhost:3000/logistics/tenderos/productos-disponibles?tiendaId=bbbbbbbb-bbbb-4bbb-8bbb-bbbbbbbbbbbb&zona=Zona+Norte,200,51.033,
2026-08-31T03:55:43.439064+00:00,GET,http://localhost:3000/logistics/tenderos/productos-disponibles?tiendaId=bbbbbbbb-bbbb-4bbb-8bbb-bbbbbbbbbbbb&zona=Zona+Norte,200,52.343,
2026-08-31T03:55:43.489080+00:00,GET,http://localhost:3000/logistics/tenderos/productos-disponibles?tiendaId=bbbbbbbb-bbbb-4bbb-8bbb-bbbbbbbbbbbb&zona=Zona+Norte,200,50.736,
2026-08-31T03:55:43.538939+00:00,GET,http://localhost:3000/logistics/tenderos/productos-disponibles?tiendaId=bbbbbbbb-bbbb-4bbb-8bbb-bbbbbbbbbbbb&zona=Zona+Norte,200,54.003,
2026-08-31T03:55:43.589092+00:00,GET,http://localhost:3000/logistics/tenderos/productos-disponibles?tiendaId=bbbbbbbb-bbbb-4bbb-8bbb-bbbbbbbbbbbb&zona=Zona+Norte,200,54.492,
2026-08-31T03:55:43.639085+00:00,GET,http://localhost:3000/logistics/tenderos/productos-disponibles?tiendaId=bbbbbbbb-bbbb-4bbb-8bbb-bbbbbbbbbbbb&zona=Zona+Norte,200,55.657,
2026-08-31T03:55:43.689087+00:00,GET,http://localhost:3000/logistics/tenderos/productos-disponibles?tiendaId=bbbbbbbb-bbbb-4bbb-8bbb-bbbbbbbbbbbb&zona=Zona+Norte,200,53.607,
2026-08-31T03:55:43.738509+00:00,GET,http://localhost:3000/logistics/tenderos/productos-disponibles?tiendaId=bbbbbbbb-bbbb-4bbb-8bbb-bbbbbbbbbbbb&zona=Zona+Norte,200,51.857,
2026-08-31T03:55:43.789093+00:00,GET,http://localhost:3000/logistics/tenderos/productos-disponibles?tiendaId=bbbbbbbb-bbbb-4bbb-8bbb-bbbbbbbbbbbb&zona=Zona+Norte,200,55.688,
2026-08-31T03:55:43.838185+00:00,GET,http://localhost:3000/logistics/tenderos/productos-disponibles?tiendaId=bbbbbbbb-bbbb-4bbb-8bbb-bbbbbbbbbbbb&zona=Zona+Norte,200,63.234,
2026-08-31T03:55:43.888470+00:00,GET,http://localhost:3000/logistics/tenderos/productos-disponibles?tiendaId=bbbbbbbb-bbbb-4bbb-8bbb-bbbbbbbbbbbb&zona=Zona+Norte,200,56.486,
2026-08-31T03:55:43.939078+00:00,GET,http://localhost:3000/logistics/tenderos/productos-disponibles?tiendaId=bbbbbbbb-bbbb-4bbb-8bbb-bbbbbbbbbbbb&zona=Zona+Norte,200,51.496,
2026-08-31T03:55:43.988375+00:00,GET,http://localhost:3000/logistics/tenderos/productos-disponibles?tiendaId=bbbbbbbb-bbbb-4bbb-8bbb-bbbbbbbbbbbb&zona=Zona+Norte,200,55.060,
2026-08-31T03:55:44.039105+00:00,GET,http://localhost:3000/logistics/tenderos/productos-disponibles?tiendaId=bbbbbbbb-bbbb-4bbb-8bbb-bbbbbbbbbbbb&zona=Zona+Norte,200,55.331,
2026-08-31T03:55:44.089074+00:00,GET,http://localhost:3000/logistics/tenderos/productos-disponibles?tiendaId=bbbbbbbb-bbbb-4bbb-8bbb-bbbbbbbbbbbb&zona=Zona+Norte,200,55.253,
2026-08-31T03:55:44.139062+00:00,GET,http://localhost:3000/logistics/tenderos/productos-disponibles?tiendaId=bbbbbbbb-bbbb-4bbb-8bbb-bbbbbbbbbbbb&zona=Zona+Norte,200,54.332,
2026-08-31T03:55:44.188524+00:00,GET,http://localhost:3000/logistics/tenderos/productos-disponibles?tiendaId=bbbbbbbb-bbbb-4bbb-8bbb-bbbbbbbbbbbb&zona=Zona+Norte,200,54.319,
2026-08-31T03:55:44.239070+00:00,GET,http://localhost:3000/logistics/tenderos/productos-disponibles?tiendaId=bbbbbbbb-bbbb-4bbb-8bbb-bbbbbbbbbbbb&zona=Zona+Norte,200,54.041,
2026-08-31T03:55:44.288862+00:00,GET,http://localhost:3000/logistics/tenderos/productos-disponibles?tiendaId=bbbbbbbb-bbbb-4bbb-8bbb-bbbbbbbbbbbb&zona=Zona+Norte,200,51.062,
2026-08-31T03:55:44.339052+00:00,GET,http://localhost:3000/logistics/tenderos/productos-disponibles?tiendaId=bbbbbbbb-bbbb-4bbb-8bbb-bbbbbbbbbbbb&zona=Zona+Norte,200,52.359,
2026-08-31T03:55:44.389070+00:00,GET,http://localhost:3000/logistics/tenderos/productos-disponibles?tiendaId=bbbbbbbb-bbbb-4bbb-8bbb-bbbbbbbbbbbb&zona=Zona+Norte,200,50.758,
2026-08-31T03:55:44.439081+00:00,GET,http://localhost:3000/logistics/tenderos/productos-disponibles?tiendaId=bbbbbbbb-bbbb-4bbb-8bbb-bbbbbbbbbbbb&zona=Zona+Norte,200,54.493,
2026-08-31T03:55:44.489063+00:00,GET,http://localhost:3000/logistics/tenderos/productos-disponibles?tiendaId=bbbbbbbb-bbbb-4bbb-8bbb-bbbbbbbbbbbb&zona=Zona+Norte,200,57.359,
2026-08-31T03:55:44.538605+00:00,GET,http://localhost:3000/logistics/tenderos/productos-disponibles?tiendaId=bbbbbbbb-bbbb-4bbb-8bbb-bbbbbbbbbbbb&zona=Zona+Norte,200,51.424,
2026-08-31T03:55:44.589108+00:00,GET,http://localhost:3000/logistics/tenderos/productos-disponibles?tiendaId=bbbbbbbb-bbbb-4bbb-8bbb-bbbbbbbbbbbb&zona=Zona+Norte,200,55.935,
2026-08-31T03:55:44.639082+00:00,GET,http://localhost:3000/logistics/tenderos/productos-disponibles?tiendaId=bbbbbbbb-bbbb-4bbb-8bbb-bbbbbbbbbbbb&zona=Zona+Norte,200,53.454,
2026-08-31T03:55:44.688507+00:00,GET,http://localhost:3000/logistics/tenderos/productos-disponibles?tiendaId=bbbbbbbb-bbbb-4bbb-8bbb-bbbbbbbbbbbb&zona=Zona+Norte,200,54.912,
2026-08-31T03:55:44.739113+00:00,GET,http://localhost:3000/logistics/tenderos/productos-disponibles?tiendaId=bbbbbbbb-bbbb-4bbb-8bbb-bbbbbbbbbbbb&zona=Zona+Norte,200,54.173,
2026-08-31T03:55:44.789099+00:00,GET,http://localhost:3000/logistics/tenderos/productos-disponibles?tiendaId=bbbbbbbb-bbbb-4bbb-8bbb-bbbbbbbbbbbb&zona=Zona+Norte,200,59.792,
2026-08-31T03:55:44.838978+00:00,GET,http://localhost:3000/logistics/tenderos/productos-disponibles?tiendaId=bbbbbbbb-bbbb-4bbb-8bbb-bbbbbbbbbbbb&zona=Zona+Norte,200,53.119,
2026-08-31T03:55:44.889123+00:00,GET,http://localhost:3000/logistics/tenderos/productos-disponibles?tiendaId=bbbbbbbb-bbbb-4bbb-8bbb-bbbbbbbbbbbb&zona=Zona+Norte,200,60.613,
2026-08-31T03:55:44.938623+00:00,GET,http://localhost:3000/logistics/tenderos/productos-disponibles?tiendaId=bbbbbbbb-bbbb-4bbb-8bbb-bbbbbbbbbbbb&zona=Zona+Norte,200,58.410,
2026-08-31T03:55:44.989075+00:00,GET,http://localhost:3000/logistics/tenderos/productos-disponibles?tiendaId=bbbbbbbb-bbbb-4bbb-8bbb-bbbbbbbbbbbb&zona=Zona+Norte,200,56.525,
2026-08-31T03:55:45.039089+00:00,GET,http://localhost:3000/logistics/tenderos/productos-disponibles?tiendaId=bbbbbbbb-bbbb-4bbb-8bbb-bbbbbbbbbbbb&zona=Zona+Norte,200,49.761,
2026-08-31T03:55:45.088882+00:00,GET,http://localhost:3000/logistics/tenderos/productos-disponibles?tiendaId=bbbbbbbb-bbbb-4bbb-8bbb-bbbbbbbbbbbb&zona=Zona+Norte,200,50.688,
2026-08-31T03:55:45.139073+00:00,GET,http://localhost:3000/logistics/tenderos/productos-disponibles?tiendaId=bbbbbbbb-bbbb-4bbb-8bbb-bbbbbbbbbbbb&zona=Zona+Norte,200,50.402,
2026-08-31T03:55:45.188202+00:00,GET,http://localhost:3000/logistics/tenderos/productos-disponibles?tiendaId=bbbbbbbb-bbbb-4bbb-8bbb-bbbbbbbbbbbb&zona=Zona+Norte,200,53.823,
2026-08-31T03:55:45.238337+00:00,GET,http://localhost:3000/logistics/tenderos/productos-disponibles?tiendaId=bbbbbbbb-bbbb-4bbb-8bbb-bbbbbbbbbbbb&zona=Zona+Norte,200,52.468,
2026-08-31T03:55:45.288905+00:00,GET,http://localhost:3000/logistics/tenderos/productos-disponibles?tiendaId=bbbbbbbb-bbbb-4bbb-8bbb-bbbbbbbbbbbb&zona=Zona+Norte,200,54.152,
2026-08-31T03:55:45.339093+00:00,GET,http://localhost:3000/logistics/tenderos/productos-disponibles?tiendaId=bbbbbbbb-bbbb-4bbb-8bbb-bbbbbbbbbbbb&zona=Zona+Norte,200,54.499,
2026-08-31T03:55:45.389128+00:00,GET,http://localhost:3000/logistics/tenderos/productos-disponibles?tiendaId=bbbbbbbb-bbbb-4bbb-8bbb-bbbbbbbbbbbb&zona=Zona+Norte,200,51.479,
2026-08-31T03:55:45.438959+00:00,GET,http://localhost:3000/logistics/tenderos/productos-disponibles?tiendaId=bbbbbbbb-bbbb-4bbb-8bbb-bbbbbbbbbbbb&zona=Zona+Norte,200,50.004,
2026-08-31T03:55:45.488159+00:00,GET,http://localhost:3000/logistics/tenderos/productos-disponibles?tiendaId=bbbbbbbb-bbbb-4bbb-8bbb-bbbbbbbbbbbb&zona=Zona+Norte,200,51.467,
2026-08-31T03:55:45.539122+00:00,GET,http://localhost:3000/logistics/tenderos/productos-disponibles?tiendaId=bbbbbbbb-bbbb-4bbb-8bbb-bbbbbbbbbbbb&zona=Zona+Norte,200,52.092,
2026-08-31T03:55:45.589124+00:00,GET,http://localhost:3000/logistics/tenderos/productos-disponibles?tiendaId=bbbbbbbb-bbbb-4bbb-8bbb-bbbbbbbbbbbb&zona=Zona+Norte,200,53.445,
2026-08-31T03:55:45.638957+00:00,GET,http://localhost:3000/logistics/tenderos/productos-disponibles?tiendaId=bbbbbbbb-bbbb-4bbb-8bbb-bbbbbbbbbbbb&zona=Zona+Norte,200,50.898,
2026-08-31T03:55:45.688800+00:00,GET,http://localhost:3000/logistics/tenderos/productos-disponibles?tiendaId=bbbbbbbb-bbbb-4bbb-8bbb-bbbbbbbbbbbb&zona=Zona+Norte,200,52.849,
2026-08-31T03:55:45.739121+00:00,GET,http://localhost:3000/logistics/tenderos/productos-disponibles?tiendaId=bbbbbbbb-bbbb-4bbb-8bbb-bbbbbbbbbbbb&zona=Zona+Norte,200,50.465,
2026-08-31T03:55:45.789127+00:00,GET,http://localhost:3000/logistics/tenderos/productos-disponibles?tiendaId=bbbbbbbb-bbbb-4bbb-8bbb-bbbbbbbbbbbb&zona=Zona+Norte,200,49.251,
2026-08-31T03:55:45.838415+00:00,GET,http://localhost:3000/logistics/tenderos/productos-disponibles?tiendaId=bbbbbbbb-bbbb-4bbb-8bbb-bbbbbbbbbbbb&zona=Zona+Norte,200,50.906,
2026-08-31T03:55:45.889356+00:00,GET,http://localhost:3000/logistics/tenderos/productos-disponibles?tiendaId=bbbbbbbb-bbbb-4bbb-8bbb-bbbbbbbbbbbb&zona=Zona+Norte,200,51.638,
2026-08-31T03:55:45.939124+00:00,GET,http://localhost:3000/logistics/tenderos/productos-disponibles?tiendaId=bbbbbbbb-bbbb-4bbb-8bbb-bbbbbbbbbbbb&zona=Zona+Norte,200,55.954,
2026-08-31T03:55:45.989155+00:00,GET,http://localhost:3000/logistics/tenderos/productos-disponibles?tiendaId=bbbbbbbb-bbbb-4bbb-8bbb-bbbbbbbbbbbb&zona=Zona+Norte,200,60.573,
2026-08-31T03:55:46.038515+00:00,GET,http://localhost:3000/logistics/tenderos/productos-disponibles?tiendaId=bbbbbbbb-bbbb-4bbb-8bbb-bbbbbbbbbbbb&zona=Zona+Norte,200,51.011,
2026-08-31T03:55:46.089124+00:00,GET,http://localhost:3000/logistics/tenderos/productos-disponibles?tiendaId=bbbbbbbb-bbbb-4bbb-8bbb-bbbbbbbbbbbb&zona=Zona+Norte,200,56.141,
2026-08-31T03:55:46.138601+00:00,GET,http://localhost:3000/logistics/tenderos/productos-disponibles?tiendaId=bbbbbbbb-bbbb-4bbb-8bbb-bbbbbbbbbbbb&zona=Zona+Norte,200,55.385,
2026-08-31T03:55:46.189126+00:00,GET,http://localhost:3000/logistics/tenderos/productos-disponibles?tiendaId=bbbbbbbb-bbbb-4bbb-8bbb-bbbbbbbbbbbb&zona=Zona+Norte,200,53.829,
2026-08-31T03:55:46.239103+00:00,GET,http://localhost:3000/logistics/tenderos/productos-disponibles?tiendaId=bbbbbbbb-bbbb-4bbb-8bbb-bbbbbbbbbbbb&zona=Zona+Norte,200,53.257,
2026-08-31T03:55:46.289114+00:00,GET,http://localhost:3000/logistics/tenderos/productos-disponibles?tiendaId=bbbbbbbb-bbbb-4bbb-8bbb-bbbbbbbbbbbb&zona=Zona+Norte,200,53.907,
2026-08-31T03:55:46.339110+00:00,GET,http://localhost:3000/logistics/tenderos/productos-disponibles?tiendaId=bbbbbbbb-bbbb-4bbb-8bbb-bbbbbbbbbbbb&zona=Zona+Norte,200,63.565,
2026-08-31T03:55:46.389105+00:00,GET,http://localhost:3000/logistics/tenderos/productos-disponibles?tiendaId=bbbbbbbb-bbbb-4bbb-8bbb-bbbbbbbbbbbb&zona=Zona+Norte,200,52.501,
2026-08-31T03:55:46.439122+00:00,GET,http://localhost:3000/logistics/tenderos/productos-disponibles?tiendaId=bbbbbbbb-bbbb-4bbb-8bbb-bbbbbbbbbbbb&zona=Zona+Norte,200,54.376,
2026-08-31T03:55:46.488879+00:00,GET,http://localhost:3000/logistics/tenderos/productos-disponibles?tiendaId=bbbbbbbb-bbbb-4bbb-8bbb-bbbbbbbbbbbb&zona=Zona+Norte,200,59.693,
2026-08-31T03:55:46.538932+00:00,GET,http://localhost:3000/logistics/tenderos/productos-disponibles?tiendaId=bbbbbbbb-bbbb-4bbb-8bbb-bbbbbbbbbbbb&zona=Zona+Norte,200,59.255,
2026-08-31T03:55:46.589130+00:00,GET,http://localhost:3000/logistics/tenderos/productos-disponibles?tiendaId=bbbbbbbb-bbbb-4bbb-8bbb-bbbbbbbbbbbb&zona=Zona+Norte,200,54.941,
2026-08-31T03:55:46.639122+00:00,GET,http://localhost:3000/logistics/tenderos/productos-disponibles?tiendaId=bbbbbbbb-bbbb-4bbb-8bbb-bbbbbbbbbbbb&zona=Zona+Norte,200,53.163,
2026-08-31T03:55:46.689151+00:00,GET,http://localhost:3000/logistics/tenderos/productos-disponibles?tiendaId=bbbbbbbb-bbbb-4bbb-8bbb-bbbbbbbbbbbb&zona=Zona+Norte,200,59.897,
2026-08-31T03:55:46.739112+00:00,GET,http://localhost:3000/logistics/tenderos/productos-disponibles?tiendaId=bbbbbbbb-bbbb-4bbb-8bbb-bbbbbbbbbbbb&zona=Zona+Norte,200,55.212,
2026-08-31T03:55:46.789158+00:00,GET,http://localhost:3000/logistics/tenderos/productos-disponibles?tiendaId=bbbbbbbb-bbbb-4bbb-8bbb-bbbbbbbbbbbb&zona=Zona+Norte,200,57.171,
2026-08-31T03:55:46.839116+00:00,GET,http://localhost:3000/logistics/tenderos/productos-disponibles?tiendaId=bbbbbbbb-bbbb-4bbb-8bbb-bbbbbbbbbbbb&zona=Zona+Norte,200,55.480,
2026-08-31T03:55:46.888887+00:00,GET,http://localhost:3000/logistics/tenderos/productos-disponibles?tiendaId=bbbbbbbb-bbbb-4bbb-8bbb-bbbbbbbbbbbb&zona=Zona+Norte,200,53.621,
2026-08-31T03:55:46.938589+00:00,GET,http://localhost:3000/logistics/tenderos/productos-disponibles?tiendaId=bbbbbbbb-bbbb-4bbb-8bbb-bbbbbbbbbbbb&zona=Zona+Norte,200,56.391,
2026-08-31T03:55:46.989145+00:00,GET,http://localhost:3000/logistics/tenderos/productos-disponibles?tiendaId=bbbbbbbb-bbbb-4bbb-8bbb-bbbbbbbbbbbb&zona=Zona+Norte,200,54.058,
2026-08-31T03:55:47.039106+00:00,GET,http://localhost:3000/logistics/tenderos/productos-disponibles?tiendaId=bbbbbbbb-bbbb-4bbb-8bbb-bbbbbbbbbbbb&zona=Zona+Norte,200,56.931,
2026-08-31T03:55:47.089134+00:00,GET,http://localhost:3000/logistics/tenderos/productos-disponibles?tiendaId=bbbbbbbb-bbbb-4bbb-8bbb-bbbbbbbbbbbb&zona=Zona+Norte,200,56.748,
2026-08-31T03:55:47.139163+00:00,GET,http://localhost:3000/logistics/tenderos/productos-disponibles?tiendaId=bbbbbbbb-bbbb-4bbb-8bbb-bbbbbbbbbbbb&zona=Zona+Norte,200,51.073,
2026-08-31T03:55:47.188482+00:00,GET,http://localhost:3000/logistics/tenderos/productos-disponibles?tiendaId=bbbbbbbb-bbbb-4bbb-8bbb-bbbbbbbbbbbb&zona=Zona+Norte,200,52.481,
2026-08-31T03:55:47.239165+00:00,GET,http://localhost:3000/logistics/tenderos/productos-disponibles?tiendaId=bbbbbbbb-bbbb-4bbb-8bbb-bbbbbbbbbbbb&zona=Zona+Norte,200,53.549,
2026-08-31T03:55:47.288401+00:00,GET,http://localhost:3000/logistics/tenderos/productos-disponibles?tiendaId=bbbbbbbb-bbbb-4bbb-8bbb-bbbbbbbbbbbb&zona=Zona+Norte,200,56.189,
2026-08-31T03:55:47.339144+00:00,GET,http://localhost:3000/logistics/tenderos/productos-disponibles?tiendaId=bbbbbbbb-bbbb-4bbb-8bbb-bbbbbbbbbbbb&zona=Zona+Norte,200,55.916,
2026-08-31T03:55:47.389150+00:00,GET,http://localhost:3000/logistics/tenderos/productos-disponibles?tiendaId=bbbbbbbb-bbbb-4bbb-8bbb-bbbbbbbbbbbb&zona=Zona+Norte,200,53.955,
2026-08-31T03:55:47.438411+00:00,GET,http://localhost:3000/logistics/tenderos/productos-disponibles?tiendaId=bbbbbbbb-bbbb-4bbb-8bbb-bbbbbbbbbbbb&zona=Zona+Norte,200,56.736,
2026-08-31T03:55:47.489127+00:00,GET,http://localhost:3000/logistics/tenderos/productos-disponibles?tiendaId=bbbbbbbb-bbbb-4bbb-8bbb-bbbbbbbbbbbb&zona=Zona+Norte,200,51.526,
2026-08-31T03:55:47.538828+00:00,GET,http://localhost:3000/logistics/tenderos/productos-disponibles?tiendaId=bbbbbbbb-bbbb-4bbb-8bbb-bbbbbbbbbbbb&zona=Zona+Norte,200,51.454,
2026-08-31T03:55:47.589165+00:00,GET,http://localhost:3000/logistics/tenderos/productos-disponibles?tiendaId=bbbbbbbb-bbbb-4bbb-8bbb-bbbbbbbbbbbb&zona=Zona+Norte,200,59.203,
2026-08-31T03:55:47.639162+00:00,GET,http://localhost:3000/logistics/tenderos/productos-disponibles?tiendaId=bbbbbbbb-bbbb-4bbb-8bbb-bbbbbbbbbbbb&zona=Zona+Norte,200,56.581,
2026-08-31T03:55:47.688349+00:00,GET,http://localhost:3000/logistics/tenderos/productos-disponibles?tiendaId=bbbbbbbb-bbbb-4bbb-8bbb-bbbbbbbbbbbb&zona=Zona+Norte,200,52.782,
2026-08-31T03:55:47.739189+00:00,GET,http://localhost:3000/logistics/tenderos/productos-disponibles?tiendaId=bbbbbbbb-bbbb-4bbb-8bbb-bbbbbbbbbbbb&zona=Zona+Norte,200,52.528,
2026-08-31T03:55:47.788982+00:00,GET,http://localhost:3000/logistics/tenderos/productos-disponibles?tiendaId=bbbbbbbb-bbbb-4bbb-8bbb-bbbbbbbbbbbb&zona=Zona+Norte,200,52.975,
2026-08-31T03:55:47.839163+00:00,GET,http://localhost:3000/logistics/tenderos/productos-disponibles?tiendaId=bbbbbbbb-bbbb-4bbb-8bbb-bbbbbbbbbbbb&zona=Zona+Norte,200,51.358,
2026-08-31T03:55:47.888900+00:00,GET,http://localhost:3000/logistics/tenderos/productos-disponibles?tiendaId=bbbbbbbb-bbbb-4bbb-8bbb-bbbbbbbbbbbb&zona=Zona+Norte,200,50.933,
2026-08-31T03:55:47.938531+00:00,GET,http://localhost:3000/logistics/tenderos/productos-disponibles?tiendaId=bbbbbbbb-bbbb-4bbb-8bbb-bbbbbbbbbbbb&zona=Zona+Norte,200,54.727,
2026-08-31T03:55:47.989144+00:00,GET,http://localhost:3000/logistics/tenderos/productos-disponibles?tiendaId=bbbbbbbb-bbbb-4bbb-8bbb-bbbbbbbbbbbb&zona=Zona+Norte,200,59.087,
2026-08-31T03:55:48.039148+00:00,GET,http://localhost:3000/logistics/tenderos/productos-disponibles?tiendaId=bbbbbbbb-bbbb-4bbb-8bbb-bbbbbbbbbbbb&zona=Zona+Norte,200,56.352,
2026-08-31T03:55:48.088604+00:00,GET,http://localhost:3000/logistics/tenderos/productos-disponibles?tiendaId=bbbbbbbb-bbbb-4bbb-8bbb-bbbbbbbbbbbb&zona=Zona+Norte,200,51.809,
2026-08-31T03:55:48.138253+00:00,GET,http://localhost:3000/logistics/tenderos/productos-disponibles?tiendaId=bbbbbbbb-bbbb-4bbb-8bbb-bbbbbbbbbbbb&zona=Zona+Norte,200,55.913,
2026-08-31T03:55:48.189187+00:00,GET,http://localhost:3000/logistics/tenderos/productos-disponibles?tiendaId=bbbbbbbb-bbbb-4bbb-8bbb-bbbbbbbbbbbb&zona=Zona+Norte,200,53.909,
2026-08-31T03:55:48.239149+00:00,GET,http://localhost:3000/logistics/tenderos/productos-disponibles?tiendaId=bbbbbbbb-bbbb-4bbb-8bbb-bbbbbbbbbbbb&zona=Zona+Norte,200,53.614,
2026-08-31T03:55:48.289193+00:00,GET,http://localhost:3000/logistics/tenderos/productos-disponibles?tiendaId=bbbbbbbb-bbbb-4bbb-8bbb-bbbbbbbbbbbb&zona=Zona+Norte,200,54.033,
2026-08-31T03:55:48.339167+00:00,GET,http://localhost:3000/logistics/tenderos/productos-disponibles?tiendaId=bbbbbbbb-bbbb-4bbb-8bbb-bbbbbbbbbbbb&zona=Zona+Norte,200,56.233,
2026-08-31T03:55:48.389204+00:00,GET,http://localhost:3000/logistics/tenderos/productos-disponibles?tiendaId=bbbbbbbb-bbbb-4bbb-8bbb-bbbbbbbbbbbb&zona=Zona+Norte,200,55.264,
2026-08-31T03:55:48.439167+00:00,GET,http://localhost:3000/logistics/tenderos/productos-disponibles?tiendaId=bbbbbbbb-bbbb-4bbb-8bbb-bbbbbbbbbbbb&zona=Zona+Norte,200,63.349,
2026-08-31T03:55:48.489153+00:00,GET,http://localhost:3000/logistics/tenderos/productos-disponibles?tiendaId=bbbbbbbb-bbbb-4bbb-8bbb-bbbbbbbbbbbb&zona=Zona+Norte,200,59.494,
2026-08-31T03:55:48.538664+00:00,GET,http://localhost:3000/logistics/tenderos/productos-disponibles?tiendaId=bbbbbbbb-bbbb-4bbb-8bbb-bbbbbbbbbbbb&zona=Zona+Norte,200,54.791,
2026-08-31T03:55:48.589151+00:00,GET,http://localhost:3000/logistics/tenderos/productos-disponibles?tiendaId=bbbbbbbb-bbbb-4bbb-8bbb-bbbbbbbbbbbb&zona=Zona+Norte,200,53.163,
2026-08-31T03:55:48.639198+00:00,GET,http://localhost:3000/logistics/tenderos/productos-disponibles?tiendaId=bbbbbbbb-bbbb-4bbb-8bbb-bbbbbbbbbbbb&zona=Zona+Norte,200,51.072,
2026-08-31T03:55:48.688525+00:00,GET,http://localhost:3000/logistics/tenderos/productos-disponibles?tiendaId=bbbbbbbb-bbbb-4bbb-8bbb-bbbbbbbbbbbb&zona=Zona+Norte,200,65.335,
2026-08-31T03:55:48.739181+00:00,GET,http://localhost:3000/logistics/tenderos/productos-disponibles?tiendaId=bbbbbbbb-bbbb-4bbb-8bbb-bbbbbbbbbbbb&zona=Zona+Norte,200,55.534,
2026-08-31T03:55:48.789239+00:00,GET,http://localhost:3000/logistics/tenderos/productos-disponibles?tiendaId=bbbbbbbb-bbbb-4bbb-8bbb-bbbbbbbbbbbb&zona=Zona+Norte,200,57.158,
2026-08-31T03:55:48.839168+00:00,GET,http://localhost:3000/logistics/tenderos/productos-disponibles?tiendaId=bbbbbbbb-bbbb-4bbb-8bbb-bbbbbbbbbbbb&zona=Zona+Norte,200,56.444,
2026-08-31T03:55:48.889186+00:00,GET,http://localhost:3000/logistics/tenderos/productos-disponibles?tiendaId=bbbbbbbb-bbbb-4bbb-8bbb-bbbbbbbbbbbb&zona=Zona+Norte,200,56.550,
2026-08-31T03:55:48.939176+00:00,GET,http://localhost:3000/logistics/tenderos/productos-disponibles?tiendaId=bbbbbbbb-bbbb-4bbb-8bbb-bbbbbbbbbbbb&zona=Zona+Norte,200,58.186,
2026-08-31T03:55:48.989225+00:00,GET,http://localhost:3000/logistics/tenderos/productos-disponibles?tiendaId=bbbbbbbb-bbbb-4bbb-8bbb-bbbbbbbbbbbb&zona=Zona+Norte,200,55.585,
2026-08-31T03:55:49.039191+00:00,GET,http://localhost:3000/logistics/tenderos/productos-disponibles?tiendaId=bbbbbbbb-bbbb-4bbb-8bbb-bbbbbbbbbbbb&zona=Zona+Norte,200,61.784,
2026-08-31T03:55:49.089230+00:00,GET,http://localhost:3000/logistics/tenderos/productos-disponibles?tiendaId=bbbbbbbb-bbbb-4bbb-8bbb-bbbbbbbbbbbb&zona=Zona+Norte,200,59.749,
2026-08-31T03:55:49.139196+00:00,GET,http://localhost:3000/logistics/tenderos/productos-disponibles?tiendaId=bbbbbbbb-bbbb-4bbb-8bbb-bbbbbbbbbbbb&zona=Zona+Norte,200,59.323,
2026-08-31T03:55:49.189210+00:00,GET,http://localhost:3000/logistics/tenderos/productos-disponibles?tiendaId=bbbbbbbb-bbbb-4bbb-8bbb-bbbbbbbbbbbb&zona=Zona+Norte,200,55.119,
2026-08-31T03:55:49.238636+00:00,GET,http://localhost:3000/logistics/tenderos/productos-disponibles?tiendaId=bbbbbbbb-bbbb-4bbb-8bbb-bbbbbbbbbbbb&zona=Zona+Norte,200,55.262,
2026-08-31T03:55:49.289193+00:00,GET,http://localhost:3000/logistics/tenderos/productos-disponibles?tiendaId=bbbbbbbb-bbbb-4bbb-8bbb-bbbbbbbbbbbb&zona=Zona+Norte,200,57.455,
2026-08-31T03:55:49.339165+00:00,GET,http://localhost:3000/logistics/tenderos/productos-disponibles?tiendaId=bbbbbbbb-bbbb-4bbb-8bbb-bbbbbbbbbbbb&zona=Zona+Norte,200,57.836,
2026-08-31T03:55:49.389170+00:00,GET,http://localhost:3000/logistics/tenderos/productos-disponibles?tiendaId=bbbbbbbb-bbbb-4bbb-8bbb-bbbbbbbbbbbb&zona=Zona+Norte,200,60.842,
2026-08-31T03:55:49.439187+00:00,GET,http://localhost:3000/logistics/tenderos/productos-disponibles?tiendaId=bbbbbbbb-bbbb-4bbb-8bbb-bbbbbbbbbbbb&zona=Zona+Norte,200,57.937,
2026-08-31T03:55:49.489191+00:00,GET,http://localhost:3000/logistics/tenderos/productos-disponibles?tiendaId=bbbbbbbb-bbbb-4bbb-8bbb-bbbbbbbbbbbb&zona=Zona+Norte,200,51.349,
2026-08-31T03:55:49.538900+00:00,GET,http://localhost:3000/logistics/tenderos/productos-disponibles?tiendaId=bbbbbbbb-bbbb-4bbb-8bbb-bbbbbbbbbbbb&zona=Zona+Norte,200,48.855,
2026-08-31T03:55:49.588212+00:00,GET,http://localhost:3000/logistics/tenderos/productos-disponibles?tiendaId=bbbbbbbb-bbbb-4bbb-8bbb-bbbbbbbbbbbb&zona=Zona+Norte,200,49.515,
2026-08-31T03:55:49.638196+00:00,GET,http://localhost:3000/logistics/tenderos/productos-disponibles?tiendaId=bbbbbbbb-bbbb-4bbb-8bbb-bbbbbbbbbbbb&zona=Zona+Norte,200,51.255,
2026-08-31T03:55:49.688892+00:00,GET,http://localhost:3000/logistics/tenderos/productos-disponibles?tiendaId=bbbbbbbb-bbbb-4bbb-8bbb-bbbbbbbbbbbb&zona=Zona+Norte,200,49.747,
2026-08-31T03:55:49.738684+00:00,GET,http://localhost:3000/logistics/tenderos/productos-disponibles?tiendaId=bbbbbbbb-bbbb-4bbb-8bbb-bbbbbbbbbbbb&zona=Zona+Norte,200,50.285,
2026-08-31T03:55:49.788405+00:00,GET,http://localhost:3000/logistics/tenderos/productos-disponibles?tiendaId=bbbbbbbb-bbbb-4bbb-8bbb-bbbbbbbbbbbb&zona=Zona+Norte,200,50.015,
2026-08-31T03:55:49.838464+00:00,GET,http://localhost:3000/logistics/tenderos/productos-disponibles?tiendaId=bbbbbbbb-bbbb-4bbb-8bbb-bbbbbbbbbbbb&zona=Zona+Norte,200,49.919,
2026-08-31T03:55:49.888455+00:00,GET,http://localhost:3000/logistics/tenderos/productos-disponibles?tiendaId=bbbbbbbb-bbbb-4bbb-8bbb-bbbbbbbbbbbb&zona=Zona+Norte,200,49.572,
2026-08-31T03:55:49.938160+00:00,GET,http://localhost:3000/logistics/tenderos/productos-disponibles?tiendaId=bbbbbbbb-bbbb-4bbb-8bbb-bbbbbbbbbbbb&zona=Zona+Norte,200,48.869,
2026-08-31T03:55:49.988276+00:00,GET,http://localhost:3000/logistics/tenderos/productos-disponibles?tiendaId=bbbbbbbb-bbbb-4bbb-8bbb-bbbbbbbbbbbb&zona=Zona+Norte,200,52.457,
2026-08-31T03:55:50.039244+00:00,GET,http://localhost:3000/logistics/tenderos/productos-disponibles?tiendaId=bbbbbbbb-bbbb-4bbb-8bbb-bbbbbbbbbbbb&zona=Zona+Norte,200,56.602,
2026-08-31T03:55:50.089209+00:00,GET,http://localhost:3000/logistics/tenderos/productos-disponibles?tiendaId=bbbbbbbb-bbbb-4bbb-8bbb-bbbbbbbbbbbb&zona=Zona+Norte,200,57.808,
2026-08-31T03:55:50.138645+00:00,GET,http://localhost:3000/logistics/tenderos/productos-disponibles?tiendaId=bbbbbbbb-bbbb-4bbb-8bbb-bbbbbbbbbbbb&zona=Zona+Norte,200,53.647,
2026-08-31T03:55:50.188898+00:00,GET,http://localhost:3000/logistics/tenderos/productos-disponibles?tiendaId=bbbbbbbb-bbbb-4bbb-8bbb-bbbbbbbbbbbb&zona=Zona+Norte,200,51.050,
2026-08-31T03:55:50.239204+00:00,GET,http://localhost:3000/logistics/tenderos/productos-disponibles?tiendaId=bbbbbbbb-bbbb-4bbb-8bbb-bbbbbbbbbbbb&zona=Zona+Norte,200,50.500,
2026-08-31T03:55:50.288872+00:00,GET,http://localhost:3000/logistics/tenderos/productos-disponibles?tiendaId=bbbbbbbb-bbbb-4bbb-8bbb-bbbbbbbbbbbb&zona=Zona+Norte,200,58.416,
2026-08-31T03:55:50.339204+00:00,GET,http://localhost:3000/logistics/tenderos/productos-disponibles?tiendaId=bbbbbbbb-bbbb-4bbb-8bbb-bbbbbbbbbbbb&zona=Zona+Norte,200,51.407,
2026-08-31T03:55:50.389218+00:00,GET,http://localhost:3000/logistics/tenderos/productos-disponibles?tiendaId=bbbbbbbb-bbbb-4bbb-8bbb-bbbbbbbbbbbb&zona=Zona+Norte,200,49.960,
2026-08-31T03:55:50.439211+00:00,GET,http://localhost:3000/logistics/tenderos/productos-disponibles?tiendaId=bbbbbbbb-bbbb-4bbb-8bbb-bbbbbbbbbbbb&zona=Zona+Norte,200,51.920,
2026-08-31T03:55:50.489193+00:00,GET,http://localhost:3000/logistics/tenderos/productos-disponibles?tiendaId=bbbbbbbb-bbbb-4bbb-8bbb-bbbbbbbbbbbb&zona=Zona+Norte,200,58.541,
2026-08-31T03:55:50.539221+00:00,GET,http://localhost:3000/logistics/tenderos/productos-disponibles?tiendaId=bbbbbbbb-bbbb-4bbb-8bbb-bbbbbbbbbbbb&zona=Zona+Norte,200,51.411,
2026-08-31T03:55:50.589229+00:00,GET,http://localhost:3000/logistics/tenderos/productos-disponibles?tiendaId=bbbbbbbb-bbbb-4bbb-8bbb-bbbbbbbbbbbb&zona=Zona+Norte,200,52.120,
2026-08-31T03:55:50.639272+00:00,GET,http://localhost:3000/logistics/tenderos/productos-disponibles?tiendaId=bbbbbbbb-bbbb-4bbb-8bbb-bbbbbbbbbbbb&zona=Zona+Norte,200,52.972,
2026-08-31T03:55:50.689288+00:00,GET,http://localhost:3000/logistics/tenderos/productos-disponibles?tiendaId=bbbbbbbb-bbbb-4bbb-8bbb-bbbbbbbbbbbb&zona=Zona+Norte,200,51.307,
2026-08-31T03:55:50.739217+00:00,GET,http://localhost:3000/logistics/tenderos/productos-disponibles?tiendaId=bbbbbbbb-bbbb-4bbb-8bbb-bbbbbbbbbbbb&zona=Zona+Norte,200,57.011,
2026-08-31T03:55:50.789221+00:00,GET,http://localhost:3000/logistics/tenderos/productos-disponibles?tiendaId=bbbbbbbb-bbbb-4bbb-8bbb-bbbbbbbbbbbb&zona=Zona+Norte,200,52.839,
2026-08-31T03:55:50.839216+00:00,GET,http://localhost:3000/logistics/tenderos/productos-disponibles?tiendaId=bbbbbbbb-bbbb-4bbb-8bbb-bbbbbbbbbbbb&zona=Zona+Norte,200,59.091,
2026-08-31T03:55:50.889215+00:00,GET,http://localhost:3000/logistics/tenderos/productos-disponibles?tiendaId=bbbbbbbb-bbbb-4bbb-8bbb-bbbbbbbbbbbb&zona=Zona+Norte,200,54.490,
2026-08-31T03:55:50.939182+00:00,GET,http://localhost:3000/logistics/tenderos/productos-disponibles?tiendaId=bbbbbbbb-bbbb-4bbb-8bbb-bbbbbbbbbbbb&zona=Zona+Norte,200,53.169,
2026-08-31T03:55:50.989202+00:00,GET,http://localhost:3000/logistics/tenderos/productos-disponibles?tiendaId=bbbbbbbb-bbbb-4bbb-8bbb-bbbbbbbbbbbb&zona=Zona+Norte,200,59.427,
2026-08-31T03:55:51.039230+00:00,GET,http://localhost:3000/logistics/tenderos/productos-disponibles?tiendaId=bbbbbbbb-bbbb-4bbb-8bbb-bbbbbbbbbbbb&zona=Zona+Norte,200,52.403,
2026-08-31T03:55:51.088503+00:00,GET,http://localhost:3000/logistics/tenderos/productos-disponibles?tiendaId=bbbbbbbb-bbbb-4bbb-8bbb-bbbbbbbbbbbb&zona=Zona+Norte,200,56.787,
2026-08-31T03:55:51.139266+00:00,GET,http://localhost:3000/logistics/tenderos/productos-disponibles?tiendaId=bbbbbbbb-bbbb-4bbb-8bbb-bbbbbbbbbbbb&zona=Zona+Norte,200,51.738,
2026-08-31T03:55:51.189305+00:00,GET,http://localhost:3000/logistics/tenderos/productos-disponibles?tiendaId=bbbbbbbb-bbbb-4bbb-8bbb-bbbbbbbbbbbb&zona=Zona+Norte,200,51.737,
2026-08-31T03:55:51.239138+00:00,GET,http://localhost:3000/logistics/tenderos/productos-disponibles?tiendaId=bbbbbbbb-bbbb-4bbb-8bbb-bbbbbbbbbbbb&zona=Zona+Norte,200,53.508,
2026-08-31T03:55:51.289286+00:00,GET,http://localhost:3000/logistics/tenderos/productos-disponibles?tiendaId=bbbbbbbb-bbbb-4bbb-8bbb-bbbbbbbbbbbb&zona=Zona+Norte,200,51.835,
2026-08-31T03:55:51.339278+00:00,GET,http://localhost:3000/logistics/tenderos/productos-disponibles?tiendaId=bbbbbbbb-bbbb-4bbb-8bbb-bbbbbbbbbbbb&zona=Zona+Norte,200,51.905,
2026-08-31T03:55:51.389275+00:00,GET,http://localhost:3000/logistics/tenderos/productos-disponibles?tiendaId=bbbbbbbb-bbbb-4bbb-8bbb-bbbbbbbbbbbb&zona=Zona+Norte,200,51.165,
2026-08-31T03:55:51.438791+00:00,GET,http://localhost:3000/logistics/tenderos/productos-disponibles?tiendaId=bbbbbbbb-bbbb-4bbb-8bbb-bbbbbbbbbbbb&zona=Zona+Norte,200,53.643,
2026-08-31T03:55:51.488910+00:00,GET,http://localhost:3000/logistics/tenderos/productos-disponibles?tiendaId=bbbbbbbb-bbbb-4bbb-8bbb-bbbbbbbbbbbb&zona=Zona+Norte,200,48.945,
2026-08-31T03:55:51.538293+00:00,GET,http://localhost:3000/logistics/tenderos/productos-disponibles?tiendaId=bbbbbbbb-bbbb-4bbb-8bbb-bbbbbbbbbbbb&zona=Zona+Norte,200,50.861,
2026-08-31T03:55:51.589188+00:00,GET,http://localhost:3000/logistics/tenderos/productos-disponibles?tiendaId=bbbbbbbb-bbbb-4bbb-8bbb-bbbbbbbbbbbb&zona=Zona+Norte,200,50.035,
2026-08-31T03:55:51.638843+00:00,GET,http://localhost:3000/logistics/tenderos/productos-disponibles?tiendaId=bbbbbbbb-bbbb-4bbb-8bbb-bbbbbbbbbbbb&zona=Zona+Norte,200,51.581,
2026-08-31T03:55:51.689262+00:00,GET,http://localhost:3000/logistics/tenderos/productos-disponibles?tiendaId=bbbbbbbb-bbbb-4bbb-8bbb-bbbbbbbbbbbb&zona=Zona+Norte,200,51.408,
2026-08-31T03:55:51.739276+00:00,GET,http://localhost:3000/logistics/tenderos/productos-disponibles?tiendaId=bbbbbbbb-bbbb-4bbb-8bbb-bbbbbbbbbbbb&zona=Zona+Norte,200,52.595,
2026-08-31T03:55:51.788625+00:00,GET,http://localhost:3000/logistics/tenderos/productos-disponibles?tiendaId=bbbbbbbb-bbbb-4bbb-8bbb-bbbbbbbbbbbb&zona=Zona+Norte,200,50.953,
2026-08-31T03:55:51.839288+00:00,GET,http://localhost:3000/logistics/tenderos/productos-disponibles?tiendaId=bbbbbbbb-bbbb-4bbb-8bbb-bbbbbbbbbbbb&zona=Zona+Norte,200,52.318,
2026-08-31T03:55:51.888511+00:00,GET,http://localhost:3000/logistics/tenderos/productos-disponibles?tiendaId=bbbbbbbb-bbbb-4bbb-8bbb-bbbbbbbbbbbb&zona=Zona+Norte,200,50.745,
2026-08-31T03:55:51.939284+00:00,GET,http://localhost:3000/logistics/tenderos/productos-disponibles?tiendaId=bbbbbbbb-bbbb-4bbb-8bbb-bbbbbbbbbbbb&zona=Zona+Norte,200,51.944,
2026-08-31T03:55:51.989274+00:00,GET,http://localhost:3000/logistics/tenderos/productos-disponibles?tiendaId=bbbbbbbb-bbbb-4bbb-8bbb-bbbbbbbbbbbb&zona=Zona+Norte,200,54.619,
2026-08-31T03:55:52.039274+00:00,GET,http://localhost:3000/logistics/tenderos/productos-disponibles?tiendaId=bbbbbbbb-bbbb-4bbb-8bbb-bbbbbbbbbbbb&zona=Zona+Norte,200,53.497,
2026-08-31T03:55:52.089229+00:00,GET,http://localhost:3000/logistics/tenderos/productos-disponibles?tiendaId=bbbbbbbb-bbbb-4bbb-8bbb-bbbbbbbbbbbb&zona=Zona+Norte,200,55.815,
2026-08-31T03:55:52.139272+00:00,GET,http://localhost:3000/logistics/tenderos/productos-disponibles?tiendaId=bbbbbbbb-bbbb-4bbb-8bbb-bbbbbbbbbbbb&zona=Zona+Norte,200,53.478,
2026-08-31T03:55:52.189277+00:00,GET,http://localhost:3000/logistics/tenderos/productos-disponibles?tiendaId=bbbbbbbb-bbbb-4bbb-8bbb-bbbbbbbbbbbb&zona=Zona+Norte,200,53.589,
2026-08-31T03:55:52.239276+00:00,GET,http://localhost:3000/logistics/tenderos/productos-disponibles?tiendaId=bbbbbbbb-bbbb-4bbb-8bbb-bbbbbbbbbbbb&zona=Zona+Norte,200,57.453,
2026-08-31T03:55:52.289281+00:00,GET,http://localhost:3000/logistics/tenderos/productos-disponibles?tiendaId=bbbbbbbb-bbbb-4bbb-8bbb-bbbbbbbbbbbb&zona=Zona+Norte,200,54.218,
2026-08-31T03:55:52.339279+00:00,GET,http://localhost:3000/logistics/tenderos/productos-disponibles?tiendaId=bbbbbbbb-bbbb-4bbb-8bbb-bbbbbbbbbbbb&zona=Zona+Norte,200,52.088,
2026-08-31T03:55:52.388726+00:00,GET,http://localhost:3000/logistics/tenderos/productos-disponibles?tiendaId=bbbbbbbb-bbbb-4bbb-8bbb-bbbbbbbbbbbb&zona=Zona+Norte,200,57.602,
2026-08-31T03:55:52.439279+00:00,GET,http://localhost:3000/logistics/tenderos/productos-disponibles?tiendaId=bbbbbbbb-bbbb-4bbb-8bbb-bbbbbbbbbbbb&zona=Zona+Norte,200,54.450,
2026-08-31T03:55:52.489288+00:00,GET,http://localhost:3000/logistics/tenderos/productos-disponibles?tiendaId=bbbbbbbb-bbbb-4bbb-8bbb-bbbbbbbbbbbb&zona=Zona+Norte,200,59.153,
2026-08-31T03:55:52.539291+00:00,GET,http://localhost:3000/logistics/tenderos/productos-disponibles?tiendaId=bbbbbbbb-bbbb-4bbb-8bbb-bbbbbbbbbbbb&zona=Zona+Norte,200,59.373,
2026-08-31T03:55:52.588833+00:00,GET,http://localhost:3000/logistics/tenderos/productos-disponibles?tiendaId=bbbbbbbb-bbbb-4bbb-8bbb-bbbbbbbbbbbb&zona=Zona+Norte,200,51.802,
2026-08-31T03:55:52.639315+00:00,GET,http://localhost:3000/logistics/tenderos/productos-disponibles?tiendaId=bbbbbbbb-bbbb-4bbb-8bbb-bbbbbbbbbbbb&zona=Zona+Norte,200,51.193,
2026-08-31T03:55:52.689299+00:00,GET,http://localhost:3000/logistics/tenderos/productos-disponibles?tiendaId=bbbbbbbb-bbbb-4bbb-8bbb-bbbbbbbbbbbb&zona=Zona+Norte,200,50.596,
2026-08-31T03:55:52.739319+00:00,GET,http://localhost:3000/logistics/tenderos/productos-disponibles?tiendaId=bbbbbbbb-bbbb-4bbb-8bbb-bbbbbbbbbbbb&zona=Zona+Norte,200,55.978,
2026-08-31T03:55:52.789121+00:00,GET,http://localhost:3000/logistics/tenderos/productos-disponibles?tiendaId=bbbbbbbb-bbbb-4bbb-8bbb-bbbbbbbbbbbb&zona=Zona+Norte,200,54.853,
2026-08-31T03:55:52.838329+00:00,GET,http://localhost:3000/logistics/tenderos/productos-disponibles?tiendaId=bbbbbbbb-bbbb-4bbb-8bbb-bbbbbbbbbbbb&zona=Zona+Norte,200,55.242,
2026-08-31T03:55:52.889294+00:00,GET,http://localhost:3000/logistics/tenderos/productos-disponibles?tiendaId=bbbbbbbb-bbbb-4bbb-8bbb-bbbbbbbbbbbb&zona=Zona+Norte,200,57.166,
2026-08-31T03:55:52.939290+00:00,GET,http://localhost:3000/logistics/tenderos/productos-disponibles?tiendaId=bbbbbbbb-bbbb-4bbb-8bbb-bbbbbbbbbbbb&zona=Zona+Norte,200,51.079,
2026-08-31T03:55:52.989288+00:00,GET,http://localhost:3000/logistics/tenderos/productos-disponibles?tiendaId=bbbbbbbb-bbbb-4bbb-8bbb-bbbbbbbbbbbb&zona=Zona+Norte,200,51.372,
2026-08-31T03:55:53.039292+00:00,GET,http://localhost:3000/logistics/tenderos/productos-disponibles?tiendaId=bbbbbbbb-bbbb-4bbb-8bbb-bbbbbbbbbbbb&zona=Zona+Norte,200,51.585,
2026-08-31T03:55:53.089298+00:00,GET,http://localhost:3000/logistics/tenderos/productos-disponibles?tiendaId=bbbbbbbb-bbbb-4bbb-8bbb-bbbbbbbbbbbb&zona=Zona+Norte,200,55.688,
2026-08-31T03:55:53.139324+00:00,GET,http://localhost:3000/logistics/tenderos/productos-disponibles?tiendaId=bbbbbbbb-bbbb-4bbb-8bbb-bbbbbbbbbbbb&zona=Zona+Norte,200,58.869,
2026-08-31T03:55:53.189290+00:00,GET,http://localhost:3000/logistics/tenderos/productos-disponibles?tiendaId=bbbbbbbb-bbbb-4bbb-8bbb-bbbbbbbbbbbb&zona=Zona+Norte,200,53.751,
2026-08-31T03:55:53.239290+00:00,GET,http://localhost:3000/logistics/tenderos/productos-disponibles?tiendaId=bbbbbbbb-bbbb-4bbb-8bbb-bbbbbbbbbbbb&zona=Zona+Norte,200,50.337,
2026-08-31T03:55:53.289183+00:00,GET,http://localhost:3000/logistics/tenderos/productos-disponibles?tiendaId=bbbbbbbb-bbbb-4bbb-8bbb-bbbbbbbbbbbb&zona=Zona+Norte,200,52.461,
