timestamp_iso,method,endpoint,status_code,latency_ms,error
2026-08-31T03:53:06.696214+00:00,GET,http://localhost:3000/logistics/tenderos/productos-disponibles?tiendaId=bbbbbbbb-bbbb-4bbb-8bbb-bbbbbbbbbbbb&zona=Zona+Norte,200,95.385,
2026-08-31T03:53:06.745905+00:00,GET,http://localhost:3000/logistics/tenderos/productos-disponibles?tiendaId=bbbbbbbb-bbbb-4bbb-8bbb-bbbbbbbbbbbb&zona=Zona+Norte,200,67.926,
2026-08-31T03:53:06.795261+00:00,GET,http://localhost:3000/logistics/tenderos/productos-disponibles?tiendaId=bbbbbbbb-bbbb-4bbb-8bbb-bbbbbbbbbbbb&zona=Zona+Norte,200,49.487,
2026-08-31T03:53:06.844877+00:00,GET,http://localhost:3000/logistics/tenderos/productos-disponibles?tiendaId=bbbbbbbb-bbbb-4bbb-8bbb-bbbbbbbbbbbb&zona=Zona+Norte,200,53.288,
2026-08-31T03:53:06.895930+00:00,GET,http://localhost:3000/logistics/tenderos/productos-disponibles?tiendaId=bbbbbbbb-bbbb-4bbb-8bbb-bbbbbbbbbbbb&zona=Zona+Norte,200,49.891,
2026-08-31T03:53:06.945170+00:00,GET,http://localhost:3000/logistics/tenderos/productos-disponibles?tiendaId=bbbbbbbb-bbbb-4bbb-8bbb-bbbbbbbbbbbb&zona=Zona+Norte,200,57.204,
2026-08-31T03:53:06.995256+00:00,GET,http://localhost:3000/logistics/tenderos/productos-disponibles?tiendaId=bbbbbbbb-bbbb-4bbb-8bbb-bbbbbbbbbbbb&zona=Zona+Norte,200,56.921,
2026-08-31T03:53:07.045837+00:00,GET,http://localhost:3000/logistics/tenderos/productos-disponibles?tiendaId=bbbbbbbb-bbbb-4bbb-8bbb-bbbbbbbbbbbb&zona=Zona+Norte,200,51.025,
2026-08-31T03:53:07.095107+00:00,GET,http://localhost:3000/logistics/tenderos/productos-disponibles?tiendaId=bbbbbbbb-bbbb-4bbb-8bbb-bbbbbbbbbbbb&zona=Zona+Norte,200,51.962,
2026-08-31T03:53:07.145983+00:00,GET,http://localhost:3000/logistics/tenderos/productos-disponibles?tiendaId=bbbbbbbb-bbbb-4bbb-8bbb-bbbbbbbbbbbb&zona=Zona+Norte,200,53.764,
2026-08-31T03:53:07.195955+00:00,GET,http://localhost:3000/logistics/tenderos/productos-disponibles?tiendaId=bbbbbbbb-bbbb-4bbb-8bbb-bbbbbbbbbbbb&zona=Zona+Norte,200,51.939,
2026-08-31T03:53:07.245967+00:00,GET,http://localhost:3000/logistics/tenderos/productos-disponibles?tiendaId=bbbbbbbb-bbbb-4bbb-8bbb-bbbbbbbbbbbb&zona=Zona+Norte,200,54.956,
2026-08-31T03:53:07.295620+00:00,GET,http://localhost:3000/logistics/tenderos/productos-disponibles?tiendaId=bbbbbbbb-bbbb-4bbb-8bbb-bbbbbbbbbbbb&zona=Zona+Norte,200,52.413,
2026-08-31T03:53:07.345204+00:00,GET,http://localhost:3000/logistics/tenderos/productos-disponibles?tiendaId=bbbbbbbb-bbbb-4bbb-8bbb-bbbbbbbbbbbb&zona=Zona+Norte,200,51.926,
2026-08-31T03:53:07.395912+00:00,GET,http://localhost:3000/logistics/tenderos/productos-disponibles?tiendaId=bbbbbbbb-bbbb-4bbb-8bbb-bbbbbbbbbbbb&zona=Zona+Norte,200,48.863,
2026-08-31T03:53:07.444912+00:00,GET,http://localhost:3000/logistics/tenderos/productos-disponibles?tiendaId=bbbbbbbb-bbbb-4bbb-8bbb-bbbbbbbbbbbb&zona=Zona+Norte,200,55.376,
2026-08-31T03:53:07.495248+00:00,GET,http://localhost:3000/logistics/tenderos/productos-disponibles?tiendaId=bbbbbbbb-bbbb-4bbb-8bbb-bbbbbbbbbbbb&zona=Zona+Norte,200,52.769,
2026-08-31T03:53:07.545975+00:00,GET,http://localhost:3000/logistics/tenderos/productos-disponibles?tiendaId=bbbbbbbb-bbbb-4bbb-8bbb-bbbbbbbbbbbb&zona=Zona+Norte,200,51.622,
2026-08-31T03:53:07.595713+00:00,GET,http://localhost:3000/logistics/tenderos/productos-disponibles?tiendaId=bbbbbbbb-bbbb-4bbb-8bbb-bbbbbbbbbbbb&zona=Zona+Norte,200,53.179,
2026-08-31T03:53:07.645968+00:00,GET,http://localhost:3000/logistics/tenderos/productos-disponibles?tiendaId=bbbbbbbb-bbbb-4bbb-8bbb-bbbbbbbbbbbb&zona=Zona+Norte,200,52.543,
2026-08-31T03:53:07.695659+00:00,GET,http://localhost:3000/logistics/tenderos/productos-disponibles?tiendaId=bbbbbbbb-bbbb-4bbb-8bbb-bbbbbbbbbbbb&zona=Zona+Norte,200,52.451,
2026-08-31T03:53:07.746009+00:00,GET,http://localhost:3000/logistics/tenderos/productos-disponibles?tiendaId=bbbbbbbb-bbbb-4bbb-8bbb-bbbbbbbbbbbb&zona=Zona+Norte,200,58.119,
2026-08-31T03:53:07.795947+00:00,GET,http://localhost:3000/logistics/tenderos/productos-disponibles?tiendaId=bbbbbbbb-bbbb-4bbb-8bbb-bbbbbbbbbbbb&zona=Zona+Norte,200,53.114,
2026-08-31T03:53:07.846075+00:00,GET,http://localhost:3000/logistics/tenderos/productos-disponibles?tiendaId=bbbbbbbb-bbbb-4bbb-8bbb-bbbbbbbbbbbb&zona=Zona+Norte,200,54.553,
2026-08-31T03:53:07.895967+00:00,GET,http://localhost:3000/logistics/tenderos/productos-disponibles?tiendaId=bbbbbbbb-bbbb-4bbb-8bbb-bbbbbbbbbbbb&zona=Zona+Norte,200,51.259,
2026-08-31T03:53:07.945331+00:00,GET,http://localhost:3000/logistics/tenderos/productos-disponibles?tiendaId=bbbbbbbb-bbbb-4bbb-8bbb-bbbbbbbbbbbb&zona=Zona+Norte,200,52.037,
2026-08-31T03:53:07.995275+00:00,GET,http://localhost:3000/logistics/tenderos/productos-disponibles?tiendaId=bbbbbbbb-bbbb-4bbb-8bbb-bbbbbbbbbbbb&zona=Zona+Norte,200,53.703,
2026-08-31T03:53:08.045642+00:00,GET,http://localhost:3000/logistics/tenderos/productos-disponibles?tiendaId=bbbbbbbb-bbbb-4bbb-8bbb-bbbbbbbbbbbb&zona=Zona+Norte,200,55.738,
2026-08-31T03:53:08.095239+00:00,GET,http://localhost:3000/logistics/tenderos/productos-disponibles?tiendaId=bbbbbbbb-bbbb-4bbb-8bbb-bbbbbbbbbbbb&zona=Zona+Norte,200,51.307,
2026-08-31T03:53:08.144988+00:00,GET,http://localhost:3000/logistics/tenderos/productos-disponibles?tiendaId=bbbbbbbb-bbbb-4bbb-8bbb-bbbbbbbbbbbb&zona=Zona+Norte,200,52.550,
2026-08-31T03:53:08.195607+00:00,GET,http://localhost:3000/logistics/tenderos/productos-disponibles?tiendaId=bbbbbbbb-bbbb-4bbb-8bbb-bbbbbbbbbbbb&zona=Zona+Norte,200,53.598,
2026-08-31T03:53:08.245995+00:00,GET,http://localhost:3000/logistics/tenderos/productos-disponibles?tiendaId=bbbbbbbb-bbbb-4bbb-8bbb-bbbbbbbbbbbb&zona=Zona+Norte,200,52.088,
2026-08-31T03:53:08.295995+00:00,GET,http://localhost:3000/logistics/tenderos/productos-disponibles?tiendaId=bbbbbbbb-bbbb-4bbb-8bbb-bbbbbbbbbbbb&zona=Zona+Norte,200,52.351,
2026-08-31T03:53:08.346028+00:00,GET,http://localhost:3000/logistics/tenderos/productos-disponibles?tiendaId=bbbbbbbb-bbbb-4bbb-8bbb-bbbbbbbbbbbb&zona=Zona+Norte,200,55.275,
2026-08-31T03:53:08.396012+00:00,GET,http://localhost:3000/logistics/tenderos/productos-disponibles?tiendaId=bbbbbbbb-bbbb-4bbb-8bbb-bbbbbbbbbbbb&zona=Zona+Norte,200,58.549,
2026-08-31T03:53:08.446023+00:00,GET,http://localhost:3000/logistics/tenderos/productos-disponibles?tiendaId=bbbbbbbb-bbbb-4bbb-8bbb-bbbbbbbbbbbb&zona=Zona+Norte,200,54.027,
2026-08-31T03:53:08.495294+00:00,GET,http://localhost:3000/logistics/tenderos/productos-disponibles?tiendaId=bbbbbbbb-bbbb-4bbb-8bbb-bbbbbbbbbbbb&zona=Zona+Norte,200,53.504,
2026-08-31T03:53:08.545990+00:00,GET,http://localhost:3000/logistics/tenderos/productos-disponibles?tiendaId=bbbbbbbb-bbbb-4bbb-8bbb-bbbbbbbbbbbb&zona=Zona+Norte,200,52.863,
2026-08-31T03:53:08.595241+00:00,GET,http://localhost:3000/logistics/tenderos/productos-disponibles?tiendaId=bbbbbbbb-bbbb-4bbb-8bbb-bbbbbbbbbbbb&zona=Zona+Norte,200,58.426,
2026-08-31T03:53:08.645262+00:00,GET,http://localhost:3000/logistics/tenderos/productos-disponibles?tiendaId=bbbbbbbb-bbbb-4bbb-8bbb-bbbbbbbbbbbb&zona=Zona+Norte,200,60.069,
2026-08-31T03:53:08.695988+00:00,GET,http://localhost:3000/logistics/tenderos/productos-disponibles?tiendaId=bbbbbbbb-bbbb-4bbb-8bbb-bbbbbbbbbbbb&zona=Zona+Norte,200,59.972,
2026-08-31T03:53:08.745997+00:00,GET,http://localhost:3000/logistics/tenderos/productos-disponibles?tiendaId=bbbbbbbb-bbbb-4bbb-8bbb-bbbbbbbbbbbb&zona=Zona+Norte,200,50.499,
2026-08-31T03:53:08.795188+00:00,GET,http://localhost:3000/logistics/tenderos/productos-disponibles?tiendaId=bbbbbbbb-bbbb-4bbb-8bbb-bbbbbbbbbbbb&zona=Zona+Norte,200,49.535,
2026-08-31T03:53:08.844965+00:00,GET,http://localhost:3000/logistics/tenderos/productos-disponibles?tiendaId=bbbbbbbb-bbbb-4bbb-8bbb-bbbbbbbbbbbb&zona=Zona+Norte,200,48.320,
2026-08-31T03:53:08.895173+00:00,GET,http://localhost:3000/logistics/tenderos/productos-disponibles?tiendaId=bbbbbbbb-bbbb-4bbb-8bbb-bbbbbbbbbbbb&zona=Zona+Norte,200,48.423,
2026-08-31T03:53:08.945158+00:00,GET,http://localhost:3000/logistics/tenderos/productos-disponibles?tiendaId=bbbbbbbb-bbbb-4bbb-8bbb-bbbbbbbbbbbb&zona=Zona+Norte,200,49.752,
2026-08-31T03:53:08.995023+00:00,GET,http://localhost:3000/logistics/tenderos/productos-disponibles?tiendaId=bbbbbbbb-bbbb-4bbb-8bbb-bbbbbbbbbbbb&zona=Zona+Norte,200,49.310,
2026-08-31T03:53:09.045036+00:00,GET,http://localhost:3000/logistics/tenderos/productos-disponibles?tiendaId=bbbbbbbb-bbbb-4bbb-8bbb-bbbbbbbbbbbb&zona=Zona+Norte,200,49.103,
2026-08-31T03:53:09.095054+00:00,GET,http://localhost:3000/logistics/tenderos/productos-disponibles?tiendaId=bbbbbbbb-bbbb-4bbb-8bbb-bbbbbbbbbbbb&zona=Zona+Norte,200,48.352,
2026-08-31T03:53:09.145136+00:00,GET,http://localhost:3000/logistics/tenderos/productos-disponibles?tiendaId=bbbbbbbb-bbbb-4bbb-8bbb-bbbbbbbbbbbb&zona=Zona+Norte,200,48.609,
2026-08-31T03:53:09.195125+00:00,GET,http://localhost:3000/logistics/tenderos/productos-disponibles?tiendaId=bbbbbbbb-bbbb-4bbb-8bbb-bbbbbbbbbbbb&zona=Zona+Norte,200,48.754,
2026-08-31T03:53:09.245096+00:00,GET,http://localhost:3000/logistics/tenderos/productos-disponibles?tiendaId=bbbbbbbb-bbbb-4bbb-8bbb-bbbbbbbbbbbb&zona=Zona+Norte,200,48.421,
2026-08-31T03:53:09.295141+00:00,GET,http://localhost:3000/logistics/tenderos/productos-disponibles?tiendaId=bbbbbbbb-bbbb-4bbb-8bbb-bbbbbbbbbbbb&zona=Zona+Norte,200,48.590,
2026-08-31T03:53:09.345136+00:00,GET,http://localhost:3000/logistics/tenderos/productos-disponibles?tiendaId=bbbbbbbb-bbbb-4bbb-8bbb-bbbbbbbbbbbb&zona=Zona+Norte,200,49.024,
2026-08-31T03:53:09.395081+00:00,GET,http://localhost:3000/logistics/tenderos/productos-disponibles?tiendaId=bbbbbbbb-bbbb-4bbb-8bbb-bbbbbbbbbbbb&zona=Zona+Norte,200,48.337,
2026-08-31T03:53:09.445179+00:00,GET,http://localhost:3000/logistics/tenderos/productos-disponibles?tiendaId=bbbbbbbb-bbbb-4bbb-8bbb-bbbbbbbbbbbb&zona=Zona+Norte,200,48.587,
2026-08-31T03:53:09.495135+00:00,GET,http://localhost:3000/logistics/tenderos/productos-disponibles?tiendaId=bbbbbbbb-bbbb-4bbb-8bbb-bbbbbbbbbbbb&zona=Zona+Norte,200,48.514,
2026-08-31T03:53:09.545143+00:00,GET,http://localhost:3000/logistics/tenderos/productos-disponibles?tiendaId=bbbbbbbb-bbbb-4bbb-8bbb-bbbbbbbbbbbb&zona=Zona+Norte,200,48.911,
2026-08-31T03:53:09.595088+00:00,GET,http://localhost:3000/logistics/tenderos/productos-disponibles?tiendaId=bbbbbbbb-bbbb-4bbb-8bbb-bbbbbbbbbbbb&zona=Zona+Norte,200,48.680,
2026-08-31T03:53:09.645129+00:00,GET,http://localhost:3000/logistics/tenderos/productos-disponibles?tiendaId=bbbbbbbb-bbbb-4bbb-8bbb-bbbbbbbbbbbb&zona=Zona+Norte,200,48.654,
2026-08-31T03:53:09.695120+00:00,GET,http://localhost:3000/logistics/tenderos/productos-disponibles?tiendaId=bbbbbbbb-bbbb-4bbb-8bbb-bbbbbbbbbbbb&zona=Zona+Norte,200,48.012,
2026-08-31T03:53:09.745262+00:00,GET,http://localhost:3000/logistics/tenderos/productos-disponibles?tiendaId=bbbbbbbb-bbbb-4bbb-8bbb-bbbbbbbbbbbb&zona=Zona+Norte,200,49.084,
2026-08-31T03:53:09.795065+00:00,GET,http://localhost:3000/logistics/tenderos/productos-disponibles?tiendaId=bbbbbbbb-bbbb-4bbb-8bbb-bbbbbbbbbbbb&zona=Zona+Norte,200,49.567,
2026-08-31T03:53:09.845027+00:00,GET,http://localhost:3000/logistics/tenderos/productos-disponibles?tiendaId=bbbbbbbb-bbbb-4bbb-8bbb-bbbbbbbbbbbb&zona=Zona+Norte,200,48.240,
2026-08-31T03:53:09.895192+00:00,GET,http://localhost:3000/logistics/tenderos/productos-disponibles?tiendaId=bbbbbbbb-bbbb-4bbb-8bbb-bbbbbbbbbbbb&zona=Zona+Norte,200,49.709,
2026-08-31T03:53:09.945000+00:00,GET,http://localhost:3000/logistics/tenderos/productos-disponibles?tiendaId=bbbbbbbb-bbbb-4bbb-8bbb-bbbbbbbbbbbb&zona=Zona+Norte,200,49.256,
2026-08-31T03:53:09.995070+00:00,GET,http://localhost:3000/logistics/tenderos/productos-disponibles?tiendaId=bbbbbbbb-bbbb-4bbb-8bbb-bbbbbbbbbbbb&zona=Zona+Norte,200,52.461,
2026-08-31T03:53:10.046055+00:00,GET,http://localhost:3000/logistics/tenderos/productos-disponibles?tiendaId=bbbbbbbb-bbbb-4bbb-8bbb-bbbbbbbbbbbb&zona=Zona+Norte,200,49.423,
2026-08-31T03:53:10.095228+00:00,GET,http://localhost:3000/logistics/tenderos/productos-disponibles?tiendaId=bbbbbbbb-bbbb-4bbb-8bbb-bbbbbbbbbbbb&zona=Zona+Norte,200,49.223,
2026-08-31T03:53:10.145079+00:00,GET,http://localhost:3000/logistics/tenderos/productos-disponibles?tiendaId=bbbbbbbb-bbbb-4bbb-8bbb-bbbbbbbbbbbb&zona=Zona+Norte,200,49.159,
2026-08-31T03:53:10.195086+00:00,GET,http://localhost:3000/logistics/tenderos/productos-disponibles?tiendaId=bbbbbbbb-bbbb-4bbb-8bbb-bbbbbbbbbbbb&zona=Zona+Norte,200,49.039,
2026-08-31T03:53:10.245133+00:00,GET,http://localhost:3000/logistics/tenderos/productos-disponibles?tiendaId=bbbbbbbb-bbbb-4bbb-8bbb-bbbbbbbbbbbb&zona=Zona+Norte,200,53.540,
2026-08-31T03:53:10.295481+00:00,GET,http://localhost:3000/logistics/tenderos/productos-disponibles?tiendaId=bbbbbbbb-bbbb-4bbb-8bbb-bbbbbbbbbbbb&zona=Zona+Norte,200,51.907,
2026-08-31T03:53:10.346073+00:00,GET,http://localhost:3000/logistics/tenderos/productos-disponibles?tiendaId=bbbbbbbb-bbbb-4bbb-8bbb-bbbbbbbbbbbb&zona=Zona+Norte,200,49.074,
2026-08-31T03:53:10.395281+00:00,GET,http://localhost:3000/logistics/tenderos/productos-disponibles?tiendaId=bbbbbbbb-bbbb-4bbb-8bbb-bbbbbbbbbbbb&zona=Zona+Norte,200,51.900,
2026-08-31T03:53:10.446060+00:00,GET,http://localhost:3000/logistics/tenderos/productos-disponibles?tiendaId=bbbbbbbb-bbbb-4bbb-8bbb-bbbbbbbbbbbb&zona=Zona+Norte,200,54.870,
2026-08-31T03:53:10.496049+00:00,GET,http://localhost:3000/logistics/tenderos/productos-disponibles?tiendaId=bbbbbbbb-bbbb-4bbb-8bbb-bbbbbbbbbbbb&zona=Zona+Norte,200,58.450,
2026-08-31T03:53:10.546053+00:00,GET,http://localhost:3000/logistics/tenderos/productos-disponibles?tiendaId=bbbbbbbb-bbbb-4bbb-8bbb-bbbbbbbbbbbb&zona=Zona+Norte,200,54.592,
2026-08-31T03:53:10.596051+00:00,GET,http://localhost:3000/logistics/tenderos/productos-disponibles?tiendaId=bbbbbbbb-bbbb-4bbb-8bbb-bbbbbbbbbbbb&zona=Zona+Norte,200,49.709,
2026-08-31T03:53:10.645466+00:00,GET,http://localhost:3000/logistics/tenderos/productos-disponibles?tiendaId=bbbbbbbb-bbbb-4bbb-8bbb-bbbbbbbbbbbb&zona=Zona+Norte,200,49.745,
2026-08-31T03:53:10.695243+00:00,GET,http://localhost:3000/logistics/tenderos/productos-disponibles?tiendaId=bbbbbbbb-bbbb-4bbb-8bbb-bbbbbbbbbbbb&zona=Zona+Norte,200,47.887,
2026-08-31T03:53:10.745280+00:00,GET,http://localhost:3000/logistics/tenderos/productos-disponibles?tiendaId=bbbbbbbb-bbbb-4bbb-8bbb-bbbbbbbbbbbb&zona=Zona+Norte,200,47.970,
2026-08-31T03:53:10.795247+00:00,GET,http://localhost:3000/logistics/tenderos/productos-disponibles?tiendaId=bbbbbbbb-bbbb-4bbb-8bbb-bbbbbbbbbbbb&zona=Zona+Norte,200,47.989,
2026-08-31T03:53:10.845275+00:00,GET,http://localhost:3000/logistics/tenderos/productos-disponibles?tiendaId=bbbbbbbb-bbbb-4bbb-8bbb-bbbbbbbbbbbb&zona=Zona+Norte,200,50.532,
2026-08-31T03:53:10.895838+00:00,GET,http://localhost:3000/logistics/tenderos/productos-disponibles?tiendaId=bbbbbbbb-bbbb-4bbb-8bbb-bbbbbbbbbbbb&zona=Zona+Norte,200,47.949,
2026-08-31T03:53:10.945226+00:00,GET,http://localhost:3000/logistics/tenderos/productos-disponibles?tiendaId=bbbbbbbb-bbbb-4bbb-8bbb-bbbbbbbbbbbb&zona=Zona+Norte,200,48.549,
2026-08-31T03:53:10.995200+00:00,GET,http://localhost:3000/logistics/tenderos/productos-disponibles?tiendaId=bbbbbbbb-bbbb-4bbb-8bbb-bbbbbbbbbbbb&zona=Zona+Norte,200,50.453,
2026-08-31T03:53:11.045320+00:00,GET,http://localhost:3000/logistics/tenderos/productos-disponibles?tiendaId=bbbbbbbb-bbbb-4bbb-8bbb-bbbbbbbbbbbb&zona=Zona+Norte,200,54.609,
2026-08-31T03:53:11.095251+00:00,GET,http://localhost:3000/logistics/tenderos/productos-disponibles?tiendaId=bbbbbbbb-bbbb-4bbb-8bbb-bbbbbbbbbbbb&zona=Zona+Norte,200,48.801,
2026-08-31T03:53:11.145190+00:00,GET,http://localhost:3000/logistics/tenderos/productos-disponibles?tiendaId=bbbbbbbb-bbbb-4bbb-8bbb-bbbbbbbbbbbb&zona=Zona+Norte,200,48.841,
2026-08-31T03:53:11.195135+00:00,GET,http://localhost:3000/logistics/tenderos/productos-disponibles?tiendaId=bbbbbbbb-bbbb-4bbb-8bbb-bbbbbbbbbbbb&zona=Zona+Norte,200,51.350,
2026-08-31T03:53:11.246095+00:00,GET,http://localhost:3000/logistics/tenderos/productos-disponibles?tiendaId=bbbbbbbb-bbbb-4bbb-8bbb-bbbbbbbbbbbb&zona=Zona+Norte,200,49.668,
2026-08-31T03:53:11.295451+00:00,GET,http://localhost:3000/logistics/tenderos/productos-disponibles?tiendaId=bbbbbbbb-bbbb-4bbb-8bbb-bbbbbbbbbbbb&zona=Zona+Norte,200,49.888,
2026-08-31T03:53:11.345370+00:00,GET,http://localhost:3000/logistics/tenderos/productos-disponibles?tiendaId=bbbbbbbb-bbbb-4bbb-8bbb-bbbbbbbbbbbb&zona=Zona+Norte,200,53.129,
2026-08-31T03:53:11.395248+00:00,GET,http://localhost:3000/logistics/tenderos/productos-disponibles?tiendaId=bbbbbbbb-bbbb-4bbb-8bbb-bbbbbbbbbbbb&zona=Zona+Norte,200,50.913,
2026-08-31T03:53:11.446193+00:00,GET,http://localhost:3000/logistics/tenderos/productos-disponibles?tiendaId=bbbbbbbb-bbbb-4bbb-8bbb-bbbbbbbbbbbb&zona=Zona+Norte,200,56.316,
2026-08-31T03:53:11.495776+00:00,GET,http://localhost:3000/logistics/tenderos/productos-disponibles?tiendaId=bbbbbbbb-bbbb-4bbb-8bbb-bbbbbbbbbbbb&zona=Zona+Norte,200,48.477,
2026-08-31T03:53:11.545160+00:00,GET,http://localhost:3000/logistics/tenderos/productos-disponibles?tiendaId=bbbbbbbb-bbbb-4bbb-8bbb-bbbbbbbbbbbb&zona=Zona+Norte,200,47.340,
2026-08-31T03:53:11.595366+00:00,GET,http://localhost:3000/logistics/tenderos/productos-disponibles?tiendaId=bbbbbbbb-bbbb-4bbb-8bbb-bbbbbbbbbbbb&zona=Zona+Norte,200,52.681,
2026-08-31T03:53:11.646110+00:00,GET,http://localhost:3000/logistics/tenderos/productos-disponibles?tiendaId=bbbbbbbb-bbbb-4bbb-8bbb-bbbbbbbbbbbb&zona=Zona+Norte,200,52.828,
2026-08-31T03:53:11.696088+00:00,GET,http://localhost:3000/logistics/tenderos/productos-disponibles?tiendaId=bbbbbbbb-bbbb-4bbb-8bbb-bbbbbbbbbbbb&zona=Zona+Norte,200,48.322,
2026-08-31T03:53:11.745123+00:00,GET,http://localhost:3000/logistics/tenderos/productos-disponibles?tiendaId=bbbbbbbb-bbbb-4bbb-8bbb-bbbbbbbbbbbb&zona=Zona+Norte,200,52.933,
2026-08-31T03:53:11.795252+00:00,GET,http://localhost:3000/logistics/tenderos/productos-disponibles?tiendaId=bbbbbbbb-bbbb-4bbb-8bbb-bbbbbbbbbbbb&zona=Zona+Norte,200,47.894,
2026-08-31T03:53:11.845334+00:00,GET,http://localhost:3000/logistics/tenderos/productos-disponibles?tiendaId=bbbbbbbb-bbbb-4bbb-8bbb-bbbbbbbbbbbb&zona=Zona+Norte,200,49.179,
2026-08-31T03:53:11.895121+00:00,GET,http://localhost:3000/logistics/tenderos/productos-disponibles?tiendaId=bbbbbbbb-bbbb-4bbb-8bbb-bbbbbbbbbbbb&zona=Zona+Norte,200,47.458,
2026-08-31T03:53:11.945371+00:00,GET,http://localhost:3000/logistics/tenderos/productos-disponibles?tiendaId=bbbbbbbb-bbbb-4bbb-8bbb-bbbbbbbbbbbb&zona=Zona+Norte,200,48.185,
2026-08-31T03:53:11.995243+00:00,GET,http://localhost:3000/logistics/tenderos/productos-disponibles?tiendaId=bbbbbbbb-bbbb-4bbb-8bbb-bbbbbbbbbbbb&zona=Zona+Norte,200,48.049,
2026-08-31T03:53:12.045319+00:00,GET,http://localhost:3000/logistics/tenderos/productos-disponibles?tiendaId=bbbbbbbb-bbbb-4bbb-8bbb-bbbbbbbbbbbb&zona=Zona+Norte,200,48.480,
2026-08-31T03:53:12.095225+00:00,GET,http://localhost:3000/logistics/tenderos/productos-disponibles?tiendaId=bbbbbbbb-bbbb-4bbb-8bbb-bbbbbbbbbbbb&zona=Zona+Norte,200,47.837,
2026-08-31T03:53:12.145327+00:00,GET,http://localhost:3000/logistics/tenderos/productos-disponibles?tiendaId=bbbbbbbb-bbbb-4bbb-8bbb-bbbbbbbbbbbb&zona=Zona+Norte,200,50.460,
2026-08-31T03:53:12.195816+00:00,GET,http://localhost:3000/logistics/tenderos/productos-disponibles?tiendaId=bbbbbbbb-bbbb-4bbb-8bbb-bbbbbbbbbbbb&zona=Zona+Norte,200,52.795,
2026-08-31T03:53:12.248089+00:00,GET,http://localhost:3000/logistics/tenderos/productos-disponibles?tiendaId=bbbbbbbb-bbbb-4bbb-8bbb-bbbbbbbbbbbb&zona=Zona+Norte,200,54.483,
2026-08-31T03:53:12.296099+00:00,GET,http://localhost:3000/logistics/tenderos/productos-disponibles?tiendaId=bbbbbbbb-bbbb-4bbb-8bbb-bbbbbbbbbbbb&zona=Zona+Norte,200,56.663,
2026-08-31T03:53:12.346093+00:00,GET,http://localhost:3000/logistics/tenderos/productos-disponibles?tiendaId=bbbbbbbb-bbbb-4bbb-8bbb-bbbbbbbbbbbb&zona=Zona+Norte,200,54.429,
2026-08-31T03:53:12.396130+00:00,GET,http://localhost:3000/logistics/tenderos/productos-disponibles?tiendaId=bbbbbbbb-bbbb-4bbb-8bbb-bbbbbbbbbbbb&zona=Zona+Norte,200,50.225,
2026-08-31T03:53:12.446394+00:00,GET,http://localhost:3000/logistics/tenderos/productos-disponibles?tiendaId=bbbbbbbb-bbbb-4bbb-8bbb-bbbbbbbbbbbb&zona=Zona+Norte,200,48.293,
2026-08-31T03:53:12.495133+00:00,GET,http://localhost:3000/logistics/tenderos/productos-disponibles?tiendaId=bbbbbbbb-bbbb-4bbb-8bbb-bbbbbbbbbbbb&zona=Zona+Norte,200,47.975,
2026-08-31T03:53:12.545363+00:00,GET,http://localhost:3000/logistics/tenderos/productos-disponibles?tiendaId=bbbbbbbb-bbbb-4bbb-8bbb-bbbbbbbbbbbb&zona=Zona+Norte,200,51.766,
2026-08-31T03:53:12.596152+00:00,GET,http://localhost:3000/logistics/tenderos/productos-disponibles?tiendaId=bbbbbbbb-bbbb-4bbb-8bbb-bbbbbbbbbbbb&zona=Zona+Norte,200,51.084,
2026-08-31T03:53:12.645293+00:00,GET,http://localhost:3000/logistics/tenderos/productos-disponibles?tiendaId=bbbbbbbb-bbbb-4bbb-8bbb-bbbbbbbbbbbb&zona=Zona+Norte,200,53.020,
2026-08-31T03:53:12.696149+00:00,GET,http://localhost:3000/logistics/tenderos/productos-disponibles?tiendaId=bbbbbbbb-bbbb-4bbb-8bbb-bbbbbbbbbbbb&zona=Zona+Norte,200,47.349,
2026-08-31T03:53:12.745312+00:00,GET,http://localhost:3000/logistics/tenderos/productos-disponibles?tiendaId=bbbbbbbb-bbbb-4bbb-8bbb-bbbbbbbbbbbb&zona=Zona+Norte,200,50.757,
2026-08-31T03:53:12.796111+00:00,GET,http://localhost:3000/logistics/tenderos/productos-disponibles?tiendaId=bbbbbbbb-bbbb-4bbb-8bbb-bbbbbbbbbbbb&zona=Zona+Norte,200,47.625,
2026-08-31T03:53:12.845268+00:00,GET,http://localhost:3000/logistics/tenderos/productos-disponibles?tiendaId=bbbbbbbb-bbbb-4bbb-8bbb-bbbbbbbbbbbb&zona=Zona+Norte,200,51.869,
2026-08-31T03:53:12.896141+00:00,GET,http://localhost:3000/logistics/tenderos/productos-disponibles?tiendaId=bbbbbbbb-bbbb-4bbb-8bbb-bbbbbbbbbbbb&zona=Zona+Norte,200,48.427,
2026-08-31T03:53:12.945138+00:00,GET,http://localhost:3000/logistics/tenderos/productos-disponibles?tiendaId=bbbbbbbb-bbbb-4bbb-8bbb-bbbbbbbbbbbb&zona=Zona+Norte,200,47.067,
2026-08-31T03:53:12.995495+00:00,GET,http://localhost:3000/logistics/tenderos/productos-disponibles?tiendaId=bbbbbbbb-bbbb-4bbb-8bbb-bbbbbbbbbbbb&zona=Zona+Norte,200,47.314,
2026-08-31T03:53:13.045398+00:00,GET,http://localhost:3000/logistics/tenderos/productos-disponibles?tiendaId=bbbbbbbb-bbbb-4bbb-8bbb-bbbbbbbbbbbb&zona=Zona+Norte,200,49.753,
2026-08-31T03:53:13.095261+00:00,GET,http://localhost:3000/logistics/tenderos/productos-disponibles?tiendaId=bbbbbbbb-bbbb-4bbb-8bbb-bbbbbbbbbbbb&zona=Zona+Norte,200,53.196,
2026-08-31T03:53:13.145881+00:00,GET,http://localhost:3000/logistics/tenderos/productos-disponibles?tiendaId=bbbbbbbb-bbbb-4bbb-8bbb-bbbbbbbbbbbb&zona=Zona+Norte,200,49.103,
2026-08-31T03:53:13.195105+00:00,GET,http://localhost:3000/logistics/tenderos/productos-disponibles?tiendaId=bbbbbbbb-bbbb-4bbb-8bbb-bbbbbbbbbbbb&zona=Zona+Norte,200,49.882,
2026-08-31T03:53:13.245136+00:00,GET,http://localhost:3000/logistics/tenderos/productos-disponibles?tiendaId=bbbbbbbb-bbbb-4bbb-8bbb-bbbbbbbbbbbb&zona=Zona+Norte,200,48.247,
2026-08-31T03:53:13.295324+00:00,GET,http://localhost:3000/logistics/tenderos/productos-disponibles?tiendaId=bbbbbbbb-bbbb-4bbb-8bbb-bbbbbbbbbbbb&zona=Zona+Norte,200,49.141,
2026-08-31T03:53:13.345222+00:00,GET,http://localhost:3000/logistics/tenderos/productos-disponibles?tiendaId=bbbbbbbb-bbbb-4bbb-8bbb-bbbbbbbbbbbb&zona=Zona+Norte,200,49.461,
2026-08-31T03:53:13.395185+00:00,GET,http://localhost:3000/logistics/tenderos/productos-disponibles?tiendaId=bbbbbbbb-bbbb-4bbb-8bbb-bbbbbbbbbbbb&zona=Zona+Norte,200,60.021,
2026-08-31T03:53:13.446175+00:00,GET,http://localhost:3000/logistics/tenderos/productos-disponibles?tiendaId=bbbbbbbb-bbbb-4bbb-8bbb-bbbbbbbbbbbb&zona=Zona+Norte,200,50.466,
2026-08-31T03:53:13.496190+00:00,GET,http://localhost:3000/logistics/tenderos/productos-disponibles?tiendaId=bbbbbbbb-bbbb-4bbb-8bbb-bbbbbbbbbbbb&zona=Zona+Norte,200,54.645,
2026-08-31T03:53:13.546192+00:00,GET,http://localhost:3000/logistics/tenderos/productos-disponibles?tiendaId=bbbbbbbb-bbbb-4bbb-8bbb-bbbbbbbbbbbb&zona=Zona+Norte,200,50.199,
2026-08-31T03:53:13.596150+00:00,GET,http://localhost:3000/logistics/tenderos/productos-disponibles?tiendaId=bbbbbbbb-bbbb-4bbb-8bbb-bbbbbbbbbbbb&zona=Zona+Norte,200,49.848,
2026-08-31T03:53:13.646034+00:00,GET,http://localhost:3000/logistics/tenderos/productos-disponibles?tiendaId=bbbbbbbb-bbbb-4bbb-8bbb-bbbbbbbbbbbb&zona=Zona+Norte,200,50.091,
2026-08-31T03:53:13.696154+00:00,GET,http://localhost:3000/logistics/tenderos/productos-disponibles?tiendaId=bbbbbbbb-bbbb-4bbb-8bbb-bbbbbbbbbbbb&zona=Zona+Norte,200,49.799,
2026-08-31T03:53:13.745657+00:00,GET,http://localhost:3000/logistics/tenderos/productos-disponibles?tiendaId=bbbbbbbb-bbbb-4bbb-8bbb-bbbbbbbbbbbb&zona=Zona+Norte,200,53.452,
2026-08-31T03:53:13.796060+00:00,GET,http://localhost:3000/logistics/tenderos/productos-disponibles?tiendaId=bbbbbbbb-bbbb-4bbb-8bbb-bbbbbbbbbbbb&zona=Zona+Norte,200,59.058,
2026-08-31T03:53:13.845233+00:00,GET,http://localhost:3000/logistics/tenderos/productos-disponibles?tiendaId=bbbbbbbb-bbbb-4bbb-8bbb-bbbbbbbbbbbb&zona=Zona+Norte,200,50.906,
2026-08-31T03:53:13.896174+00:00,GET,http://localhost:3000/logistics/tenderos/productos-disponibles?tiendaId=bbbbbbbb-bbbb-4bbb-8bbb-bbbbbbbbbbbb&zona=Zona+Norte,200,51.541,
2026-08-31T03:53:13.946063+00:00,GET,http://localhost:3000/logistics/tenderos/productos-disponibles?tiendaId=bbbbbbbb-bbbb-4bbb-8bbb-bbbbbbbbbbbb&zona=Zona+Norte,200,50.320,
2026-08-31T03:53:13.995257+00:00,GET,http://localhost:3000/logistics/tenderos/productos-disponibles?tiendaId=bbbbbbbb-bbbb-4bbb-8bbb-bbbbbbbbbbbb&zona=Zona+Norte,200,49.553,
2026-08-31T03:53:14.045169+00:00,GET,http://localhost:3000/logistics/tenderos/productos-disponibles?tiendaId=bbbbbbbb-bbbb-4bbb-8bbb-bbbbbbbbbbbb&zona=Zona+Norte,200,55.408,
2026-08-31T03:53:14.096178+00:00,GET,http://localhost:3000/logistics/tenderos/productos-disponibles?tiendaId=bbbbbbbb-bbbb-4bbb-8bbb-bbbbbbbbbbbb&zona=Zona+Norte,200,48.618,
2026-08-31T03:53:14.145200+00:00,GET,http://localhost:3000/logistics/tenderos/productos-disponibles?tiendaId=bbbbbbbb-bbbb-4bbb-8bbb-bbbbbbbbbbbb&zona=Zona+Norte,200,54.742,
2026-08-31T03:53:14.195267+00:00,GET,http://localhost:3000/logistics/tenderos/productos-disponibles?tiendaId=bbbbbbbb-bbbb-4bbb-8bbb-bbbbbbbbbbbb&zona=Zona+Norte,200,50.759,
2026-08-31T03:53:14.245287+00:00,GET,http://localhost:3000/logistics/tenderos/productos-disponibles?tiendaId=bbbbbbbb-bbbb-4bbb-8bbb-bbbbbbbbbbbb&zona=Zona+Norte,200,51.388,
2026-08-31T03:53:14.296194+00:00,GET,http://localhost:3000/logistics/tenderos/productos-disponibles?tiendaId=bbbbbbbb-bbbb-4bbb-8bbb-bbbbbbbbbbbb&zona=Zona+Norte,200,48.853,
2026-08-31T03:53:14.345226+00:00,GET,http://localhost:3000/logistics/tenderos/productos-disponibles?tiendaId=bbbbbbbb-bbbb-4bbb-8bbb-bbbbbbbbbbbb&zona=Zona+Norte,200,50.952,
2026-08-31T03:53:14.395270+00:00,GET,http://localhost:3000/logistics/tenderos/productos-disponibles?tiendaId=bbbbbbbb-bbbb-4bbb-8bbb-bbbbbbbbbbbb&zona=Zona+Norte,200,56.235,
2026-08-31T03:53:14.446176+00:00,GET,http://localhost:3000/logistics/tenderos/productos-disponibles?tiendaId=bbbbbbbb-bbbb-4bbb-8bbb-bbbbbbbbbbbb&zona=Zona+Norte,200,52.390,
2026-08-31T03:53:14.496176+00:00,GET,http://localhost:3000/logistics/tenderos/productos-disponibles?tiendaId=bbbbbbbb-bbbb-4bbb-8bbb-bbbbbbbbbbbb&zona=Zona+Norte,200,48.176,
2026-08-31T03:53:14.545216+00:00,GET,http://localhost:3000/logistics/tenderos/productos-disponibles?tiendaId=bbbbbbbb-bbbb-4bbb-8bbb-bbbbbbbbbbbb&zona=Zona+Norte,200,51.712,
2026-08-31T03:53:14.595257+00:00,GET,http://localhost:3000/logistics/tenderos/productos-disponibles?tiendaId=bbbbbbbb-bbbb-4bbb-8bbb-bbbbbbbbbbbb&zona=Zona+Norte,200,51.731,
2026-08-31T03:53:14.646111+00:00,GET,http://localhost:3000/logistics/tenderos/productos-disponibles?tiendaId=bbbbbbbb-bbbb-4bbb-8bbb-bbbbbbbbbbbb&zona=Zona+Norte,200,51.189,
2026-08-31T03:53:14.696054+00:00,GET,http://localhost:3000/logistics/tenderos/productos-disponibles?tiendaId=bbbbbbbb-bbbb-4bbb-8bbb-bbbbbbbbbbbb&zona=Zona+Norte,200,51.532,
2026-08-31T03:53:14.746212+00:00,GET,http://localhost:3000/logistics/tenderos/productos-disponibles?tiendaId=bbbbbbbb-bbbb-4bbb-8bbb-bbbbbbbbbbbb&zona=Zona+Norte,200,53.480,
2026-08-31T03:53:14.796200+00:00,GET,http://localhost:3000/logistics/tenderos/productos-disponibles?tiendaId=bbbbbbbb-bbbb-4bbb-8bbb-bbbbbbbbbbbb&zona=Zona+Norte,200,53.019,
2026-08-31T03:53:14.846195+00:00,GET,http://localhost:3000/logistics/tenderos/productos-disponibles?tiendaId=bbbbbbbb-bbbb-4bbb-8bbb-bbbbbbbbbbbb&zona=Zona+Norte,200,61.863,
2026-08-31T03:53:14.896198+00:00,GET,http://localhost:3000/logistics/tenderos/productos-disponibles?tiendaId=bbbbbbbb-bbbb-4bbb-8bbb-bbbbbbbbbbbb&zona=Zona+Norte,200,51.386,
2026-08-31T03:53:14.946028+00:00,GET,http://localhost:3000/logistics/tenderos/productos-disponibles?tiendaId=bbbbbbbb-bbbb-4bbb-8bbb-bbbbbbbbbbbb&zona=Zona+Norte,200,50.506,
2026-08-31T03:53:14.995336+00:00,GET,http://localhost:3000/logistics/tenderos/productos-disponibles?tiendaId=bbbbbbbb-bbbb-4bbb-8bbb-bbbbbbbbbbbb&zona=Zona+Norte,200,53.598,
2026-08-31T03:53:15.045305+00:00,GET,http://localhost:3000/logistics/tenderos/productos-disponibles?tiendaId=bbbbbbbb-bbbb-4bbb-8bbb-bbbbbbbbbbbb&zona=Zona+Norte,200,52.491,
2026-08-31T03:53:15.096194+00:00,GET,http://localhost:3000/logistics/tenderos/productos-disponibles?tiendaId=bbbbbbbb-bbbb-4bbb-8bbb-bbbbbbbbbbbb&zona=Zona+Norte,200,56.426,
2026-08-31T03:53:15.145268+00:00,GET,http://localhost:3000/logistics/tenderos/productos-disponibles?tiendaId=bbbbbbbb-bbbb-4bbb-8bbb-bbbbbbbbbbbb&zona=Zona+Norte,200,52.362,
2026-08-31T03:53:15.196218+00:00,GET,http://localhost:3000/logistics/tenderos/productos-disponibles?tiendaId=bbbbbbbb-bbbb-4bbb-8bbb-bbbbbbbbbbbb&zona=Zona+Norte,200,49.627,
2026-08-31T03:53:15.245874+00:00,GET,http://localhost:3000/logistics/tenderos/productos-disponibles?tiendaId=bbbbbbbb-bbbb-4bbb-8bbb-bbbbbbbbbbbb&zona=Zona+Norte,200,50.100,
2026-08-31T03:53:15.295260+00:00,GET,http://localhost:3000/logistics/tenderos/productos-disponibles?tiendaId=bbbbbbbb-bbbb-4bbb-8bbb-bbbbbbbbbbbb&zona=Zona+Norte,200,48.828,
2026-08-31T03:53:15.345334+00:00,GET,http://localhost:3000/logistics/tenderos/productos-disponibles?tiendaId=bbbbbbbb-bbbb-4bbb-8bbb-bbbbbbbbbbbb&zona=Zona+Norte,200,49.734,
2026-08-31T03:53:15.395184+00:00,GET,http://localhost:3000/logistics/tenderos/productos-disponibles?tiendaId=bbbbbbbb-bbbb-4bbb-8bbb-bbbbbbbbbbbb&zona=Zona+Norte,200,54.064,
2026-08-31T03:53:15.446214+00:00,GET,http://localhost:3000/logistics/tenderos/productos-disponibles?tiendaId=bbbbbbbb-bbbb-4bbb-8bbb-bbbbbbbbbbbb&zona=Zona+Norte,200,55.289,
2026-08-31T03:53:15.496223+00:00,GET,http://localhost:3000/logistics/tenderos/productos-disponibles?tiendaId=bbbbbbbb-bbbb-4bbb-8bbb-bbbbbbbbbbbb&zona=Zona+Norte,200,49.357,
2026-08-31T03:53:15.545610+00:00,GET,http://localhost:3000/logistics/tenderos/productos-disponibles?tiendaId=bbbbbbbb-bbbb-4bbb-8bbb-bbbbbbbbbbbb&zona=Zona+Norte,200,55.154,
2026-08-31T03:53:15.595261+00:00,GET,http://localhost:3000/logistics/tenderos/productos-disponibles?tiendaId=bbbbbbbb-bbbb-4bbb-8bbb-bbbbbbbbbbbb&zona=Zona+Norte,200,48.403,
2026-08-31T03:53:15.645281+00:00,GET,http://localhost:3000/logistics/tenderos/productos-disponibles?tiendaId=bbbbbbbb-bbbb-4bbb-8bbb-bbbbbbbbbbbb&zona=Zona+Norte,200,54.680,
2026-08-31T03:53:15.696222+00:00,GET,http://localhost:3000/logistics/tenderos/productos-disponibles?tiendaId=bbbbbbbb-bbbb-4bbb-8bbb-bbbbbbbbbbbb&zona=Zona+Norte,200,47.788,
2026-08-31T03:53:15.745508+00:00,GET,http://localhost:3000/logistics/tenderos/productos-disponibles?tiendaId=bbbbbbbb-bbbb-4bbb-8bbb-bbbbbbbbbbbb&zona=Zona+Norte,200,48.267,
2026-08-31T03:53:15.795361+00:00,GET,http://localhost:3000/logistics/tenderos/productos-disponibles?tiendaId=bbbbbbbb-bbbb-4bbb-8bbb-bbbbbbbbbbbb&zona=Zona+Norte,200,52.264,
2026-08-31T03:53:15.846233+00:00,GET,http://localhost:3000/logistics/tenderos/productos-disponibles?tiendaId=bbbbbbbb-bbbb-4bbb-8bbb-bbbbbbbbbbbb&zona=Zona+Norte,200,56.328,
2026-08-31T03:53:15.896234+00:00,GET,http://localhost:3000/logistics/tenderos/productos-disponibles?tiendaId=bbbbbbbb-bbbb-4bbb-8bbb-bbbbbbbbbbbb&zona=Zona+Norte,200,49.332,
2026-08-31T03:53:15.945599+00:00,GET,http://localhost:3000/logistics/tenderos/productos-disponibles?tiendaId=bbbbbbbb-bbbb-4bbb-8bbb-bbbbbbbbbbbb&zona=Zona+Norte,200,54.007,
2026-08-31T03:53:15.996258+00:00,GET,http://localhost:3000/logistics/tenderos/productos-disponibles?tiendaId=bbbbbbbb-bbbb-4bbb-8bbb-bbbbbbbbbbbb&zona=Zona+Norte,200,49.683,
2026-08-31T03:53:16.045288+00:00,GET,http://localhost:3000/logistics/tenderos/productos-disponibles?tiendaId=bbbbbbbb-bbbb-4bbb-8bbb-bbbbbbbbbbbb&zona=Zona+Norte,200,53.984,
2026-08-31T03:53:16.096241+00:00,GET,http://localhost:3000/logistics/tenderos/productos-disponibles?tiendaId=bbbbbbbb-bbbb-4bbb-8bbb-bbbbbbbbbbbb&zona=Zona+Norte,200,53.654,
2026-08-31T03:53:16.146256+00:00,GET,http://localhost:3000/logistics/tenderos/productos-disponibles?tiendaId=bbbbbbbb-bbbb-4bbb-8bbb-bbbbbbbbbbbb&zona=Zona+Norte,200,54.031,
2026-08-31T03:53:16.195850+00:00,GET,http://localhost:3000/logistics/tenderos/productos-disponibles?tiendaId=bbbbbbbb-bbbb-4bbb-8bbb-bbbbbbbbbbbb&zona=Zona+Norte,200,56.393,
2026-08-31T03:53:16.246243+00:00,GET,http://localhost:3000/logistics/tenderos/productos-disponibles?tiendaId=bbbbbbbb-bbbb-4bbb-8bbb-bbbbbbbbbbbb&zona=Zona+Norte,200,54.370,
2026-08-31T03:53:16.296233+00:00,GET,http://localhost:3000/logistics/tenderos/productos-disponibles?tiendaId=bbbbbbbb-bbbb-4bbb-8bbb-bbbbbbbbbbbb&zona=Zona+Norte,200,48.449,
2026-08-31T03:53:16.345275+00:00,GET,http://localhost:3000/logistics/tenderos/productos-disponibles?tiendaId=bbbbbbbb-bbbb-4bbb-8bbb-bbbbbbbbbbbb&zona=Zona+Norte,200,51.344,
2026-08-31T03:53:16.396266+00:00,GET,http://localhost:3000/logistics/tenderos/productos-disponibles?tiendaId=bbbbbbbb-bbbb-4bbb-8bbb-bbbbbbbbbbbb&zona=Zona+Norte,200,52.216,
2026-08-31T03:53:16.446289+00:00,GET,http://localhost:3000/logistics/tenderos/productos-disponibles?tiendaId=bbbbbbbb-bbbb-4bbb-8bbb-bbbbbbbbbbbb&zona=Zona+Norte,200,55.787,
2026-08-31T03:53:16.496283+00:00,GET,http://localhost:3000/logistics/tenderos/productos-disponibles?tiendaId=bbbbbbbb-bbbb-4bbb-8bbb-bbbbbbbbbbbb&zona=Zona+Norte,200,53.473,
2026-08-31T03:53:16.545567+00:00,GET,http://localhost:3000/logistics/tenderos/productos-disponibles?tiendaId=bbbbbbbb-bbbb-4bbb-8bbb-bbbbbbbbbbbb&zona=Zona+Norte,200,53.632,
2026-08-31T03:53:16.596266+00:00,GET,http://localhost:3000/logistics/tenderos/productos-disponibles?tiendaId=bbbbbbbb-bbbb-4bbb-8bbb-bbbbbbbbbbbb&zona=Zona+Norte,200,53.728,
2026-08-31T03:53:16.645535+00:00,GET,http://localhost:3000/logistics/tenderos/productos-disponibles?tiendaId=bbbbbbbb-bbbb-4bbb-8bbb-bbbbbbbbbbbb&zona=Zona+Norte,200,57.281,
2026-08-31T03:53:16.696272+00:00,GET,http://localhost:3000/logistics/tenderos/productos-disponibles?tiendaId=bbbbbbbb-bbbb-4bbb-8bbb-bbbbbbbbbbbb&zona=Zona+Norte,200,58.744,
2026-08-31T03:53:16.746291+00:00,GET,http://localhost:3000/logistics/tenderos/productos-disponibles?tiendaId=bbbbbbbb-bbbb-4bbb-8bbb-bbbbbbbbbbbb&zona=Zona+Norte,200,61.093,
2026-08-31T03:53:16.796277+00:00,GET,http://localhost:3000/logistics/tenderos/productos-disponibles?tiendaId=bbbbbbbb-bbbb-4bbb-8bbb-bbbbbbbbbbbb&zona=Zona+Norte,200,54.788,
2026-08-31T03:53:16.846355+00:00,GET,http://localhost:3000/logistics/tenderos/productos-disponibles?tiendaId=bbbbbbbb-bbbb-4bbb-8bbb-bbbbbbbbbbbb&zona=Zona+Norte,200,50.479,
2026-08-31T03:53:16.896144+00:00,GET,http://localhost:3000/logistics/tenderos/productos-disponibles?tiendaId=bbbbbbbb-bbbb-4bbb-8bbb-bbbbbbbbbbbb&zona=Zona+Norte,200,51.698,
2026-08-31T03:53:16.945413+00:00,GET,http://localhost:3000/logistics/tenderos/productos-disponibles?tiendaId=bbbbbbbb-bbbb-4bbb-8bbb-bbbbbbbbbbbb&zona=Zona+Norte,200,49.347,
2026-08-31T03:53:16.995312+00:00,GET,http://localhost:3000/logistics/tenderos/productos-disponibles?tiendaId=bbbbbbbb-bbbb-4bbb-8bbb-bbbbbbbbbbbb&zona=Zona+Norte,200,52.242,
2026-08-31T03:53:17.046013+00:00,GET,http://localhost:3000/logistics/tenderos/productos-disponibles?tiendaId=bbbbbbbb-bbbb-4bbb-8bbb-bbbbbbbbbbbb&zona=Zona+Norte,200,49.363,
2026-08-31T03:53:17.095477+00:00,GET,http://localhost:3000/logistics/tenderos/productos-disponibles?tiendaId=bbbbbbbb-bbbb-4bbb-8bbb-bbbbbbbbbbbb&zona=Zona+Norte,200,48.255,
2026-08-31T03:53:17.145416+00:00,GET,http://localhost:3000/logistics/tenderos/productos-disponibles?tiendaId=bbbbbbbb-bbbb-4bbb-8bbb-bbbbbbbbbbbb&zona=Zona+Norte,200,53.329,
2026-08-31T03:53:17.196296+00:00,GET,http://localhost:3000/logistics/tenderos/productos-disponibles?tiendaId=bbbbbbbb-bbbb-4bbb-8bbb-bbbbbbbbbbbb&zona=Zona+Norte,200,56.523,
2026-08-31T03:53:17.246338+00:00,GET,http://localhost:3000/logistics/tenderos/productos-disponibles?tiendaId=bbbbbbbb-bbbb-4bbb-8bbb-bbbbbbbbbbbb&zona=Zona+Norte,200,51.830,
2026-08-31T03:53:17.296309+00:00,GET,http://localhost:3000/logistics/tenderos/productos-disponibles?tiendaId=bbbbbbbb-bbbb-4bbb-8bbb-bbbbbbbbbbbb&zona=Zona+Norte,200,51.397,
2026-08-31T03:53:17.345827+00:00,GET,http://localhost:3000/logistics/tenderos/productos-disponibles?tiendaId=bbbbbbbb-bbbb-4bbb-8bbb-bbbbbbbbbbbb&zona=Zona+Norte,200,51.608,
2026-08-31T03:53:17.396224+00:00,GET,http://localhost:3000/logistics/tenderos/productos-disponibles?tiendaId=bbbbbbbb-bbbb-4bbb-8bbb-bbbbbbbbbbbb&zona=Zona+Norte,200,49.281,
2026-08-31T03:53:17.445546+00:00,GET,http://localhost:3000/logistics/tenderos/productos-disponibles?tiendaId=bbbbbbbb-bbbb-4bbb-8bbb-bbbbbbbbbbbb&zona=Zona+Norte,200,50.582,
2026-08-31T03:53:17.496158+00:00,GET,http://localhost:3000/logistics/tenderos/productos-disponibles?tiendaId=bbbbbbbb-bbbb-4bbb-8bbb-bbbbbbbbbbbb&zona=Zona+Norte,200,50.329,
2026-08-31T03:53:17.546522+00:00,GET,http://localhost:3000/logistics/tenderos/productos-disponibles?tiendaId=bbbbbbbb-bbbb-4bbb-8bbb-bbbbbbbbbbbb&zona=Zona+Norte,200,49.108,
2026-08-31T03:53:17.595665+00:00,GET,http://localhost:3000/logistics/tenderos/productos-disponibles?tiendaId=bbbbbbbb-bbbb-4bbb-8bbb-bbbbbbbbbbbb&zona=Zona+Norte,200,50.107,
2026-08-31T03:53:17.645811+00:00,GET,http://localhost:3000/logistics/tenderos/productos-disponibles?tiendaId=bbbbbbbb-bbbb-4bbb-8bbb-bbbbbbbbbbbb&zona=Zona+Norte,200,51.637,
2026-08-31T03:53:17.696289+00:00,GET,http://localhost:3000/logistics/tenderos/productos-disponibles?tiendaId=bbbbbbbb-bbbb-4bbb-8bbb-bbbbbbbbbbbb&zona=Zona+Norte,200,50.095,
2026-08-31T03:53:17.745931+00:00,GET,http://localhost:3000/logistics/tenderos/productos-disponibles?tiendaId=bbbbbbbb-bbbb-4bbb-8bbb-bbbbbbbbbbbb&zona=Zona+Norte,200,51.111,
2026-08-31T03:53:17.796320+00:00,GET,http://localhost:3000/logistics/tenderos/productos-disponibles?tiendaId=bbbbbbbb-bbbb-4bbb-8bbb-bbbbbbbbbbbb&zona=Zona+Norte,200,49.532,
2026-08-31T03:53:17.845883+00:00,GET,http://localhost:3000/logistics/tenderos/productos-disponibles?tiendaId=bbbbbbbb-bbbb-4bbb-8bbb-bbbbbbbbbbbb&zona=Zona+Norte,200,50.935,
2026-08-31T03:53:17.896274+00:00,GET,http://localhost:3000/logistics/tenderos/productos-disponibles?tiendaId=bbbbbbbb-bbbb-4bbb-8bbb-bbbbbbbbbbbb&zona=Zona+Norte,200,51.809,
2026-08-31T03:53:17.946302+00:00,GET,http://localhost:3000/logistics/tenderos/productos-disponibles?tiendaId=bbbbbbbb-bbbb-4bbb-8bbb-bbbbbbbbbbbb&zona=Zona+Norte,200,51.150,
2026-08-31T03:53:17.996229+00:00,GET,http://localhost:3000/logistics/tenderos/productos-disponibles?tiendaId=bbbbbbbb-bbbb-4bbb-8bbb-bbbbbbbbbbbb&zona=Zona+Norte,200,50.373,
2026-08-31T03:53:18.045608+00:00,GET,http://localhost:3000/logistics/tenderos/productos-disponibles?tiendaId=bbbbbbbb-bbbb-4bbb-8bbb-bbbbbbbbbbbb&zona=Zona+Norte,200,52.011,
2026-08-31T03:53:18.096296+00:00,GET,http://localhost:3000/logistics/tenderos/productos-disponibles?tiendaId=bbbbbbbb-bbbb-4bbb-8bbb-bbbbbbbbbbbb&zona=Zona+Norte,200,51.227,
2026-08-31T03:53:18.146256+00:00,GET,http://localhost:3000/logistics/tenderos/productos-disponibles?tiendaId=bbbbbbbb-bbbb-4bbb-8bbb-bbbbbbbbbbbb&zona=Zona+Norte,200,49.202,
2026-08-31T03:53:18.195486+00:00,GET,http://localhost:3000/logistics/tenderos/productos-disponibles?tiendaId=bbbbbbbb-bbbb-4bbb-8bbb-bbbbbbbbbbbb&zona=Zona+Norte,200,49.518,
2026-08-31T03:53:18.245312+00:00,GET,http://localhost:3000/logistics/tenderos/productos-disponibles?tiendaId=bbbbbbbb-bbbb-4bbb-8bbb-bbbbbbbbbbbb&zona=Zona+Norte,200,50.503,
2026-08-31T03:53:18.295843+00:00,GET,http://localhost:3000/logistics/tenderos/productos-disponibles?tiendaId=bbbbbbbb-bbbb-4bbb-8bbb-bbbbbbbbbbbb&zona=Zona+Norte,200,50.812,
2026-08-31T03:53:18.345358+00:00,GET,http://localhost:3000/logistics/tenderos/productos-disponibles?tiendaId=bbbbbbbb-bbbb-4bbb-8bbb-bbbbbbbbbbbb&zona=Zona+Norte,200,51.012,
2026-08-31T03:53:18.396408+00:00,GET,http://localhost:3000/logistics/tenderos/productos-disponibles?tiendaId=bbbbbbbb-bbbb-4bbb-8bbb-bbbbbbbbbbbb&zona=Zona+Norte,200,53.517,
2026-08-31T03:53:18.445529+00:00,GET,http://localhost:3000/logistics/tenderos/productos-disponibles?tiendaId=bbbbbbbb-bbbb-4bbb-8bbb-bbbbbbbbbbbb&zona=Zona+Norte,200,56.400,
2026-08-31T03:53:18.496350+00:00,GET,http://localhost:3000/logistics/tenderos/productos-disponibles?tiendaId=bbbbbbbb-bbbb-4bbb-8bbb-bbbbbbbbbbbb&zona=Zona+Norte,200,52.383,
2026-08-31T03:53:18.546335+00:00,GET,http://localhost:3000/logistics/tenderos/productos-disponibles?tiendaId=bbbbbbbb-bbbb-4bbb-8bbb-bbbbbbbbbbbb&zona=Zona+Norte,200,51.267,
2026-08-31T03:53:18.596301+00:00,GET,http://localhost:3000/logistics/tenderos/productos-disponibles?tiendaId=bbbbbbbb-bbbb-4bbb-8bbb-bbbbbbbbbbbb&zona=Zona+Norte,200,49.729,
2026-08-31T03:53:18.646061+00:00,GET,http://localhost:3000/logistics/tenderos/productos-disponibles?tiendaId=bbbbbbbb-bbbb-4bbb-8bbb-bbbbbbbbbbbb&zona=Zona+Norte,200,51.472,
2026-08-31T03:53:18.696340+00:00,GET,http://localhost:3000/logistics/tenderos/productos-disponibles?tiendaId=bbbbbbbb-bbbb-4bbb-8bbb-bbbbbbbbbbbb&zona=Zona+Norte,200,49.711,
2026-08-31T03:53:18.746083+00:00,GET,http://localhost:3000/logistics/tenderos/productos-disponibles?tiendaId=bbbbbbbb-bbbb-4bbb-8bbb-bbbbbbbbbbbb&zona=Zona+Norte,200,49.868,
2026-08-31T03:53:18.795985+00:00,GET,http://localhost:3000/logistics/tenderos/productos-disponibles?tiendaId=bbbbbbbb-bbbb-4bbb-8bbb-bbbbbbbbbbbb&zona=Zona+Norte,200,51.830,
2026-08-31T03:53:18.846351+00:00,GET,http://localhost:3000/logistics/tenderos/productos-disponibles?tiendaId=bbbbbbbb-bbbb-4bbb-8bbb-bbbbbbbbbbbb&zona=Zona+Norte,200,52.073,
2026-08-31T03:53:18.896320+00:00,GET,http://localhost:3000/logistics/tenderos/productos-disponibles?tiendaId=bbbbbbbb-bbbb-4bbb-8bbb-bbbbbbbbbbbb&zona=Zona+Norte,200,51.642,
2026-08-31T03:53:18.945859+00:00,GET,http://localhost:3000/logistics/tenderos/productos-disponibles?tiendaId=bbbbbbbb-bbbb-4bbb-8bbb-bbbbbbbbbbbb&zona=Zona+Norte,200,51.280,
2026-08-31T03:53:18.996355+00:00,GET,http://localhost:3000/logistics/tenderos/productos-disponibles?tiendaId=bbbbbbbb-bbbb-4bbb-8bbb-bbbbbbbbbbbb&zona=Zona+Norte,200,52.630,
2026-08-31T03:53:19.046339+00:00,GET,http://localhost:3000/logistics/tenderos/productos-disponibles?tiendaId=bbbbbbbb-bbbb-4bbb-8bbb-bbbbbbbbbbbb&zona=Zona+Norte,200,50.061,
2026-08-31T03:53:19.096432+00:00,GET,http://localhost:3000/logistics/tenderos/productos-disponibles?tiendaId=bbbbbbbb-bbbb-4bbb-8bbb-bbbbbbbbbbbb&zona=Zona+Norte,200,51.055,
2026-08-31T03:53:19.145723+00:00,GET,http://localhost:3000/logistics/tenderos/productos-disponibles?tiendaId=bbbbbbbb-bbbb-4bbb-8bbb-bbbbbbbbbbbb&zona=Zona+Norte,200,50.932,
2026-08-31T03:53:19.196320+00:00,GET,http://localhost:3000/logistics/tenderos/productos-disponibles?tiendaId=bbbbbbbb-bbbb-4bbb-8bbb-bbbbbbbbbbbb&zona=Zona+Norte,200,52.837,
2026-08-31T03:53:19.246325+00:00,GET,http://localhost:3000/logistics/tenderos/productos-disponibles?tiendaId=bbbbbbbb-bbbb-4bbb-8bbb-bbbbbbbbbbbb&zona=Zona+Norte,200,50.550,
2026-08-31T03:53:19.296367+00:00,GET,http://localhost:3000/logistics/tenderos/productos-disponibles?tiendaId=bbbbbbbb-bbbb-4bbb-8bbb-bbbbbbbbbbbb&zona=Zona+Norte,200,50.279,
2026-08-31T03:53:19.346298+00:00,GET,http://localhost:3000/logistics/tenderos/productos-disponibles?tiendaId=bbbbbbbb-bbbb-4bbb-8bbb-bbbbbbbbbbbb&zona=Zona+Norte,200,51.243,
2026-08-31T03:53:19.396082+00:00,GET,http://localhost:3000/logistics/tenderos/productos-disponibles?tiendaId=bbbbbbbb-bbbb-4bbb-8bbb-bbbbbbbbbbbb&zona=Zona+Norte,200,51.840,
2026-08-31T03:53:19.446394+00:00,GET,http://localhost:3000/logistics/tenderos/productos-disponibles?tiendaId=bbbbbbbb-bbbb-4bbb-8bbb-bbbbbbbbbbbb&zona=Zona+Norte,200,51.100,
2026-08-31T03:53:19.496383+00:00,GET,http://localhost:3000/logistics/tenderos/productos-disponibles?tiendaId=bbbbbbbb-bbbb-4bbb-8bbb-bbbbbbbbbbbb&zona=Zona+Norte,200,55.029,
2026-08-31T03:53:19.546376+00:00,GET,http://localhost:3000/logistics/tenderos/productos-disponibles?tiendaId=bbbbbbbb-bbbb-4bbb-8bbb-bbbbbbbbbbbb&zona=Zona+Norte,200,51.146,
2026-08-31T03:53:19.596383+00:00,GET,http://localhost:3000/logistics/tenderos/productos-disponibles?tiendaId=bbbbbbbb-bbbb-4bbb-8bbb-bbbbbbbbbbbb&zona=Zona+Norte,200,52.168,
2026-08-31T03:53:19.645582+00:00,GET,http://localhost:3000/logistics/tenderos/productos-disponibles?tiendaId=bbbbbbbb-bbbb-4bbb-8bbb-bbbbbbbbbbbb&zona=Zona+Norte,200,51.254,
2026-08-31T03:53:19.696380+00:00,GET,http://localhost:3000/logistics/tenderos/productos-disponibles?tiendaId=bbbbbbbb-bbbb-4bbb-8bbb-bbbbbbbbbbbb&zona=Zona+Norte,200,50.172,
2026-08-31T03:53:19.746285+00:00,GET,http://localhost:3000/logistics/tenderos/productos-disponibles?tiendaId=bbbbbbbb-bbbb-4bbb-8bbb-bbbbbbbbbbbb&zona=Zona+Norte,200,50.267,
2026-08-31T03:53:19.796591+00:00,GET,http://localhost:3000/logistics/tenderos/productos-disponibles?tiendaId=bbbbbbbb-bbbb-4bbb-8bbb-bbbbbbbbbbbb&zona=Zona+Norte,200,50.163,
2026-08-31T03:53:19.846304+00:00,GET,http://localhost:3000/logistics/tenderos/productos-disponibles?tiendaId=bbbbbbbb-bbbb-4bbb-8bbb-bbbbbbbbbbbb&zona=Zona+Norte,200,49.682,
2026-08-31T03:53:19.896014+00:00,GET,http://localhost:3000/logistics/tenderos/productos-disponibles?tiendaId=bbbbbbbb-bbbb-4bbb-8bbb-bbbbbbbbbbbb&zona=Zona+Norte,200,49.875,
2026-08-31T03:53:19.945913+00:00,GET,http://localhost:3000/logistics/tenderos/productos-disponibles?tiendaId=bbbbbbbb-bbbb-4bbb-8bbb-bbbbbbbbbbbb&zona=Zona+Norte,200,49.924,
2026-08-31T03:53:19.995861+00:00,GET,http://localhost:3000/logistics/tenderos/productos-disponibles?tiendaId=bbbbbbbb-bbbb-4bbb-8bbb-bbbbbbbbbbbb&zona=Zona+Norte,200,48.447,
2026-08-31T03:53:20.045497+00:00,GET,http://localhost:3000/logistics/tenderos/productos-disponibles?tiendaId=bbbbbbbb-bbbb-4bbb-8bbb-bbbbbbbbbbbb&zona=Zona+Norte,200,51.516,
2026-08-31T03:53:20.096392+00:00,GET,http://localhost:3000/logistics/tenderos/productos-disponibles?tiendaId=bbbbbbbb-bbbb-4bbb-8bbb-bbbbbbbbbbbb&zona=Zona+Norte,200,52.982,
2026-08-31T03:53:20.145789+00:00,GET,http://localhost:3000/logistics/tenderos/productos-disponibles?tiendaId=bbbbbbbb-bbbb-4bbb-8bbb-bbbbbbbbbbbb&zona=Zona+Norte,200,59.111,
2026-08-31T03:53:20.196391+00:00,GET,http://localhost:3000/logistics/tenderos/productos-disponibles?tiendaId=bbbbbbbb-bbbb-4bbb-8bbb-bbbbbbbbbbbb&zona=Zona+Norte,200,52.723,
2026-08-31T03:53:20.245643+00:00,GET,http://localhost:3000/logistics/tenderos/productos-disponibles?tiendaId=bbbbbbbb-bbbb-4bbb-8bbb-bbbbbbbbbbbb&zona=Zona+Norte,200,51.806,
2026-08-31T03:53:20.295909+00:00,GET,http://localhost:3000/logistics/tenderos/productos-disponibles?tiendaId=bbbbbbbb-bbbb-4bbb-8bbb-bbbbbbbbbbbb&zona=Zona+Norte,200,49.377,
2026-08-31T03:53:20.345381+00:00,GET,http://localhost:3000/logistics/tenderos/productos-disponibles?tiendaId=bbbbbbbb-bbbb-4bbb-8bbb-bbbbbbbbbbbb&zona=Zona+Norte,200,51.746,
2026-08-31T03:53:20.396441+00:00,GET,http://localhost:3000/logistics/tenderos/productos-disponibles?tiendaId=bbbbbbbb-bbbb-4bbb-8bbb-bbbbbbbbbbbb&zona=Zona+Norte,200,50.026,
2026-08-31T03:53:20.446520+00:00,GET,http://localhost:3000/logistics/tenderos/productos-disponibles?tiendaId=bbbbbbbb-bbbb-4bbb-8bbb-bbbbbbbbbbbb&zona=Zona+Norte,200,51.960,
2026-08-31T03:53:20.496439+00:00,GET,http://localhost:3000/logistics/tenderos/productos-disponibles?tiendaId=bbbbbbbb-bbbb-4bbb-8bbb-bbbbbbbbbbbb&zona=Zona+Norte,200,49.797,
2026-08-31T03:53:20.546285+00:00,GET,http://localhost:3000/logistics/tenderos/productos-disponibles?tiendaId=bbbbbbbb-bbbb-4bbb-8bbb-bbbbbbbbbbbb&zona=Zona+Norte,200,53.839,
2026-08-31T03:53:20.596430+00:00,GET,http://localhost:3000/logistics/tenderos/productos-disponibles?tiendaId=bbbbbbbb-bbbb-4bbb-8bbb-bbbbbbbbbbbb&zona=Zona+Norte,200,51.419,
2026-08-31T03:53:20.645890+00:00,GET,http://localhost:3000/logistics/tenderos/productos-disponibles?tiendaId=bbbbbbbb-bbbb-4bbb-8bbb-bbbbbbbbbbbb&zona=Zona+Norte,200,50.116,
2026-08-31T03:53:20.696050+00:00,GET,http://localhost:3000/logistics/tenderos/productos-disponibles?tiendaId=bbbbbbbb-bbbb-4bbb-8bbb-bbbbbbbbbbbb&zona=Zona+Norte,200,53.433,
2026-08-31T03:53:20.746251+00:00,GET,http://localhost:3000/logistics/tenderos/productos-disponibles?tiendaId=bbbbbbbb-bbbb-4bbb-8bbb-bbbbbbbbbbbb&zona=Zona+Norte,200,53.367,
2026-08-31T03:53:20.796433+00:00,GET,http://localhost:3000/logistics/tenderos/productos-disponibles?tiendaId=bbbbbbbb-bbbb-4bbb-8bbb-bbbbbbbbbbbb&zona=Zona+Norte,200,50.579,
2026-08-31T03:53:20.846474+00:00,GET,http://localhost:3000/logistics/tenderos/productos-disponibles?tiendaId=bbbbbbbb-bbbb-4bbb-8bbb-bbbbbbbbbbbb&zona=Zona+Norte,200,56.444,
2026-08-31T03:53:20.896435+00:00,GET,http://localhost:3000/logistics/tenderos/productos-disponibles?tiendaId=bbbbbbbb-bbbb-4bbb-8bbb-bbbbbbbbbbbb&zona=Zona+Norte,200,54.455,
2026-08-31T03:53:20.946462+00:00,GET,http://localhost:3000/logistics/tenderos/productos-disponibles?tiendaId=bbbbbbbb-bbbb-4bbb-8bbb-bbbbbbbbbbbb&zona=Zona+Norte,200,51.711,
2026-08-31T03:53:20.996433+00:00,GET,http://localhost:3000/logistics/tenderos/productos-disponibles?tiendaId=bbbbbbbb-bbbb-4bbb-8bbb-bbbbbbbbbbbb&zona=Zona+Norte,200,51.912,
2026-08-31T03:53:21.046461+00:00,GET,http://localhost:3000/logistics/tenderos/productos-disponibles?tiendaId=bbbbbbbb-bbbb-4bbb-8bbb-bbbbbbbbbbbb&zona=Zona+Norte,200,48.499,
2026-08-31T03:53:21.095433+00:00,GET,http://localhost:3000/logistics/tenderos/productos-disponibles?tiendaId=bbbbbbbb-bbbb-4bbb-8bbb-bbbbbbbbbbbb&zona=Zona+Norte,200,48.616,
2026-08-31T03:53:21.145549+00:00,GET,http://localhost:3000/logistics/tenderos/productos-disponibles?tiendaId=bbbbbbbb-bbbb-4bbb-8bbb-bbbbbbbbbbbb&zona=Zona+Norte,200,52.881,
2026-08-31T03:53:21.196434+00:00,GET,http://localhost:3000/logistics/tenderos/productos-disponibles?tiendaId=bbbbbbbb-bbbb-4bbb-8bbb-bbbbbbbbbbbb&zona=Zona+Norte,200,49.384,
2026-08-31T03:53:21.245846+00:00,GET,http://localhost:3000/logistics/tenderos/productos-disponibles?tiendaId=bbbbbbbb-bbbb-4bbb-8bbb-bbbbbbbbbbbb&zona=Zona+Norte,200,54.560,
2026-08-31T03:53:21.296449+00:00,GET,http://localhost:3000/logistics/tenderos/productos-disponibles?tiendaId=bbbbbbbb-bbbb-4bbb-8bbb-bbbbbbbbbbbb&zona=Zona+Norte,200,51.757,
2026-08-31T03:53:21.346335+00:00,GET,http://localhost:3000/logistics/tenderos/productos-disponibles?tiendaId=bbbbbbbb-bbbb-4bbb-8bbb-bbbbbbbbbbbb&zona=Zona+Norte,200,49.079,
2026-08-31T03:53:21.395533+00:00,GET,http://localhost:3000/logistics/tenderos/productos-disponibles?tiendaId=bbbbbbbb-bbbb-4bbb-8bbb-bbbbbbbbbbbb&zona=Zona+Norte,200,53.292,
2026-08-31T03:53:21.445662+00:00,GET,http://localhost:3000/logistics/tenderos/productos-disponibles?tiendaId=bbbbbbbb-bbbb-4bbb-8bbb-bbbbbbbbbbbb&zona=Zona+Norte,200,51.182,
2026-08-31T03:53:21.496470+00:00,GET,http://localhost:3000/logistics/tenderos/productos-disponibles?tiendaId=bbbbbbbb-bbbb-4bbb-8bbb-bbbbbbbbbbbb&zona=Zona+Norte,200,57.267,
2026-08-31T03:53:21.546450+00:00,GET,http://localhost:3000/logistics/tenderos/productos-disponibles?tiendaId=bbbbbbbb-bbbb-4bbb-8bbb-bbbbbbbbbbbb&zona=Zona+Norte,200,59.326,
2026-08-31T03:53:21.596393+00:00,GET,http://localhost:3000/logistics/tenderos/productos-disponibles?tiendaId=bbbbbbbb-bbbb-4bbb-8bbb-bbbbbbbbbbbb&zona=Zona+Norte,200,53.976,
2026-08-31T03:53:21.645695+00:00,GET,http://localhost:3000/logistics/tenderos/productos-disponibles?tiendaId=bbbbbbbb-bbbb-4bbb-8bbb-bbbbbbbbbbbb&zona=Zona+Norte,200,54.619,
2026-08-31T03:53:21.696446+00:00,GET,http://localhost:3000/logistics/tenderos/productos-disponibles?tiendaId=bbbbbbbb-bbbb-4bbb-8bbb-bbbbbbbbbbbb&zona=Zona+Norte,200,54.542,
2026-08-31T03:53:21.746459+00:00,GET,http://localhost:3000/logistics/tenderos/productos-disponibles?tiendaId=bbbbbbbb-bbbb-4bbb-8bbb-bbbbbbbbbbbb&zona=Zona+Norte,200,56.076,
2026-08-31T03:53:21.795690+00:00,GET,http://localhost:3000/logistics/tenderos/productos-disponibles?tiendaId=bbbbbbbb-bbbb-4bbb-8bbb-bbbbbbbbbbbb&zona=Zona+Norte,200,51.040,
2026-08-31T03:53:21.845999+00:00,GET,http://localhost:3000/logistics/tenderos/productos-disponibles?tiendaId=bbbbbbbb-bbbb-4bbb-8bbb-bbbbbbbbbbbb&zona=Zona+Norte,200,51.195,
2026-08-31T03:53:21.896496+00:00,GET,http://localhost:3000/logistics/tenderos/productos-disponibles?tiendaId=bbbbbbbb-bbbb-4bbb-8bbb-bbbbbbbbbbbb&zona=Zona+Norte,200,55.913,
2026-08-31T03:53:21.946459+00:00,GET,http://localhost:3000/logistics/tenderos/productos-disponibles?tiendaId=bbbbbbbb-bbbb-4bbb-8bbb-bbbbbbbbbbbb&zona=Zona+Norte,200,59.657,
2026-08-31T03:53:21.996444+00:00,GET,http://localhost:3000/logistics/tenderos/productos-disponibles?tiendaId=bbbbbbbb-bbbb-4bbb-8bbb-bbbbbbbbbbbb&zona=Zona+Norte,200,60.790,
2026-08-31T03:53:22.046469+00:00,GET,http://localhost:3000/logistics/tenderos/productos-disponibles?tiendaId=bbbbbbbb-bbbb-4bbb-8bbb-bbbbbbbbbbbb&zona=Zona+Norte,200,51.846,
2026-08-31T03:53:22.096473+00:00,GET,http://localhost:3000/logistics/tenderos/productos-disponibles?tiendaId=bbbbbbbb-bbbb-4bbb-8bbb-bbbbbbbbbbbb&zona=Zona+Norte,200,50.665,
2026-08-31T03:53:22.145937+00:00,GET,http://localhost:3000/logistics/tenderos/productos-disponibles?tiendaId=bbbbbbbb-bbbb-4bbb-8bbb-bbbbbbbbbbbb&zona=Zona+Norte,200,50.130,
2026-08-31T03:53:22.196100+00:00,GET,http://localhost:3000/logistics/tenderos/productos-disponibles?tiendaId=bbbbbbbb-bbbb-4bbb-8bbb-bbbbbbbbbbbb&zona=Zona+Norte,200,50.266,
2026-08-31T03:53:22.246054+00:00,GET,http://localhost:3000/logistics/tenderos/productos-disponibles?tiendaId=bbbbbbbb-bbbb-4bbb-8bbb-bbbbbbbbbbbb&zona=Zona+Norte,200,51.844,
2026-08-31T03:53:22.296454+00:00,GET,http://localhost:3000/logistics/tenderos/productos-disponibles?tiendaId=bbbbbbbb-bbbb-4bbb-8bbb-bbbbbbbbbbbb&zona=Zona+Norte,200,61.028,
2026-08-31T03:53:22.346472+00:00,GET,http://localhost:3000/logistics/tenderos/productos-disponibles?tiendaId=bbbbbbbb-bbbb-4bbb-8bbb-bbbbbbbbbbbb&zona=Zona+Norte,200,57.044,
2026-08-31T03:53:22.396476+00:00,GET,http://localhost:3000/logistics/tenderos/productos-disponibles?tiendaId=bbbbbbbb-bbbb-4bbb-8bbb-bbbbbbbbbbbb&zona=Zona+Norte,200,56.914,
2026-08-31T03:53:22.446454+00:00,GET,http://localhost:3000/logistics/tenderos/productos-disponibles?tiendaId=bbbbbbbb-bbbb-4bbb-8bbb-bbbbbbbbbbbb&zona=Zona+Norte,200,55.199,
2026-08-31T03:53:22.496446+00:00,GET,http://localhost:3000/logistics/tenderos/productos-disponibles?tiendaId=bbbbbbbb-bbbb-4bbb-8bbb-bbbbbbbbbbbb&zona=Zona+Norte,200,61.996,
2026-08-31T03:53:22.546483+00:00,GET,http://localhost:3000/logistics/tenderos/productos-disponibles?tiendaId=bbbbbbbb-bbbb-4bbb-8bbb-bbbbbbbbbbbb&zona=Zona+Norte,200,52.072,
2026-08-31T03:53:22.596235+00:00,GET,http://localhost:3000/logistics/tenderos/productos-disponibles?tiendaId=bbbbbbbb-bbbb-4bbb-8bbb-bbbbbbbbbbbb&zona=Zona+Norte,200,51.488,
2026-08-31T03:53:22.646504+00:00,GET,http://localhost:3000/logistics/tenderos/productos-disponibles?tiendaId=bbbbbbbb-bbbb-4bbb-8bbb-bbbbbbbbbbbb&zona=Zona+Norte,200,49.922,
2026-08-31T03:53:22.696457+00:00,GET,http://localhost:3000/logistics/tenderos/productos-disponibles?tiendaId=bbbbbbbb-bbbb-4bbb-8bbb-bbbbbbbbbbbb&zona=Zona+Norte,200,51.668,
2026-08-31T03:53:22.746181+00:00,GET,http://localhost:3000/logistics/tenderos/productos-disponibles?tiendaId=bbbbbbbb-bbbb-4bbb-8bbb-bbbbbbbbbbbb&zona=Zona+Norte,200,52.950,
2026-08-31T03:53:22.796457+00:00,GET,http://localhost:3000/logistics/tenderos/productos-disponibles?tiendaId=bbbbbbbb-bbbb-4bbb-8bbb-bbbbbbbbbbbb&zona=Zona+Norte,200,51.507,
2026-08-31T03:53:22.845663+00:00,GET,http://localhost:3000/logistics/tenderos/productos-disponibles?tiendaId=bbbbbbbb-bbbb-4bbb-8bbb-bbbbbbbbbbbb&zona=Zona+Norte,200,52.486,
2026-08-31T03:53:22.896465+00:00,GET,http://localhost:3000/logistics/tenderos/productos-disponibles?tiendaId=bbbbbbbb-bbbb-4bbb-8bbb-bbbbbbbbbbbb&zona=Zona+Norte,200,52.997,
2026-08-31T03:53:22.946470+00:00,GET,http://localhost:3000/logistics/tenderos/productos-disponibles?tiendaId=bbbbbbbb-bbbb-4bbb-8bbb-bbbbbbbbbbbb&zona=Zona+Norte,200,53.948,
2026-08-31T03:53:22.996337+00:00,GET,http://localhost:3000/logistics/tenderos/productos-disponibles?tiendaId=bbbbbbbb-bbbb-4bbb-8bbb-bbbbbbbbbbbb&zona=Zona+Norte,200,50.254,
2026-08-31T03:53:23.046623+00:00,GET,http://localhost:3000/logistics/tenderos/productos-disponibles?tiendaId=bbbbbbbb-bbbb-4bbb-8bbb-bbbbbbbbbbbb&zona=Zona+Norte,200,49.775,
2026-08-31T03:53:23.096428+00:00,GET,http://localhost:3000/logistics/tenderos/productos-disponibles?tiendaId=bbbbbbbb-bbbb-4bbb-8bbb-bbbbbbbbbbbb&zona=Zona+Norte,200,51.815,
2026-08-31T03:53:23.146495+00:00,GET,http://localhost:3000/logistics/tenderos/productos-disponibles?tiendaId=bbbbbbbb-bbbb-4bbb-8bbb-bbbbbbbbbbbb&zona=Zona+Norte,200,53.373,
2026-08-31T03:53:23.196487+00:00,GET,http://localhost:3000/logistics/tenderos/productos-disponibles?tiendaId=bbbbbbbb-bbbb-4bbb-8bbb-bbbbbbbbbbbb&zona=Zona+Norte,200,56.175,
2026-08-31T03:53:23.246500+00:00,GET,http://localhost:3000/logistics/tenderos/productos-disponibles?tiendaId=bbbbbbbb-bbbb-4bbb-8bbb-bbbbbbbbbbbb&zona=Zona+Norte,200,55.343,
2026-08-31T03:53:23.296481+00:00,GET,http://localhost:3000/logistics/tenderos/productos-disponibles?tiendaId=bbbbbbbb-bbbb-4bbb-8bbb-bbbbbbbbbbbb&zona=Zona+Norte,200,51.937,
2026-08-31T03:53:23.346493+00:00,GET,http://localhost:3000/logistics/tenderos/productos-disponibles?tiendaId=bbbbbbbb-bbbb-4bbb-8bbb-bbbbbbbbbbbb&zona=Zona+Norte,200,54.700,
2026-08-31T03:53:23.395653+00:00,GET,http://localhost:3000/logistics/tenderos/productos-disponibles?tiendaId=bbbbbbbb-bbbb-4bbb-8bbb-bbbbbbbbbbbb&zona=Zona+Norte,200,52.213,
2026-08-31T03:53:23.446502+00:00,GET,http://localhost:3000/logistics/tenderos/productos-disponibles?tiendaId=bbbbbbbb-bbbb-4bbb-8bbb-bbbbbbbbbbbb&zona=Zona+Norte,200,49.271,
2026-08-31T03:53:23.495800+00:00,GET,http://localhost:3000/logistics/tenderos/productos-disponibles?tiendaId=bbbbbbbb-bbbb-4bbb-8bbb-bbbbbbbbbbbb&zona=Zona+Norte,200,51.328,
2026-08-31T03:53:23.546508+00:00,GET,http://localhost:3000/logistics/tenderos/productos-disponibles?tiendaId=bbbbbbbb-bbbb-4bbb-8bbb-bbbbbbbbbbbb&zona=Zona+Norte,200,51.906,
2026-08-31T03:53:23.596488+00:00,GET,http://localhost:3000/logistics/tenderos/productos-disponibles?tiendaId=bbbbbbbb-bbbb-4bbb-8bbb-bbbbbbbbbbbb&zona=Zona+Norte,200,48.450,
2026-08-31T03:53:23.645557+00:00,GET,http://localhost:3000/logistics/tenderos/productos-disponibles?tiendaId=bbbbbbbb-bbbb-4bbb-8bbb-bbbbbbbbbbbb&zona=Zona+Norte,200,49.597,
2026-08-31T03:53:23.695490+00:00,GET,http://localhost:3000/logistics/tenderos/productos-disponibles?tiendaId=bbbbbbbb-bbbb-4bbb-8bbb-bbbbbbbbbbbb&zona=Zona+Norte,200,48.183,
2026-08-31T03:53:23.745701+00:00,GET,http://localhost:3000/logistics/tenderos/productos-disponibles?tiendaId=bbbbbbbb-bbbb-4bbb-8bbb-bbbbbbbbbbbb&zona=Zona+Norte,200,52.038,
2026-08-31T03:53:23.796545+00:00,GET,http://localhost:3000/logistics/tenderos/productos-disponibles?tiendaId=bbbbbbbb-bbbb-4bbb-8bbb-bbbbbbbbbbbb&zona=Zona+Norte,200,60.436,
2026-08-31T03:53:23.846506+00:00,GET,http://localhost:3000/logistics/tenderos/productos-disponibles?tiendaId=bbbbbbbb-bbbb-4bbb-8bbb-bbbbbbbbbbbb&zona=Zona+Norte,200,52.005,
2026-08-31T03:53:23.896494+00:00,GET,http://localhost:3000/logistics/tenderos/productos-disponibles?tiendaId=bbbbbbbb-bbbb-4bbb-8bbb-bbbbbbbbbbbb&zona=Zona+Norte,200,51.278,
2026-08-31T03:53:23.946492+00:00,GET,http://localhost:3000/logistics/tenderos/productos-disponibles?tiendaId=bbbbbbbb-bbbb-4bbb-8bbb-bbbbbbbbbbbb&zona=Zona+Norte,200,56.626,
2026-08-31T03:53:23.996511+00:00,GET,http://localhost:3000/logistics/tenderos/productos-disponibles?tiendaId=bbbbbbbb-bbbb-4bbb-8bbb-bbbbbbbbbbbb&zona=Zona+Norte,200,50.290,
2026-08-31T03:53:24.046504+00:00,GET,http://localhost:3000/logistics/tenderos/productos-disponibles?tiendaId=bbbbbbbb-bbbb-4bbb-8bbb-bbbbbbbbbbbb&zona=Zona+Norte,200,57.071,
2026-08-31T03:53:24.096497+00:00,GET,http://localhost:3000/logistics/tenderos/productos-disponibles?tiendaId=bbbbbbbb-bbbb-4bbb-8bbb-bbbbbbbbbbbb&zona=Zona+Norte,200,48.823,
2026-08-31T03:53:24.145463+00:00,GET,http://localhost:3000/logistics/tenderos/productos-disponibles?tiendaId=bbbbbbbb-bbbb-4bbb-8bbb-bbbbbbbbbbbb&zona=Zona+Norte,200,49.776,
2026-08-31T03:53:24.195492+00:00,GET,http://localhost:3000/logistics/tenderos/productos-disponibles?tiendaId=bbbbbbbb-bbbb-4bbb-8bbb-bbbbbbbbbbbb&zona=Zona+Norte,200,52.493,
2026-08-31T03:53:24.246513+00:00,GET,http://localhost:3000/logistics/tenderos/productos-disponibles?tiendaId=bbbbbbbb-bbbb-4bbb-8bbb-bbbbbbbbbbbb&zona=Zona+Norte,200,50.272,
2026-08-31T03:53:24.295651+00:00,GET,http://localhost:3000/logistics/tenderos/productos-disponibles?tiendaId=bbbbbbbb-bbbb-4bbb-8bbb-bbbbbbbbbbbb&zona=Zona+Norte,200,52.189,
2026-08-31T03:53:24.346400+00:00,GET,http://localhost:3000/logistics/tenderos/productos-disponibles?tiendaId=bbbbbbbb-bbbb-4bbb-8bbb-bbbbbbbbbbbb&zona=Zona+Norte,200,50.294,
2026-08-31T03:53:24.396493+00:00,GET,http://localhost:3000/logistics/tenderos/productos-disponibles?tiendaId=bbbbbbbb-bbbb-4bbb-8bbb-bbbbbbbbbbbb&zona=Zona+Norte,200,51.802,
2026-08-31T03:53:24.446418+00:00,GET,http://localhost:3000/logistics/tenderos/productos-disponibles?tiendaId=bbbbbbbb-bbbb-4bbb-8bbb-bbbbbbbbbbbb&zona=Zona+Norte,200,51.738,
2026-08-31T03:53:24.496552+00:00,GET,http://localhost:3000/logistics/tenderos/productos-disponibles?tiendaId=bbbbbbbb-bbbb-4bbb-8bbb-bbbbbbbbbbbb&zona=Zona+Norte,200,55.924,
2026-08-31T03:53:24.546323+00:00,GET,http://localhost:3000/logistics/tenderos/productos-disponibles?tiendaId=bbbbbbbb-bbbb-4bbb-8bbb-bbbbbbbbbbbb&zona=Zona+Norte,200,48.380,
2026-08-31T03:53:24.595607+00:00,GET,http://localhost:3000/logistics/tenderos/productos-disponibles?tiendaId=bbbbbbbb-bbbb-4bbb-8bbb-bbbbbbbbbbbb&zona=Zona+Norte,200,52.178,
2026-08-31T03:53:24.646568+00:00,GET,http://localhost:3000/logistics/tenderos/productos-disponibles?tiendaId=bbbbbbbb-bbbb-4bbb-8bbb-bbbbbbbbbbbb&zona=Zona+Norte,200,51.425,
2026-08-31T03:53:24.696604+00:00,GET,http://localhost:3000/logistics/tenderos/productos-disponibles?tiendaId=bbbbbbbb-bbbb-4bbb-8bbb-bbbbbbbbbbbb&zona=Zona+Norte,200,51.977,
2026-08-31T03:53:24.746568+00:00,GET,http://localhost:3000/logistics/tenderos/productos-disponibles?tiendaId=bbbbbbbb-bbbb-4bbb-8bbb-bbbbbbbbbbbb&zona=Zona+Norte,200,57.640,
2026-08-31T03:53:24.796520+00:00,GET,http://localhost:3000/logistics/tenderos/productos-disponibles?tiendaId=bbbbbbbb-bbbb-4bbb-8bbb-bbbbbbbbbbbb&zona=Zona+Norte,200,53.224,
2026-08-31T03:53:24.846386+00:00,GET,http://localhost:3000/logistics/tenderos/productos-disponibles?tiendaId=bbbbbbbb-bbbb-4bbb-8bbb-bbbbbbbbbbbb&zona=Zona+Norte,200,56.719,
2026-08-31T03:53:24.895583+00:00,GET,http://localhost:3000/logistics/tenderos/productos-disponibles?tiendaId=bbbbbbbb-bbbb-4bbb-8bbb-bbbbbbbbbbbb&zona=Zona+Norte,200,52.890,
2026-08-31T03:53:24.946562+00:00,GET,http://localhost:3000/logistics/tenderos/productos-disponibles?tiendaId=bbbbbbbb-bbbb-4bbb-8bbb-bbbbbbbbbbbb&zona=Zona+Norte,200,48.999,
2026-08-31T03:53:24.995636+00:00,GET,http://localhost:3000/logistics/tenderos/productos-disponibles?tiendaId=bbbbbbbb-bbbb-4bbb-8bbb-bbbbbbbbbbbb&zona=Zona+Norte,200,52.283,
2026-08-31T03:53:25.046146+00:00,GET,http://localhost:3000/logistics/tenderos/productos-disponibles?tiendaId=bbbbbbbb-bbbb-4bbb-8bbb-bbbbbbbbbbbb&zona=Zona+Norte,200,51.042,
2026-08-31T03:53:25.096521+00:00,GET,http://localhost:3000/logistics/tenderos/productos-disponibles?tiendaId=bbbbbbbb-bbbb-4bbb-8bbb-bbbbbbbbbbbb&zona=Zona+Norte,200,49.993,
2026-08-31T03:53:25.145916+00:00,GET,http://localhost:3000/logistics/tenderos/productos-disponibles?tiendaId=bbbbbbbb-bbbb-4bbb-8bbb-bbbbbbbbbbbb&zona=Zona+Norte,200,54.959,
2026-08-31T03:53:25.196539+00:00,GET,http://localhost:3000/logistics/tenderos/productos-disponibles?tiendaId=bbbbbbbb-bbbb-4bbb-8bbb-bbbbbbbbbbbb&zona=Zona+Norte,200,51.485,
2026-08-31T03:53:25.245816+00:00,GET,http://localhost:3000/logistics/tenderos/productos-disponibles?tiendaId=bbbbbbbb-bbbb-4bbb-8bbb-bbbbbbbbbbbb&zona=Zona+Norte,200,50.325,
2026-08-31T03:53:25.296170+00:00,GET,http://localhost:3000/logistics/tenderos/productos-disponibles?tiendaId=bbbbbbbb-bbbb-4bbb-8bbb-bbbbbbbbbbbb&zona=Zona+Norte,200,56.134,
2026-08-31T03:53:25.345982+00:00,GET,http://localhost:3000/logistics/tenderos/productos-disponibles?tiendaId=bbbbbbbb-bbbb-4bbb-8bbb-bbbbbbbbbbbb&zona=Zona+Norte,200,61.092,
2026-08-31T03:53:25.396548+00:00,GET,http://localhost:3000/logistics/tenderos/productos-disponibles?tiendaId=bbbbbbbb-bbbb-4bbb-8bbb-bbbbbbbbbbbb&zona=Zona+Norte,200,58.996,
2026-08-31T03:53:25.446536+00:00,GET,http://localhost:3000/logistics/tenderos/productos-disponibles?tiendaId=bbbbbbbb-bbbb-4bbb-8bbb-bbbbbbbbbbbb&zona=Zona+Norte,200,55.286,
2026-08-31T03:53:25.496563+00:00,GET,http://localhost:3000/logistics/tenderos/productos-disponibles?tiendaId=bbbbbbbb-bbbb-4bbb-8bbb-bbbbbbbbbbbb&zona=Zona+Norte,200,53.334,
2026-08-31T03:53:25.546393+00:00,GET,http://localhost:3000/logistics/tenderos/productos-disponibles?tiendaId=bbbbbbbb-bbbb-4bbb-8bbb-bbbbbbbbbbbb&zona=Zona+Norte,200,52.988,
2026-08-31T03:53:25.596565+00:00,GET,http://localhost:3000/logistics/tenderos/productos-disponibles?tiendaId=bbbbbbbb-bbbb-4bbb-8bbb-bbbbbbbbbbbb&zona=Zona+Norte,200,52.081,
2026-08-31T03:53:25.646554+00:00,GET,http://localhost:3000/logistics/tenderos/productos-disponibles?tiendaId=bbbbbbbb-bbbb-4bbb-8bbb-bbbbbbbbbbbb&zona=Zona+Norte,200,53.556,
2026-08-31T03:53:25.696569+00:00,GET,http://localhost:3000/logistics/tenderos/productos-disponibles?tiendaId=bbbbbbbb-bbbb-4bbb-8bbb-bbbbbbbbbbbb&zona=Zona+Norte,200,50.075,
2026-08-31T03:53:25.746690+00:00,GET,http://localhost:3000/logistics/tenderos/productos-disponibles?tiendaId=bbbbbbbb-bbbb-4bbb-8bbb-bbbbbbbbbbbb&zona=Zona+Norte,200,49.814,
2026-08-31T03:53:25.796531+00:00,GET,http://localhost:3000/logistics/tenderos/productos-disponibles?tiendaId=bbbbbbbb-bbbb-4bbb-8bbb-bbbbbbbbbbbb&zona=Zona+Norte,200,52.059,
2026-08-31T03:53:25.846595+00:00,GET,http://localhost:3000/logistics/tenderos/productos-disponibles?tiendaId=bbbbbbbb-bbbb-4bbb-8bbb-bbbbbbbbbbbb&zona=Zona+Norte,200,53.660,
2026-08-31T03:53:25.896599+00:00,GET,http://localhost:3000/logistics/tenderos/productos-disponibles?tiendaId=bbbbbbbb-bbbb-4bbb-8bbb-bbbbbbbbbbbb&zona=Zona+Norte,200,52.305,
2026-08-31T03:53:25.946206+00:00,GET,http://localhost:3000/logistics/tenderos/productos-disponibles?tiendaId=bbbbbbbb-bbbb-4bbb-8bbb-bbbbbbbbbbbb&zona=Zona+Norte,200,51.424,
2026-08-31T03:53:25.996443+00:00,GET,http://localhost:3000/logistics/tenderos/productos-disponibles?tiendaId=bbbbbbbb-bbbb-4bbb-8bbb-bbbbbbbbbbbb&zona=Zona+Norte,200,56.142,
2026-08-31T03:53:26.046389+00:00,GET,http://localhost:3000/logistics/tenderos/productos-disponibles?tiendaId=bbbbbbbb-bbbb-4bbb-8bbb-bbbbbbbbbbbb&zona=Zona+Norte,200,51.740,
2026-08-31T03:53:26.096262+00:00,GET,http://localhost:3000/logistics/tenderos/productos-disponibles?tiendaId=bbbbbbbb-bbbb-4bbb-8bbb-bbbbbbbbbbbb&zona=Zona+Norte,200,49.877,
2026-08-31T03:53:26.146170+00:00,GET,http://localhost:3000/logistics/tenderos/productos-disponibles?tiendaId=bbbbbbbb-bbbb-4bbb-8bbb-bbbbbbbbbbbb&zona=Zona+Norte,200,53.943,
2026-08-31T03:53:26.196580+00:00,GET,http://localhost:3000/logistics/tenderos/productos-disponibles?tiendaId=bbbbbbbb-bbbb-4bbb-8bbb-bbbbbbbbbbbb&zona=Zona+Norte,200,56.273,
2026-08-31T03:53:26.246582+00:00,GET,http://localhost:3000/logistics/tenderos/productos-disponibles?tiendaId=bbbbbbbb-bbbb-4bbb-8bbb-bbbbbbbbbbbb&zona=Zona+Norte,200,57.408,
2026-08-31T03:53:26.296577+00:00,GET,http://localhost:3000/logistics/tenderos/productos-disponibles?tiendaId=bbbbbbbb-bbbb-4bbb-8bbb-bbbbbbbbbbbb&zona=Zona+Norte,200,57.256,
2026-08-31T03:53:26.346572+00:00,GET,http://localhost:3000/logistics/tenderos/productos-disponibles?tiendaId=bbbbbbbb-bbbb-4bbb-8bbb-bbbbbbbbbbbb&zona=Zona+Norte,200,52.916,
2026-08-31T03:53:26.396561+00:00,GET,http://localhost:3000/logistics/tenderos/productos-disponibles?tiendaId=bbbbbbbb-bbbb-4bbb-8bbb-bbbbbbbbbbbb&zona=Zona+Norte,200,59.056,
2026-08-31T03:53:26.446559+00:00,GET,http://localhost:3000/logistics/tenderos/productos-disponibles?tiendaId=bbbbbbbb-bbbb-4bbb-8bbb-bbbbbbbbbbbb&zona=Zona+Norte,200,63.522,
2026-08-31T03:53:26.496571+00:00,GET,http://localhost:3000/logistics/tenderos/productos-disponibles?tiendaId=bbbbbbbb-bbbb-4bbb-8bbb-bbbbbbbbbbbb&zona=Zona+Norte,200,51.614,
2026-08-31T03:53:26.546285+00:00,GET,http://localhost:3000/logistics/tenderos/productos-disponibles?tiendaId=bbbbbbbb-bbbb-4bbb-8bbb-bbbbbbbbbbbb&zona=Zona+Norte,200,59.100,
2026-08-31T03:53:26.596369+00:00,GET,http://localhost:3000/logistics/tenderos/productos-disponibles?tiendaId=bbbbbbbb-bbbb-4bbb-8bbb-bbbbbbbbbbbb&zona=Zona+Norte,200,51.379,
2026-08-31T03:53:26.646607+00:00,GET,http://localhost:3000/logistics/tenderos/productos-disponibles?tiendaId=bbbbbbbb-bbbb-4bbb-8bbb-bbbbbbbbbbbb&zona=Zona+Norte,200,49.207,
2026-08-31T03:53:26.695844+00:00,GET,http://localhost:3000/logistics/tenderos/productos-disponibles?tiendaId=bbbbbbbb-bbbb-4bbb-8bbb-bbbbbbbbbbbb&zona=Zona+Norte,200,57.242,
2026-08-31T03:53:26.746233+00:00,GET,http://localhost:3000/logistics/tenderos/productos-disponibles?tiendaId=bbbbbbbb-bbbb-4bbb-8bbb-bbbbbbbbbbbb&zona=Zona+Norte,200,49.839,
2026-08-31T03:53:26.796117+00:00,GET,http://localhost:3000/logistics/tenderos/productos-disponibles?tiendaId=bbbbbbbb-bbbb-4bbb-8bbb-bbbbbbbbbbbb&zona=Zona+Norte,200,50.301,
2026-08-31T03:53:26.846457+00:00,GET,http://localhost:3000/logistics/tenderos/productos-disponibles?tiendaId=bbbbbbbb-bbbb-4bbb-8bbb-bbbbbbbbbbbb&zona=Zona+Norte,200,49.777,
2026-08-31T03:53:26.896272+00:00,GET,http://localhost:3000/logistics/tenderos/productos-disponibles?tiendaId=bbbbbbbb-bbbb-4bbb-8bbb-bbbbbbbbbbbb&zona=Zona+Norte,200,55.036,
2026-08-31T03:53:26.946587+00:00,GET,http://localhost:3000/logistics/tenderos/productos-disponibles?tiendaId=bbbbbbbb-bbbb-4bbb-8bbb-bbbbbbbbbbbb&zona=Zona+Norte,200,54.352,
2026-08-31T03:53:26.996610+00:00,GET,http://localhost:3000/logistics/tenderos/productos-disponibles?tiendaId=bbbbbbbb-bbbb-4bbb-8bbb-bbbbbbbbbbbb&zona=Zona+Norte,200,56.375,
2026-08-31T03:53:27.046379+00:00,GET,http://localhost:3000/logistics/tenderos/productos-disponibles?tiendaId=bbbbbbbb-bbbb-4bbb-8bbb-bbbbbbbbbbbb&zona=Zona+Norte,200,56.141,
2026-08-31T03:53:27.096613+00:00,GET,http://localhost:3000/logistics/tenderos/productos-disponibles?tiendaId=bbbbbbbb-bbbb-4bbb-8bbb-bbbbbbbbbbbb&zona=Zona+Norte,200,57.621,
2026-08-31T03:53:27.146073+00:00,GET,http://localhost:3000/logistics/tenderos/productos-disponibles?tiendaId=bbbbbbbb-bbbb-4bbb-8bbb-bbbbbbbbbbbb&zona=Zona+Norte,200,50.621,
2026-08-31T03:53:27.196742+00:00,GET,http://localhost:3000/logistics/tenderos/productos-disponibles?tiendaId=bbbbbbbb-bbbb-4bbb-8bbb-bbbbbbbbbbbb&zona=Zona+Norte,200,51.805,
2026-08-31T03:53:27.246617+00:00,GET,http://localhost:3000/logistics/tenderos/productos-disponibles?tiendaId=bbbbbbbb-bbbb-4bbb-8bbb-bbbbbbbbbbbb&zona=Zona+Norte,200,51.039,
2026-08-31T03:53:27.296612+00:00,GET,http://localhost:3000/logistics/tenderos/productos-disponibles?tiendaId=bbbbbbbb-bbbb-4bbb-8bbb-bbbbbbbbbbbb&zona=Zona+Norte,200,51.772,
2026-08-31T03:53:27.346619+00:00,GET,http://localhost:3000/logistics/tenderos/productos-disponibles?tiendaId=bbbbbbbb-bbbb-4bbb-8bbb-bbbbbbbbbbbb&zona=Zona+Norte,200,48.770,
2026-08-31T03:53:27.395565+00:00,GET,http://localhost:3000/logistics/tenderos/productos-disponibles?tiendaId=bbbbbbbb-bbbb-4bbb-8bbb-bbbbbbbbbbbb&zona=Zona+Norte,200,51.313,
2026-08-31T03:53:27.445884+00:00,GET,http://localhost:3000/logistics/tenderos/productos-disponibles?tiendaId=bbbbbbbb-bbbb-4bbb-8bbb-bbbbbbbbbbbb&zona=Zona+Norte,200,49.850,
2026-08-31T03:53:27.495773+00:00,GET,http://localhost:3000/logistics/tenderos/productos-disponibles?tiendaId=bbbbbbbb-bbbb-4bbb-8bbb-bbbbbbbbbbbb&zona=Zona+Norte,200,49.556,
2026-08-31T03:53:27.545602+00:00,GET,http://localhost:3000/logistics/tenderos/productos-disponibles?tiendaId=bbbbbbbb-bbbb-4bbb-8bbb-bbbbbbbbbbbb&zona=Zona+Norte,200,51.470,
2026-08-31T03:53:27.596620+00:00,GET,http://localhost:3000/logistics/tenderos/productos-disponibles?tiendaId=bbbbbbbb-bbbb-4bbb-8bbb-bbbbbbbbbbbb&zona=Zona+Norte,200,50.980,
2026-08-31T03:53:27.646696+00:00,GET,http://localhost:3000/logistics/tenderos/productos-disponibles?tiendaId=bbbbbbbb-bbbb-4bbb-8bbb-bbbbbbbbbbbb&zona=Zona+Norte,200,58.271,
2026-08-31T03:53:27.696601+00:00,GET,http://localhost:3000/logistics/tenderos/productos-disponibles?tiendaId=bbbbbbbb-bbbb-4bbb-8bbb-bbbbbbbbbbbb&zona=Zona+Norte,200,59.580,
2026-08-31T03:53:27.746557+00:00,GET,http://localhost:3000/logistics/tenderos/productos-disponibles?tiendaId=bbbbbbbb-bbbb-4bbb-8bbb-bbbbbbbbbbbb&zona=Zona+Norte,200,52.280,
2026-08-31T03:53:27.796619+00:00,GET,http://localhost:3000/logistics/tenderos/productos-disponibles?tiendaId=bbbbbbbb-bbbb-4bbb-8bbb-bbbbbbbbbbbb&zona=Zona+Norte,200,53.989,
2026-08-31T03:53:27.846605+00:00,GET,http://localhost:3000/logistics/tenderos/productos-disponibles?tiendaId=bbbbbbbb-bbbb-4bbb-8bbb-bbbbbbbbbbbb&zona=Zona+Norte,200,51.198,
2026-08-31T03:53:27.896606+00:00,GET,http://localhost:3000/logistics/tenderos/productos-disponibles?tiendaId=bbbbbbbb-bbbb-4bbb-8bbb-bbbbbbbbbbbb&zona=Zona+Norte,200,59.285,
2026-08-31T03:53:27.946569+00:00,GET,http://localhost:3000/logistics/tenderos/productos-disponibles?tiendaId=bbbbbbbb-bbbb-4bbb-8bbb-bbbbbbbbbbbb&zona=Zona+Norte,200,57.410,
2026-08-31T03:53:27.995794+00:00,GET,http://localhost:3000/logistics/tenderos/productos-disponibles?tiendaId=bbbbbbbb-bbbb-4bbb-8bbb-bbbbbbbbbbbb&zona=Zona+Norte,200,54.365,
2026-08-31T03:53:28.046625+00:00,GET,http://localhost:3000/logistics/tenderos/productos-disponibles?tiendaId=bbbbbbbb-bbbb-4bbb-8bbb-bbbbbbbbbbbb&zona=Zona+Norte,200,54.578,
2026-08-31T03:53:28.095739+00:00,GET,http://localhost:3000/logistics/tenderos/productos-disponibles?tiendaId=bbbbbbbb-bbbb-4bbb-8bbb-bbbbbbbbbbbb&zona=Zona+Norte,200,59.102,
2026-08-31T03:53:28.146401+00:00,GET,http://localhost:3000/logistics/tenderos/productos-disponibles?tiendaId=bbbbbbbb-bbbb-4bbb-8bbb-bbbbbbbbbbbb&zona=Zona+Norte,200,59.046,
2026-08-31T03:53:28.196627+00:00,GET,http://localhost:3000/logistics/tenderos/productos-disponibles?tiendaId=bbbbbbbb-bbbb-4bbb-8bbb-bbbbbbbbbbbb&zona=Zona+Norte,200,52.654,
2026-08-31T03:53:28.246664+00:00,GET,http://localhost:3000/logistics/tenderos/productos-disponibles?tiendaId=bbbbbbbb-bbbb-4bbb-8bbb-bbbbbbbbbbbb&zona=Zona+Norte,200,54.832,
2026-08-31T03:53:28.296617+00:00,GET,http://localhost:3000/logistics/tenderos/productos-disponibles?tiendaId=bbbbbbbb-bbbb-4bbb-8bbb-bbbbbbbbbbbb&zona=Zona+Norte,200,60.850,
2026-08-31T03:53:28.346402+00:00,GET,http://localhost:3000/logistics/tenderos/productos-disponibles?tiendaId=bbbbbbbb-bbbb-4bbb-8bbb-bbbbbbbbbbbb&zona=Zona+Norte,200,56.212,
2026-08-31T03:53:28.396638+00:00,GET,http://localhost:3000/logistics/tenderos/productos-disponibles?tiendaId=bbbbbbbb-bbbb-4bbb-8bbb-bbbbbbbbbbbb&zona=Zona+Norte,200,54.076,
2026-08-31T03:53:28.445773+00:00,GET,http://localhost:3000/logistics/tenderos/productos-disponibles?tiendaId=bbbbbbbb-bbbb-4bbb-8bbb-bbbbbbbbbbbb&zona=Zona+Norte,200,52.543,
2026-08-31T03:53:28.496641+00:00,GET,http://localhost:3000/logistics/tenderos/productos-disponibles?tiendaId=bbbbbbbb-bbbb-4bbb-8bbb-bbbbbbbbbbbb&zona=Zona+Norte,200,55.909,
2026-08-31T03:53:28.546649+00:00,GET,http://localhost:3000/logistics/tenderos/productos-disponibles?tiendaId=bbbbbbbb-bbbb-4bbb-8bbb-bbbbbbbbbbbb&zona=Zona+Norte,200,48.540,
2026-08-31T03:53:28.595644+00:00,GET,http://localhost:3000/logistics/tenderos/productos-disponibles?tiendaId=bbbbbbbb-bbbb-4bbb-8bbb-bbbbbbbbbbbb&zona=Zona+Norte,200,51.022,
2026-08-31T03:53:28.646711+00:00,GET,http://localhost:3000/logistics/tenderos/productos-disponibles?tiendaId=bbbbbbbb-bbbb-4bbb-8bbb-bbbbbbbbbbbb&zona=Zona+Norte,200,53.799,
2026-08-31T03:53:28.696650+00:00,GET,http://localhost:3000/logistics/tenderos/productos-disponibles?tiendaId=bbbbbbbb-bbbb-4bbb-8bbb-bbbbbbbbbbbb&zona=Zona+Norte,200,54.769,
2026-08-31T03:53:28.746657+00:00,GET,http://localhost:3000/logistics/tenderos/productos-disponibles?tiendaId=bbbbbbbb-bbbb-4bbb-8bbb-bbbbbbbbbbbb&zona=Zona+Norte,200,53.195,
2026-08-31T03:53:28.796641+00:00,GET,http://localhost:3000/logistics/tenderos/productos-disponibles?tiendaId=bbbbbbbb-bbbb-4bbb-8bbb-bbbbbbbbbbbb&zona=Zona+Norte,200,54.389,
2026-08-31T03:53:28.846644+00:00,GET,http://localhost:3000/logistics/tenderos/productos-disponibles?tiendaId=bbbbbbbb-bbbb-4bbb-8bbb-bbbbbbbbbbbb&zona=Zona+Norte,200,52.277,
2026-08-31T03:53:28.896664+00:00,GET,http://localhost:3000/logistics/tenderos/productos-disponibles?tiendaId=bbbbbbbb-bbbb-4bbb-8bbb-bbbbbbbbbbbb&zona=Zona+Norte,200,53.603,
2026-08-31T03:53:28.946657+00:00,GET,http://localhost:3000/logistics/tenderos/productos-disponibles?tiendaId=bbbbbbbb-bbbb-4bbb-8bbb-bbbbbbbbbbbb&zona=Zona+Norte,200,60.120,
2026-08-31T03:53:28.996421+00:00,GET,http://localhost:3000/logistics/tenderos/productos-disponibles?tiendaId=bbbbbbbb-bbbb-4bbb-8bbb-bbbbbbbbbbbb&zona=Zona+Norte,200,58.226,
2026-08-31T03:53:29.046433+00:00,GET,http://localhost:3000/logistics/tenderos/productos-disponibles?tiendaId=bbbbbbbb-bbbb-4bbb-8bbb-bbbbbbbbbbbb&zona=Zona+Norte,200,53.996,
2026-08-31T03:53:29.096628+00:00,GET,http://localhost:3000/logistics/tenderos/productos-disponibles?tiendaId=bbbbbbbb-bbbb-4bbb-8bbb-bbbbbbbbbbbb&zona=Zona+Norte,200,51.589,
2026-08-31T03:53:29.146418+00:00,GET,http://localhost:3000/logistics/tenderos/productos-disponibles?tiendaId=bbbbbbbb-bbbb-4bbb-8bbb-bbbbbbbbbbbb&zona=Zona+Norte,200,50.002,
2026-08-31T03:53:29.196459+00:00,GET,http://localhost:3000/logistics/tenderos/productos-disponibles?tiendaId=bbbbbbbb-bbbb-4bbb-8bbb-bbbbbbbbbbbb&zona=Zona+Norte,200,50.051,
2026-08-31T03:53:29.246543+00:00,GET,http://localhost:3000/logistics/tenderos/productos-disponibles?tiendaId=bbbbbbbb-bbbb-4bbb-8bbb-bbbbbbbbbbbb&zona=Zona+Norte,200,49.255,
2026-08-31T03:53:29.295827+00:00,GET,http://localhost:3000/logistics/tenderos/productos-disponibles?tiendaId=bbbbbbbb-bbbb-4bbb-8bbb-bbbbbbbbbbbb&zona=Zona+Norte,200,53.341,
2026-08-31T03:53:29.346677+00:00,GET,http://localhost:3000/logistics/tenderos/productos-disponibles?tiendaId=bbbbbbbb-bbbb-4bbb-8bbb-bbbbbbbbbbbb&zona=Zona+Norte,200,55.851,
2026-08-31T03:53:29.396660+00:00,GET,http://localhost:3000/logistics/tenderos/productos-disponibles?tiendaId=bbbbbbbb-bbbb-4bbb-8bbb-bbbbbbbbbbbb&zona=Zona+Norte,200,62.197,
2026-08-31T03:53:29.446402+00:00,GET,http://localhost:3000/logistics/tenderos/productos-disponibles?tiendaId=bbbbbbbb-bbbb-4bbb-8bbb-bbbbbbbbbbbb&zona=Zona+Norte,200,51.325,
2026-08-31T03:53:29.495732+00:00,GET,http://localhost:3000/logistics/tenderos/productos-disponibles?tiendaId=bbbbbbbb-bbbb-4bbb-8bbb-bbbbbbbbbbbb&zona=Zona+Norte,200,53.930,
2026-08-31T03:53:29.546397+00:00,GET,http://localhost:3000/logistics/tenderos/productos-disponibles?tiendaId=bbbbbbbb-bbbb-4bbb-8bbb-bbbbbbbbbbbb&zona=Zona+Norte,200,50.252,
2026-08-31T03:53:29.596672+00:00,GET,http://localhost:3000/logistics/tenderos/productos-disponibles?tiendaId=bbbbbbbb-bbbb-4bbb-8bbb-bbbbbbbbbbbb&zona=Zona+Norte,200,53.238,
2026-08-31T03:53:29.646473+00:00,GET,http://localhost:3000/logistics/tenderos/productos-disponibles?tiendaId=bbbbbbbb-bbbb-4bbb-8bbb-bbbbbbbbbbbb&zona=Zona+Norte,200,55.048,
2026-08-31T03:53:29.696378+00:00,GET,http://localhost:3000/logistics/tenderos/productos-disponibles?tiendaId=bbbbbbbb-bbbb-4bbb-8bbb-bbbbbbbbbbbb&zona=Zona+Norte,200,54.582,
2026-08-31T03:53:29.746698+00:00,GET,http://localhost:3000/logistics/tenderos/productos-disponibles?tiendaId=bbbbbbbb-bbbb-4bbb-8bbb-bbbbbbbbbbbb&zona=Zona+Norte,200,54.608,
2026-08-31T03:53:29.796454+00:00,GET,http://localhost:3000/logistics/tenderos/productos-disponibles?tiendaId=bbbbbbbb-bbbb-4bbb-8bbb-bbbbbbbbbbbb&zona=Zona+Norte,200,61.084,
2026-08-31T03:53:29.845700+00:00,GET,http://localhost:3000/logistics/tenderos/productos-disponibles?tiendaId=bbbbbbbb-bbbb-4bbb-8bbb-bbbbbbbbbbbb&zona=Zona+Norte,200,60.019,
2026-08-31T03:53:29.896374+00:00,GET,http://localhost:3000/logistics/tenderos/productos-disponibles?tiendaId=bbbbbbbb-bbbb-4bbb-8bbb-bbbbbbbbbbbb&zona=Zona+Norte,200,51.321,
2026-08-31T03:53:29.946653+00:00,GET,http://localhost:3000/logistics/tenderos/productos-disponibles?tiendaId=bbbbbbbb-bbbb-4bbb-8bbb-bbbbbbbbbbbb&zona=Zona+Norte,200,51.722,
2026-08-31T03:53:29.996642+00:00,GET,http://localhost:3000/logistics/tenderos/productos-disponibles?tiendaId=bbbbbbbb-bbbb-4bbb-8bbb-bbbbbbbbbbbb&zona=Zona+Norte,200,53.928,
2026-08-31T03:53:30.046418+00:00,GET,http://localhost:3000/logistics/tenderos/productos-disponibles?tiendaId=bbbbbbbb-bbbb-4bbb-8bbb-bbbbbbbbbbbb&zona=Zona+Norte,200,54.972,
2026-08-31T03:53:30.096662+00:00,GET,http://localhost:3000/logistics/tenderos/productos-disponibles?tiendaId=bbbbbbbb-bbbb-4bbb-8bbb-bbbbbbbbbbbb&zona=Zona+Norte,200,54.566,
2026-08-31T03:53:30.146646+00:00,GET,http://localhost:3000/logistics/tenderos/productos-disponibles?tiendaId=bbbbbbbb-bbbb-4bbb-8bbb-bbbbbbbbbbbb&zona=Zona+Norte,200,51.020,
2026-08-31T03:53:30.196383+00:00,GET,http://localhost:3000/logistics/tenderos/productos-disponibles?tiendaId=bbbbbbbb-bbbb-4bbb-8bbb-bbbbbbbbbbbb&zona=Zona+Norte,200,51.266,
2026-08-31T03:53:30.246511+00:00,GET,http://localhost:3000/logistics/tenderos/productos-disponibles?tiendaId=bbbbbbbb-bbbb-4bbb-8bbb-bbbbbbbbbbbb&zona=Zona+Norte,200,52.093,
2026-08-31T03:53:30.296689+00:00,GET,http://localhost:3000/logistics/tenderos/productos-disponibles?tiendaId=bbbbbbbb-bbbb-4bbb-8bbb-bbbbbbbbbbbb&zona=Zona+Norte,200,53.451,
2026-08-31T03:53:30.346671+00:00,GET,http://localhost:3000/logistics/tenderos/productos-disponibles?tiendaId=bbbbbbbb-bbbb-4bbb-8bbb-bbbbbbbbbbbb&zona=Zona+Norte,200,56.354,
2026-08-31T03:53:30.396688+00:00,GET,http://localhost:3000/logistics/tenderos/productos-disponibles?tiendaId=bbbbbbbb-bbbb-4bbb-8bbb-bbbbbbbbbbbb&zona=Zona+Norte,200,50.870,
2026-08-31T03:53:30.446695+00:00,GET,http://localhost:3000/logistics/tenderos/productos-disponibles?tiendaId=bbbbbbbb-bbbb-4bbb-8bbb-bbbbbbbbbbbb&zona=Zona+Norte,200,55.020,
2026-08-31T03:53:30.496670+00:00,GET,http://localhost:3000/logistics/tenderos/productos-disponibles?tiendaId=bbbbbbbb-bbbb-4bbb-8bbb-bbbbbbbbbbbb&zona=Zona+Norte,200,54.126,
2026-08-31T03:53:30.545860+00:00,GET,http://localhost:3000/logistics/tenderos/productos-disponibles?tiendaId=bbbbbbbb-bbbb-4bbb-8bbb-bbbbbbbbbbbb&zona=Zona+Norte,200,50.879,
2026-08-31T03:53:30.596401+00:00,GET,http://localhost:3000/logistics/tenderos/productos-disponibles?tiendaId=bbbbbbbb-bbbb-4bbb-8bbb-bbbbbbbbbbbb&zona=Zona+Norte,200,51.027,
2026-08-31T03:53:30.646438+00:00,GET,http://localhost:3000/logistics/tenderos/productos-disponibles?tiendaId=bbbbbbbb-bbbb-4bbb-8bbb-bbbbbbbbbbbb&zona=Zona+Norte,200,50.273,
2026-08-31T03:53:30.696732+00:00,GET,http://localhost:3000/logistics/tenderos/productos-disponibles?tiendaId=bbbbbbbb-bbbb-4bbb-8bbb-bbbbbbbbbbbb&zona=Zona+Norte,200,50.918,
2026-08-31T03:53:30.746681+00:00,GET,http://localhost:3000/logistics/tenderos/productos-disponibles?tiendaId=bbbbbbbb-bbbb-4bbb-8bbb-bbbbbbbbbbbb&zona=Zona+Norte,200,52.975,
2026-08-31T03:53:30.796672+00:00,GET,http://localhost:3000/logistics/tenderos/productos-disponibles?tiendaId=bbbbbbbb-bbbb-4bbb-8bbb-bbbbbbbbbbbb&zona=Zona+Norte,200,60.009,
2026-08-31T03:53:30.846714+00:00,GET,http://localhost:3000/logistics/tenderos/productos-disponibles?tiendaId=bbbbbbbb-bbbb-4bbb-8bbb-bbbbbbbbbbbb&zona=Zona+Norte,200,53.329,
2026-08-31T03:53:30.896682+00:00,GET,http://localhost:3000/logistics/tenderos/productos-disponibles?tiendaId=bbbbbbbb-bbbb-4bbb-8bbb-bbbbbbbbbbbb&zona=Zona+Norte,200,56.012,
2026-08-31T03:53:30.946691+00:00,GET,http://localhost:3000/logistics/tenderos/productos-disponibles?tiendaId=bbbbbbbb-bbbb-4bbb-8bbb-bbbbbbbbbbbb&zona=Zona+Norte,200,51.591,
2026-08-31T03:53:30.996404+00:00,GET,http://localhost:3000/logistics/tenderos/productos-disponibles?tiendaId=bbbbbbbb-bbbb-4bbb-8bbb-bbbbbbbbbbbb&zona=Zona+Norte,200,54.770,
2026-08-31T03:53:31.046691+00:00,GET,http://localhost:3000/logistics/tenderos/productos-disponibles?tiendaId=bbbbbbbb-bbbb-4bbb-8bbb-bbbbbbbbbbbb&zona=Zona+Norte,200,54.929,
2026-08-31T03:53:31.096694+00:00,GET,http://localhost:3000/logistics/tenderos/productos-disponibles?tiendaId=bbbbbbbb-bbbb-4bbb-8bbb-bbbbbbbbbbbb&zona=Zona+Norte,200,62.339,
2026-08-31T03:53:31.146411+00:00,GET,http://localhost:3000/logistics/tenderos/productos-disponibles?tiendaId=bbbbbbbb-bbbb-4bbb-8bbb-bbbbbbbbbbbb&zona=Zona+Norte,200,58.327,
2026-08-31T03:53:31.196699+00:00,GET,http://localhost:3000/logistics/tenderos/productos-disponibles?tiendaId=bbbbbbbb-bbbb-4bbb-8bbb-bbbbbbbbbbbb&zona=Zona+Norte,200,53.788,
2026-08-31T03:53:31.246692+00:00,GET,http://localhost:3000/logistics/tenderos/productos-disponibles?tiendaId=bbbbbbbb-bbbb-4bbb-8bbb-bbbbbbbbbbbb&zona=Zona+Norte,200,51.985,
2026-08-31T03:53:31.296683+00:00,GET,http://localhost:3000/logistics/tenderos/productos-disponibles?tiendaId=bbbbbbbb-bbbb-4bbb-8bbb-bbbbbbbbbbbb&zona=Zona+Norte,200,52.996,
2026-08-31T03:53:31.346703+00:00,GET,http://localhost:3000/logistics/tenderos/productos-disponibles?tiendaId=bbbbbbbb-bbbb-4bbb-8bbb-bbbbbbbbbbbb&zona=Zona+Norte,200,52.003,
2026-08-31T03:53:31.396688+00:00,GET,http://localhost:3000/logistics/tenderos/productos-disponibles?tiendaId=bbbbbbbb-bbbb-4bbb-8bbb-bbbbbbbbbbbb&zona=Zona+Norte,200,51.299,
2026-08-31T03:53:31.446708+00:00,GET,http://localhost:3000/logistics/tenderos/productos-disponibles?tiendaId=bbbbbbbb-bbbb-4bbb-8bbb-bbbbbbbbbbbb&zona=Zona+Norte,200,53.236,
2026-08-31T03:53:31.496088+00:00,GET,http://localhost:3000/logistics/tenderos/productos-disponibles?tiendaId=bbbbbbbb-bbbb-4bbb-8bbb-bbbbbbbbbbbb&zona=Zona+Norte,200,55.492,
2026-08-31T03:53:31.546437+00:00,GET,http://localhost:3000/logistics/tenderos/productos-disponibles?tiendaId=bbbbbbbb-bbbb-4bbb-8bbb-bbbbbbbbbbbb&zona=Zona+Norte,200,52.055,
2026-08-31T03:53:31.596685+00:00,GET,http://localhost:3000/logistics/tenderos/productos-disponibles?tiendaId=bbbbbbbb-bbbb-4bbb-8bbb-bbbbbbbbbbbb&zona=Zona+Norte,200,50.727,
2026-08-31T03:53:31.646743+00:00,GET,http://localhost:3000/logistics/tenderos/productos-disponibles?tiendaId=bbbbbbbb-bbbb-4bbb-8bbb-bbbbbbbbbbbb&zona=Zona+Norte,200,51.935,
2026-08-31T03:53:31.696724+00:00,GET,http://localhost:3000/logistics/tenderos/productos-disponibles?tiendaId=bbbbbbbb-bbbb-4bbb-8bbb-bbbbbbbbbbbb&zona=Zona+Norte,200,54.196,
2026-08-31T03:53:31.745868+00:00,GET,http://localhost:3000/logistics/tenderos/productos-disponibles?tiendaId=bbbbbbbb-bbbb-4bbb-8bbb-bbbbbbbbbbbb&zona=Zona+Norte,200,52.402,
2026-08-31T03:53:31.796721+00:00,GET,http://localhost:3000/logistics/tenderos/productos-disponibles?tiendaId=bbbbbbbb-bbbb-4bbb-8bbb-bbbbbbbbbbbb&zona=Zona+Norte,200,51.698,
2026-08-31T03:53:31.846233+00:00,GET,http://localhost:3000/logistics/tenderos/productos-disponibles?tiendaId=bbbbbbbb-bbbb-4bbb-8bbb-bbbbbbbbbbbb&zona=Zona+Norte,200,51.795,
2026-08-31T03:53:31.896689+00:00,GET,http://localhost:3000/logistics/tenderos/productos-disponibles?tiendaId=bbbbbbbb-bbbb-4bbb-8bbb-bbbbbbbbbbbb&zona=Zona+Norte,200,55.363,
2026-08-31T03:53:31.946713+00:00,GET,http://localhost:3000/logistics/tenderos/productos-disponibles?tiendaId=bbbbbbbb-bbbb-4bbb-8bbb-bbbbbbbbbbbb&zona=Zona+Norte,200,52.404,
2026-08-31T03:53:31.996711+00:00,GET,http://localhost:3000/logistics/tenderos/productos-disponibles?tiendaId=bbbbbbbb-bbbb-4bbb-8bbb-bbbbbbbbbbbb&zona=Zona+Norte,200,51.879,
2026-08-31T03:53:32.046729+00:00,GET,http://localhost:3000/logistics/tenderos/productos-disponibles?tiendaId=bbbbbbbb-bbbb-4bbb-8bbb-bbbbbbbbbbbb&zona=Zona+Norte,200,52.202,
2026-08-31T03:53:32.096710+00:00,GET,http://localhost:3000/logistics/tenderos/productos-disponibles?tiendaId=bbbbbbbb-bbbb-4bbb-8bbb-bbbbbbbbbbbb&zona=Zona+Norte,200,52.648,
2026-08-31T03:53:32.146608+00:00,GET,http://localhost:3000/logistics/tenderos/productos-disponibles?tiendaId=bbbbbbbb-bbbb-4bbb-8bbb-bbbbbbbbbbbb&zona=Zona+Norte,200,51.491,
2026-08-31T03:53:32.196599+00:00,GET,http://localhost:3000/logistics/tenderos/productos-disponibles?tiendaId=bbbbbbbb-bbbb-4bbb-8bbb-bbbbbbbbbbbb&zona=Zona+Norte,200,53.242,
2026-08-31T03:53:32.246713+00:00,GET,http://localhost:3000/logistics/tenderos/productos-disponibles?tiendaId=bbbbbbbb-bbbb-4bbb-8bbb-bbbbbbbbbbbb&zona=Zona+Norte,200,56.118,
2026-08-31T03:53:32.296730+00:00,GET,http://localhost:3000/logistics/tenderos/productos-disponibles?tiendaId=bbbbbbbb-bbbb-4bbb-8bbb-bbbbbbbbbbbb&zona=Zona+Norte,200,51.958,
2026-08-31T03:53:32.346726+00:00,GET,http://localhost:3000/logistics/tenderos/productos-disponibles?tiendaId=bbbbbbbb-bbbb-4bbb-8bbb-bbbbbbbbbbbb&zona=Zona+Norte,200,54.117,
2026-08-31T03:53:32.396743+00:00,GET,http://localhost:3000/logistics/tenderos/productos-disponibles?tiendaId=bbbbbbbb-bbbb-4bbb-8bbb-bbbbbbbbbbbb&zona=Zona+Norte,200,52.169,
2026-08-31T03:53:32.446732+00:00,GET,http://localhost:3000/logistics/tenderos/productos-disponibles?tiendaId=bbbbbbbb-bbbb-4bbb-8bbb-bbbbbbbbbbbb&zona=Zona+Norte,200,51.479,
2026-08-31T03:53:32.496330+00:00,GET,http://localhost:3000/logistics/tenderos/productos-disponibles?tiendaId=bbbbbbbb-bbbb-4bbb-8bbb-bbbbbbbbbbbb&zona=Zona+Norte,200,52.560,
2026-08-31T03:53:32.546467+00:00,GET,http://localhost:3000/logistics/tenderos/productos-disponibles?tiendaId=bbbbbbbb-bbbb-4bbb-8bbb-bbbbbbbbbbbb&zona=Zona+Norte,200,53.266,
2026-08-31T03:53:32.596442+00:00,GET,http://localhost:3000/logistics/tenderos/productos-disponibles?tiendaId=bbbbbbbb-bbbb-4bbb-8bbb-bbbbbbbbbbbb&zona=Zona+Norte,200,53.403,
2026-08-31T03:53:32.646794+00:00,GET,http://localhost:3000/logistics/tenderos/productos-disponibles?tiendaId=bbbbbbbb-bbbb-4bbb-8bbb-bbbbbbbbbbbb&zona=Zona+Norte,200,49.835,
2026-08-31T03:53:32.696145+00:00,GET,http://localhost:3000/logistics/tenderos/productos-disponibles?tiendaId=bbbbbbbb-bbbb-4bbb-8bbb-bbbbbbbbbbbb&zona=Zona+Norte,200,50.512,
2026-08-31T03:53:32.746707+00:00,GET,http://localhost:3000/logistics/tenderos/productos-disponibles?tiendaId=bbbbbbbb-bbbb-4bbb-8bbb-bbbbbbbbbbbb&zona=Zona+Norte,200,52.248,
2026-08-31T03:53:32.796747+00:00,GET,http://localhost:3000/logistics/tenderos/productos-disponibles?tiendaId=bbbbbbbb-bbbb-4bbb-8bbb-bbbbbbbbbbbb&zona=Zona+Norte,200,52.231,
2026-08-31T03:53:32.846761+00:00,GET,http://localhost:3000/logistics/tenderos/productos-disponibles?tiendaId=bbbbbbbb-bbbb-4bbb-8bbb-bbbbbbbbbbbb&zona=Zona+Norte,200,52.695,
2026-08-31T03:53:32.896744+00:00,GET,http://localhost:3000/logistics/tenderos/productos-disponibles?tiendaId=bbbbbbbb-bbbb-4bbb-8bbb-bbbbbbbbbbbb&zona=Zona+Norte,200,52.287,
2026-08-31T03:53:32.946783+00:00,GET,http://localhost:3000/logistics/tenderos/productos-disponibles?tiendaId=bbbbbbbb-bbbb-4bbb-8bbb-bbbbbbbbbbbb&zona=Zona+Norte,200,53.262,
2026-08-31T03:53:32.996439+00:00,GET,http://localhost:3000/logistics/tenderos/productos-disponibles?tiendaId=bbbbbbbb-bbbb-4bbb-8bbb-bbbbbbbbbbbb&zona=Zona+Norte,200,54.564,
2026-08-31T03:53:33.046749+00:00,GET,http://localhost:3000/logistics/tenderos/productos-disponibles?tiendaId=bbbbbbbb-bbbb-4bbb-8bbb-bbbbbbbbbbbb&zona=Zona+Norte,200,51.898,
2026-08-31T03:53:33.096754+00:00,GET,http://localhost:3000/logistics/tenderos/productos-disponibles?tiendaId=bbbbbbbb-bbbb-4bbb-8bbb-bbbbbbbbbbbb&zona=Zona+Norte,200,50.171,
2026-08-31T03:53:33.146968+00:00,GET,http://localhost:3000/logistics/tenderos/productos-disponibles?tiendaId=bbbbbbbb-bbbb-4bbb-8bbb-bbbbbbbbbbbb&zona=Zona+Norte,200,51.789,
2026-08-31T03:53:33.196761+00:00,GET,http://localhost:3000/logistics/tenderos/productos-disponibles?tiendaId=bbbbbbbb-bbbb-4bbb-8bbb-bbbbbbbbbbbb&zona=Zona+Norte,200,52.665,
2026-08-31T03:53:33.246748+00:00,GET,http://localhost:3000/logistics/tenderos/productos-disponibles?tiendaId=bbbbbbbb-bbbb-4bbb-8bbb-bbbbbbbbbbbb&zona=Zona+Norte,200,50.427,
2026-08-31T03:53:33.296775+00:00,GET,http://localhost:3000/logistics/tenderos/productos-disponibles?tiendaId=bbbbbbbb-bbbb-4bbb-8bbb-bbbbbbbbbbbb&zona=Zona+Norte,200,53.301,
2026-08-31T03:53:33.346785+00:00,GET,http://localhost:3000/logistics/tenderos/productos-disponibles?tiendaId=bbbbbbbb-bbbb-4bbb-8bbb-bbbbbbbbbbbb&zona=Zona+Norte,200,50.651,
2026-08-31T03:53:33.396034+00:00,GET,http://localhost:3000/logistics/tenderos/productos-disponibles?tiendaId=bbbbbbbb-bbbb-4bbb-8bbb-bbbbbbbbbbbb&zona=Zona+Norte,200,50.681,
2026-08-31T03:53:33.446753+00:00,GET,http://localhost:3000/logistics/tenderos/productos-disponibles?tiendaId=bbbbbbbb-bbbb-4bbb-8bbb-bbbbbbbbbbbb&zona=Zona+Norte,200,51.427,
2026-08-31T03:53:33.496405+00:00,GET,http://localhost:3000/logistics/tenderos/productos-disponibles?tiendaId=bbbbbbbb-bbbb-4bbb-8bbb-bbbbbbbbbbbb&zona=Zona+Norte,200,53.502,
2026-08-31T03:53:33.546774+00:00,GET,http://localhost:3000/logistics/tenderos/productos-disponibles?tiendaId=bbbbbbbb-bbbb-4bbb-8bbb-bbbbbbbbbbbb&zona=Zona+Norte,200,52.152,
2026-08-31T03:53:33.596765+00:00,GET,http://localhost:3000/logistics/tenderos/productos-disponibles?tiendaId=bbbbbbbb-bbbb-4bbb-8bbb-bbbbbbbbbbbb&zona=Zona+Norte,200,50.587,
2026-08-31T03:53:33.646843+00:00,GET,http://localhost:3000/logistics/tenderos/productos-disponibles?tiendaId=bbbbbbbb-bbbb-4bbb-8bbb-bbbbbbbbbbbb&zona=Zona+Norte,200,51.117,
2026-08-31T03:53:33.696771+00:00,GET,http://localhost:3000/logistics/tenderos/productos-disponibles?tiendaId=bbbbbbbb-bbbb-4bbb-8bbb-bbbbbbbbbbbb&zona=Zona+Norte,200,50.303,
2026-08-31T03:53:33.746756+00:00,GET,http://localhost:3000/logistics/tenderos/productos-disponibles?tiendaId=bbbbbbbb-bbbb-4bbb-8bbb-bbbbbbbbbbbb&zona=Zona+Norte,200,50.492,
2026-08-31T03:53:33.796783+00:00,GET,http://localhost:3000/logistics/tenderos/productos-disponibles?tiendaId=bbbbbbbb-bbbb-4bbb-8bbb-bbbbbbbbbbbb&zona=Zona+Norte,200,55.022,
2026-08-31T03:53:33.846760+00:00,GET,http://localhost:3000/logistics/tenderos/productos-disponibles?tiendaId=bbbbbbbb-bbbb-4bbb-8bbb-bbbbbbbbbbbb&zona=Zona+Norte,200,56.625,
2026-08-31T03:53:33.896839+00:00,GET,http://localhost:3000/logistics/tenderos/productos-disponibles?tiendaId=bbbbbbbb-bbbb-4bbb-8bbb-bbbbbbbbbbbb&zona=Zona+Norte,200,56.282,
2026-08-31T03:53:33.946754+00:00,GET,http://localhost:3000/logistics/tenderos/productos-disponibles?tiendaId=bbbbbbbb-bbbb-4bbb-8bbb-bbbbbbbbbbbb&zona=Zona+Norte,200,54.039,
2026-08-31T03:53:33.996753+00:00,GET,http://localhost:3000/logistics/tenderos/productos-disponibles?tiendaId=bbbbbbbb-bbbb-4bbb-8bbb-bbbbbbbbbbbb&zona=Zona+Norte,200,51.772,
2026-08-31T03:53:34.046785+00:00,GET,http://localhost:3000/logistics/tenderos/productos-disponibles?tiendaId=bbbbbbbb-bbbb-4bbb-8bbb-bbbbbbbbbbbb&zona=Zona+Norte,200,58.388,
2026-08-31T03:53:34.096777+00:00,GET,http://localhost:3000/logistics/tenderos/productos-disponibles?tiendaId=bbbbbbbb-bbbb-4bbb-8bbb-bbbbbbbbbbbb&zona=Zona+Norte,200,58.604,
2026-08-31T03:53:34.145923+00:00,GET,http://localhost:3000/logistics/tenderos/productos-disponibles?tiendaId=bbbbbbbb-bbbb-4bbb-8bbb-bbbbbbbbbbbb&zona=Zona+Norte,200,61.008,
2026-08-31T03:53:34.196462+00:00,GET,http://localhost:3000/logistics/tenderos/productos-disponibles?tiendaId=bbbbbbbb-bbbb-4bbb-8bbb-bbbbbbbbbbbb&zona=Zona+Norte,200,56.043,
2026-08-31T03:53:34.246456+00:00,GET,http://localhost:3000/logistics/tenderos/productos-disponibles?tiendaId=bbbbbbbb-bbbb-4bbb-8bbb-bbbbbbbbbbbb&zona=Zona+Norte,200,57.824,
2026-08-31T03:53:34.296754+00:00,GET,http://localhost:3000/logistics/tenderos/productos-disponibles?tiendaId=bbbbbbbb-bbbb-4bbb-8bbb-bbbbbbbbbbbb&zona=Zona+Norte,200,54.286,
2026-08-31T03:53:34.345873+00:00,GET,http://localhost:3000/logistics/tenderos/productos-disponibles?tiendaId=bbbbbbbb-bbbb-4bbb-8bbb-bbbbbbbbbbbb&zona=Zona+Norte,200,51.578,
2026-08-31T03:53:34.396772+00:00,GET,http://localhost:3000/logistics/tenderos/productos-disponibles?tiendaId=bbbbbbbb-bbbb-4bbb-8bbb-bbbbbbbbbbbb&zona=Zona+Norte,200,55.365,
2026-08-31T03:53:34.446769+00:00,GET,http://localhost:3000/logistics/tenderos/productos-disponibles?tiendaId=bbbbbbbb-bbbb-4bbb-8bbb-bbbbbbbbbbbb&zona=Zona+Norte,200,53.276,
2026-08-31T03:53:34.496763+00:00,GET,http://localhost:3000/logistics/tenderos/productos-disponibles?tiendaId=bbbbbbbb-bbbb-4bbb-8bbb-bbbbbbbbbbbb&zona=Zona+Norte,200,52.598,
2026-08-31T03:53:34.546451+00:00,GET,http://localhost:3000/logistics/tenderos/productos-disponibles?tiendaId=bbbbbbbb-bbbb-4bbb-8bbb-bbbbbbbbbbbb&zona=Zona+Norte,200,59.015,
2026-08-31T03:53:34.596435+00:00,GET,http://localhost:3000/logistics/tenderos/productos-disponibles?tiendaId=bbbbbbbb-bbbb-4bbb-8bbb-bbbbbbbbbbbb&zona=Zona+Norte,200,63.064,
2026-08-31T03:53:34.646566+00:00,GET,http://localhost:3000/logistics/tenderos/productos-disponibles?tiendaId=bbbbbbbb-bbbb-4bbb-8bbb-bbbbbbbbbbbb&zona=Zona+Norte,200,54.315,
2026-08-31T03:53:34.696799+00:00,GET,http://localhost:3000/logistics/tenderos/productos-disponibles?tiendaId=bbbbbbbb-bbbb-4bbb-8bbb-bbbbbbbbbbbb&zona=Zona+Norte,200,55.235,
2026-08-31T03:53:34.746799+00:00,GET,http://localhost:3000/logistics/tenderos/productos-disponibles?tiendaId=bbbbbbbb-bbbb-4bbb-8bbb-bbbbbbbbbbbb&zona=Zona+Norte,200,52.457,
2026-08-31T03:53:34.796420+00:00,GET,http://localhost:3000/logistics/tenderos/productos-disponibles?tiendaId=bbbbbbbb-bbbb-4bbb-8bbb-bbbbbbbbbbbb&zona=Zona+Norte,200,51.847,
2026-08-31T03:53:34.846120+00:00,GET,http://localhost:3000/logistics/tenderos/productos-disponibles?tiendaId=bbbbbbbb-bbbb-4bbb-8bbb-bbbbbbbbbbbb&zona=Zona+Norte,200,59.165,
2026-08-31T03:53:34.896767+00:00,GET,http://localhost:3000/logistics/tenderos/productos-disponibles?tiendaId=bbbbbbbb-bbbb-4bbb-8bbb-bbbbbbbbbbbb&zona=Zona+Norte,200,57.116,
2026-08-31T03:53:34.946779+00:00,GET,http://localhost:3000/logistics/tenderos/productos-disponibles?tiendaId=bbbbbbbb-bbbb-4bbb-8bbb-bbbbbbbbbbbb&zona=Zona+Norte,200,53.494,
2026-08-31T03:53:34.996434+00:00,GET,http://localhost:3000/logistics/tenderos/productos-disponibles?tiendaId=bbbbbbbb-bbbb-4bbb-8bbb-bbbbbbbbbbbb&zona=Zona+Norte,200,54.062,
2026-08-31T03:53:35.046779+00:00,GET,http://localhost:3000/logistics/tenderos/productos-disponibles?tiendaId=bbbbbbbb-bbbb-4bbb-8bbb-bbbbbbbbbbbb&zona=Zona+Norte,200,52.321,
2026-08-31T03:53:35.096790+00:00,GET,http://localhost:3000/logistics/tenderos/productos-disponibles?tiendaId=bbbbbbbb-bbbb-4bbb-8bbb-bbbbbbbbbbbb&zona=Zona+Norte,200,51.464,
2026-08-31T03:53:35.146458+00:00,GET,http://localhost:3000/logistics/tenderos/productos-disponibles?tiendaId=bbbbbbbb-bbbb-4bbb-8bbb-bbbbbbbbbbbb&zona=Zona+Norte,200,54.222,
2026-08-31T03:53:35.196803+00:00,GET,http://localhost:3000/logistics/tenderos/productos-disponibles?tiendaId=bbbbbbbb-bbbb-4bbb-8bbb-bbbbbbbbbbbb&zona=Zona+Norte,200,51.594,
2026-08-31T03:53:35.246784+00:00,GET,http://localhost:3000/logistics/tenderos/productos-disponibles?tiendaId=bbbbbbbb-bbbb-4bbb-8bbb-bbbbbbbbbbbb&zona=Zona+Norte,200,51.863,
2026-08-31T03:53:35.296784+00:00,GET,http://localhost:3000/logistics/tenderos/productos-disponibles?tiendaId=bbbbbbbb-bbbb-4bbb-8bbb-bbbbbbbbbbbb&zona=Zona+Norte,200,50.484,
2026-08-31T03:53:35.346805+00:00,GET,http://localhost:3000/logistics/tenderos/productos-disponibles?tiendaId=bbbbbbbb-bbbb-4bbb-8bbb-bbbbbbbbbbbb&zona=Zona+Norte,200,53.035,
2026-08-31T03:53:35.396354+00:00,GET,http://localhost:3000/logistics/tenderos/productos-disponibles?tiendaId=bbbbbbbb-bbbb-4bbb-8bbb-bbbbbbbbbbbb&zona=Zona+Norte,200,60.110,
2026-08-31T03:53:35.446448+00:00,GET,http://localhost:3000/logistics/tenderos/productos-disponibles?tiendaId=bbbbbbbb-bbbb-4bbb-8bbb-bbbbbbbbbbbb&zona=Zona+Norte,200,51.620,
2026-08-31T03:53:35.496787+00:00,GET,http://localhost:3000/logistics/tenderos/productos-disponibles?tiendaId=bbbbbbbb-bbbb-4bbb-8bbb-bbbbbbbbbbbb&zona=Zona+Norte,200,52.450,
2026-08-31T03:53:35.546791+00:00,GET,http://localhost:3000/logistics/tenderos/productos-disponibles?tiendaId=bbbbbbbb-bbbb-4bbb-8bbb-bbbbbbbbbbbb&zona=Zona+Norte,200,51.681,
2026-08-31T03:53:35.596624+00:00,GET,http://localhost:3000/logistics/tenderos/productos-disponibles?tiendaId=bbbbbbbb-bbbb-4bbb-8bbb-bbbbbbbbbbbb&zona=Zona+Norte,200,53.548,
2026-08-31T03:53:35.645876+00:00,GET,http://localhost:3000/logistics/tenderos/productos-disponibles?tiendaId=bbbbbbbb-bbbb-4bbb-8bbb-bbbbbbbbbbbb&zona=Zona+Norte,200,53.436,
2026-08-31T03:53:35.696815+00:00,GET,http://localhost:3000/logistics/tenderos/productos-disponibles?tiendaId=bbbbbbbb-bbbb-4bbb-8bbb-bbbbbbbbbbbb&zona=Zona+Norte,200,50.969,
2026-08-31T03:53:35.746387+00:00,GET,http://localhost:3000/logistics/tenderos/productos-disponibles?tiendaId=bbbbbbbb-bbbb-4bbb-8bbb-bbbbbbbbbbbb&zona=Zona+Norte,200,54.246,
2026-08-31T03:53:35.796813+00:00,GET,http://localhost:3000/logistics/tenderos/productos-disponibles?tiendaId=bbbbbbbb-bbbb-4bbb-8bbb-bbbbbbbbbbbb&zona=Zona+Norte,200,52.553,
2026-08-31T03:53:35.846818+00:00,GET,http://localhost:3000/logistics/tenderos/productos-disponibles?tiendaId=bbbbbbbb-bbbb-4bbb-8bbb-bbbbbbbbbbbb&zona=Zona+Norte,200,51.936,
2026-08-31T03:53:35.896826+00:00,GET,http://localhost:3000/logistics/tenderos/productos-disponibles?tiendaId=bbbbbbbb-bbbb-4bbb-8bbb-bbbbbbbbbbbb&zona=Zona+Norte,200,51.709,
2026-08-31T03:53:35.946457+00:00,GET,http://localhost:3000/logistics/tenderos/productos-disponibles?tiendaId=bbbbbbbb-bbbb-4bbb-8bbb-bbbbbbbbbbbb&zona=Zona+Norte,200,58.187,
2026-08-31T03:53:35.996793+00:00,GET,http://localhost:3000/logistics/tenderos/productos-disponibles?tiendaId=bbbbbbbb-bbbb-4bbb-8bbb-bbbbbbbbbbbb&zona=Zona+Norte,200,58.079,
2026-08-31T03:53:36.046800+00:00,GET,http://localhost:3000/logistics/tenderos/productos-disponibles?tiendaId=bbbbbbbb-bbbb-4bbb-8bbb-bbbbbbbbbbbb&zona=Zona+Norte,200,51.850,
2026-08-31T03:53:36.096802+00:00,GET,http://localhost:3000/logistics/tenderos/productos-disponibles?tiendaId=bbbbbbbb-bbbb-4bbb-8bbb-bbbbbbbbbbbb&zona=Zona+Norte,200,53.982,
2026-08-31T03:53:36.146806+00:00,GET,http://localhost:3000/logistics/tenderos/productos-disponibles?tiendaId=bbbbbbbb-bbbb-4bbb-8bbb-bbbbbbbbbbbb&zona=Zona+Norte,200,52.440,
2026-08-31T03:53:36.196829+00:00,GET,http://localhost:3000/logistics/tenderos/productos-disponibles?tiendaId=bbbbbbbb-bbbb-4bbb-8bbb-bbbbbbbbbbbb&zona=Zona+Norte,200,52.898,
2026-08-31T03:53:36.246797+00:00,GET,http://localhost:3000/logistics/tenderos/productos-disponibles?tiendaId=bbbbbbbb-bbbb-4bbb-8bbb-bbbbbbbbbbbb&zona=Zona+Norte,200,51.455,
2026-08-31T03:53:36.296796+00:00,GET,http://localhost:3000/logistics/tenderos/productos-disponibles?tiendaId=bbbbbbbb-bbbb-4bbb-8bbb-bbbbbbbbbbbb&zona=Zona+Norte,200,53.099,
2026-08-31T03:53:36.346336+00:00,GET,http://localhost:3000/logistics/tenderos/productos-disponibles?tiendaId=bbbbbbbb-bbbb-4bbb-8bbb-bbbbbbbbbbbb&zona=Zona+Norte,200,55.320,
2026-08-31T03:53:36.396805+00:00,GET,http://localhost:3000/logistics/tenderos/productos-disponibles?tiendaId=bbbbbbbb-bbbb-4bbb-8bbb-bbbbbbbbbbbb&zona=Zona+Norte,200,51.495,
2026-08-31T03:53:36.446511+00:00,GET,http://localhost:3000/logistics/tenderos/productos-disponibles?tiendaId=bbbbbbbb-bbbb-4bbb-8bbb-bbbbbbbbbbbb&zona=Zona+Norte,200,51.390,
2026-08-31T03:53:36.496836+00:00,GET,http://localhost:3000/logistics/tenderos/productos-disponibles?tiendaId=bbbbbbbb-bbbb-4bbb-8bbb-bbbbbbbbbbbb&zona=Zona+Norte,200,50.278,
2026-08-31T03:53:36.545944+00:00,GET,http://localhost:3000/logistics/tenderos/productos-disponibles?tiendaId=bbbbbbbb-bbbb-4bbb-8bbb-bbbbbbbbbbbb&zona=Zona+Norte,200,52.909,
2026-08-31T03:53:36.596833+00:00,GET,http://localhost:3000/logistics/tenderos/productos-disponibles?tiendaId=bbbbbbbb-bbbb-4bbb-8bbb-bbbbbbbbbbbb&zona=Zona+Norte,200,52.681,
2026-08-31T03:53:36.646512+00:00,GET,http://localhost:3000/logistics/tenderos/productos-disponibles?tiendaId=bbbbbbbb-bbbb-4bbb-8bbb-bbbbbbbbbbbb&zona=Zona+Norte,200,55.165,
2026-08-31T03:53:36.696865+00:00,GET,http://localhost:3000/logistics/tenderos/productos-disponibles?tiendaId=bbbbbbbb-bbbb-4bbb-8bbb-bbbbbbbbbbbb&zona=Zona+Norte,200,52.456,
2026-08-31T03:53:36.746835+00:00,GET,http://localhost:3000/logistics/tenderos/productos-disponibles?tiendaId=bbbbbbbb-bbbb-4bbb-8bbb-bbbbbbbbbbbb&zona=Zona+Norte,200,54.230,
2026-08-31T03:53:36.796850+00:00,GET,http://localhost:3000/logistics/tenderos/productos-disponibles?tiendaId=bbbbbbbb-bbbb-4bbb-8bbb-bbbbbbbbbbbb&zona=Zona+Norte,200,55.596,
2026-08-31T03:53:36.846852+00:00,GET,http://localhost:3000/logistics/tenderos/productos-disponibles?tiendaId=bbbbbbbb-bbbb-4bbb-8bbb-bbbbbbbbbbbb&zona=Zona+Norte,200,54.442,
2026-08-31T03:53:36.896865+00:00,GET,http://localhost:3000/logistics/tenderos/productos-disponibles?tiendaId=bbbbbbbb-bbbb-4bbb-8bbb-bbbbbbbbbbbb&zona=Zona+Norte,200,50.992,
2026-08-31T03:53:36.946071+00:00,GET,http://localhost:3000/logistics/tenderos/productos-disponibles?tiendaId=bbbbbbbb-bbbb-4bbb-8bbb-bbbbbbbbbbbb&zona=Zona+Norte,200,52.797,
2026-08-31T03:53:36.996870+00:00,GET,http://localhost:3000/logistics/tenderos/productos-disponibles?tiendaId=bbbbbbbb-bbbb-4bbb-8bbb-bbbbbbbbbbbb&zona=Zona+Norte,200,51.437,
2026-08-31T03:53:37.046505+00:00,GET,http://localhost:3000/logistics/tenderos/productos-disponibles?tiendaId=bbbbbbbb-bbbb-4bbb-8bbb-bbbbbbbbbbbb&zona=Zona+Norte,200,51.144,
2026-08-31T03:53:37.096878+00:00,GET,http://localhost:3000/logistics/tenderos/productos-disponibles?tiendaId=bbbbbbbb-bbbb-4bbb-8bbb-bbbbbbbbbbbb&zona=Zona+Norte,200,50.173,
2026-08-31T03:53:37.146527+00:00,GET,http://localhost:3000/logistics/tenderos/productos-disponibles?tiendaId=bbbbbbbb-bbbb-4bbb-8bbb-bbbbbbbbbbbb&zona=Zona+Norte,200,57.762,
2026-08-31T03:53:37.196850+00:00,GET,http://localhost:3000/logistics/tenderos/productos-disponibles?tiendaId=bbbbbbbb-bbbb-4bbb-8bbb-bbbbbbbbbbbb&zona=Zona+Norte,200,51.971,
2026-08-31T03:53:37.246387+00:00,GET,http://localhost:3000/logistics/tenderos/productos-disponibles?tiendaId=bbbbbbbb-bbbb-4bbb-8bbb-bbbbbbbbbbbb&zona=Zona+Norte,200,51.322,
2026-08-31T03:53:37.296901+00:00,GET,http://localhost:3000/logistics/tenderos/productos-disponibles?tiendaId=bbbbbbbb-bbbb-4bbb-8bbb-bbbbbbbbbbbb&zona=Zona+Norte,200,63.861,
2026-08-31T03:53:37.346856+00:00,GET,http://localhost:3000/logistics/tenderos/productos-disponibles?tiendaId=bbbbbbbb-bbbb-4bbb-8bbb-bbbbbbbbbbbb&zona=Zona+Norte,200,65.069,
2026-08-31T03:53:37.396848+00:00,GET,http://localhost:3000/logistics/tenderos/productos-disponibles?tiendaId=bbbbbbbb-bbbb-4bbb-8bbb-bbbbbbbbbbbb&zona=Zona+Norte,200,65.599,
2026-08-31T03:53:37.446494+00:00,GET,http://localhost:3000/logistics/tenderos/productos-disponibles?tiendaId=bbbbbbbb-bbbb-4bbb-8bbb-bbbbbbbbbbbb&zona=Zona+Norte,200,58.183,
2026-08-31T03:53:37.496829+00:00,GET,http://localhost:3000/logistics/tenderos/productos-disponibles?tiendaId=bbbbbbbb-bbbb-4bbb-8bbb-bbbbbbbbbbbb&zona=Zona+Norte,200,63.073,
2026-08-31T03:53:37.546834+00:00,GET,http://localhost:3000/logistics/tenderos/productos-disponibles?tiendaId=bbbbbbbb-bbbb-4bbb-8bbb-bbbbbbbbbbbb&zona=Zona+Norte,200,63.103,
2026-08-31T03:53:37.596540+00:00,GET,http://localhost:3000/logistics/tenderos/productos-disponibles?tiendaId=bbbbbbbb-bbbb-4bbb-8bbb-bbbbbbbbbbbb&zona=Zona+Norte,200,63.065,
2026-08-31T03:53:37.646869+00:00,GET,http://localhost:3000/logistics/tenderos/productos-disponibles?tiendaId=bbbbbbbb-bbbb-4bbb-8bbb-bbbbbbbbbbbb&zona=Zona+Norte,200,52.793,
2026-08-31T03:53:37.696847+00:00,GET,http://localhost:3000/logistics/tenderos/productos-disponibles?tiendaId=bbbbbbbb-bbbb-4bbb-8bbb-bbbbbbbbbbbb&zona=Zona+Norte,200,52.798,
2026-08-31T03:53:37.746845+00:00,GET,http://localhost:3000/logistics/tenderos/productos-disponibles?tiendaId=bbbbbbbb-bbbb-4bbb-8bbb-bbbbbbbbbbbb&zona=Zona+Norte,200,51.368,
2026-08-31T03:53:37.796849+00:00,GET,http://localhost:3000/logistics/tenderos/productos-disponibles?tiendaId=bbbbbbbb-bbbb-4bbb-8bbb-bbbbbbbbbbbb&zona=Zona+Norte,200,52.498,
2026-08-31T03:53:37.846696+00:00,GET,http://localhost:3000/logistics/tenderos/productos-disponibles?tiendaId=bbbbbbbb-bbbb-4bbb-8bbb-bbbbbbbbbbbb&zona=Zona+Norte,200,53.085,
2026-08-31T03:53:37.896842+00:00,GET,http://localhost:3000/logistics/tenderos/productos-disponibles?tiendaId=bbbbbbbb-bbbb-4bbb-8bbb-bbbbbbbbbbbb&zona=Zona+Norte,200,54.739,
2026-08-31T03:53:37.946863+00:00,GET,http://localhost:3000/logistics/tenderos/productos-disponibles?tiendaId=bbbbbbbb-bbbb-4bbb-8bbb-bbbbbbbbbbbb&zona=Zona+Norte,200,54.054,
2026-08-31T03:53:37.996854+00:00,GET,http://localhost:3000/logistics/tenderos/productos-disponibles?tiendaId=bbbbbbbb-bbbb-4bbb-8bbb-bbbbbbbbbbbb&zona=Zona+Norte,200,53.108,
2026-08-31T03:53:38.046808+00:00,GET,http://localhost:3000/logistics/tenderos/productos-disponibles?tiendaId=bbbbbbbb-bbbb-4bbb-8bbb-bbbbbbbbbbbb&zona=Zona+Norte,200,57.028,
2026-08-31T03:53:38.096039+00:00,GET,http://localhost:3000/logistics/tenderos/productos-disponibles?tiendaId=bbbbbbbb-bbbb-4bbb-8bbb-bbbbbbbbbbbb&zona=Zona+Norte,200,49.836,
2026-08-31T03:53:38.145936+00:00,GET,http://localhost:3000/logistics/tenderos/productos-disponibles?tiendaId=bbbbbbbb-bbbb-4bbb-8bbb-bbbbbbbbbbbb&zona=Zona+Norte,200,51.493,
2026-08-31T03:53:38.196004+00:00,GET,http://localhost:3000/logistics/tenderos/productos-disponibles?tiendaId=bbbbbbbb-bbbb-4bbb-8bbb-bbbbbbbbbbbb&zona=Zona+Norte,200,52.284,
2026-08-31T03:53:38.246853+00:00,GET,http://localhost:3000/logistics/tenderos/productos-disponibles?tiendaId=bbbbbbbb-bbbb-4bbb-8bbb-bbbbbbbbbbbb&zona=Zona+Norte,200,51.262,
2026-08-31T03:53:38.296848+00:00,GET,http://localhost:3000/logistics/tenderos/productos-disponibles?tiendaId=bbbbbbbb-bbbb-4bbb-8bbb-bbbbbbbbbbbb&zona=Zona+Norte,200,51.832,
2026-08-31T03:53:38.346855+00:00,GET,http://localhost:3000/logistics/tenderos/productos-disponibles?tiendaId=bbbbbbbb-bbbb-4bbb-8bbb-bbbbbbbbbbbb&zona=Zona+Norte,200,56.765,
2026-08-31T03:53:38.396860+00:00,GET,http://localhost:3000/logistics/tenderos/productos-disponibles?tiendaId=bbbbbbbb-bbbb-4bbb-8bbb-bbbbbbbbbbbb&zona=Zona+Norte,200,55.629,
2026-08-31T03:53:38.446865+00:00,GET,http://localhost:3000/logistics/tenderos/productos-disponibles?tiendaId=bbbbbbbb-bbbb-4bbb-8bbb-bbbbbbbbbbbb&zona=Zona+Norte,200,54.456,
2026-08-31T03:53:38.496861+00:00,GET,http://localhost:3000/logistics/tenderos/productos-disponibles?tiendaId=bbbbbbbb-bbbb-4bbb-8bbb-bbbbbbbbbbbb&zona=Zona+Norte,200,50.381,
2026-08-31T03:53:38.546708+00:00,GET,http://localhost:3000/logistics/tenderos/productos-disponibles?tiendaId=bbbbbbbb-bbbb-4bbb-8bbb-bbbbbbbbbbbb&zona=Zona+Norte,200,51.609,
2026-08-31T03:53:38.596867+00:00,GET,http://localhost:3000/logistics/tenderos/productos-disponibles?tiendaId=bbbbbbbb-bbbb-4bbb-8bbb-bbbbbbbbbbbb&zona=Zona+Norte,200,49.947,
2026-08-31T03:53:38.646844+00:00,GET,http://localhost:3000/logistics/tenderos/productos-disponibles?tiendaId=bbbbbbbb-bbbb-4bbb-8bbb-bbbbbbbbbbbb&zona=Zona+Norte,200,54.362,
2026-08-31T03:53:38.695902+00:00,GET,http://localhost:3000/logistics/tenderos/productos-disponibles?tiendaId=bbbbbbbb-bbbb-4bbb-8bbb-bbbbbbbbbbbb&zona=Zona+Norte,200,54.838,
2026-08-31T03:53:38.746874+00:00,GET,http://localhost:3000/logistics/tenderos/productos-disponibles?tiendaId=bbbbbbbb-bbbb-4bbb-8bbb-bbbbbbbbbbbb&zona=Zona+Norte,200,60.990,
2026-08-31T03:53:38.796878+00:00,GET,http://localhost:3000/logistics/tenderos/productos-disponibles?tiendaId=bbbbbbbb-bbbb-4bbb-8bbb-bbbbbbbbbbbb&zona=Zona+Norte,200,60.831,
2026-08-31T03:53:38.846870+00:00,GET,http://localhost:3000/logistics/tenderos/productos-disponibles?tiendaId=bbbbbbbb-bbbb-4bbb-8bbb-bbbbbbbbbbbb&zona=Zona+Norte,200,60.967,
2026-08-31T03:53:38.896872+00:00,GET,http://localhost:3000/logistics/tenderos/productos-disponibles?tiendaId=bbbbbbbb-bbbb-4bbb-8bbb-bbbbbbbbbbbb&zona=Zona+Norte,200,49.990,
2026-08-31T03:53:38.946463+00:00,GET,http://localhost:3000/logistics/tenderos/productos-disponibles?tiendaId=bbbbbbbb-bbbb-4bbb-8bbb-bbbbbbbbbbbb&zona=Zona+Norte,200,49.976,
2026-08-31T03:53:38.996470+00:00,GET,http://localhost:3000/logistics/tenderos/productos-disponibles?tiendaId=bbbbbbbb-bbbb-4bbb-8bbb-bbbbbbbbbbbb&zona=Zona+Norte,200,58.082,
2026-08-31T03:53:39.046032+00:00,GET,http://localhost:3000/logistics/tenderos/productos-disponibles?tiendaId=bbbbbbbb-bbbb-4bbb-8bbb-bbbbbbbbbbbb&zona=Zona+Norte,200,55.146,
2026-08-31T03:53:39.096890+00:00,GET,http://localhost:3000/logistics/tenderos/productos-disponibles?tiendaId=bbbbbbbb-bbbb-4bbb-8bbb-bbbbbbbbbbbb&zona=Zona+Norte,200,53.256,
2026-08-31T03:53:39.146875+00:00,GET,http://localhost:3000/logistics/tenderos/productos-disponibles?tiendaId=bbbbbbbb-bbbb-4bbb-8bbb-bbbbbbbbbbbb&zona=Zona+Norte,200,56.562,
2026-08-31T03:53:39.196910+00:00,GET,http://localhost:3000/logistics/tenderos/productos-disponibles?tiendaId=bbbbbbbb-bbbb-4bbb-8bbb-bbbbbbbbbbbb&zona=Zona+Norte,200,52.630,
2026-08-31T03:53:39.246889+00:00,GET,http://localhost:3000/logistics/tenderos/productos-disponibles?tiendaId=bbbbbbbb-bbbb-4bbb-8bbb-bbbbbbbbbbbb&zona=Zona+Norte,200,56.988,
2026-08-31T03:53:39.296367+00:00,GET,http://localhost:3000/logistics/tenderos/productos-disponibles?tiendaId=bbbbbbbb-bbbb-4bbb-8bbb-bbbbbbbbbbbb&zona=Zona+Norte,200,51.783,
2026-08-31T03:53:39.346887+00:00,GET,http://localhost:3000/logistics/tenderos/productos-disponibles?tiendaId=bbbbbbbb-bbbb-4bbb-8bbb-bbbbbbbbbbbb&zona=Zona+Norte,200,50.341,
2026-08-31T03:53:39.396893+00:00,GET,http://localhost:3000/logistics/tenderos/productos-disponibles?tiendaId=bbbbbbbb-bbbb-4bbb-8bbb-bbbbbbbbbbbb&zona=Zona+Norte,200,54.208,
2026-08-31T03:53:39.446930+00:00,GET,http://localhost:3000/logistics/tenderos/productos-disponibles?tiendaId=bbbbbbbb-bbbb-4bbb-8bbb-bbbbbbbbbbbb&zona=Zona+Norte,200,55.454,
2026-08-31T03:53:39.496932+00:00,GET,http://localhost:3000/logistics/tenderos/productos-disponibles?tiendaId=bbbbbbbb-bbbb-4bbb-8bbb-bbbbbbbbbbbb&zona=Zona+Norte,200,53.157,
2026-08-31T03:53:39.546135+00:00,GET,http://localhost:3000/logistics/tenderos/productos-disponibles?tiendaId=bbbbbbbb-bbbb-4bbb-8bbb-bbbbbbbbbbbb&zona=Zona+Norte,200,53.483,
2026-08-31T03:53:39.596935+00:00,GET,http://localhost:3000/logistics/tenderos/productos-disponibles?tiendaId=bbbbbbbb-bbbb-4bbb-8bbb-bbbbbbbbbbbb&zona=Zona+Norte,200,54.109,
2026-08-31T03:53:39.646960+00:00,GET,http://localhost:3000/logistics/tenderos/productos-disponibles?tiendaId=bbbbbbbb-bbbb-4bbb-8bbb-bbbbbbbbbbbb&zona=Zona+Norte,200,52.955,
2026-08-31T03:53:39.696931+00:00,GET,http://localhost:3000/logistics/tenderos/productos-disponibles?tiendaId=bbbbbbbb-bbbb-4bbb-8bbb-bbbbbbbbbbbb&zona=Zona+Norte,200,53.221,
2026-08-31T03:53:39.746485+00:00,GET,http://localhost:3000/logistics/tenderos/productos-disponibles?tiendaId=bbbbbbbb-bbbb-4bbb-8bbb-bbbbbbbbbbbb&zona=Zona+Norte,200,59.573,
2026-08-31T03:53:39.796964+00:00,GET,http://localhost:3000/logistics/tenderos/productos-disponibles?tiendaId=bbbbbbbb-bbbb-4bbb-8bbb-bbbbbbbbbbbb&zona=Zona+Norte,200,53.162,
2026-08-31T03:53:39.846487+00:00,GET,http://localhost:3000/logistics/tenderos/productos-disponibles?tiendaId=bbbbbbbb-bbbb-4bbb-8bbb-bbbbbbbbbbbb&zona=Zona+Norte,200,52.555,
2026-08-31T03:53:39.896950+00:00,GET,http://localhost:3000/logistics/tenderos/productos-disponibles?tiendaId=bbbbbbbb-bbbb-4bbb-8bbb-bbbbbbbbbbbb&zona=Zona+Norte,200,50.594,
2026-08-31T03:53:39.946939+00:00,GET,http://localhost:3000/logistics/tenderos/productos-disponibles?tiendaId=bbbbbbbb-bbbb-4bbb-8bbb-bbbbbbbbbbbb&zona=Zona+Norte,200,55.592,
2026-08-31T03:53:39.996935+00:00,GET,http://localhost:3000/logistics/tenderos/productos-disponibles?tiendaId=bbbbbbbb-bbbb-4bbb-8bbb-bbbbbbbbbbbb&zona=Zona+Norte,200,53.948,
2026-08-31T03:53:40.046073+00:00,GET,http://localhost:3000/logistics/tenderos/productos-disponibles?tiendaId=bbbbbbbb-bbbb-4bbb-8bbb-bbbbbbbbbbbb&zona=Zona+Norte,200,52.925,
2026-08-31T03:53:40.096934+00:00,GET,http://localhost:3000/logistics/tenderos/productos-disponibles?tiendaId=bbbbbbbb-bbbb-4bbb-8bbb-bbbbbbbbbbbb&zona=Zona+Norte,200,51.626,
2026-08-31T03:53:40.146952+00:00,GET,http://localhost:3000/logistics/tenderos/productos-disponibles?tiendaId=bbbbbbbb-bbbb-4bbb-8bbb-bbbbbbbbbbbb&zona=Zona+Norte,200,51.700,
2026-08-31T03:53:40.196953+00:00,GET,http://localhost:3000/logistics/tenderos/productos-disponibles?tiendaId=bbbbbbbb-bbbb-4bbb-8bbb-bbbbbbbbbbbb&zona=Zona+Norte,200,51.567,
2026-08-31T03:53:40.246941+00:00,GET,http://localhost:3000/logistics/tenderos/productos-disponibles?tiendaId=bbbbbbbb-bbbb-4bbb-8bbb-bbbbbbbbbbbb&zona=Zona+Norte,200,51.247,
2026-08-31T03:53:40.296946+00:00,GET,http://localhost:3000/logistics/tenderos/productos-disponibles?tiendaId=bbbbbbbb-bbbb-4bbb-8bbb-bbbbbbbbbbbb&zona=Zona+Norte,200,53.098,
2026-08-31T03:53:40.346949+00:00,GET,http://localhost:3000/logistics/tenderos/productos-disponibles?tiendaId=bbbbbbbb-bbbb-4bbb-8bbb-bbbbbbbbbbbb&zona=Zona+Norte,200,55.867,
2026-08-31T03:53:40.396949+00:00,GET,http://localhost:3000/logistics/tenderos/productos-disponibles?tiendaId=bbbbbbbb-bbbb-4bbb-8bbb-bbbbbbbbbbbb&zona=Zona+Norte,200,58.828,
2026-08-31T03:53:40.446544+00:00,GET,http://localhost:3000/logistics/tenderos/productos-disponibles?tiendaId=bbbbbbbb-bbbb-4bbb-8bbb-bbbbbbbbbbbb&zona=Zona+Norte,200,53.732,
2026-08-31T03:53:40.496982+00:00,GET,http://localhost:3000/logistics/tenderos/productos-disponibles?tiendaId=bbbbbbbb-bbbb-4bbb-8bbb-bbbbbbbbbbbb&zona=Zona+Norte,200,54.686,
2026-08-31T03:53:40.546963+00:00,GET,http://localhost:3000/logistics/tenderos/productos-disponibles?tiendaId=bbbbbbbb-bbbb-4bbb-8bbb-bbbbbbbbbbbb&zona=Zona+Norte,200,59.589,
2026-08-31T03:53:40.596984+00:00,GET,http://localhost:3000/logistics/tenderos/productos-disponibles?tiendaId=bbbbbbbb-bbbb-4bbb-8bbb-bbbbbbbbbbbb&zona=Zona+Norte,200,55.687,
2026-08-31T03:53:40.647027+00:00,GET,http://localhost:3000/logistics/tenderos/productos-disponibles?tiendaId=bbbbbbbb-bbbb-4bbb-8bbb-bbbbbbbbbbbb&zona=Zona+Norte,200,61.896,
2026-08-31T03:53:40.696981+00:00,GET,http://localhost:3000/logistics/tenderos/productos-disponibles?tiendaId=bbbbbbbb-bbbb-4bbb-8bbb-bbbbbbbbbbbb&zona=Zona+Norte,200,50.928,
2026-08-31T03:53:40.746129+00:00,GET,http://localhost:3000/logistics/tenderos/productos-disponibles?tiendaId=bbbbbbbb-bbbb-4bbb-8bbb-bbbbbbbbbbbb&zona=Zona+Norte,200,51.488,
2026-08-31T03:53:40.796984+00:00,GET,http://localhost:3000/logistics/tenderos/productos-disponibles?tiendaId=bbbbbbbb-bbbb-4bbb-8bbb-bbbbbbbbbbbb&zona=Zona+Norte,200,51.107,
2026-08-31T03:53:40.846980+00:00,GET,http://localhost:3000/logistics/tenderos/productos-disponibles?tiendaId=bbbbbbbb-bbbb-4bbb-8bbb-bbbbbbbbbbbb&zona=Zona+Norte,200,48.685,
2026-08-31T03:53:40.895952+00:00,GET,http://localhost:3000/logistics/tenderos/productos-disponibles?tiendaId=bbbbbbbb-bbbb-4bbb-8bbb-bbbbbbbbbbbb&zona=Zona+Norte,200,49.482,
2026-08-31T03:53:40.945983+00:00,GET,http://localhost:3000/logistics/tenderos/productos-disponibles?tiendaId=bbbbbbbb-bbbb-4bbb-8bbb-bbbbbbbbbbbb&zona=Zona+Norte,200,49.989,
2026-08-31T03:53:40.996033+00:00,GET,http://localhost:3000/logistics/tenderos/productos-disponibles?tiendaId=bbbbbbbb-bbbb-4bbb-8bbb-bbbbbbbbbbbb&zona=Zona+Norte,200,56.120,
2026-08-31T03:53:41.046990+00:00,GET,http://localhost:3000/logistics/tenderos/productos-disponibles?tiendaId=bbbbbbbb-bbbb-4bbb-8bbb-bbbbbbbbbbbb&zona=Zona+Norte,200,57.540,
2026-08-31T03:53:41.096091+00:00,GET,http://localhost:3000/logistics/tenderos/productos-disponibles?tiendaId=bbbbbbbb-bbbb-4bbb-8bbb-bbbbbbbbbbbb&zona=Zona+Norte,200,50.390,
2026-08-31T03:53:41.146525+00:00,GET,http://localhost:3000/logistics/tenderos/productos-disponibles?tiendaId=bbbbbbbb-bbbb-4bbb-8bbb-bbbbbbbbbbbb&zona=Zona+Norte,200,56.189,
2026-08-31T03:53:41.196995+00:00,GET,http://localhost:3000/logistics/tenderos/productos-disponibles?tiendaId=bbbbbbbb-bbbb-4bbb-8bbb-bbbbbbbbbbbb&zona=Zona+Norte,200,59.453,
2026-08-31T03:53:41.246994+00:00,GET,http://localhost:3000/logistics/tenderos/productos-disponibles?tiendaId=bbbbbbbb-bbbb-4bbb-8bbb-bbbbbbbbbbbb&zona=Zona+Norte,200,52.345,
2026-08-31T03:53:41.296983+00:00,GET,http://localhost:3000/logistics/tenderos/productos-disponibles?tiendaId=bbbbbbbb-bbbb-4bbb-8bbb-bbbbbbbbbbbb&zona=Zona+Norte,200,50.138,
2026-08-31T03:53:41.346571+00:00,GET,http://localhost:3000/logistics/tenderos/productos-disponibles?tiendaId=bbbbbbbb-bbbb-4bbb-8bbb-bbbbbbbbbbbb&zona=Zona+Norte,200,53.833,
2026-08-31T03:53:41.396033+00:00,GET,http://localhost:3000/logistics/tenderos/productos-disponibles?tiendaId=bbbbbbbb-bbbb-4bbb-8bbb-bbbbbbbbbbbb&zona=Zona+Norte,200,54.413,
2026-08-31T03:53:41.446988+00:00,GET,http://localhost:3000/logistics/tenderos/productos-disponibles?tiendaId=bbbbbbbb-bbbb-4bbb-8bbb-bbbbbbbbbbbb&zona=Zona+Norte,200,56.078,
2026-08-31T03:53:41.496988+00:00,GET,http://localhost:3000/logistics/tenderos/productos-disponibles?tiendaId=bbbbbbbb-bbbb-4bbb-8bbb-bbbbbbbbbbbb&zona=Zona+Norte,200,50.299,
2026-08-31T03:53:41.546513+00:00,GET,http://localhost:3000/logistics/tenderos/productos-disponibles?tiendaId=bbbbbbbb-bbbb-4bbb-8bbb-bbbbbbbbbbbb&zona=Zona+Norte,200,52.118,
2026-08-31T03:53:41.596984+00:00,GET,http://localhost:3000/logistics/tenderos/productos-disponibles?tiendaId=bbbbbbbb-bbbb-4bbb-8bbb-bbbbbbbbbbbb&zona=Zona+Norte,200,53.113,
2026-08-31T03:53:41.647020+00:00,GET,http://localhost:3000/logistics/tenderos/productos-disponibles?tiendaId=bbbbbbbb-bbbb-4bbb-8bbb-bbbbbbbbbbbb&zona=Zona+Norte,200,57.098,
2026-08-31T03:53:41.696106+00:00,GET,http://localhost:3000/logistics/tenderos/productos-disponibles?tiendaId=bbbbbbbb-bbbb-4bbb-8bbb-bbbbbbbbbbbb&zona=Zona+Norte,200,55.443,
2026-08-31T03:53:41.746169+00:00,GET,http://localhost:3000/logistics/tenderos/productos-disponibles?tiendaId=bbbbbbbb-bbbb-4bbb-8bbb-bbbbbbbbbbbb&zona=Zona+Norte,200,54.780,
2026-08-31T03:53:41.796983+00:00,GET,http://localhost:3000/logistics/tenderos/productos-disponibles?tiendaId=bbbbbbbb-bbbb-4bbb-8bbb-bbbbbbbbbbbb&zona=Zona+Norte,200,56.480,
2026-08-31T03:53:41.847016+00:00,GET,http://localhost:3000/logistics/tenderos/productos-disponibles?tiendaId=bbbbbbbb-bbbb-4bbb-8bbb-bbbbbbbbbbbb&zona=Zona+Norte,200,51.594,
2026-08-31T03:53:41.896990+00:00,GET,http://localhost:3000/logistics/tenderos/productos-disponibles?tiendaId=bbbbbbbb-bbbb-4bbb-8bbb-bbbbbbbbbbbb&zona=Zona+Norte,200,54.714,
2026-08-31T03:53:41.946367+00:00,GET,http://localhost:3000/logistics/tenderos/productos-disponibles?tiendaId=bbbbbbbb-bbbb-4bbb-8bbb-bbbbbbbbbbbb&zona=Zona+Norte,200,58.584,
2026-08-31T03:53:41.996980+00:00,GET,http://localhost:3000/logistics/tenderos/productos-disponibles?tiendaId=bbbbbbbb-bbbb-4bbb-8bbb-bbbbbbbbbbbb&zona=Zona+Norte,200,55.253,
2026-08-31T03:53:42.046998+00:00,GET,http://localhost:3000/logistics/tenderos/productos-disponibles?tiendaId=bbbbbbbb-bbbb-4bbb-8bbb-bbbbbbbbbbbb&zona=Zona+Norte,200,52.343,
2026-08-31T03:53:42.097006+00:00,GET,http://localhost:3000/logistics/tenderos/productos-disponibles?tiendaId=bbbbbbbb-bbbb-4bbb-8bbb-bbbbbbbbbbbb&zona=Zona+Norte,200,56.146,
2026-08-31T03:53:42.146988+00:00,GET,http://localhost:3000/logistics/tenderos/productos-disponibles?tiendaId=bbbbbbbb-bbbb-4bbb-8bbb-bbbbbbbbbbbb&zona=Zona+Norte,200,56.574,
2026-08-31T03:53:42.196670+00:00,GET,http://localhost:3000/logistics/tenderos/productos-disponibles?tiendaId=bbbbbbbb-bbbb-4bbb-8bbb-bbbbbbbbbbbb&zona=Zona+Norte,200,56.586,
2026-08-31T03:53:42.246996+00:00,GET,http://localhost:3000/logistics/tenderos/productos-disponibles?tiendaId=bbbbbbbb-bbbb-4bbb-8bbb-bbbbbbbbbbbb&zona=Zona+Norte,200,54.975,
2026-08-31T03:53:42.296997+00:00,GET,http://localhost:3000/logistics/tenderos/productos-disponibles?tiendaId=bbbbbbbb-bbbb-4bbb-8bbb-bbbbbbbbbbbb&zona=Zona+Norte,200,57.202,
2026-08-31T03:53:42.346510+00:00,GET,http://localhost:3000/logistics/tenderos/productos-disponibles?tiendaId=bbbbbbbb-bbbb-4bbb-8bbb-bbbbbbbbbbbb&zona=Zona+Norte,200,51.860,
2026-08-31T03:53:42.397004+00:00,GET,http://localhost:3000/logistics/tenderos/productos-disponibles?tiendaId=bbbbbbbb-bbbb-4bbb-8bbb-bbbbbbbbbbbb&zona=Zona+Norte,200,52.433,
2026-08-31T03:53:42.446993+00:00,GET,http://localhost:3000/logistics/tenderos/productos-disponibles?tiendaId=bbbbbbbb-bbbb-4bbb-8bbb-bbbbbbbbbbbb&zona=Zona+Norte,200,55.477,
2026-08-31T03:53:42.497029+00:00,GET,http://localhost:3000/logistics/tenderos/productos-disponibles?tiendaId=bbbbbbbb-bbbb-4bbb-8bbb-bbbbbbbbbbbb&zona=Zona+Norte,200,58.775,
2026-08-31T03:53:42.546991+00:00,GET,http://localhost:3000/logistics/tenderos/productos-disponibles?tiendaId=bbbbbbbb-bbbb-4bbb-8bbb-bbbbbbbbbbbb&zona=Zona+Norte,200,51.339,
2026-08-31T03:53:42.597019+00:00,GET,http://localhost:3000/logistics/tenderos/productos-disponibles?tiendaId=bbbbbbbb-bbbb-4bbb-8bbb-bbbbbbbbbbbb&zona=Zona+Norte,200,59.583,
2026-08-31T03:53:42.646554+00:00,GET,http://localhost:3000/logistics/tenderos/productos-disponibles?tiendaId=bbbbbbbb-bbbb-4bbb-8bbb-bbbbbbbbbbbb&zona=Zona+Norte,200,51.954,
2026-08-31T03:53:42.697037+00:00,GET,http://localhost:3000/logistics/tenderos/productos-disponibles?tiendaId=bbbbbbbb-bbbb-4bbb-8bbb-bbbbbbbbbbbb&zona=Zona+Norte,200,55.210,
2026-08-31T03:53:42.747027+00:00,GET,http://localhost:3000/logistics/tenderos/productos-disponibles?tiendaId=bbbbbbbb-bbbb-4bbb-8bbb-bbbbbbbbbbbb&zona=Zona+Norte,200,51.869,
2026-08-31T03:53:42.797002+00:00,GET,http://localhost:3000/logistics/tenderos/productos-disponibles?tiendaId=bbbbbbbb-bbbb-4bbb-8bbb-bbbbbbbbbbbb&zona=Zona+Norte,200,52.127,
2026-08-31T03:53:42.847002+00:00,GET,http://localhost:3000/logistics/tenderos/productos-disponibles?tiendaId=bbbbbbbb-bbbb-4bbb-8bbb-bbbbbbbbbbbb&zona=Zona+Norte,200,58.801,
2026-08-31T03:53:42.897005+00:00,GET,http://localhost:3000/logistics/tenderos/productos-disponibles?tiendaId=bbbbbbbb-bbbb-4bbb-8bbb-bbbbbbbbbbbb&zona=Zona+Norte,200,59.659,
2026-08-31T03:53:42.946521+00:00,GET,http://localhost:3000/logistics/tenderos/productos-disponibles?tiendaId=bbbbbbbb-bbbb-4bbb-8bbb-bbbbbbbbbbbb&zona=Zona+Norte,200,62.580,
2026-08-31T03:53:42.997014+00:00,GET,http://localhost:3000/logistics/tenderos/productos-disponibles?tiendaId=bbbbbbbb-bbbb-4bbb-8bbb-bbbbbbbbbbbb&zona=Zona+Norte,200,55.232,
2026-08-31T03:53:43.047039+00:00,GET,http://localhost:3000/logistics/tenderos/productos-disponibles?tiendaId=bbbbbbbb-bbbb-4bbb-8bbb-bbbbbbbbbbbb&zona=Zona+Norte,200,54.129,
2026-08-31T03:53:43.097041+00:00,GET,http://localhost:3000/logistics/tenderos/productos-disponibles?tiendaId=bbbbbbbb-bbbb-4bbb-8bbb-bbbbbbbbbbbb&zona=Zona+Norte,200,62.188,
2026-08-31T03:53:43.147001+00:00,GET,http://localhost:3000/logistics/tenderos/productos-disponibles?tiendaId=bbbbbbbb-bbbb-4bbb-8bbb-bbbbbbbbbbbb&zona=Zona+Norte,200,53.894,
2026-08-31T03:53:43.197011+00:00,GET,http://localhost:3000/logistics/tenderos/productos-disponibles?tiendaId=bbbbbbbb-bbbb-4bbb-8bbb-bbbbbbbbbbbb&zona=Zona+Norte,200,51.748,
2026-08-31T03:53:43.246852+00:00,GET,http://localhost:3000/logistics/tenderos/productos-disponibles?tiendaId=bbbbbbbb-bbbb-4bbb-8bbb-bbbbbbbbbbbb&zona=Zona+Norte,200,58.370,
2026-08-31T03:53:43.297011+00:00,GET,http://localhost:3000/logistics/tenderos/productos-disponibles?tiendaId=bbbbbbbb-bbbb-4bbb-8bbb-bbbbbbbbbbbb&zona=Zona+Norte,200,56.106,
2026-08-31T03:53:43.346515+00:00,GET,http://localhost:3000/logistics/tenderos/productos-disponibles?tiendaId=bbbbbbbb-bbbb-4bbb-8bbb-bbbbbbbbbbbb&zona=Zona+Norte,200,52.715,
2026-08-31T03:53:43.396022+00:00,GET,http://localhost:3000/logistics/tenderos/productos-disponibles?tiendaId=bbbbbbbb-bbbb-4bbb-8bbb-bbbbbbbbbbbb&zona=Zona+Norte,200,56.851,
2026-08-31T03:53:43.446532+00:00,GET,http://localhost:3000/logistics/tenderos/productos-disponibles?tiendaId=bbbbbbbb-bbbb-4bbb-8bbb-bbbbbbbbbbbb&zona=Zona+Norte,200,55.802,
2026-08-31T03:53:43.497031+00:00,GET,http://localhost:3000/logistics/tenderos/productos-disponibles?tiendaId=bbbbbbbb-bbbb-4bbb-8bbb-bbbbbbbbbbbb&zona=Zona+Norte,200,53.094,
2026-08-31T03:53:43.547023+00:00,GET,http://localhost:3000/logistics/tenderos/productos-disponibles?tiendaId=bbbbbbbb-bbbb-4bbb-8bbb-bbbbbbbbbbbb&zona=Zona+Norte,200,55.083,
2026-08-31T03:53:43.597013+00:00,GET,http://localhost:3000/logistics/tenderos/productos-disponibles?tiendaId=bbbbbbbb-bbbb-4bbb-8bbb-bbbbbbbbbbbb&zona=Zona+Norte,200,57.471,
2026-08-31T03:53:43.647051+00:00,GET,http://localhost:3000/logistics/tenderos/productos-disponibles?tiendaId=bbbbbbbb-bbbb-4bbb-8bbb-bbbbbbbbbbbb&zona=Zona+Norte,200,51.368,
2026-08-31T03:53:43.697035+00:00,GET,http://localhost:3000/logistics/tenderos/productos-disponibles?tiendaId=bbbbbbbb-bbbb-4bbb-8bbb-bbbbbbbbbbbb&zona=Zona+Norte,200,56.765,
2026-08-31T03:53:43.747036+00:00,GET,http://localhost:3000/logistics/tenderos/productos-disponibles?tiendaId=bbbbbbbb-bbbb-4bbb-8bbb-bbbbbbbbbbbb&zona=Zona+Norte,200,51.201,
2026-08-31T03:53:43.796746+00:00,GET,http://localhost:3000/logistics/tenderos/productos-disponibles?tiendaId=bbbbbbbb-bbbb-4bbb-8bbb-bbbbbbbbbbbb&zona=Zona+Norte,200,53.880,
2026-08-31T03:53:43.846205+00:00,GET,http://localhost:3000/logistics/tenderos/productos-disponibles?tiendaId=bbbbbbbb-bbbb-4bbb-8bbb-bbbbbbbbbbbb&zona=Zona+Norte,200,55.210,
2026-08-31T03:53:43.897033+00:00,GET,http://localhost:3000/logistics/tenderos/productos-disponibles?tiendaId=bbbbbbbb-bbbb-4bbb-8bbb-bbbbbbbbbbbb&zona=Zona+Norte,200,54.381,
2026-08-31T03:53:43.946537+00:00,GET,http://localhost:3000/logistics/tenderos/productos-disponibles?tiendaId=bbbbbbbb-bbbb-4bbb-8bbb-bbbbbbbbbbbb&zona=Zona+Norte,200,53.778,
2026-08-31T03:53:43.996642+00:00,GET,http://localhost:3000/logistics/tenderos/productos-disponibles?tiendaId=bbbbbbbb-bbbb-4bbb-8bbb-bbbbbbbbbbbb&zona=Zona+Norte,200,51.463,
2026-08-31T03:53:44.047036+00:00,GET,http://localhost:3000/logistics/tenderos/productos-disponibles?tiendaId=bbbbbbbb-bbbb-4bbb-8bbb-bbbbbbbbbbbb&zona=Zona+Norte,200,57.412,
2026-08-31T03:53:44.097046+00:00,GET,http://localhost:3000/logistics/tenderos/productos-disponibles?tiendaId=bbbbbbbb-bbbb-4bbb-8bbb-bbbbbbbbbbbb&zona=Zona+Norte,200,53.604,
2026-08-31T03:53:44.147053+00:00,GET,http://localhost:3000/logistics/tenderos/productos-disponibles?tiendaId=bbbbbbbb-bbbb-4bbb-8bbb-bbbbbbbbbbbb&zona=Zona+Norte,200,53.727,
2026-08-31T03:53:44.197059+00:00,GET,http://localhost:3000/logistics/tenderos/productos-disponibles?tiendaId=bbbbbbbb-bbbb-4bbb-8bbb-bbbbbbbbbbbb&zona=Zona+Norte,200,55.869,
2026-08-31T03:53:44.247041+00:00,GET,http://localhost:3000/logistics/tenderos/productos-disponibles?tiendaId=bbbbbbbb-bbbb-4bbb-8bbb-bbbbbbbbbbbb&zona=Zona+Norte,200,56.458,
2026-08-31T03:53:44.296345+00:00,GET,http://localhost:3000/logistics/tenderos/productos-disponibles?tiendaId=bbbbbbbb-bbbb-4bbb-8bbb-bbbbbbbbbbbb&zona=Zona+Norte,200,60.823,
2026-08-31T03:53:44.346378+00:00,GET,http://localhost:3000/logistics/tenderos/productos-disponibles?tiendaId=bbbbbbbb-bbbb-4bbb-8bbb-bbbbbbbbbbbb&zona=Zona+Norte,200,54.293,
2026-08-31T03:53:44.397045+00:00,GET,http://localhost:3000/logistics/tenderos/productos-disponibles?tiendaId=bbbbbbbb-bbbb-4bbb-8bbb-bbbbbbbbbbbb&zona=Zona+Norte,200,53.526,
2026-08-31T03:53:44.446286+00:00,GET,http://localhost:3000/logistics/tenderos/productos-disponibles?tiendaId=bbbbbbbb-bbbb-4bbb-8bbb-bbbbbbbbbbbb&zona=Zona+Norte,200,54.727,
2026-08-31T03:53:44.497073+00:00,GET,http://localhost:3000/logistics/tenderos/productos-disponibles?tiendaId=bbbbbbbb-bbbb-4bbb-8bbb-bbbbbbbbbbbb&zona=Zona+Norte,200,53.064,
2026-08-31T03:53:44.546529+00:00,GET,http://localhost:3000/logistics/tenderos/productos-disponibles?tiendaId=bbbbbbbb-bbbb-4bbb-8bbb-bbbbbbbbbbbb&zona=Zona+Norte,200,52.437,
2026-08-31T03:53:44.596406+00:00,GET,http://localhost:3000/logistics/tenderos/productos-disponibles?tiendaId=bbbbbbbb-bbbb-4bbb-8bbb-bbbbbbbbbbbb&zona=Zona+Norte,200,55.833,
2026-08-31T03:53:44.647089+00:00,GET,http://localhost:3000/logistics/tenderos/productos-disponibles?tiendaId=bbbbbbbb-bbbb-4bbb-8bbb-bbbbbbbbbbbb&zona=Zona+Norte,200,56.834,
2026-08-31T03:53:44.696402+00:00,GET,http://localhost:3000/logistics/tenderos/productos-disponibles?tiendaId=bbbbbbbb-bbbb-4bbb-8bbb-bbbbbbbbbbbb&zona=Zona+Norte,200,57.136,
2026-08-31T03:53:44.747091+00:00,GET,http://localhost:3000/logistics/tenderos/productos-disponibles?tiendaId=bbbbbbbb-bbbb-4bbb-8bbb-bbbbbbbbbbbb&zona=Zona+Norte,200,52.268,
2026-08-31T03:53:44.797081+00:00,GET,http://localhost:3000/logistics/tenderos/productos-disponibles?tiendaId=bbbbbbbb-bbbb-4bbb-8bbb-bbbbbbbbbbbb&zona=Zona+Norte,200,55.327,
2026-08-31T03:53:44.847128+00:00,GET,http://localhost:3000/logistics/tenderos/productos-disponibles?tiendaId=bbbbbbbb-bbbb-4bbb-8bbb-bbbbbbbbbbbb&zona=Zona+Norte,200,53.224,
2026-08-31T03:53:44.896990+00:00,GET,http://localhost:3000/logistics/tenderos/productos-disponibles?tiendaId=bbbbbbbb-bbbb-4bbb-8bbb-bbbbbbbbbbbb&zona=Zona+Norte,200,55.572,
2026-08-31T03:53:44.946496+00:00,GET,http://localhost:3000/logistics/tenderos/productos-disponibles?tiendaId=bbbbbbbb-bbbb-4bbb-8bbb-bbbbbbbbbbbb&zona=Zona+Norte,200,50.592,
2026-08-31T03:53:44.997136+00:00,GET,http://localhost:3000/logistics/tenderos/productos-disponibles?tiendaId=bbbbbbbb-bbbb-4bbb-8bbb-bbbbbbbbbbbb&zona=Zona+Norte,200,52.647,
2026-08-31T03:53:45.047124+00:00,GET,http://localhost:3000/logistics/tenderos/productos-disponibles?tiendaId=bbbbbbbb-bbbb-4bbb-8bbb-bbbbbbbbbbbb&zona=Zona+Norte,200,49.781,
2026-08-31T03:53:45.096939+00:00,GET,http://localhost:3000/logistics/tenderos/productos-disponibles?tiendaId=bbbbbbbb-bbbb-4bbb-8bbb-bbbbbbbbbbbb&zona=Zona+Norte,200,51.443,
2026-08-31T03:53:45.147074+00:00,GET,http://localhost:3000/logistics/tenderos/productos-disponibles?tiendaId=bbbbbbbb-bbbb-4bbb-8bbb-bbbbbbbbbbbb&zona=Zona+Norte,200,55.123,
2026-08-31T03:53:45.196129+00:00,GET,http://localhost:3000/logistics/tenderos/productos-disponibles?tiendaId=bbbbbbbb-bbbb-4bbb-8bbb-bbbbbbbbbbbb&zona=Zona+Norte,200,49.028,
2026-08-31T03:53:45.246138+00:00,GET,http://localhost:3000/logistics/tenderos/productos-disponibles?tiendaId=bbbbbbbb-bbbb-4bbb-8bbb-bbbbbbbbbbbb&zona=Zona+Norte,200,50.258,
2026-08-31T03:53:45.296422+00:00,GET,http://localhost:3000/logistics/tenderos/productos-disponibles?tiendaId=bbbbbbbb-bbbb-4bbb-8bbb-bbbbbbbbbbbb&zona=Zona+Norte,200,54.503,
2026-08-31T03:53:45.347099+00:00,GET,http://localhost:3000/logistics/tenderos/productos-disponibles?tiendaId=bbbbbbbb-bbbb-4bbb-8bbb-bbbbbbbbbbbb&zona=Zona+Norte,200,55.605,
2026-08-31T03:53:45.397102+00:00,GET,http://localhost:3000/logistics/tenderos/productos-disponibles?tiendaId=bbbbbbbb-bbbb-4bbb-8bbb-bbbbbbbbbbbb&zona=Zona+Norte,200,57.884,
2026-08-31T03:53:45.447109+00:00,GET,http://localhost:3000/logistics/tenderos/productos-disponibles?tiendaId=bbbbbbbb-bbbb-4bbb-8bbb-bbbbbbbbbbbb&zona=Zona+Norte,200,53.751,
2026-08-31T03:53:45.497085+00:00,GET,http://localhost:3000/logistics/tenderos/productos-disponibles?tiendaId=bbbbbbbb-bbbb-4bbb-8bbb-bbbbbbbbbbbb&zona=Zona+Norte,200,59.150,
2026-08-31T03:53:45.546291+00:00,GET,http://localhost:3000/logistics/tenderos/productos-disponibles?tiendaId=bbbbbbbb-bbbb-4bbb-8bbb-bbbbbbbbbbbb&zona=Zona+Norte,200,52.734,
2026-08-31T03:53:45.597116+00:00,GET,http://localhost:3000/logistics/tenderos/productos-disponibles?tiendaId=bbbbbbbb-bbbb-4bbb-8bbb-bbbbbbbbbbbb&zona=Zona+Norte,200,56.717,
2026-08-31T03:53:45.646590+00:00,GET,http://localhost:3000/logistics/tenderos/productos-disponibles?tiendaId=bbbbbbbb-bbbb-4bbb-8bbb-bbbbbbbbbbbb&zona=Zona+Norte,200,51.837,
2026-08-31T03:53:45.697077+00:00,GET,http://localhost:3000/logistics/tenderos/productos-disponibles?tiendaId=bbbbbbbb-bbbb-4bbb-8bbb-bbbbbbbbbbbb&zona=Zona+Norte,200,55.505,
2026-08-31T03:53:45.747098+00:00,GET,http://localhost:3000/logistics/tenderos/productos-disponibles?tiendaId=bbbbbbbb-bbbb-4bbb-8bbb-bbbbbbbbbbbb&zona=Zona+Norte,200,54.188,
2026-08-31T03:53:45.797098+00:00,GET,http://localhost:3000/logistics/tenderos/productos-disponibles?tiendaId=bbbbbbbb-bbbb-4bbb-8bbb-bbbbbbbbbbbb&zona=Zona+Norte,200,59.214,
2026-08-31T03:53:45.846885+00:00,GET,http://localhost:3000/logistics/tenderos/productos-disponibles?tiendaId=bbbbbbbb-bbbb-4bbb-8bbb-bbbbbbbbbbbb&zona=Zona+Norte,200,51.972,
2026-08-31T03:53:45.897084+00:00,GET,http://localhost:3000/logistics/tenderos/productos-disponibles?tiendaId=bbbbbbbb-bbbb-4bbb-8bbb-bbbbbbbbbbbb&zona=Zona+Norte,200,51.857,
2026-08-31T03:53:45.946411+00:00,GET,http://localhost:3000/logistics/tenderos/productos-disponibles?tiendaId=bbbbbbbb-bbbb-4bbb-8bbb-bbbbbbbbbbbb&zona=Zona+Norte,200,52.257,
2026-08-31T03:53:45.997086+00:00,GET,http://localhost:3000/logistics/tenderos/productos-disponibles?tiendaId=bbbbbbbb-bbbb-4bbb-8bbb-bbbbbbbbbbbb&zona=Zona+Norte,200,51.351,
2026-08-31T03:53:46.047095+00:00,GET,http://localhost:3000/logistics/tenderos/productos-disponibles?tiendaId=bbbbbbbb-bbbb-4bbb-8bbb-bbbbbbbbbbbb&zona=Zona+Norte,200,51.255,
2026-08-31T03:53:46.097071+00:00,GET,http://localhost:3000/logistics/tenderos/productos-disponibles?tiendaId=bbbbbbbb-bbbb-4bbb-8bbb-bbbbbbbbbbbb&zona=Zona+Norte,200,50.731,
2026-08-31T03:53:46.146592+00:00,GET,http://localhost:3000/logistics/tenderos/productos-disponibles?tiendaId=bbbbbbbb-bbbb-4bbb-8bbb-bbbbbbbbbbbb&zona=Zona+Norte,200,51.772,
2026-08-31T03:53:46.197093+00:00,GET,http://localhost:3000/logistics/tenderos/productos-disponibles?tiendaId=bbbbbbbb-bbbb-4bbb-8bbb-bbbbbbbbbbbb&zona=Zona+Norte,200,52.354,
2026-08-31T03:53:46.247096+00:00,GET,http://localhost:3000/logistics/tenderos/productos-disponibles?tiendaId=bbbbbbbb-bbbb-4bbb-8bbb-bbbbbbbbbbbb&zona=Zona+Norte,200,51.262,
2026-08-31T03:53:46.297097+00:00,GET,http://localhost:3000/logistics/tenderos/productos-disponibles?tiendaId=bbbbbbbb-bbbb-4bbb-8bbb-bbbbbbbbbbbb&zona=Zona+Norte,200,50.967,
2026-08-31T03:53:46.347166+00:00,GET,http://localhost:3000/logistics/tenderos/productos-disponibles?tiendaId=bbbbbbbb-bbbb-4bbb-8bbb-bbbbbbbbbbbb&zona=Zona+Norte,200,51.694,
2026-08-31T03:53:46.397101+00:00,GET,http://localhost:3000/logistics/tenderos/productos-disponibles?tiendaId=bbbbbbbb-bbbb-4bbb-8bbb-bbbbbbbbbbbb&zona=Zona+Norte,200,51.288,
2026-08-31T03:53:46.446641+00:00,GET,http://localhost:3000/logistics/tenderos/productos-disponibles?tiendaId=bbbbbbbb-bbbb-4bbb-8bbb-bbbbbbbbbbbb&zona=Zona+Norte,200,51.784,
2026-08-31T03:53:46.497102+00:00,GET,http://localhost:3000/logistics/tenderos/productos-disponibles?tiendaId=bbbbbbbb-bbbb-4bbb-8bbb-bbbbbbbbbbbb&zona=Zona+Norte,200,51.834,
2026-08-31T03:53:46.547122+00:00,GET,http://localhost:3000/logistics/tenderos/productos-disponibles?tiendaId=bbbbbbbb-bbbb-4bbb-8bbb-bbbbbbbbbbbb&zona=Zona+Norte,200,51.774,
2026-08-31T03:53:46.597087+00:00,GET,http://localhost:3000/logistics/tenderos/productos-disponibles?tiendaId=bbbbbbbb-bbbb-4bbb-8bbb-bbbbbbbbbbbb&zona=Zona+Norte,200,50.771,
2026-08-31T03:53:46.647144+00:00,GET,http://localhost:3000/logistics/tenderos/productos-disponibles?tiendaId=bbbbbbbb-bbbb-4bbb-8bbb-bbbbbbbbbbbb&zona=Zona+Norte,200,51.272,
2026-08-31T03:53:46.696320+00:00,GET,http://localhost:3000/logistics/tenderos/productos-disponibles?tiendaId=bbbbbbbb-bbbb-4bbb-8bbb-bbbbbbbbbbbb&zona=Zona+Norte,200,52.679,
2026-08-31T03:53:46.747119+00:00,GET,http://localhost:3000/logistics/tenderos/productos-disponibles?tiendaId=bbbbbbbb-bbbb-4bbb-8bbb-bbbbbbbbbbbb&zona=Zona+Norte,200,51.688,
2026-08-31T03:53:46.797108+00:00,GET,http://localhost:3000/logistics/tenderos/productos-disponibles?tiendaId=bbbbbbbb-bbbb-4bbb-8bbb-bbbbbbbbbbbb&zona=Zona+Norte,200,52.659,
2026-08-31T03:53:46.847125+00:00,GET,http://localhost:3000/logistics/tenderos/productos-disponibles?tiendaId=bbbbbbbb-bbbb-4bbb-8bbb-bbbbbbbbbbbb&zona=Zona+Norte,200,54.500,
2026-08-31T03:53:46.897091+00:00,GET,http://localhost:3000/logistics/tenderos/productos-disponibles?tiendaId=bbbbbbbb-bbbb-4bbb-8bbb-bbbbbbbbbbbb&zona=Zona+Norte,200,51.354,
2026-08-31T03:53:46.947024+00:00,GET,http://localhost:3000/logistics/tenderos/productos-disponibles?tiendaId=bbbbbbbb-bbbb-4bbb-8bbb-bbbbbbbbbbbb&zona=Zona+Norte,200,51.930,
2026-08-31T03:53:46.997128+00:00,GET,http://localhost:3000/logistics/tenderos/productos-disponibles?tiendaId=bbbbbbbb-bbbb-4bbb-8bbb-bbbbbbbbbbbb&zona=Zona+Norte,200,52.159,
2026-08-31T03:53:47.047118+00:00,GET,http://localhost:3000/logistics/tenderos/productos-disponibles?tiendaId=bbbbbbbb-bbbb-4bbb-8bbb-bbbbbbbbbbbb&zona=Zona+Norte,200,52.181,
2026-08-31T03:53:47.096485+00:00,GET,http://localhost:3000/logistics/tenderos/productos-disponibles?tiendaId=bbbbbbbb-bbbb-4bbb-8bbb-bbbbbbbbbbbb&zona=Zona+Norte,200,51.116,
2026-08-31T03:53:47.146674+00:00,GET,http://localhost:3000/logistics/tenderos/productos-disponibles?tiendaId=bbbbbbbb-bbbb-4bbb-8bbb-bbbbbbbbbbbb&zona=Zona+Norte,200,50.863,
2026-08-31T03:53:47.197123+00:00,GET,http://localhost:3000/logistics/tenderos/productos-disponibles?tiendaId=bbbbbbbb-bbbb-4bbb-8bbb-bbbbbbbbbbbb&zona=Zona+Norte,200,51.412,
2026-08-31T03:53:47.247113+00:00,GET,http://localhost:3000/logistics/tenderos/productos-disponibles?tiendaId=bbbbbbbb-bbbb-4bbb-8bbb-bbbbbbbbbbbb&zona=Zona+Norte,200,51.307,
2026-08-31T03:53:47.297136+00:00,GET,http://localhost:3000/logistics/tenderos/productos-disponibles?tiendaId=bbbbbbbb-bbbb-4bbb-8bbb-bbbbbbbbbbbb&zona=Zona+Norte,200,51.306,
2026-08-31T03:53:47.347115+00:00,GET,http://localhost:3000/logistics/tenderos/productos-disponibles?tiendaId=bbbbbbbb-bbbb-4bbb-8bbb-bbbbbbbbbbbb&zona=Zona+Norte,200,51.486,
2026-08-31T03:53:47.397061+00:00,GET,http://localhost:3000/logistics/tenderos/productos-disponibles?tiendaId=bbbbbbbb-bbbb-4bbb-8bbb-bbbbbbbbbbbb&zona=Zona+Norte,200,52.390,
2026-08-31T03:53:47.447124+00:00,GET,http://localhost:3000/logistics/tenderos/productos-disponibles?tiendaId=bbbbbbbb-bbbb-4bbb-8bbb-bbbbbbbbbbbb&zona=Zona+Norte,200,65.524,
2026-08-31T03:53:47.497140+00:00,GET,http://localhost:3000/logistics/tenderos/productos-disponibles?tiendaId=bbbbbbbb-bbbb-4bbb-8bbb-bbbbbbbbbbbb&zona=Zona+Norte,200,54.870,
2026-08-31T03:53:47.547112+00:00,GET,http://localhost:3000/logistics/tenderos/productos-disponibles?tiendaId=bbbbbbbb-bbbb-4bbb-8bbb-bbbbbbbbbbbb&zona=Zona+Norte,200,55.832,
2026-08-31T03:53:47.597110+00:00,GET,http://localhost:3000/logistics/tenderos/productos-disponibles?tiendaId=bbbbbbbb-bbbb-4bbb-8bbb-bbbbbbbbbbbb&zona=Zona+Norte,200,57.215,
2026-08-31T03:53:47.647134+00:00,GET,http://localhost:3000/logistics/tenderos/productos-disponibles?tiendaId=bbbbbbbb-bbbb-4bbb-8bbb-bbbbbbbbbbbb&zona=Zona+Norte,200,55.013,
2026-08-31T03:53:47.696823+00:00,GET,http://localhost:3000/logistics/tenderos/productos-disponibles?tiendaId=bbbbbbbb-bbbb-4bbb-8bbb-bbbbbbbbbbbb&zona=Zona+Norte,200,60.022,
2026-08-31T03:53:47.746568+00:00,GET,http://localhost:3000/logistics/tenderos/productos-disponibles?tiendaId=bbbbbbbb-bbbb-4bbb-8bbb-bbbbbbbbbbbb&zona=Zona+Norte,200,55.992,
2026-08-31T03:53:47.797113+00:00,GET,http://localhost:3000/logistics/tenderos/productos-disponibles?tiendaId=bbbbbbbb-bbbb-4bbb-8bbb-bbbbbbbbbbbb&zona=Zona+Norte,200,58.003,
2026-08-31T03:53:47.847112+00:00,GET,http://localhost:3000/logistics/tenderos/productos-disponibles?tiendaId=bbbbbbbb-bbbb-4bbb-8bbb-bbbbbbbbbbbb&zona=Zona+Norte,200,55.911,
2026-08-31T03:53:47.897151+00:00,GET,http://localhost:3000/logistics/tenderos/productos-disponibles?tiendaId=bbbbbbbb-bbbb-4bbb-8bbb-bbbbbbbbbbbb&zona=Zona+Norte,200,54.899,
2026-08-31T03:53:47.947127+00:00,GET,http://localhost:3000/logistics/tenderos/productos-disponibles?tiendaId=bbbbbbbb-bbbb-4bbb-8bbb-bbbbbbbbbbbb&zona=Zona+Norte,200,54.438,
2026-08-31T03:53:47.997129+00:00,GET,http://localhost:3000/logistics/tenderos/productos-disponibles?tiendaId=bbbbbbbb-bbbb-4bbb-8bbb-bbbbbbbbbbbb&zona=Zona+Norte,200,54.042,
2026-08-31T03:53:48.046546+00:00,GET,http://localhost:3000/logistics/tenderos/productos-disponibles?tiendaId=bbbbbbbb-bbbb-4bbb-8bbb-bbbbbbbbbbbb&zona=Zona+Norte,200,53.241,
2026-08-31T03:53:48.097120+00:00,GET,http://localhost:3000/logistics/tenderos/productos-disponibles?tiendaId=bbbbbbbb-bbbb-4bbb-8bbb-bbbbbbbbbbbb&zona=Zona+Norte,200,50.943,
2026-08-31T03:53:48.147127+00:00,GET,http://localhost:3000/logistics/tenderos/productos-disponibles?tiendaId=bbbbbbbb-bbbb-4bbb-8bbb-bbbbbbbbbbbb&zona=Zona+Norte,200,51.879,
2026-08-31T03:53:48.197185+00:00,GET,http://localhost:3000/logistics/tenderos/productos-disponibles?tiendaId=bbbbbbbb-bbbb-4bbb-8bbb-bbbbbbbbbbbb&zona=Zona+Norte,200,58.841,
2026-08-31T03:53:48.247153+00:00,GET,http://localhost:3000/logistics/tenderos/productos-disponibles?tiendaId=bbbbbbbb-bbbb-4bbb-8bbb-bbbbbbbbbbbb&zona=Zona+Norte,200,50.658,
2026-08-31T03:53:48.297158+00:00,GET,http://localhost:3000/logistics/tenderos/productos-disponibles?tiendaId=bbbbbbbb-bbbb-4bbb-8bbb-bbbbbbbbbbbb&zona=Zona+Norte,200,50.633,
2026-08-31T03:53:48.346424+00:00,GET,http://localhost:3000/logistics/tenderos/productos-disponibles?tiendaId=bbbbbbbb-bbbb-4bbb-8bbb-bbbbbbbbbbbb&zona=Zona+Norte,200,52.300,
2026-08-31T03:53:48.397019+00:00,GET,http://localhost:3000/logistics/tenderos/productos-disponibles?tiendaId=bbbbbbbb-bbbb-4bbb-8bbb-bbbbbbbbbbbb&zona=Zona+Norte,200,53.577,
2026-08-31T03:53:48.446185+00:00,GET,http://localhost:3000/logistics/tenderos/productos-disponibles?tiendaId=bbbbbbbb-bbbb-4bbb-8bbb-bbbbbbbbbbbb&zona=Zona+Norte,200,52.488,
2026-08-31T03:53:48.497185+00:00,GET,http://localhost:3000/logistics/tenderos/productos-disponibles?tiendaId=bbbbbbbb-bbbb-4bbb-8bbb-bbbbbbbbbbbb&zona=Zona+Norte,200,52.856,
2026-08-31T03:53:48.546545+00:00,GET,http://localhost:3000/logistics/tenderos/productos-disponibles?tiendaId=bbbbbbbb-bbbb-4bbb-8bbb-bbbbbbbbbbbb&zona=Zona+Norte,200,54.443,
2026-08-31T03:53:48.596757+00:00,GET,http://localhost:3000/logistics/tenderos/productos-disponibles?tiendaId=bbbbbbbb-bbbb-4bbb-8bbb-bbbbbbbbbbbb&zona=Zona+Norte,200,49.875,
2026-08-31T03:53:48.646663+00:00,GET,http://localhost:3000/logistics/tenderos/productos-disponibles?tiendaId=bbbbbbbb-bbbb-4bbb-8bbb-bbbbbbbbbbbb&zona=Zona+Norte,200,50.714,
2026-08-31T03:53:48.696929+00:00,GET,http://localhost:3000/logistics/tenderos/productos-disponibles?tiendaId=bbbbbbbb-bbbb-4bbb-8bbb-bbbbbbbbbbbb&zona=Zona+Norte,200,49.794,
2026-08-31T03:53:48.746290+00:00,GET,http://localhost:3000/logistics/tenderos/productos-disponibles?tiendaId=bbbbbbbb-bbbb-4bbb-8bbb-bbbbbbbbbbbb&zona=Zona+Norte,200,49.618,
2026-08-31T03:53:48.796168+00:00,GET,http://localhost:3000/logistics/tenderos/productos-disponibles?tiendaId=bbbbbbbb-bbbb-4bbb-8bbb-bbbbbbbbbbbb&zona=Zona+Norte,200,56.280,
2026-08-31T03:53:48.847145+00:00,GET,http://localhost:3000/logistics/tenderos/productos-disponibles?tiendaId=bbbbbbbb-bbbb-4bbb-8bbb-bbbbbbbbbbbb&zona=Zona+Norte,200,51.694,
2026-08-31T03:53:48.897202+00:00,GET,http://localhost:3000/logistics/tenderos/productos-disponibles?tiendaId=bbbbbbbb-bbbb-4bbb-8bbb-bbbbbbbbbbbb&zona=Zona+Norte,200,56.737,
2026-08-31T03:53:48.947219+00:00,GET,http://localhost:3000/logistics/tenderos/productos-disponibles?tiendaId=bbbbbbbb-bbbb-4bbb-8bbb-bbbbbbbbbbbb&zona=Zona+Norte,200,54.776,
2026-08-31T03:53:48.997099+00:00,GET,http://localhost:3000/logistics/tenderos/productos-disponibles?tiendaId=bbbbbbbb-bbbb-4bbb-8bbb-bbbbbbbbbbbb&zona=Zona+Norte,200,52.186,
2026-08-31T03:53:49.047192+00:00,GET,http://localhost:3000/logistics/tenderos/productos-disponibles?tiendaId=bbbbbbbb-bbbb-4bbb-8bbb-bbbbbbbbbbbb&zona=Zona+Norte,200,51.815,
2026-08-31T03:53:49.096799+00:00,GET,http://localhost:3000/logistics/tenderos/productos-disponibles?tiendaId=bbbbbbbb-bbbb-4bbb-8bbb-bbbbbbbbbbbb&zona=Zona+Norte,200,51.298,
2026-08-31T03:53:49.147192+00:00,GET,http://localhost:3000/logistics/tenderos/productos-disponibles?tiendaId=bbbbbbbb-bbbb-4bbb-8bbb-bbbbbbbbbbbb&zona=Zona+Norte,200,56.250,
2026-08-31T03:53:49.197189+00:00,GET,http://localhost:3000/logistics/tenderos/productos-disponibles?tiendaId=bbbbbbbb-bbbb-4bbb-8bbb-bbbbbbbbbbbb&zona=Zona+Norte,200,51.663,
2026-08-31T03:53:49.246277+00:00,GET,http://localhost:3000/logistics/tenderos/productos-disponibles?tiendaId=bbbbbbbb-bbbb-4bbb-8bbb-bbbbbbbbbbbb&zona=Zona+Norte,200,51.386,
2026-08-31T03:53:49.297203+00:00,GET,http://localhost:3000/logistics/tenderos/productos-disponibles?tiendaId=bbbbbbbb-bbbb-4bbb-8bbb-bbbbbbbbbbbb&zona=Zona+Norte,200,55.302,
2026-08-31T03:53:49.346653+00:00,GET,http://localhost:3000/logistics/tenderos/productos-disponibles?tiendaId=bbbbbbbb-bbbb-4bbb-8bbb-bbbbbbbbbbbb&zona=Zona+Norte,200,58.610,
2026-08-31T03:53:49.397174+00:00,GET,http://localhost:3000/logistics/tenderos/productos-disponibles?tiendaId=bbbbbbbb-bbbb-4bbb-8bbb-bbbbbbbbbbbb&zona=Zona+Norte,200,57.931,
2026-08-31T03:53:49.447180+00:00,GET,http://localhost:3000/logistics/tenderos/productos-disponibles?tiendaId=bbbbbbbb-bbbb-4bbb-8bbb-bbbbbbbbbbbb&zona=Zona+Norte,200,51.835,
2026-08-31T03:53:49.497222+00:00,GET,http://localhost:3000/logistics/tenderos/productos-disponibles?tiendaId=bbbbbbbb-bbbb-4bbb-8bbb-bbbbbbbbbbbb&zona=Zona+Norte,200,52.869,
2026-08-31T03:53:49.547171+00:00,GET,http://localhost:3000/logistics/tenderos/productos-disponibles?tiendaId=bbbbbbbb-bbbb-4bbb-8bbb-bbbbbbbbbbbb&zona=Zona+Norte,200,57.642,
2026-08-31T03:53:49.596869+00:00,GET,http://localhost:3000/logistics/tenderos/productos-disponibles?tiendaId=bbbbbbbb-bbbb-4bbb-8bbb-bbbbbbbbbbbb&zona=Zona+Norte,200,51.548,
2026-08-31T03:53:49.646387+00:00,GET,http://localhost:3000/logistics/tenderos/productos-disponibles?tiendaId=bbbbbbbb-bbbb-4bbb-8bbb-bbbbbbbbbbbb&zona=Zona+Norte,200,53.455,
2026-08-31T03:53:49.696869+00:00,GET,http://localhost:3000/logistics/tenderos/productos-disponibles?tiendaId=bbbbbbbb-bbbb-4bbb-8bbb-bbbbbbbbbbbb&zona=Zona+Norte,200,52.530,
2026-08-31T03:53:49.747159+00:00,GET,http://localhost:3000/logistics/tenderos/productos-disponibles?tiendaId=bbbbbbbb-bbbb-4bbb-8bbb-bbbbbbbbbbbb&zona=Zona+Norte,200,55.505,
2026-08-31T03:53:49.797152+00:00,GET,http://localhost:3000/logistics/tenderos/productos-disponibles?tiendaId=bbbbbbbb-bbbb-4bbb-8bbb-bbbbbbbbbbbb&zona=Zona+Norte,200,59.102,
2026-08-31T03:53:49.847219+00:00,GET,http://localhost:3000/logistics/tenderos/productos-disponibles?tiendaId=bbbbbbbb-bbbb-4bbb-8bbb-bbbbbbbbbbbb&zona=Zona+Norte,200,52.875,
2026-08-31T03:53:49.897205+00:00,GET,http://localhost:3000/logistics/tenderos/productos-disponibles?tiendaId=bbbbbbbb-bbbb-4bbb-8bbb-bbbbbbbbbbbb&zona=Zona+Norte,200,52.003,
2026-08-31T03:53:49.947271+00:00,GET,http://localhost:3000/logistics/tenderos/productos-disponibles?tiendaId=bbbbbbbb-bbbb-4bbb-8bbb-bbbbbbbbbbbb&zona=Zona+Norte,200,56.265,
2026-08-31T03:53:49.997174+00:00,GET,http://localhost:3000/logistics/tenderos/productos-disponibles?tiendaId=bbbbbbbb-bbbb-4bbb-8bbb-bbbbbbbbbbbb&zona=Zona+Norte,200,55.114,
2026-08-31T03:53:50.046774+00:00,GET,http://localhost:3000/logistics/tenderos/productos-disponibles?tiendaId=bbbbbbbb-bbbb-4bbb-8bbb-bbbbbbbbbbbb&zona=Zona+Norte,200,58.010,
2026-08-31T03:53:50.097181+00:00,GET,http://localhost:3000/logistics/tenderos/productos-disponibles?tiendaId=bbbbbbbb-bbbb-4bbb-8bbb-bbbbbbbbbbbb&zona=Zona+Norte,200,54.321,
2026-08-31T03:53:50.147069+00:00,GET,http://localhost:3000/logistics/tenderos/productos-disponibles?tiendaId=bbbbbbbb-bbbb-4bbb-8bbb-bbbbbbbbbbbb&zona=Zona+Norte,200,57.308,
2026-08-31T03:53:50.197207+00:00,GET,http://localhost:3000/logistics/tenderos/productos-disponibles?tiendaId=bbbbbbbb-bbbb-4bbb-8bbb-bbbbbbbbbbbb&zona=Zona+Norte,200,54.978,
2026-08-31T03:53:50.246607+00:00,GET,http://localhost:3000/logistics/tenderos/productos-disponibles?tiendaId=bbbbbbbb-bbbb-4bbb-8bbb-bbbbbbbbbbbb&zona=Zona+Norte,200,52.212,
2026-08-31T03:53:50.297219+00:00,GET,http://localhost:3000/logistics/tenderos/productos-disponibles?tiendaId=bbbbbbbb-bbbb-4bbb-8bbb-bbbbbbbbbbbb&zona=Zona+Norte,200,54.442,
2026-08-31T03:53:50.346604+00:00,GET,http://localhost:3000/logistics/tenderos/productos-disponibles?tiendaId=bbbbbbbb-bbbb-4bbb-8bbb-bbbbbbbbbbbb&zona=Zona+Norte,200,51.222,
2026-08-31T03:53:50.396394+00:00,GET,http://localhost:3000/logistics/tenderos/productos-disponibles?tiendaId=bbbbbbbb-bbbb-4bbb-8bbb-bbbbbbbbbbbb&zona=Zona+Norte,200,50.168,
2026-08-31T03:53:50.446596+00:00,GET,http://localhost:3000/logistics/tenderos/productos-disponibles?tiendaId=bbbbbbbb-bbbb-4bbb-8bbb-bbbbbbbbbbbb&zona=Zona+Norte,200,50.505,
2026-08-31T03:53:50.496774+00:00,GET,http://localhost:3000/logistics/tenderos/productos-disponibles?tiendaId=bbbbbbbb-bbbb-4bbb-8bbb-bbbbbbbbbbbb&zona=Zona+Norte,200,57.511,
2026-08-31T03:53:50.547188+00:00,GET,http://localhost:3000/logistics/tenderos/productos-disponibles?tiendaId=bbbbbbbb-bbbb-4bbb-8bbb-bbbbbbbbbbbb&zona=Zona+Norte,200,56.818,
2026-08-31T03:53:50.597082+00:00,GET,http://localhost:3000/logistics/tenderos/productos-disponibles?tiendaId=bbbbbbbb-bbbb-4bbb-8bbb-bbbbbbbbbbbb&zona=Zona+Norte,200,55.660,
2026-08-31T03:53:50.647214+00:00,GET,http://localhost:3000/logistics/tenderos/productos-disponibles?tiendaId=bbbbbbbb-bbbb-4bbb-8bbb-bbbbbbbbbbbb&zona=Zona+Norte,200,52.503,
2026-08-31T03:53:50.697200+00:00,GET,http://localhost:3000/logistics/tenderos/productos-disponibles?tiendaId=bbbbbbbb-bbbb-4bbb-8bbb-bbbbbbbbbbbb&zona=Zona+Norte,200,55.149,
2026-08-31T03:53:50.747201+00:00,GET,http://localhost:3000/logistics/tenderos/productos-disponibles?tiendaId=bbbbbbbb-bbbb-4bbb-8bbb-bbbbbbbbbbbb&zona=Zona+Norte,200,62.057,
2026-08-31T03:53:50.797198+00:00,GET,http://localhost:3000/logistics/tenderos/productos-disponibles?tiendaId=bbbbbbbb-bbbb-4bbb-8bbb-bbbbbbbbbbbb&zona=Zona+Norte,200,51.774,
2026-08-31T03:53:50.847190+00:00,GET,http://localhost:3000/logistics/tenderos/productos-disponibles?tiendaId=bbbbbbbb-bbbb-4bbb-8bbb-bbbbbbbbbbbb&zona=Zona+Norte,200,51.271,
2026-08-31T03:53:50.897195+00:00,GET,http://localhost:3000/logistics/tenderos/productos-disponibles?tiendaId=bbbbbbbb-bbbb-4bbb-8bbb-bbbbbbbbbbbb&zona=Zona+Norte,200,54.286,
2026-08-31T03:53:50.947193+00:00,GET,http://localhost:3000/logistics/tenderos/productos-disponibles?tiendaId=bbbbbbbb-bbbb-4bbb-8bbb-bbbbbbbbbbbb&zona=Zona+Norte,200,53.313,
2026-08-31T03:53:50.997205+00:00,GET,http://localhost:3000/logistics/tenderos/productos-disponibles?tiendaId=bbbbbbbb-bbbb-4bbb-8bbb-bbbbbbbbbbbb&zona=Zona+Norte,200,57.968,
2026-08-31T03:53:51.047207+00:00,GET,http://localhost:3000/logistics/tenderos/productos-disponibles?tiendaId=bbbbbbbb-bbbb-4bbb-8bbb-bbbbbbbbbbbb&zona=Zona+Norte,200,51.066,
2026-08-31T03:53:51.096341+00:00,GET,http://localhost:3000/logistics/tenderos/productos-disponibles?tiendaId=bbbbbbbb-bbbb-4bbb-8bbb-bbbbbbbbbbbb&zona=Zona+Norte,200,49.912,
2026-08-31T03:53:51.146320+00:00,GET,http://localhost:3000/logistics/tenderos/productos-disponibles?tiendaId=bbbbbbbb-bbbb-4bbb-8bbb-bbbbbbbbbbbb&zona=Zona+Norte,200,52.258,
2026-08-31T03:53:51.196403+00:00,GET,http://localhost:3000/logistics/tenderos/productos-disponibles?tiendaId=bbbbbbbb-bbbb-4bbb-8bbb-bbbbbbbbbbbb&zona=Zona+Norte,200,50.452,
2026-08-31T03:53:51.246897+00:00,GET,http://localhost:3000/logistics/tenderos/productos-disponibles?tiendaId=bbbbbbbb-bbbb-4bbb-8bbb-bbbbbbbbbbbb&zona=Zona+Norte,200,50.912,
2026-08-31T03:53:51.297216+00:00,GET,http://localhost:3000/logistics/tenderos/productos-disponibles?tiendaId=bbbbbbbb-bbbb-4bbb-8bbb-bbbbbbbbbbbb&zona=Zona+Norte,200,51.341,
2026-08-31T03:53:51.347214+00:00,GET,http://localhost:3000/logistics/tenderos/productos-disponibles?tiendaId=bbbbbbbb-bbbb-4bbb-8bbb-bbbbbbbbbbbb&zona=Zona+Norte,200,50.953,
2026-08-31T03:53:51.397232+00:00,GET,http://localhost:3000/logistics/tenderos/productos-disponibles?tiendaId=bbbbbbbb-bbbb-4bbb-8bbb-bbbbbbbbbbbb&zona=Zona+Norte,200,54.090,
2026-08-31T03:53:51.447211+00:00,GET,http://localhost:3000/logistics/tenderos/productos-disponibles?tiendaId=bbbbbbbb-bbbb-4bbb-8bbb-bbbbbbbbbbbb&zona=Zona+Norte,200,57.346,
2026-08-31T03:53:51.497210+00:00,GET,http://localhost:3000/logistics/tenderos/productos-disponibles?tiendaId=bbbbbbbb-bbbb-4bbb-8bbb-bbbbbbbbbbbb&zona=Zona+Norte,200,51.653,
2026-08-31T03:53:51.546597+00:00,GET,http://localhost:3000/logistics/tenderos/productos-disponibles?tiendaId=bbbbbbbb-bbbb-4bbb-8bbb-bbbbbbbbbbbb&zona=Zona+Norte,200,53.707,
2026-08-31T03:53:51.597216+00:00,GET,http://localhost:3000/logistics/tenderos/productos-disponibles?tiendaId=bbbbbbbb-bbbb-4bbb-8bbb-bbbbbbbbbbbb&zona=Zona+Norte,200,51.692,
2026-08-31T03:53:51.647259+00:00,GET,http://localhost:3000/logistics/tenderos/productos-disponibles?tiendaId=bbbbbbbb-bbbb-4bbb-8bbb-bbbbbbbbbbbb&zona=Zona+Norte,200,50.481,
2026-08-31T03:53:51.697223+00:00,GET,http://localhost:3000/logistics/tenderos/productos-disponibles?tiendaId=bbbbbbbb-bbbb-4bbb-8bbb-bbbbbbbbbbbb&zona=Zona+Norte,200,51.070,
2026-08-31T03:53:51.747235+00:00,GET,http://localhost:3000/logistics/tenderos/productos-disponibles?tiendaId=bbbbbbbb-bbbb-4bbb-8bbb-bbbbbbbbbbbb&zona=Zona+Norte,200,58.141,
2026-08-31T03:53:51.797103+00:00,GET,http://localhost:3000/logistics/tenderos/productos-disponibles?tiendaId=bbbbbbbb-bbbb-4bbb-8bbb-bbbbbbbbbbbb&zona=Zona+Norte,200,57.953,
2026-08-31T03:53:51.847275+00:00,GET,http://localhost:3000/logistics/tenderos/productos-disponibles?tiendaId=bbbbbbbb-bbbb-4bbb-8bbb-bbbbbbbbbbbb&zona=Zona+Norte,200,56.610,
2026-08-31T03:53:51.897222+00:00,GET,http://localhost:3000/logistics/tenderos/productos-disponibles?tiendaId=bbbbbbbb-bbbb-4bbb-8bbb-bbbbbbbbbbbb&zona=Zona+Norte,200,57.768,
2026-08-31T03:53:51.947204+00:00,GET,http://localhost:3000/logistics/tenderos/productos-disponibles?tiendaId=bbbbbbbb-bbbb-4bbb-8bbb-bbbbbbbbbbbb&zona=Zona+Norte,200,55.743,
2026-08-31T03:53:51.997225+00:00,GET,http://localhost:3000/logistics/tenderos/productos-disponibles?tiendaId=bbbbbbbb-bbbb-4bbb-8bbb-bbbbbbbbbbbb&zona=Zona+Norte,200,55.497,
2026-08-31T03:53:52.047221+00:00,GET,http://localhost:3000/logistics/tenderos/productos-disponibles?tiendaId=bbbbbbbb-bbbb-4bbb-8bbb-bbbbbbbbbbbb&zona=Zona+Norte,200,61.169,
2026-08-31T03:53:52.097225+00:00,GET,http://localhost:3000/logistics/tenderos/productos-disponibles?tiendaId=bbbbbbbb-bbbb-4bbb-8bbb-bbbbbbbbbbbb&zona=Zona+Norte,200,56.549,
2026-08-31T03:53:52.147129+00:00,GET,http://localhost:3000/logistics/tenderos/productos-disponibles?tiendaId=bbbbbbbb-bbbb-4bbb-8bbb-bbbbbbbbbbbb&zona=Zona+Norte,200,58.282,
2026-08-31T03:53:52.197240+00:00,GET,http://localhost:3000/logistics/tenderos/productos-disponibles?tiendaId=bbbbbbbb-bbbb-4bbb-8bbb-bbbbbbbbbbbb&zona=Zona+Norte,200,54.621,
2026-08-31T03:53:52.246593+00:00,GET,http://localhost:3000/logistics/tenderos/productos-disponibles?tiendaId=bbbbbbbb-bbbb-4bbb-8bbb-bbbbbbbbbbbb&zona=Zona+Norte,200,52.616,
2026-08-31T03:53:52.297230+00:00,GET,http://localhost:3000/logistics/tenderos/productos-disponibles?tiendaId=bbbbbbbb-bbbb-4bbb-8bbb-bbbbbbbbbbbb&zona=Zona+Norte,200,51.196,
2026-08-31T03:53:52.347235+00:00,GET,http://localhost:3000/logistics/tenderos/productos-disponibles?tiendaId=bbbbbbbb-bbbb-4bbb-8bbb-bbbbbbbbbbbb&zona=Zona+Norte,200,52.517,
2026-08-31T03:53:52.397246+00:00,GET,http://localhost:3000/logistics/tenderos/productos-disponibles?tiendaId=bbbbbbbb-bbbb-4bbb-8bbb-bbbbbbbbbbbb&zona=Zona+Norte,200,51.868,
2026-08-31T03:53:52.447231+00:00,GET,http://localhost:3000/logistics/tenderos/productos-disponibles?tiendaId=bbbbbbbb-bbbb-4bbb-8bbb-bbbbbbbbbbbb&zona=Zona+Norte,200,50.493,
2026-08-31T03:53:52.497100+00:00,GET,http://localhost:3000/logistics/tenderos/productos-disponibles?tiendaId=bbbbbbbb-bbbb-4bbb-8bbb-bbbbbbbbbbbb&zona=Zona+Norte,200,52.156,
2026-08-31T03:53:52.546594+00:00,GET,http://localhost:3000/logistics/tenderos/productos-disponibles?tiendaId=bbbbbbbb-bbbb-4bbb-8bbb-bbbbbbbbbbbb&zona=Zona+Norte,200,52.892,
2026-08-31T03:53:52.597247+00:00,GET,http://localhost:3000/logistics/tenderos/productos-disponibles?tiendaId=bbbbbbbb-bbbb-4bbb-8bbb-bbbbbbbbbbbb&zona=Zona+Norte,200,58.633,
2026-08-31T03:53:52.647293+00:00,GET,http://localhost:3000/logistics/tenderos/productos-disponibles?tiendaId=bbbbbbbb-bbbb-4bbb-8bbb-bbbbbbbbbbbb&zona=Zona+Norte,200,56.402,
2026-08-31T03:53:52.696515+00:00,GET,http://localhost:3000/logistics/tenderos/productos-disponibles?tiendaId=bbbbbbbb-bbbb-4bbb-8bbb-bbbbbbbbbbbb&zona=Zona+Norte,200,62.892,
2026-08-31T03:53:52.747246+00:00,GET,http://localhost:3000/logistics/tenderos/productos-disponibles?tiendaId=bbbbbbbb-bbbb-4bbb-8bbb-bbbbbbbbbbbb&zona=Zona+Norte,200,58.684,
2026-08-31T03:53:52.796527+00:00,GET,http://localhost:3000/logistics/tenderos/productos-disponibles?tiendaId=bbbbbbbb-bbbb-4bbb-8bbb-bbbbbbbbbbbb&zona=Zona+Norte,200,59.953,
2026-08-31T03:53:52.847262+00:00,GET,http://localhost:3000/logistics/tenderos/productos-disponibles?tiendaId=bbbbbbbb-bbbb-4bbb-8bbb-bbbbbbbbbbbb&zona=Zona+Norte,200,50.618,
2026-08-31T03:53:52.897258+00:00,GET,http://localhost:3000/logistics/tenderos/productos-disponibles?tiendaId=bbbbbbbb-bbbb-4bbb-8bbb-bbbbbbbbbbbb&zona=Zona+Norte,200,54.993,
2026-08-31T03:53:52.947246+00:00,GET,http://localhost:3000/logistics/tenderos/productos-disponibles?tiendaId=bbbbbbbb-bbbb-4bbb-8bbb-bbbbbbbbbbbb&zona=Zona+Norte,200,55.812,
2026-08-31T03:53:52.997129+00:00,GET,http://localhost:3000/logistics/tenderos/productos-disponibles?tiendaId=bbbbbbbb-bbbb-4bbb-8bbb-bbbbbbbbbbbb&zona=Zona+Norte,200,50.664,
2026-08-31T03:53:53.047353+00:00,GET,http://localhost:3000/logistics/tenderos/productos-disponibles?tiendaId=bbbbbbbb-bbbb-4bbb-8bbb-bbbbbbbbbbbb&zona=Zona+Norte,200,56.671,
2026-08-31T03:53:53.097277+00:00,GET,http://localhost:3000/logistics/tenderos/productos-disponibles?tiendaId=bbbbbbbb-bbbb-4bbb-8bbb-bbbbbbbbbbbb&zona=Zona+Norte,200,52.961,
2026-08-31T03:53:53.147279+00:00,GET,http://localhost:3000/logistics/tenderos/productos-disponibles?tiendaId=bbbbbbbb-bbbb-4bbb-8bbb-bbbbbbbbbbbb&zona=Zona+Norte,200,56.091,
2026-08-31T03:53:53.197273+00:00,GET,http://localhost:3000/logistics/tenderos/productos-disponibles?tiendaId=bbbbbbbb-bbbb-4bbb-8bbb-bbbbbbbbbbbb&zona=Zona+Norte,200,51.017,
2026-08-31T03:53:53.247291+00:00,GET,http://localhost:3000/logistics/tenderos/productos-disponibles?tiendaId=bbbbbbbb-bbbb-4bbb-8bbb-bbbbbbbbbbbb&zona=Zona+Norte,200,50.127,
2026-08-31T03:53:53.297464+00:00,GET,http://localhost:3000/logistics/tenderos/productos-disponibles?tiendaId=bbbbbbbb-bbbb-4bbb-8bbb-bbbbbbbbbbbb&zona=Zona+Norte,200,49.605,
2026-08-31T03:53:53.347108+00:00,GET,http://localhost:3000/logistics/tenderos/productos-disponibles?tiendaId=bbbbbbbb-bbbb-4bbb-8bbb-bbbbbbbbbbbb&zona=Zona+Norte,200,52.876,
2026-08-31T03:53:53.397277+00:00,GET,http://localhost:3000/logistics/tenderos/productos-disponibles?tiendaId=bbbbbbbb-bbbb-4bbb-8bbb-bbbbbbbbbbbb&zona=Zona+Norte,200,56.797,
2026-08-31T03:53:53.446640+00:00,GET,http://localhost:3000/logistics/tenderos/productos-disponibles?tiendaId=bbbbbbbb-bbbb-4bbb-8bbb-bbbbbbbbbbbb&zona=Zona+Norte,200,52.896,
2026-08-31T03:53:53.497274+00:00,GET,http://localhost:3000/logistics/tenderos/productos-disponibles?tiendaId=bbbbbbbb-bbbb-4bbb-8bbb-bbbbbbbbbbbb&zona=Zona+Norte,200,59.104,
2026-08-31T03:53:53.546629+00:00,GET,http://localhost:3000/logistics/tenderos/productos-disponibles?tiendaId=bbbbbbbb-bbbb-4bbb-8bbb-bbbbbbbbbbbb&zona=Zona+Norte,200,52.377,
2026-08-31T03:53:53.597248+00:00,GET,http://localhost:3000/logistics/tenderos/productos-disponibles?tiendaId=bbbbbbbb-bbbb-4bbb-8bbb-bbbbbbbbbbbb&zona=Zona+Norte,200,52.857,
2026-08-31T03:53:53.646826+00:00,GET,http://localhost:3000/logistics/tenderos/productos-disponibles?tiendaId=bbbbbbbb-bbbb-4bbb-8bbb-bbbbbbbbbbbb&zona=Zona+Norte,200,51.064,
2026-08-31T03:53:53.696991+00:00,GET,http://localhost:3000/logistics/tenderos/productos-disponibles?tiendaId=bbbbbbbb-bbbb-4bbb-8bbb-bbbbbbbbbbbb&zona=Zona+Norte,200,52.911,
2026-08-31T03:53:53.747415+00:00,GET,http://localhost:3000/logistics/tenderos/productos-disponibles?tiendaId=bbbbbbbb-bbbb-4bbb-8bbb-bbbbbbbbbbbb&zona=Zona+Norte,200,52.338,
2026-08-31T03:53:53.797107+00:00,GET,http://localhost:3000/logistics/tenderos/productos-disponibles?tiendaId=bbbbbbbb-bbbb-4bbb-8bbb-bbbbbbbbbbbb&zona=Zona+Norte,200,50.581,
2026-08-31T03:53:53.846426+00:00,GET,http://localhost:3000/logistics/tenderos/productos-disponibles?tiendaId=bbbbbbbb-bbbb-4bbb-8bbb-bbbbbbbbbbbb&zona=Zona+Norte,200,50.155,
2026-08-31T03:53:53.896614+00:00,GET,http://localhost:3000/logistics/tenderos/productos-disponibles?tiendaId=bbbbbbbb-bbbb-4bbb-8bbb-bbbbbbbbbbbb&zona=Zona+Norte,200,50.472,
2026-08-31T03:53:53.947131+00:00,GET,http://localhost:3000/logistics/tenderos/productos-disponibles?tiendaId=bbbbbbbb-bbbb-4bbb-8bbb-bbbbbbbbbbbb&zona=Zona+Norte,200,49.018,
2026-08-31T03:53:53.996242+00:00,GET,http://localhost:3000/logistics/tenderos/productos-disponibles?tiendaId=bbbbbbbb-bbbb-4bbb-8bbb-bbbbbbbbbbbb&zona=Zona+Norte,200,51.560,
2026-08-31T03:53:54.047290+00:00,GET,http://localhost:3000/logistics/tenderos/productos-disponibles?tiendaId=bbbbbbbb-bbbb-4bbb-8bbb-bbbbbbbbbbbb&zona=Zona+Norte,200,51.315,
2026-08-31T03:53:54.096852+00:00,GET,http://localhost:3000/logistics/tenderos/productos-disponibles?tiendaId=bbbbbbbb-bbbb-4bbb-8bbb-bbbbbbbbbbbb&zona=Zona+Norte,200,51.329,
2026-08-31T03:53:54.147340+00:00,GET,http://localhost:3000/logistics/tenderos/productos-disponibles?tiendaId=bbbbbbbb-bbbb-4bbb-8bbb-bbbbbbbbbbbb&zona=Zona+Norte,200,51.250,
2026-08-31T03:53:54.197303+00:00,GET,http://localhost:3000/logistics/tenderos/productos-disponibles?tiendaId=bbbbbbbb-bbbb-4bbb-8bbb-bbbbbbbbbbbb&zona=Zona+Norte,200,56.359,
2026-08-31T03:53:54.247310+00:00,GET,http://localhost:3000/logistics/tenderos/productos-disponibles?tiendaId=bbbbbbbb-bbbb-4bbb-8bbb-bbbbbbbbbbbb&zona=Zona+Norte,200,60.936,
2026-08-31T03:53:54.297297+00:00,GET,http://localhost:3000/logistics/tenderos/productos-disponibles?tiendaId=bbbbbbbb-bbbb-4bbb-8bbb-bbbbbbbbbbbb&zona=Zona+Norte,200,52.314,
2026-08-31T03:53:54.347309+00:00,GET,http://localhost:3000/logistics/tenderos/productos-disponibles?tiendaId=bbbbbbbb-bbbb-4bbb-8bbb-bbbbbbbbbbbb&zona=Zona+Norte,200,51.854,
2026-08-31T03:53:54.397349+00:00,GET,http://localhost:3000/logistics/tenderos/productos-disponibles?tiendaId=bbbbbbbb-bbbb-4bbb-8bbb-bbbbbbbbbbbb&zona=Zona+Norte,200,50.704,
2026-08-31T03:53:54.447330+00:00,GET,http://localhost:3000/logistics/tenderos/productos-disponibles?tiendaId=bbbbbbbb-bbbb-4bbb-8bbb-bbbbbbbbbbbb&zona=Zona+Norte,200,52.029,
2026-08-31T03:53:54.497327+00:00,GET,http://localhost:3000/logistics/tenderos/productos-disponibles?tiendaId=bbbbbbbb-bbbb-4bbb-8bbb-bbbbbbbbbbbb&zona=Zona+Norte,200,51.141,
2026-08-31T03:53:54.547306+00:00,GET,http://localhost:3000/logistics/tenderos/productos-disponibles?tiendaId=bbbbbbbb-bbbb-4bbb-8bbb-bbbbbbbbbbbb&zona=Zona+Norte,200,51.937,
2026-08-31T03:53:54.597320+00:00,GET,http://localhost:3000/logistics/tenderos/productos-disponibles?tiendaId=bbbbbbbb-bbbb-4bbb-8bbb-bbbbbbbbbbbb&zona=Zona+Norte,200,51.447,
2026-08-31T03:53:54.647334+00:00,GET,http://localhost:3000/logistics/tenderos/productos-disponibles?tiendaId=bbbbbbbb-bbbb-4bbb-8bbb-bbbbbbbbbbbb&zona=Zona+Norte,200,50.477,
2026-08-31T03:53:54.697370+00:00,GET,http://localhost:3000/logistics/tenderos/productos-disponibles?tiendaId=bbbbbbbb-bbbb-4bbb-8bbb-bbbbbbbbbbbb&zona=Zona+Norte,200,52.977,
2026-08-31T03:53:54.746474+00:00,GET,http://localhost:3000/logistics/tenderos/productos-disponibles?tiendaId=bbbbbbbb-bbbb-4bbb-8bbb-bbbbbbbbbbbb&zona=Zona+Norte,200,51.346,
2026-08-31T03:53:54.797309+00:00,GET,http://localhost:3000/logistics/tenderos/productos-disponibles?tiendaId=bbbbbbbb-bbbb-4bbb-8bbb-bbbbbbbbbbbb&zona=Zona+Norte,200,51.120,
2026-08-31T03:53:54.846636+00:00,GET,http://localhost:3000/logistics/tenderos/productos-disponibles?tiendaId=bbbbbbbb-bbbb-4bbb-8bbb-bbbbbbbbbbbb&zona=Zona+Norte,200,54.716,
2026-08-31T03:53:54.897319+00:00,GET,http://localhost:3000/logistics/tenderos/productos-disponibles?tiendaId=bbbbbbbb-bbbb-4bbb-8bbb-bbbbbbbbbbbb&zona=Zona+Norte,200,50.868,
2026-08-31T03:53:54.946610+00:00,GET,http://localhost:3000/logistics/tenderos/productos-disponibles?tiendaId=bbbbbbbb-bbbb-4bbb-8bbb-bbbbbbbbbbbb&zona=Zona+Norte,200,54.044,
2026-08-31T03:53:54.996555+00:00,GET,http://localhost:3000/logistics/tenderos/productos-disponibles?tiendaId=bbbbbbbb-bbbb-4bbb-8bbb-bbbbbbbbbbbb&zona=Zona+Norte,200,53.495,
2026-08-31T03:53:55.047315+00:00,GET,http://localhost:3000/logistics/tenderos/productos-disponibles?tiendaId=bbbbbbbb-bbbb-4bbb-8bbb-bbbbbbbbbbbb&zona=Zona+Norte,200,53.937,
2026-08-31T03:53:55.097302+00:00,GET,http://localhost:3000/logistics/tenderos/productos-disponibles?tiendaId=bbbbbbbb-bbbb-4bbb-8bbb-bbbbbbbbbbbb&zona=Zona+Norte,200,51.980,
2026-08-31T03:53:55.147330+00:00,GET,http://localhost:3000/logistics/tenderos/productos-disponibles?tiendaId=bbbbbbbb-bbbb-4bbb-8bbb-bbbbbbbbbbbb&zona=Zona+Norte,200,58.334,
2026-08-31T03:53:55.197337+00:00,GET,http://localhost:3000/logistics/tenderos/productos-disponibles?tiendaId=bbbbbbbb-bbbb-4bbb-8bbb-bbbbbbbbbbbb&zona=Zona+Norte,200,51.906,
2026-08-31T03:53:55.247313+00:00,GET,http://localhost:3000/logistics/tenderos/productos-disponibles?tiendaId=bbbbbbbb-bbbb-4bbb-8bbb-bbbbbbbbbbbb&zona=Zona+Norte,200,53.227,
2026-08-31T03:53:55.297307+00:00,GET,http://localhost:3000/logistics/tenderos/productos-disponibles?tiendaId=bbbbbbbb-bbbb-4bbb-8bbb-bbbbbbbbbbbb&zona=Zona+Norte,200,54.082,
2026-08-31T03:53:55.346623+00:00,GET,http://localhost:3000/logistics/tenderos/productos-disponibles?tiendaId=bbbbbbbb-bbbb-4bbb-8bbb-bbbbbbbbbbbb&zona=Zona+Norte,200,58.001,
2026-08-31T03:53:55.397146+00:00,GET,http://localhost:3000/logistics/tenderos/productos-disponibles?tiendaId=bbbbbbbb-bbbb-4bbb-8bbb-bbbbbbbbbbbb&zona=Zona+Norte,200,59.610,
2026-08-31T03:53:55.446465+00:00,GET,http://localhost:3000/logistics/tenderos/productos-disponibles?tiendaId=bbbbbbbb-bbbb-4bbb-8bbb-bbbbbbbbbbbb&zona=Zona+Norte,200,52.297,
2026-08-31T03:53:55.497354+00:00,GET,http://localhost:3000/logistics/tenderos/productos-disponibles?tiendaId=bbbbbbbb-bbbb-4bbb-8bbb-bbbbbbbbbbbb&zona=Zona+Norte,200,54.079,
2026-08-31T03:53:55.546464+00:00,GET,http://localhost:3000/logistics/tenderos/productos-disponibles?tiendaId=bbbbbbbb-bbbb-4bbb-8bbb-bbbbbbbbbbbb&zona=Zona+Norte,200,54.450,
2026-08-31T03:53:55.597018+00:00,GET,http://localhost:3000/logistics/tenderos/productos-disponibles?tiendaId=bbbbbbbb-bbbb-4bbb-8bbb-bbbbbbbbbbbb&zona=Zona+Norte,200,52.299,
2026-08-31T03:53:55.647371+00:00,GET,http://localhost:3000/logistics/tenderos/productos-disponibles?tiendaId=bbbbbbbb-bbbb-4bbb-8bbb-bbbbbbbbbbbb&zona=Zona+Norte,200,52.644,
2026-08-31T03:53:55.696847+00:00,GET,http://localhost:3000/logistics/tenderos/productos-disponibles?tiendaId=bbbbbbbb-bbbb-4bbb-8bbb-bbbbbbbbbbbb&zona=Zona+Norte,200,52.049,
2026-08-31T03:53:55.747317+00:00,GET,http://localhost:3000/logistics/tenderos/productos-disponibles?tiendaId=bbbbbbbb-bbbb-4bbb-8bbb-bbbbbbbbbbbb&zona=Zona+Norte,200,56.973,
2026-08-31T03:53:55.797345+00:00,GET,http://localhost:3000/logistics/tenderos/productos-disponibles?tiendaId=bbbbbbbb-bbbb-4bbb-8bbb-bbbbbbbbbbbb&zona=Zona+Norte,200,55.669,
2026-08-31T03:53:55.846848+00:00,GET,http://localhost:3000/logistics/tenderos/productos-disponibles?tiendaId=bbbbbbbb-bbbb-4bbb-8bbb-bbbbbbbbbbbb&zona=Zona+Norte,200,58.843,
2026-08-31T03:53:55.897338+00:00,GET,http://localhost:3000/logistics/tenderos/productos-disponibles?tiendaId=bbbbbbbb-bbbb-4bbb-8bbb-bbbbbbbbbbbb&zona=Zona+Norte,200,59.118,
2026-08-31T03:53:55.946637+00:00,GET,http://localhost:3000/logistics/tenderos/productos-disponibles?tiendaId=bbbbbbbb-bbbb-4bbb-8bbb-bbbbbbbbbbbb&zona=Zona+Norte,200,56.864,
2026-08-31T03:53:55.996344+00:00,GET,http://localhost:3000/logistics/tenderos/productos-disponibles?tiendaId=bbbbbbbb-bbbb-4bbb-8bbb-bbbbbbbbbbbb&zona=Zona+Norte,200,52.305,
2026-08-31T03:53:56.047188+00:00,GET,http://localhost:3000/logistics/tenderos/productos-disponibles?tiendaId=bbbbbbbb-bbbb-4bbb-8bbb-bbbbbbbbbbbb&zona=Zona+Norte,200,51.953,
2026-08-31T03:53:56.097344+00:00,GET,http://localhost:3000/logistics/tenderos/productos-disponibles?tiendaId=bbbbbbbb-bbbb-4bbb-8bbb-bbbbbbbbbbbb&zona=Zona+Norte,200,50.078,
2026-08-31T03:53:56.147049+00:00,GET,http://localhost:3000/logistics/tenderos/productos-disponibles?tiendaId=bbbbbbbb-bbbb-4bbb-8bbb-bbbbbbbbbbbb&zona=Zona+Norte,200,53.099,
2026-08-31T03:53:56.197139+00:00,GET,http://localhost:3000/logistics/tenderos/productos-disponibles?tiendaId=bbbbbbbb-bbbb-4bbb-8bbb-bbbbbbbbbbbb&zona=Zona+Norte,200,58.865,
2026-08-31T03:53:56.247350+00:00,GET,http://localhost:3000/logistics/tenderos/productos-disponibles?tiendaId=bbbbbbbb-bbbb-4bbb-8bbb-bbbbbbbbbbbb&zona=Zona+Norte,200,53.062,
2026-08-31T03:53:56.297372+00:00,GET,http://localhost:3000/logistics/tenderos/productos-disponibles?tiendaId=bbbbbbbb-bbbb-4bbb-8bbb-bbbbbbbbbbbb&zona=Zona+Norte,200,50.704,
2026-08-31T03:53:56.347377+00:00,GET,http://localhost:3000/logistics/tenderos/productos-disponibles?tiendaId=bbbbbbbb-bbbb-4bbb-8bbb-bbbbbbbbbbbb&zona=Zona+Norte,200,53.040,
2026-08-31T03:53:56.397340+00:00,GET,http://localhost:3000/logistics/tenderos/productos-disponibles?tiendaId=bbbbbbbb-bbbb-4bbb-8bbb-bbbbbbbbbbbb&zona=Zona+Norte,200,53.723,
2026-08-31T03:53:56.447353+00:00,GET,http://localhost:3000/logistics/tenderos/productos-disponibles?tiendaId=bbbbbbbb-bbbb-4bbb-8bbb-bbbbbbbbbbbb&zona=Zona+Norte,200,55.897,
2026-08-31T03:53:56.497345+00:00,GET,http://localhost:3000/logistics/tenderos/productos-disponibles?tiendaId=bbbbbbbb-bbbb-4bbb-8bbb-bbbbbbbbbbbb&zona=Zona+Norte,200,55.415,
2026-08-31T03:53:56.547354+00:00,GET,http://localhost:3000/logistics/tenderos/productos-disponibles?tiendaId=bbbbbbbb-bbbb-4bbb-8bbb-bbbbbbbbbbbb&zona=Zona+Norte,200,59.851,
2026-08-31T03:53:56.596511+00:00,GET,http://localhost:3000/logistics/tenderos/productos-disponibles?tiendaId=bbbbbbbb-bbbb-4bbb-8bbb-bbbbbbbbbbbb&zona=Zona+Norte,200,52.143,
2026-08-31T03:53:56.647381+00:00,GET,http://localhost:3000/logistics/tenderos/productos-disponibles?tiendaId=bbbbbbbb-bbbb-4bbb-8bbb-bbbbbbbbbbbb&zona=Zona+Norte,200,50.303,
2026-08-31T03:53:56.697358+00:00,GET,http://localhost:3000/logistics/tenderos/productos-disponibles?tiendaId=bbbbbbbb-bbbb-4bbb-8bbb-bbbbbbbbbbbb&zona=Zona+Norte,200,58.239,
2026-08-31T03:53:56.747349+00:00,GET,http://localhost:3000/logistics/tenderos/productos-disponibles?tiendaId=bbbbbbbb-bbbb-4bbb-8bbb-bbbbbbbbbbbb&zona=Zona+Norte,200,59.525,
2026-08-31T03:53:56.797351+00:00,GET,http://localhost:3000/logistics/tenderos/productos-disponibles?tiendaId=bbbbbbbb-bbbb-4bbb-8bbb-bbbbbbbbbbbb&zona=Zona+Norte,200,55.623,
2026-08-31T03:53:56.847413+00:00,GET,http://localhost:3000/logistics/tenderos/productos-disponibles?tiendaId=bbbbbbbb-bbbb-4bbb-8bbb-bbbbbbbbbbbb&zona=Zona+Norte,200,52.072,
2026-08-31T03:53:56.897415+00:00,GET,http://localhost:3000/logistics/tenderos/productos-disponibles?tiendaId=bbbbbbbb-bbbb-4bbb-8bbb-bbbbbbbbbbbb&zona=Zona+Norte,200,54.600,
2026-08-31T03:53:56.947416+00:00,GET,http://localhost:3000/logistics/tenderos/productos-disponibles?tiendaId=bbbbbbbb-bbbb-4bbb-8bbb-bbbbbbbbbbbb&zona=Zona+Norte,200,58.068,
2026-08-31T03:53:56.997128+00:00,GET,http://localhost:3000/logistics/tenderos/productos-disponibles?tiendaId=bbbbbbbb-bbbb-4bbb-8bbb-bbbbbbbbbbbb&zona=Zona+Norte,200,58.110,
2026-08-31T03:53:57.047057+00:00,GET,http://localhost:3000/logistics/tenderos/productos-disponibles?tiendaId=bbbbbbbb-bbbb-4bbb-8bbb-bbbbbbbbbbbb&zona=Zona+Norte,200,56.585,
2026-08-31T03:53:57.097399+00:00,GET,http://localhost:3000/logistics/tenderos/productos-disponibles?tiendaId=bbbbbbbb-bbbb-4bbb-8bbb-bbbbbbbbbbbb&zona=Zona+Norte,200,51.593,
2026-08-31T03:53:57.146658+00:00,GET,http://localhost:3000/logistics/tenderos/productos-disponibles?tiendaId=bbbbbbbb-bbbb-4bbb-8bbb-bbbbbbbbbbbb&zona=Zona+Norte,200,52.770,
2026-08-31T03:53:57.196391+00:00,GET,http://localhost:3000/logistics/tenderos/productos-disponibles?tiendaId=bbbbbbbb-bbbb-4bbb-8bbb-bbbbbbbbbbbb&zona=Zona+Norte,200,51.837,
2026-08-31T03:53:57.247416+00:00,GET,http://localhost:3000/logistics/tenderos/productos-disponibles?tiendaId=bbbbbbbb-bbbb-4bbb-8bbb-bbbbbbbbbbbb&zona=Zona+Norte,200,54.203,
2026-08-31T03:53:57.297385+00:00,GET,http://localhost:3000/logistics/tenderos/productos-disponibles?tiendaId=bbbbbbbb-bbbb-4bbb-8bbb-bbbbbbbbbbbb&zona=Zona+Norte,200,51.506,
2026-08-31T03:53:57.347055+00:00,GET,http://localhost:3000/logistics/tenderos/productos-disponibles?tiendaId=bbbbbbbb-bbbb-4bbb-8bbb-bbbbbbbbbbbb&zona=Zona+Norte,200,51.602,
2026-08-31T03:53:57.396921+00:00,GET,http://localhost:3000/logistics/tenderos/productos-disponibles?tiendaId=bbbbbbbb-bbbb-4bbb-8bbb-bbbbbbbbbbbb&zona=Zona+Norte,200,51.310,
2026-08-31T03:53:57.447420+00:00,GET,http://localhost:3000/logistics/tenderos/productos-disponibles?tiendaId=bbbbbbbb-bbbb-4bbb-8bbb-bbbbbbbbbbbb&zona=Zona+Norte,200,50.827,
2026-08-31T03:53:57.497421+00:00,GET,http://localhost:3000/logistics/tenderos/productos-disponibles?tiendaId=bbbbbbbb-bbbb-4bbb-8bbb-bbbbbbbbbbbb&zona=Zona+Norte,200,57.700,
2026-08-31T03:53:57.546651+00:00,GET,http://localhost:3000/logistics/tenderos/productos-disponibles?tiendaId=bbbbbbbb-bbbb-4bbb-8bbb-bbbbbbbbbbbb&zona=Zona+Norte,200,49.656,
2026-08-31T03:53:57.596416+00:00,GET,http://localhost:3000/logistics/tenderos/productos-disponibles?tiendaId=bbbbbbbb-bbbb-4bbb-8bbb-bbbbbbbbbbbb&zona=Zona+Norte,200,49.070,
2026-08-31T03:53:57.646487+00:00,GET,http://localhost:3000/logistics/tenderos/productos-disponibles?tiendaId=bbbbbbbb-bbbb-4bbb-8bbb-bbbbbbbbbbbb&zona=Zona+Norte,200,51.350,
2026-08-31T03:53:57.697415+00:00,GET,http://localhost:3000/logistics/tenderos/productos-disponibles?tiendaId=bbbbbbbb-bbbb-4bbb-8bbb-bbbbbbbbbbbb&zona=Zona+Norte,200,53.898,
2026-08-31T03:53:57.746892+00:00,GET,http://localhost:3000/logistics/tenderos/productos-disponibles?tiendaId=bbbbbbbb-bbbb-4bbb-8bbb-bbbbbbbbbbbb&zona=Zona+Norte,200,54.885,
2026-08-31T03:53:57.797222+00:00,GET,http://localhost:3000/logistics/tenderos/productos-disponibles?tiendaId=bbbbbbbb-bbbb-4bbb-8bbb-bbbbbbbbbbbb&zona=Zona+Norte,200,49.504,
2026-08-31T03:53:57.846766+00:00,GET,http://localhost:3000/logistics/tenderos/productos-disponibles?tiendaId=bbbbbbbb-bbbb-4bbb-8bbb-bbbbbbbbbbbb&zona=Zona+Norte,200,50.415,
2026-08-31T03:53:57.897224+00:00,GET,http://localhost:3000/logistics/tenderos/productos-disponibles?tiendaId=bbbbbbbb-bbbb-4bbb-8bbb-bbbbbbbbbbbb&zona=Zona+Norte,200,48.870,
2026-08-31T03:53:57.946368+00:00,GET,http://localhost:3000/logistics/tenderos/productos-disponibles?tiendaId=bbbbbbbb-bbbb-4bbb-8bbb-bbbbbbbbbbbb&zona=Zona+Norte,200,49.447,
2026-08-31T03:53:57.996407+00:00,GET,http://localhost:3000/logistics/tenderos/productos-disponibles?tiendaId=bbbbbbbb-bbbb-4bbb-8bbb-bbbbbbbbbbbb&zona=Zona+Norte,200,50.598,
2026-08-31T03:53:58.046627+00:00,GET,http://localhost:3000/logistics/tenderos/productos-disponibles?tiendaId=bbbbbbbb-bbbb-4bbb-8bbb-bbbbbbbbbbbb&zona=Zona+Norte,200,52.493,
2026-08-31T03:53:58.097415+00:00,GET,http://localhost:3000/logistics/tenderos/productos-disponibles?tiendaId=bbbbbbbb-bbbb-4bbb-8bbb-bbbbbbbbbbbb&zona=Zona+Norte,200,52.639,
2026-08-31T03:53:58.147408+00:00,GET,http://localhost:3000/logistics/tenderos/productos-disponibles?tiendaId=bbbbbbbb-bbbb-4bbb-8bbb-bbbbbbbbbbbb&zona=Zona+Norte,200,50.893,
2026-08-31T03:53:58.196624+00:00,GET,http://localhost:3000/logistics/tenderos/productos-disponibles?tiendaId=bbbbbbbb-bbbb-4bbb-8bbb-bbbbbbbbbbbb&zona=Zona+Norte,200,52.293,
2026-08-31T03:53:58.246770+00:00,GET,http://localhost:3000/logistics/tenderos/productos-disponibles?tiendaId=bbbbbbbb-bbbb-4bbb-8bbb-bbbbbbbbbbbb&zona=Zona+Norte,200,54.490,
2026-08-31T03:53:58.297448+00:00,GET,http://localhost:3000/logistics/tenderos/productos-disponibles?tiendaId=bbbbbbbb-bbbb-4bbb-8bbb-bbbbbbbbbbbb&zona=Zona+Norte,200,58.385,
2026-08-31T03:53:58.347414+00:00,GET,http://localhost:3000/logistics/tenderos/productos-disponibles?tiendaId=bbbbbbbb-bbbb-4bbb-8bbb-bbbbbbbbbbbb&zona=Zona+Norte,200,61.253,
2026-08-31T03:53:58.397407+00:00,GET,http://localhost:3000/logistics/tenderos/productos-disponibles?tiendaId=bbbbbbbb-bbbb-4bbb-8bbb-bbbbbbbbbbbb&zona=Zona+Norte,200,58.386,
2026-08-31T03:53:58.447363+00:00,GET,http://localhost:3000/logistics/tenderos/productos-disponibles?tiendaId=bbbbbbbb-bbbb-4bbb-8bbb-bbbbbbbbbbbb&zona=Zona+Norte,200,51.563,
2026-08-31T03:53:58.496921+00:00,GET,http://localhost:3000/logistics/tenderos/productos-disponibles?tiendaId=bbbbbbbb-bbbb-4bbb-8bbb-bbbbbbbbbbbb&zona=Zona+Norte,200,51.724,
2026-08-31T03:53:58.546649+00:00,GET,http://localhost:3000/logistics/tenderos/productos-disponibles?tiendaId=bbbbbbbb-bbbb-4bbb-8bbb-bbbbbbbbbbbb&zona=Zona+Norte,200,52.266,
2026-08-31T03:53:58.597445+00:00,GET,http://localhost:3000/logistics/tenderos/productos-disponibles?tiendaId=bbbbbbbb-bbbb-4bbb-8bbb-bbbbbbbbbbbb&zona=Zona+Norte,200,52.513,
2026-08-31T03:53:58.646943+00:00,GET,http://localhost:3000/logistics/tenderos/productos-disponibles?tiendaId=bbbbbbbb-bbbb-4bbb-8bbb-bbbbbbbbbbbb&zona=Zona+Norte,200,51.518,
2026-08-31T03:53:58.697016+00:00,GET,http://localhost:3000/logistics/tenderos/productos-disponibles?tiendaId=bbbbbbbb-bbbb-4bbb-8bbb-bbbbbbbbbbbb&zona=Zona+Norte,200,50.552,
2026-08-31T03:53:58.747606+00:00,GET,http://localhost:3000/logistics/tenderos/productos-disponibles?tiendaId=bbbbbbbb-bbbb-4bbb-8bbb-bbbbbbbbbbbb&zona=Zona+Norte,200,51.451,
2026-08-31T03:53:58.796962+00:00,GET,http://localhost:3000/logistics/tenderos/productos-disponibles?tiendaId=bbbbbbbb-bbbb-4bbb-8bbb-bbbbbbbbbbbb&zona=Zona+Norte,200,55.037,
2026-08-31T03:53:58.846573+00:00,GET,http://localhost:3000/logistics/tenderos/productos-disponibles?tiendaId=bbbbbbbb-bbbb-4bbb-8bbb-bbbbbbbbbbbb&zona=Zona+Norte,200,60.986,
2026-08-31T03:53:58.897396+00:00,GET,http://localhost:3000/logistics/tenderos/productos-disponibles?tiendaId=bbbbbbbb-bbbb-4bbb-8bbb-bbbbbbbbbbbb&zona=Zona+Norte,200,58.959,
2026-08-31T03:53:58.946643+00:00,GET,http://localhost:3000/logistics/tenderos/productos-disponibles?tiendaId=bbbbbbbb-bbbb-4bbb-8bbb-bbbbbbbbbbbb&zona=Zona+Norte,200,62.064,
2026-08-31T03:53:58.996658+00:00,GET,http://localhost:3000/logistics/tenderos/productos-disponibles?tiendaId=bbbbbbbb-bbbb-4bbb-8bbb-bbbbbbbbbbbb&zona=Zona+Norte,200,52.697,
2026-08-31T03:53:59.047437+00:00,GET,http://localhost:3000/logistics/tenderos/productos-disponibles?tiendaId=bbbbbbbb-bbbb-4bbb-8bbb-bbbbbbbbbbbb&zona=Zona+Norte,200,57.086,
2026-08-31T03:53:59.097433+00:00,GET,http://localhost:3000/logistics/tenderos/productos-disponibles?tiendaId=bbbbbbbb-bbbb-4bbb-8bbb-bbbbbbbbbbbb&zona=Zona+Norte,200,55.338,
2026-08-31T03:53:59.147425+00:00,GET,http://localhost:3000/logistics/tenderos/productos-disponibles?tiendaId=bbbbbbbb-bbbb-4bbb-8bbb-bbbbbbbbbbbb&zona=Zona+Norte,200,52.627,
2026-08-31T03:53:59.197476+00:00,GET,http://localhost:3000/logistics/tenderos/productos-disponibles?tiendaId=bbbbbbbb-bbbb-4bbb-8bbb-bbbbbbbbbbbb&zona=Zona+Norte,200,54.532,
2026-08-31T03:53:59.247450+00:00,GET,http://localhost:3000/logistics/tenderos/productos-disponibles?tiendaId=bbbbbbbb-bbbb-4bbb-8bbb-bbbbbbbbbbbb&zona=Zona+Norte,200,56.166,
2026-08-31T03:53:59.297450+00:00,GET,http://localhost:3000/logistics/tenderos/productos-disponibles?tiendaId=bbbbbbbb-bbbb-4bbb-8bbb-bbbbbbbbbbbb&zona=Zona+Norte,200,56.768,
2026-08-31T03:53:59.347439+00:00,GET,http://localhost:3000/logistics/tenderos/productos-disponibles?tiendaId=bbbbbbbb-bbbb-4bbb-8bbb-bbbbbbbbbbbb&zona=Zona+Norte,200,55.261,
2026-08-31T03:53:59.396604+00:00,GET,http://localhost:3000/logistics/tenderos/productos-disponibles?tiendaId=bbbbbbbb-bbbb-4bbb-8bbb-bbbbbbbbbbbb&zona=Zona+Norte,200,53.833,
2026-08-31T03:53:59.447491+00:00,GET,http://localhost:3000/logistics/tenderos/productos-disponibles?tiendaId=bbbbbbbb-bbbb-4bbb-8bbb-bbbbbbbbbbbb&zona=Zona+Norte,200,52.493,
2026-08-31T03:53:59.497527+00:00,GET,http://localhost:3000/logistics/tenderos/productos-disponibles?tiendaId=bbbbbbbb-bbbb-4bbb-8bbb-bbbbbbbbbbbb&zona=Zona+Norte,200,51.623,
2026-08-31T03:53:59.546502+00:00,GET,http://localhost:3000/logistics/tenderos/productos-disponibles?tiendaId=bbbbbbbb-bbbb-4bbb-8bbb-bbbbbbbbbbbb&zona=Zona+Norte,200,61.936,
2026-08-31T03:53:59.597202+00:00,GET,http://localhost:3000/logistics/tenderos/productos-disponibles?tiendaId=bbbbbbbb-bbbb-4bbb-8bbb-bbbbbbbbbbbb&zona=Zona+Norte,200,55.589,
2026-08-31T03:53:59.647525+00:00,GET,http://localhost:3000/logistics/tenderos/productos-disponibles?tiendaId=bbbbbbbb-bbbb-4bbb-8bbb-bbbbbbbbbbbb&zona=Zona+Norte,200,60.814,
2026-08-31T03:53:59.697469+00:00,GET,http://localhost:3000/logistics/tenderos/productos-disponibles?tiendaId=bbbbbbbb-bbbb-4bbb-8bbb-bbbbbbbbbbbb&zona=Zona+Norte,200,57.195,
2026-08-31T03:53:59.746555+00:00,GET,http://localhost:3000/logistics/tenderos/productos-disponibles?tiendaId=bbbbbbbb-bbbb-4bbb-8bbb-bbbbbbbbbbbb&zona=Zona+Norte,200,51.470,
2026-08-31T03:53:59.797486+00:00,GET,http://localhost:3000/logistics/tenderos/productos-disponibles?tiendaId=bbbbbbbb-bbbb-4bbb-8bbb-bbbbbbbbbbbb&zona=Zona+Norte,200,51.430,
2026-08-31T03:53:59.846663+00:00,GET,http://localhost:3000/logistics/tenderos/productos-disponibles?tiendaId=bbbbbbbb-bbbb-4bbb-8bbb-bbbbbbbbbbbb&zona=Zona+Norte,200,52.323,
2026-08-31T03:53:59.897485+00:00,GET,http://localhost:3000/logistics/tenderos/productos-disponibles?tiendaId=bbbbbbbb-bbbb-4bbb-8bbb-bbbbbbbbbbbb&zona=Zona+Norte,200,51.294,
2026-08-31T03:53:59.947484+00:00,GET,http://localhost:3000/logistics/tenderos/productos-disponibles?tiendaId=bbbbbbbb-bbbb-4bbb-8bbb-bbbbbbbbbbbb&zona=Zona+Norte,200,56.567,
2026-08-31T03:53:59.997497+00:00,GET,http://localhost:3000/logistics/tenderos/productos-disponibles?tiendaId=bbbbbbbb-bbbb-4bbb-8bbb-bbbbbbbbbbbb&zona=Zona+Norte,200,54.254,
2026-08-31T03:54:00.047507+00:00,GET,http://localhost:3000/logistics/tenderos/productos-disponibles?tiendaId=bbbbbbbb-bbbb-4bbb-8bbb-bbbbbbbbbbbb&zona=Zona+Norte,200,54.666,
2026-08-31T03:54:00.097475+00:00,GET,http://localhost:3000/logistics/tenderos/productos-disponibles?tiendaId=bbbbbbbb-bbbb-4bbb-8bbb-bbbbbbbbbbbb&zona=Zona+Norte,200,57.078,
2026-08-31T03:54:00.146591+00:00,GET,http://localhost:3000/logistics/tenderos/productos-disponibles?tiendaId=bbbbbbbb-bbbb-4bbb-8bbb-bbbbbbbbbbbb&zona=Zona+Norte,200,57.157,
2026-08-31T03:54:00.197490+00:00,GET,http://localhost:3000/logistics/tenderos/productos-disponibles?tiendaId=bbbbbbbb-bbbb-4bbb-8bbb-bbbbbbbbbbbb&zona=Zona+Norte,200,50.677,
2026-08-31T03:54:00.247653+00:00,GET,http://localhost:3000/logistics/tenderos/productos-disponibles?tiendaId=bbbbbbbb-bbbb-4bbb-8bbb-bbbbbbbbbbbb&zona=Zona+Norte,200,50.622,
2026-08-31T03:54:00.297476+00:00,GET,http://localhost:3000/logistics/tenderos/productos-disponibles?tiendaId=bbbbbbbb-bbbb-4bbb-8bbb-bbbbbbbbbbbb&zona=Zona+Norte,200,51.182,
2026-08-31T03:54:00.346727+00:00,GET,http://localhost:3000/logistics/tenderos/productos-disponibles?tiendaId=bbbbbbbb-bbbb-4bbb-8bbb-bbbbbbbbbbbb&zona=Zona+Norte,200,51.176,
2026-08-31T03:54:00.396593+00:00,GET,http://localhost:3000/logistics/tenderos/productos-disponibles?tiendaId=bbbbbbbb-bbbb-4bbb-8bbb-bbbbbbbbbbbb&zona=Zona+Norte,200,51.735,
2026-08-31T03:54:00.447483+00:00,GET,http://localhost:3000/logistics/tenderos/productos-disponibles?tiendaId=bbbbbbbb-bbbb-4bbb-8bbb-bbbbbbbbbbbb&zona=Zona+Norte,200,52.162,
2026-08-31T03:54:00.497161+00:00,GET,http://localhost:3000/logistics/tenderos/productos-disponibles?tiendaId=bbbbbbbb-bbbb-4bbb-8bbb-bbbbbbbbbbbb&zona=Zona+Norte,200,52.515,
2026-08-31T03:54:00.547474+00:00,GET,http://localhost:3000/logistics/tenderos/productos-disponibles?tiendaId=bbbbbbbb-bbbb-4bbb-8bbb-bbbbbbbbbbbb&zona=Zona+Norte,200,54.912,
2026-08-31T03:54:00.596584+00:00,GET,http://localhost:3000/logistics/tenderos/productos-disponibles?tiendaId=bbbbbbbb-bbbb-4bbb-8bbb-bbbbbbbbbbbb&zona=Zona+Norte,200,56.196,
2026-08-31T03:54:00.647519+00:00,GET,http://localhost:3000/logistics/tenderos/productos-disponibles?tiendaId=bbbbbbbb-bbbb-4bbb-8bbb-bbbbbbbbbbbb&zona=Zona+Norte,200,51.396,
2026-08-31T03:54:00.697482+00:00,GET,http://localhost:3000/logistics/tenderos/productos-disponibles?tiendaId=bbbbbbbb-bbbb-4bbb-8bbb-bbbbbbbbbbbb&zona=Zona+Norte,200,55.734,
2026-08-31T03:54:00.747501+00:00,GET,http://localhost:3000/logistics/tenderos/productos-disponibles?tiendaId=bbbbbbbb-bbbb-4bbb-8bbb-bbbbbbbbbbbb&zona=Zona+Norte,200,55.970,
2026-08-31T03:54:00.796788+00:00,GET,http://localhost:3000/logistics/tenderos/productos-disponibles?tiendaId=bbbbbbbb-bbbb-4bbb-8bbb-bbbbbbbbbbbb&zona=Zona+Norte,200,50.815,
2026-08-31T03:54:00.847630+00:00,GET,http://localhost:3000/logistics/tenderos/productos-disponibles?tiendaId=bbbbbbbb-bbbb-4bbb-8bbb-bbbbbbbbbbbb&zona=Zona+Norte,200,50.576,
2026-08-31T03:54:00.897496+00:00,GET,http://localhost:3000/logistics/tenderos/productos-disponibles?tiendaId=bbbbbbbb-bbbb-4bbb-8bbb-bbbbbbbbbbbb&zona=Zona+Norte,200,50.286,
2026-08-31T03:54:00.947501+00:00,GET,http://localhost:3000/logistics/tenderos/productos-disponibles?tiendaId=bbbbbbbb-bbbb-4bbb-8bbb-bbbbbbbbbbbb&zona=Zona+Norte,200,50.338,
2026-08-31T03:54:00.997160+00:00,GET,http://localhost:3000/logistics/tenderos/productos-disponibles?tiendaId=bbbbbbbb-bbbb-4bbb-8bbb-bbbbbbbbbbbb&zona=Zona+Norte,200,51.199,
2026-08-31T03:54:01.047493+00:00,GET,http://localhost:3000/logistics/tenderos/productos-disponibles?tiendaId=bbbbbbbb-bbbb-4bbb-8bbb-bbbbbbbbbbbb&zona=Zona+Norte,200,53.173,
2026-08-31T03:54:01.097369+00:00,GET,http://localhost:3000/logistics/tenderos/productos-disponibles?tiendaId=bbbbbbbb-bbbb-4bbb-8bbb-bbbbbbbbbbbb&zona=Zona+Norte,200,51.993,
2026-08-31T03:54:01.147488+00:00,GET,http://localhost:3000/logistics/tenderos/productos-disponibles?tiendaId=bbbbbbbb-bbbb-4bbb-8bbb-bbbbbbbbbbbb&zona=Zona+Norte,200,53.107,
2026-08-31T03:54:01.197524+00:00,GET,http://localhost:3000/logistics/tenderos/productos-disponibles?tiendaId=bbbbbbbb-bbbb-4bbb-8bbb-bbbbbbbbbbbb&zona=Zona+Norte,200,50.945,
2026-08-31T03:54:01.247531+00:00,GET,http://localhost:3000/logistics/tenderos/productos-disponibles?tiendaId=bbbbbbbb-bbbb-4bbb-8bbb-bbbbbbbbbbbb&zona=Zona+Norte,200,56.516,
2026-08-31T03:54:01.297522+00:00,GET,http://localhost:3000/logistics/tenderos/productos-disponibles?tiendaId=bbbbbbbb-bbbb-4bbb-8bbb-bbbbbbbbbbbb&zona=Zona+Norte,200,51.282,
2026-08-31T03:54:01.346885+00:00,GET,http://localhost:3000/logistics/tenderos/productos-disponibles?tiendaId=bbbbbbbb-bbbb-4bbb-8bbb-bbbbbbbbbbbb&zona=Zona+Norte,200,51.503,
2026-08-31T03:54:01.396657+00:00,GET,http://localhost:3000/logistics/tenderos/productos-disponibles?tiendaId=bbbbbbbb-bbbb-4bbb-8bbb-bbbbbbbbbbbb&zona=Zona+Norte,200,56.692,
2026-08-31T03:54:01.447534+00:00,GET,http://localhost:3000/logistics/tenderos/productos-disponibles?tiendaId=bbbbbbbb-bbbb-4bbb-8bbb-bbbbbbbbbbbb&zona=Zona+Norte,200,56.554,
2026-08-31T03:54:01.497525+00:00,GET,http://localhost:3000/logistics/tenderos/productos-disponibles?tiendaId=bbbbbbbb-bbbb-4bbb-8bbb-bbbbbbbbbbbb&zona=Zona+Norte,200,55.643,
2026-08-31T03:54:01.547521+00:00,GET,http://localhost:3000/logistics/tenderos/productos-disponibles?tiendaId=bbbbbbbb-bbbb-4bbb-8bbb-bbbbbbbbbbbb&zona=Zona+Norte,200,51.682,
2026-08-31T03:54:01.597527+00:00,GET,http://localhost:3000/logistics/tenderos/productos-disponibles?tiendaId=bbbbbbbb-bbbb-4bbb-8bbb-bbbbbbbbbbbb&zona=Zona+Norte,200,51.978,
2026-08-31T03:54:01.647597+00:00,GET,http://localhost:3000/logistics/tenderos/productos-disponibles?tiendaId=bbbbbbbb-bbbb-4bbb-8bbb-bbbbbbbbbbbb&zona=Zona+Norte,200,56.573,
2026-08-31T03:54:01.696617+00:00,GET,http://localhost:3000/logistics/tenderos/productos-disponibles?tiendaId=bbbbbbbb-bbbb-4bbb-8bbb-bbbbbbbbbbbb&zona=Zona+Norte,200,51.347,
2026-08-31T03:54:01.747538+00:00,GET,http://localhost:3000/logistics/tenderos/productos-disponibles?tiendaId=bbbbbbbb-bbbb-4bbb-8bbb-bbbbbbbbbbbb&zona=Zona+Norte,200,49.172,
2026-08-31T03:54:01.796744+00:00,GET,http://localhost:3000/logistics/tenderos/productos-disponibles?tiendaId=bbbbbbbb-bbbb-4bbb-8bbb-bbbbbbbbbbbb&zona=Zona+Norte,200,49.898,
2026-08-31T03:54:01.846712+00:00,GET,http://localhost:3000/logistics/tenderos/productos-disponibles?tiendaId=bbbbbbbb-bbbb-4bbb-8bbb-bbbbbbbbbbbb&zona=Zona+Norte,200,53.478,
2026-08-31T03:54:01.897551+00:00,GET,http://localhost:3000/logistics/tenderos/productos-disponibles?tiendaId=bbbbbbbb-bbbb-4bbb-8bbb-bbbbbbbbbbbb&zona=Zona+Norte,200,52.801,
2026-08-31T03:54:01.947545+00:00,GET,http://localhost:3000/logistics/tenderos/productos-disponibles?tiendaId=bbbbbbbb-bbbb-4bbb-8bbb-bbbbbbbbbbbb&zona=Zona+Norte,200,56.198,
2026-08-31T03:54:01.997441+00:00,GET,http://localhost:3000/logistics/tenderos/productos-disponibles?tiendaId=bbbbbbbb-bbbb-4bbb-8bbb-bbbbbbbbbbbb&zona=Zona+Norte,200,51.249,
2026-08-31T03:54:02.046696+00:00,GET,http://localhost:3000/logistics/tenderos/productos-disponibles?tiendaId=bbbbbbbb-bbbb-4bbb-8bbb-bbbbbbbbbbbb&zona=Zona+Norte,200,56.368,
2026-08-31T03:54:02.097557+00:00,GET,http://localhost:3000/logistics/tenderos/productos-disponibles?tiendaId=bbbbbbbb-bbbb-4bbb-8bbb-bbbbbbbbbbbb&zona=Zona+Norte,200,51.367,
2026-08-31T03:54:02.147373+00:00,GET,http://localhost:3000/logistics/tenderos/productos-disponibles?tiendaId=bbbbbbbb-bbbb-4bbb-8bbb-bbbbbbbbbbbb&zona=Zona+Norte,200,51.867,
2026-08-31T03:54:02.197559+00:00,GET,http://localhost:3000/logistics/tenderos/productos-disponibles?tiendaId=bbbbbbbb-bbbb-4bbb-8bbb-bbbbbbbbbbbb&zona=Zona+Norte,200,51.574,
2026-08-31T03:54:02.247521+00:00,GET,http://localhost:3000/logistics/tenderos/productos-disponibles?tiendaId=bbbbbbbb-bbbb-4bbb-8bbb-bbbbbbbbbbbb&zona=Zona+Norte,200,50.094,
2026-08-31T03:54:02.297645+00:00,GET,http://localhost:3000/logistics/tenderos/productos-disponibles?tiendaId=bbbbbbbb-bbbb-4bbb-8bbb-bbbbbbbbbbbb&zona=Zona+Norte,200,50.326,
2026-08-31T03:54:02.347554+00:00,GET,http://localhost:3000/logistics/tenderos/productos-disponibles?tiendaId=bbbbbbbb-bbbb-4bbb-8bbb-bbbbbbbbbbbb&zona=Zona+Norte,200,48.678,
2026-08-31T03:54:02.396598+00:00,GET,http://localhost:3000/logistics/tenderos/productos-disponibles?tiendaId=bbbbbbbb-bbbb-4bbb-8bbb-bbbbbbbbbbbb&zona=Zona+Norte,200,49.368,
2026-08-31T03:54:02.446550+00:00,GET,http://localhost:3000/logistics/tenderos/productos-disponibles?tiendaId=bbbbbbbb-bbbb-4bbb-8bbb-bbbbbbbbbbbb&zona=Zona+Norte,200,56.125,
2026-08-31T03:54:02.497523+00:00,GET,http://localhost:3000/logistics/tenderos/productos-disponibles?tiendaId=bbbbbbbb-bbbb-4bbb-8bbb-bbbbbbbbbbbb&zona=Zona+Norte,200,57.960,
2026-08-31T03:54:02.546671+00:00,GET,http://localhost:3000/logistics/tenderos/productos-disponibles?tiendaId=bbbbbbbb-bbbb-4bbb-8bbb-bbbbbbbbbbbb&zona=Zona+Norte,200,58.329,
2026-08-31T03:54:02.597559+00:00,GET,http://localhost:3000/logistics/tenderos/productos-disponibles?tiendaId=bbbbbbbb-bbbb-4bbb-8bbb-bbbbbbbbbbbb&zona=Zona+Norte,200,54.526,
2026-08-31T03:54:02.647584+00:00,GET,http://localhost:3000/logistics/tenderos/productos-disponibles?tiendaId=bbbbbbbb-bbbb-4bbb-8bbb-bbbbbbbbbbbb&zona=Zona+Norte,200,55.470,
2026-08-31T03:54:02.697679+00:00,GET,http://localhost:3000/logistics/tenderos/productos-disponibles?tiendaId=bbbbbbbb-bbbb-4bbb-8bbb-bbbbbbbbbbbb&zona=Zona+Norte,200,50.387,
2026-08-31T03:54:02.747608+00:00,GET,http://localhost:3000/logistics/tenderos/productos-disponibles?tiendaId=bbbbbbbb-bbbb-4bbb-8bbb-bbbbbbbbbbbb&zona=Zona+Norte,200,49.551,
2026-08-31T03:54:02.797197+00:00,GET,http://localhost:3000/logistics/tenderos/productos-disponibles?tiendaId=bbbbbbbb-bbbb-4bbb-8bbb-bbbbbbbbbbbb&zona=Zona+Norte,200,54.804,
2026-08-31T03:54:02.847538+00:00,GET,http://localhost:3000/logistics/tenderos/productos-disponibles?tiendaId=bbbbbbbb-bbbb-4bbb-8bbb-bbbbbbbbbbbb&zona=Zona+Norte,200,53.881,
2026-08-31T03:54:02.897546+00:00,GET,http://localhost:3000/logistics/tenderos/productos-disponibles?tiendaId=bbbbbbbb-bbbb-4bbb-8bbb-bbbbbbbbbbbb&zona=Zona+Norte,200,62.482,
2026-08-31T03:54:02.947295+00:00,GET,http://localhost:3000/logistics/tenderos/productos-disponibles?tiendaId=bbbbbbbb-bbbb-4bbb-8bbb-bbbbbbbbbbbb&zona=Zona+Norte,200,64.152,
2026-08-31T03:54:02.997564+00:00,GET,http://localhost:3000/logistics/tenderos/productos-disponibles?tiendaId=bbbbbbbb-bbbb-4bbb-8bbb-bbbbbbbbbbbb&zona=Zona+Norte,200,62.684,
2026-08-31T03:54:03.047552+00:00,GET,http://localhost:3000/logistics/tenderos/productos-disponibles?tiendaId=bbbbbbbb-bbbb-4bbb-8bbb-bbbbbbbbbbbb&zona=Zona+Norte,200,55.903,
2026-08-31T03:54:03.097570+00:00,GET,http://localhost:3000/logistics/tenderos/productos-disponibles?tiendaId=bbbbbbbb-bbbb-4bbb-8bbb-bbbbbbbbbbbb&zona=Zona+Norte,200,54.351,
2026-08-31T03:54:03.147557+00:00,GET,http://localhost:3000/logistics/tenderos/productos-disponibles?tiendaId=bbbbbbbb-bbbb-4bbb-8bbb-bbbbbbbbbbbb&zona=Zona+Norte,200,52.825,
2026-08-31T03:54:03.197187+00:00,GET,http://localhost:3000/logistics/tenderos/productos-disponibles?tiendaId=bbbbbbbb-bbbb-4bbb-8bbb-bbbbbbbbbbbb&zona=Zona+Norte,200,54.456,
2026-08-31T03:54:03.246642+00:00,GET,http://localhost:3000/logistics/tenderos/productos-disponibles?tiendaId=bbbbbbbb-bbbb-4bbb-8bbb-bbbbbbbbbbbb&zona=Zona+Norte,200,53.687,
2026-08-31T03:54:03.297573+00:00,GET,http://localhost:3000/logistics/tenderos/productos-disponibles?tiendaId=bbbbbbbb-bbbb-4bbb-8bbb-bbbbbbbbbbbb&zona=Zona+Norte,200,53.963,
2026-08-31T03:54:03.347540+00:00,GET,http://localhost:3000/logistics/tenderos/productos-disponibles?tiendaId=bbbbbbbb-bbbb-4bbb-8bbb-bbbbbbbbbbbb&zona=Zona+Norte,200,54.085,
2026-08-31T03:54:03.396703+00:00,GET,http://localhost:3000/logistics/tenderos/productos-disponibles?tiendaId=bbbbbbbb-bbbb-4bbb-8bbb-bbbbbbbbbbbb&zona=Zona+Norte,200,58.897,
2026-08-31T03:54:03.447587+00:00,GET,http://localhost:3000/logistics/tenderos/productos-disponibles?tiendaId=bbbbbbbb-bbbb-4bbb-8bbb-bbbbbbbbbbbb&zona=Zona+Norte,200,57.616,
2026-08-31T03:54:03.496752+00:00,GET,http://localhost:3000/logistics/tenderos/productos-disponibles?tiendaId=bbbbbbbb-bbbb-4bbb-8bbb-bbbbbbbbbbbb&zona=Zona+Norte,200,57.921,
2026-08-31T03:54:03.547340+00:00,GET,http://localhost:3000/logistics/tenderos/productos-disponibles?tiendaId=bbbbbbbb-bbbb-4bbb-8bbb-bbbbbbbbbbbb&zona=Zona+Norte,200,58.834,
2026-08-31T03:54:03.597590+00:00,GET,http://localhost:3000/logistics/tenderos/productos-disponibles?tiendaId=bbbbbbbb-bbbb-4bbb-8bbb-bbbbbbbbbbbb&zona=Zona+Norte,200,62.412,
2026-08-31T03:54:03.646695+00:00,GET,http://localhost:3000/logistics/tenderos/productos-disponibles?tiendaId=bbbbbbbb-bbbb-4bbb-8bbb-bbbbbbbbbbbb&zona=Zona+Norte,200,59.300,
2026-08-31T03:54:03.696887+00:00,GET,http://localhost:3000/logistics/tenderos/productos-disponibles?tiendaId=bbbbbbbb-bbbb-4bbb-8bbb-bbbbbbbbbbbb&zona=Zona+Norte,200,56.081,
2026-08-31T03:54:03.746761+00:00,GET,http://localhost:3000/logistics/tenderos/productos-disponibles?tiendaId=bbbbbbbb-bbbb-4bbb-8bbb-bbbbbbbbbbbb&zona=Zona+Norte,200,59.057,
2026-08-31T03:54:03.796712+00:00,GET,http://localhost:3000/logistics/tenderos/productos-disponibles?tiendaId=bbbbbbbb-bbbb-4bbb-8bbb-bbbbbbbbbbbb&zona=Zona+Norte,200,55.307,
2026-08-31T03:54:03.847311+00:00,GET,http://localhost:3000/logistics/tenderos/productos-disponibles?tiendaId=bbbbbbbb-bbbb-4bbb-8bbb-bbbbbbbbbbbb&zona=Zona+Norte,200,54.468,
2026-08-31T03:54:03.896700+00:00,GET,http://localhost:3000/logistics/tenderos/productos-disponibles?tiendaId=bbbbbbbb-bbbb-4bbb-8bbb-bbbbbbbbbbbb&zona=Zona+Norte,200,59.134,
2026-08-31T03:54:03.947613+00:00,GET,http://localhost:3000/logistics/tenderos/productos-disponibles?tiendaId=bbbbbbbb-bbbb-4bbb-8bbb-bbbbbbbbbbbb&zona=Zona+Norte,200,56.649,
2026-08-31T03:54:03.997566+00:00,GET,http://localhost:3000/logistics/tenderos/productos-disponibles?tiendaId=bbbbbbbb-bbbb-4bbb-8bbb-bbbbbbbbbbbb&zona=Zona+Norte,200,52.498,
2026-08-31T03:54:04.047596+00:00,GET,http://localhost:3000/logistics/tenderos/productos-disponibles?tiendaId=bbbbbbbb-bbbb-4bbb-8bbb-bbbbbbbbbbbb&zona=Zona+Norte,200,52.914,
2026-08-31T03:54:04.097579+00:00,GET,http://localhost:3000/logistics/tenderos/productos-disponibles?tiendaId=bbbbbbbb-bbbb-4bbb-8bbb-bbbbbbbbbbbb&zona=Zona+Norte,200,55.339,
2026-08-31T03:54:04.147570+00:00,GET,http://localhost:3000/logistics/tenderos/productos-disponibles?tiendaId=bbbbbbbb-bbbb-4bbb-8bbb-bbbbbbbbbbbb&zona=Zona+Norte,200,61.258,
2026-08-31T03:54:04.197583+00:00,GET,http://localhost:3000/logistics/tenderos/productos-disponibles?tiendaId=bbbbbbbb-bbbb-4bbb-8bbb-bbbbbbbbbbbb&zona=Zona+Norte,200,56.050,
2026-08-31T03:54:04.247571+00:00,GET,http://localhost:3000/logistics/tenderos/productos-disponibles?tiendaId=bbbbbbbb-bbbb-4bbb-8bbb-bbbbbbbbbbbb&zona=Zona+Norte,200,52.681,
2026-08-31T03:54:04.297529+00:00,GET,http://localhost:3000/logistics/tenderos/productos-disponibles?tiendaId=bbbbbbbb-bbbb-4bbb-8bbb-bbbbbbbbbbbb&zona=Zona+Norte,200,57.211,
2026-08-31T03:54:04.347570+00:00,GET,http://localhost:3000/logistics/tenderos/productos-disponibles?tiendaId=bbbbbbbb-bbbb-4bbb-8bbb-bbbbbbbbbbbb&zona=Zona+Norte,200,53.657,
2026-08-31T03:54:04.397583+00:00,GET,http://localhost:3000/logistics/tenderos/productos-disponibles?tiendaId=bbbbbbbb-bbbb-4bbb-8bbb-bbbbbbbbbbbb&zona=Zona+Norte,200,54.619,
2026-08-31T03:54:04.447119+00:00,GET,http://localhost:3000/logistics/tenderos/productos-disponibles?tiendaId=bbbbbbbb-bbbb-4bbb-8bbb-bbbbbbbbbbbb&zona=Zona+Norte,200,58.882,
2026-08-31T03:54:04.497580+00:00,GET,http://localhost:3000/logistics/tenderos/productos-disponibles?tiendaId=bbbbbbbb-bbbb-4bbb-8bbb-bbbbbbbbbbbb&zona=Zona+Norte,200,52.458,
2026-08-31T03:54:04.546919+00:00,GET,http://localhost:3000/logistics/tenderos/productos-disponibles?tiendaId=bbbbbbbb-bbbb-4bbb-8bbb-bbbbbbbbbbbb&zona=Zona+Norte,200,52.909,
2026-08-31T03:54:04.596988+00:00,GET,http://localhost:3000/logistics/tenderos/productos-disponibles?tiendaId=bbbbbbbb-bbbb-4bbb-8bbb-bbbbbbbbbbbb&zona=Zona+Norte,200,55.458,
2026-08-31T03:54:04.647640+00:00,GET,http://localhost:3000/logistics/tenderos/productos-disponibles?tiendaId=bbbbbbbb-bbbb-4bbb-8bbb-bbbbbbbbbbbb&zona=Zona+Norte,200,62.125,
2026-08-31T03:54:04.697640+00:00,GET,http://localhost:3000/logistics/tenderos/productos-disponibles?tiendaId=bbbbbbbb-bbbb-4bbb-8bbb-bbbbbbbbbbbb&zona=Zona+Norte,200,62.237,
2026-08-31T03:54:04.746852+00:00,GET,http://localhost:3000/logistics/tenderos/productos-disponibles?tiendaId=bbbbbbbb-bbbb-4bbb-8bbb-bbbbbbbbbbbb&zona=Zona+Norte,200,58.516,
2026-08-31T03:54:04.797589+00:00,GET,http://localhost:3000/logistics/tenderos/productos-disponibles?tiendaId=bbbbbbbb-bbbb-4bbb-8bbb-bbbbbbbbbbbb&zona=Zona+Norte,200,51.895,
2026-08-31T03:54:04.847604+00:00,GET,http://localhost:3000/logistics/tenderos/productos-disponibles?tiendaId=bbbbbbbb-bbbb-4bbb-8bbb-bbbbbbbbbbbb&zona=Zona+Norte,200,61.873,
2026-08-31T03:54:04.897655+00:00,GET,http://localhost:3000/logistics/tenderos/productos-disponibles?tiendaId=bbbbbbbb-bbbb-4bbb-8bbb-bbbbbbbbbbbb&zona=Zona+Norte,200,59.658,
2026-08-31T03:54:04.947601+00:00,GET,http://localhost:3000/logistics/tenderos/productos-disponibles?tiendaId=bbbbbbbb-bbbb-4bbb-8bbb-bbbbbbbbbbbb&zona=Zona+Norte,200,52.511,
2026-08-31T03:54:04.997570+00:00,GET,http://localhost:3000/logistics/tenderos/productos-disponibles?tiendaId=bbbbbbbb-bbbb-4bbb-8bbb-bbbbbbbbbbbb&zona=Zona+Norte,200,54.601,
2026-08-31T03:54:05.047594+00:00,GET,http://localhost:3000/logistics/tenderos/productos-disponibles?tiendaId=bbbbbbbb-bbbb-4bbb-8bbb-bbbbbbbbbbbb&zona=Zona+Norte,200,58.823,
2026-08-31T03:54:05.097382+00:00,GET,http://localhost:3000/logistics/tenderos/productos-disponibles?tiendaId=bbbbbbbb-bbbb-4bbb-8bbb-bbbbbbbbbbbb&zona=Zona+Norte,200,52.183,
2026-08-31T03:54:05.147597+00:00,GET,http://localhost:3000/logistics/tenderos/productos-disponibles?tiendaId=bbbbbbbb-bbbb-4bbb-8bbb-bbbbbbbbbbbb&zona=Zona+Norte,200,54.171,
2026-08-31T03:54:05.197338+00:00,GET,http://localhost:3000/logistics/tenderos/productos-disponibles?tiendaId=bbbbbbbb-bbbb-4bbb-8bbb-bbbbbbbbbbbb&zona=Zona+Norte,200,55.320,
2026-08-31T03:54:05.246715+00:00,GET,http://localhost:3000/logistics/tenderos/productos-disponibles?tiendaId=bbbbbbbb-bbbb-4bbb-8bbb-bbbbbbbbbbbb&zona=Zona+Norte,200,59.764,
2026-08-31T03:54:05.297155+00:00,GET,http://localhost:3000/logistics/tenderos/productos-disponibles?tiendaId=bbbbbbbb-bbbb-4bbb-8bbb-bbbbbbbbbbbb&zona=Zona+Norte,200,49.971,
2026-08-31T03:54:05.347195+00:00,GET,http://localhost:3000/logistics/tenderos/productos-disponibles?tiendaId=bbbbbbbb-bbbb-4bbb-8bbb-bbbbbbbbbbbb&zona=Zona+Norte,200,50.665,
2026-08-31T03:54:05.396932+00:00,GET,http://localhost:3000/logistics/tenderos/productos-disponibles?tiendaId=bbbbbbbb-bbbb-4bbb-8bbb-bbbbbbbbbbbb&zona=Zona+Norte,200,51.199,
2026-08-31T03:54:05.447657+00:00,GET,http://localhost:3000/logistics/tenderos/productos-disponibles?tiendaId=bbbbbbbb-bbbb-4bbb-8bbb-bbbbbbbbbbbb&zona=Zona+Norte,200,52.358,
2026-08-31T03:54:05.497647+00:00,GET,http://localhost:3000/logistics/tenderos/productos-disponibles?tiendaId=bbbbbbbb-bbbb-4bbb-8bbb-bbbbbbbbbbbb&zona=Zona+Norte,200,54.938,
2026-08-31T03:54:05.546755+00:00,GET,http://localhost:3000/logistics/tenderos/productos-disponibles?tiendaId=bbbbbbbb-bbbb-4bbb-8bbb-bbbbbbbbbbbb&zona=Zona+Norte,200,52.779,
2026-08-31T03:54:05.597633+00:00,GET,http://localhost:3000/logistics/tenderos/productos-disponibles?tiendaId=bbbbbbbb-bbbb-4bbb-8bbb-bbbbbbbbbbbb&zona=Zona+Norte,200,52.583,
2026-08-31T03:54:05.647451+00:00,GET,http://localhost:3000/logistics/tenderos/productos-disponibles?tiendaId=bbbbbbbb-bbbb-4bbb-8bbb-bbbbbbbbbbbb&zona=Zona+Norte,200,56.467,
2026-08-31T03:54:05.696734+00:00,GET,http://localhost:3000/logistics/tenderos/productos-disponibles?tiendaId=bbbbbbbb-bbbb-4bbb-8bbb-bbbbbbbbbbbb&zona=Zona+Norte,200,51.724,
2026-08-31T03:54:05.747687+00:00,GET,http://localhost:3000/logistics/tenderos/productos-disponibles?tiendaId=bbbbbbbb-bbbb-4bbb-8bbb-bbbbbbbbbbbb&zona=Zona+Norte,200,56.179,
2026-08-31T03:54:05.797629+00:00,GET,http://localhost:3000/logistics/tenderos/productos-disponibles?tiendaId=bbbbbbbb-bbbb-4bbb-8bbb-bbbbbbbbbbbb&zona=Zona+Norte,200,55.279,
2026-08-31T03:54:05.847625+00:00,GET,http://localhost:3000/logistics/tenderos/productos-disponibles?tiendaId=bbbbbbbb-bbbb-4bbb-8bbb-bbbbbbbbbbbb&zona=Zona+Norte,200,52.099,
2026-08-31T03:54:05.897646+00:00,GET,http://localhost:3000/logistics/tenderos/productos-disponibles?tiendaId=bbbbbbbb-bbbb-4bbb-8bbb-bbbbbbbbbbbb&zona=Zona+Norte,200,52.574,
2026-08-31T03:54:05.947436+00:00,GET,http://localhost:3000/logistics/tenderos/productos-disponibles?tiendaId=bbbbbbbb-bbbb-4bbb-8bbb-bbbbbbbbbbbb&zona=Zona+Norte,200,55.164,
2026-08-31T03:54:05.997613+00:00,GET,http://localhost:3000/logistics/tenderos/productos-disponibles?tiendaId=bbbbbbbb-bbbb-4bbb-8bbb-bbbbbbbbbbbb&zona=Zona+Norte,200,53.868,
2026-08-31T03:54:06.047417+00:00,GET,http://localhost:3000/logistics/tenderos/productos-disponibles?tiendaId=bbbbbbbb-bbbb-4bbb-8bbb-bbbbbbbbbbbb&zona=Zona+Norte,200,55.692,
2026-08-31T03:54:06.097620+00:00,GET,http://localhost:3000/logistics/tenderos/productos-disponibles?tiendaId=bbbbbbbb-bbbb-4bbb-8bbb-bbbbbbbbbbbb&zona=Zona+Norte,200,55.110,
2026-08-31T03:54:06.147654+00:00,GET,http://localhost:3000/logistics/tenderos/productos-disponibles?tiendaId=bbbbbbbb-bbbb-4bbb-8bbb-bbbbbbbbbbbb&zona=Zona+Norte,200,59.651,
2026-08-31T03:54:06.197638+00:00,GET,http://localhost:3000/logistics/tenderos/productos-disponibles?tiendaId=bbbbbbbb-bbbb-4bbb-8bbb-bbbbbbbbbbbb&zona=Zona+Norte,200,52.666,
2026-08-31T03:54:06.247644+00:00,GET,http://localhost:3000/logistics/tenderos/productos-disponibles?tiendaId=bbbbbbbb-bbbb-4bbb-8bbb-bbbbbbbbbbbb&zona=Zona+Norte,200,54.030,
2026-08-31T03:54:06.297636+00:00,GET,http://localhost:3000/logistics/tenderos/productos-disponibles?tiendaId=bbbbbbbb-bbbb-4bbb-8bbb-bbbbbbbbbbbb&zona=Zona+Norte,200,53.339,
2026-08-31T03:54:06.346725+00:00,GET,http://localhost:3000/logistics/tenderos/productos-disponibles?tiendaId=bbbbbbbb-bbbb-4bbb-8bbb-bbbbbbbbbbbb&zona=Zona+Norte,200,53.115,
2026-08-31T03:54:06.397643+00:00,GET,http://localhost:3000/logistics/tenderos/productos-disponibles?tiendaId=bbbbbbbb-bbbb-4bbb-8bbb-bbbbbbbbbbbb&zona=Zona+Norte,200,51.395,
2026-08-31T03:54:06.446738+00:00,GET,http://localhost:3000/logistics/tenderos/productos-disponibles?tiendaId=bbbbbbbb-bbbb-4bbb-8bbb-bbbbbbbbbbbb&zona=Zona+Norte,200,54.893,
2026-08-31T03:54:06.497652+00:00,GET,http://localhost:3000/logistics/tenderos/productos-disponibles?tiendaId=bbbbbbbb-bbbb-4bbb-8bbb-bbbbbbbbbbbb&zona=Zona+Norte,200,52.714,
2026-08-31T03:54:06.546734+00:00,GET,http://localhost:3000/logistics/tenderos/productos-disponibles?tiendaId=bbbbbbbb-bbbb-4bbb-8bbb-bbbbbbbbbbbb&zona=Zona+Norte,200,53.876,
2026-08-31T03:54:06.596690+00:00,GET,http://localhost:3000/logistics/tenderos/productos-disponibles?tiendaId=bbbbbbbb-bbbb-4bbb-8bbb-bbbbbbbbbbbb&zona=Zona+Norte,200,61.908,
2026-08-31T03:54:06.647704+00:00,GET,http://localhost:3000/logistics/tenderos/productos-disponibles?tiendaId=bbbbbbbb-bbbb-4bbb-8bbb-bbbbbbbbbbbb&zona=Zona+Norte,200,58.708,
2026-08-31T03:54:06.697682+00:00,GET,http://localhost:3000/logistics/tenderos/productos-disponibles?tiendaId=bbbbbbbb-bbbb-4bbb-8bbb-bbbbbbbbbbbb&zona=Zona+Norte,200,57.982,
2026-08-31T03:54:06.747673+00:00,GET,http://localhost:3000/logistics/tenderos/productos-disponibles?tiendaId=bbbbbbbb-bbbb-4bbb-8bbb-bbbbbbbbbbbb&zona=Zona+Norte,200,58.298,
2026-08-31T03:54:06.797671+00:00,GET,http://localhost:3000/logistics/tenderos/productos-disponibles?tiendaId=bbbbbbbb-bbbb-4bbb-8bbb-bbbbbbbbbbbb&zona=Zona+Norte,200,58.695,
2026-08-31T03:54:06.846727+00:00,GET,http://localhost:3000/logistics/tenderos/productos-disponibles?tiendaId=bbbbbbbb-bbbb-4bbb-8bbb-bbbbbbbbbbbb&zona=Zona+Norte,200,53.860,
2026-08-31T03:54:06.897646+00:00,GET,http://localhost:3000/logistics/tenderos/productos-disponibles?tiendaId=bbbbbbbb-bbbb-4bbb-8bbb-bbbbbbbbbbbb&zona=Zona+Norte,200,55.011,
2026-08-31T03:54:06.946936+00:00,GET,http://localhost:3000/logistics/tenderos/productos-disponibles?tiendaId=bbbbbbbb-bbbb-4bbb-8bbb-bbbbbbbbbbbb&zona=Zona+Norte,200,58.024,
2026-08-31T03:54:06.997640+00:00,GET,http://localhost:3000/logistics/tenderos/productos-disponibles?tiendaId=bbbbbbbb-bbbb-4bbb-8bbb-bbbbbbbbbbbb&zona=Zona+Norte,200,51.356,
2026-08-31T03:54:07.047153+00:00,GET,http://localhost:3000/logistics/tenderos/productos-disponibles?tiendaId=bbbbbbbb-bbbb-4bbb-8bbb-bbbbbbbbbbbb&zona=Zona+Norte,200,54.999,
2026-08-31T03:54:07.097528+00:00,GET,http://localhost:3000/logistics/tenderos/productos-disponibles?tiendaId=bbbbbbbb-bbbb-4bbb-8bbb-bbbbbbbbbbbb&zona=Zona+Norte,200,54.982,
2026-08-31T03:54:07.147650+00:00,GET,http://localhost:3000/logistics/tenderos/productos-disponibles?tiendaId=bbbbbbbb-bbbb-4bbb-8bbb-bbbbbbbbbbbb&zona=Zona+Norte,200,55.322,
2026-08-31T03:54:07.197707+00:00,GET,http://localhost:3000/logistics/tenderos/productos-disponibles?tiendaId=bbbbbbbb-bbbb-4bbb-8bbb-bbbbbbbbbbbb&zona=Zona+Norte,200,53.658,
2026-08-31T03:54:07.247639+00:00,GET,http://localhost:3000/logistics/tenderos/productos-disponibles?tiendaId=bbbbbbbb-bbbb-4bbb-8bbb-bbbbbbbbbbbb&zona=Zona+Norte,200,54.720,
2026-08-31T03:54:07.297647+00:00,GET,http://localhost:3000/logistics/tenderos/productos-disponibles?tiendaId=bbbbbbbb-bbbb-4bbb-8bbb-bbbbbbbbbbbb&zona=Zona+Norte,200,51.995,
2026-08-31T03:54:07.347651+00:00,GET,http://localhost:3000/logistics/tenderos/productos-disponibles?tiendaId=bbbbbbbb-bbbb-4bbb-8bbb-bbbbbbbbbbbb&zona=Zona+Norte,200,54.129,
2026-08-31T03:54:07.397643+00:00,GET,http://localhost:3000/logistics/tenderos/productos-disponibles?tiendaId=bbbbbbbb-bbbb-4bbb-8bbb-bbbbbbbbbbbb&zona=Zona+Norte,200,52.210,
2026-08-31T03:54:07.447680+00:00,GET,http://localhost:3000/logistics/tenderos/productos-disponibles?tiendaId=bbbbbbbb-bbbb-4bbb-8bbb-bbbbbbbbbbbb&zona=Zona+Norte,200,56.000,
2026-08-31T03:54:07.497669+00:00,GET,http://localhost:3000/logistics/tenderos/productos-disponibles?tiendaId=bbbbbbbb-bbbb-4bbb-8bbb-bbbbbbbbbbbb&zona=Zona+Norte,200,53.613,
2026-08-31T03:54:07.547593+00:00,GET,http://localhost:3000/logistics/tenderos/productos-disponibles?tiendaId=bbbbbbbb-bbbb-4bbb-8bbb-bbbbbbbbbbbb&zona=Zona+Norte,200,54.610,
2026-08-31T03:54:07.597649+00:00,GET,http://localhost:3000/logistics/tenderos/productos-disponibles?tiendaId=bbbbbbbb-bbbb-4bbb-8bbb-bbbbbbbbbbbb&zona=Zona+Norte,200,52.438,
2026-08-31T03:54:07.647103+00:00,GET,http://localhost:3000/logistics/tenderos/productos-disponibles?tiendaId=bbbbbbbb-bbbb-4bbb-8bbb-bbbbbbbbbbbb&zona=Zona+Norte,200,55.336,
2026-08-31T03:54:07.697668+00:00,GET,http://localhost:3000/logistics/tenderos/productos-disponibles?tiendaId=bbbbbbbb-bbbb-4bbb-8bbb-bbbbbbbbbbbb&zona=Zona+Norte,200,52.256,
2026-08-31T03:54:07.746719+00:00,GET,http://localhost:3000/logistics/tenderos/productos-disponibles?tiendaId=bbbbbbbb-bbbb-4bbb-8bbb-bbbbbbbbbbbb&zona=Zona+Norte,200,59.987,
2026-08-31T03:54:07.797662+00:00,GET,http://localhost:3000/logistics/tenderos/productos-disponibles?tiendaId=bbbbbbbb-bbbb-4bbb-8bbb-bbbbbbbbbbbb&zona=Zona+Norte,200,55.694,
2026-08-31T03:54:07.847708+00:00,GET,http://localhost:3000/logistics/tenderos/productos-disponibles?tiendaId=bbbbbbbb-bbbb-4bbb-8bbb-bbbbbbbbbbbb&zona=Zona+Norte,200,54.137,
2026-08-31T03:54:07.897673+00:00,GET,http://localhost:3000/logistics/tenderos/productos-disponibles?tiendaId=bbbbbbbb-bbbb-4bbb-8bbb-bbbbbbbbbbbb&zona=Zona+Norte,200,51.657,
2026-08-31T03:54:07.947294+00:00,GET,http://localhost:3000/logistics/tenderos/productos-disponibles?tiendaId=bbbbbbbb-bbbb-4bbb-8bbb-bbbbbbbbbbbb&zona=Zona+Norte,200,54.422,
2026-08-31T03:54:07.997661+00:00,GET,http://localhost:3000/logistics/tenderos/productos-disponibles?tiendaId=bbbbbbbb-bbbb-4bbb-8bbb-bbbbbbbbbbbb&zona=Zona+Norte,200,56.151,
2026-08-31T03:54:08.047662+00:00,GET,http://localhost:3000/logistics/tenderos/productos-disponibles?tiendaId=bbbbbbbb-bbbb-4bbb-8bbb-bbbbbbbbbbbb&zona=Zona+Norte,200,58.476,
2026-08-31T03:54:08.097654+00:00,GET,http://localhost:3000/logistics/tenderos/productos-disponibles?tiendaId=bbbbbbbb-bbbb-4bbb-8bbb-bbbbbbbbbbbb&zona=Zona+Norte,200,54.677,
2026-08-31T03:54:08.147653+00:00,GET,http://localhost:3000/logistics/tenderos/productos-disponibles?tiendaId=bbbbbbbb-bbbb-4bbb-8bbb-bbbbbbbbbbbb&zona=Zona+Norte,200,56.739,
2026-08-31T03:54:08.197676+00:00,GET,http://localhost:3000/logistics/tenderos/productos-disponibles?tiendaId=bbbbbbbb-bbbb-4bbb-8bbb-bbbbbbbbbbbb&zona=Zona+Norte,200,53.922,
2026-08-31T03:54:08.247654+00:00,GET,http://localhost:3000/logistics/tenderos/productos-disponibles?tiendaId=bbbbbbbb-bbbb-4bbb-8bbb-bbbbbbbbbbbb&zona=Zona+Norte,200,55.295,
2026-08-31T03:54:08.297471+00:00,GET,http://localhost:3000/logistics/tenderos/productos-disponibles?tiendaId=bbbbbbbb-bbbb-4bbb-8bbb-bbbbbbbbbbbb&zona=Zona+Norte,200,51.614,
2026-08-31T03:54:08.347664+00:00,GET,http://localhost:3000/logistics/tenderos/productos-disponibles?tiendaId=bbbbbbbb-bbbb-4bbb-8bbb-bbbbbbbbbbbb&zona=Zona+Norte,200,56.053,
2026-08-31T03:54:08.397666+00:00,GET,http://localhost:3000/logistics/tenderos/productos-disponibles?tiendaId=bbbbbbbb-bbbb-4bbb-8bbb-bbbbbbbbbbbb&zona=Zona+Norte,200,53.945,
2026-08-31T03:54:08.447658+00:00,GET,http://localhost:3000/logistics/tenderos/productos-disponibles?tiendaId=bbbbbbbb-bbbb-4bbb-8bbb-bbbbbbbbbbbb&zona=Zona+Norte,200,54.327,
2026-08-31T03:54:08.497660+00:00,GET,http://localhost:3000/logistics/tenderos/productos-disponibles?tiendaId=bbbbbbbb-bbbb-4bbb-8bbb-bbbbbbbbbbbb&zona=Zona+Norte,200,53.533,
2026-08-31T03:54:08.547100+00:00,GET,http://localhost:3000/logistics/tenderos/productos-disponibles?tiendaId=bbbbbbbb-bbbb-4bbb-8bbb-bbbbbbbbbbbb&zona=Zona+Norte,200,51.232,
2026-08-31T03:54:08.597684+00:00,GET,http://localhost:3000/logistics/tenderos/productos-disponibles?tiendaId=bbbbbbbb-bbbb-4bbb-8bbb-bbbbbbbbbbbb&zona=Zona+Norte,200,56.217,
2026-08-31T03:54:08.647328+00:00,GET,http://localhost:3000/logistics/tenderos/productos-disponibles?tiendaId=bbbbbbbb-bbbb-4bbb-8bbb-bbbbbbbbbbbb&zona=Zona+Norte,200,52.531,
2026-08-31T03:54:08.697674+00:00,GET,http://localhost:3000/logistics/tenderos/productos-disponibles?tiendaId=bbbbbbbb-bbbb-4bbb-8bbb-bbbbbbbbbbbb&zona=Zona+Norte,200,52.438,
2026-08-31T03:54:08.747671+00:00,GET,http://localhost:3000/logistics/tenderos/productos-disponibles?tiendaId=bbbbbbbb-bbbb-4bbb-8bbb-bbbbbbbbbbbb&zona=Zona+Norte,200,52.109,
2026-08-31T03:54:08.797704+00:00,GET,http://localhost:3000/logistics/tenderos/productos-disponibles?tiendaId=bbbbbbbb-bbbb-4bbb-8bbb-bbbbbbbbbbbb&zona=Zona+Norte,200,49.767,
2026-08-31T03:54:08.846867+00:00,GET,http://localhost:3000/logistics/tenderos/productos-disponibles?tiendaId=bbbbbbbb-bbbb-4bbb-8bbb-bbbbbbbbbbbb&zona=Zona+Norte,200,51.451,
2026-08-31T03:54:08.897572+00:00,GET,http://localhost:3000/logistics/tenderos/productos-disponibles?tiendaId=bbbbbbbb-bbbb-4bbb-8bbb-bbbbbbbbbbbb&zona=Zona+Norte,200,51.757,
2026-08-31T03:54:08.947692+00:00,GET,http://localhost:3000/logistics/tenderos/productos-disponibles?tiendaId=bbbbbbbb-bbbb-4bbb-8bbb-bbbbbbbbbbbb&zona=Zona+Norte,200,51.491,
2026-08-31T03:54:08.997695+00:00,GET,http://localhost:3000/logistics/tenderos/productos-disponibles?tiendaId=bbbbbbbb-bbbb-4bbb-8bbb-bbbbbbbbbbbb&zona=Zona+Norte,200,52.684,
2026-08-31T03:54:09.047711+00:00,GET,http://localhost:3000/logistics/tenderos/productos-disponibles?tiendaId=bbbbbbbb-bbbb-4bbb-8bbb-bbbbbbbbbbbb&zona=Zona+Norte,200,52.906,
2026-08-31T03:54:09.096953+00:00,GET,http://localhost:3000/logistics/tenderos/productos-disponibles?tiendaId=bbbbbbbb-bbbb-4bbb-8bbb-bbbbbbbbbbbb&zona=Zona+Norte,200,52.314,
2026-08-31T03:54:09.147691+00:00,GET,http://localhost:3000/logistics/tenderos/productos-disponibles?tiendaId=bbbbbbbb-bbbb-4bbb-8bbb-bbbbbbbbbbbb&zona=Zona+Norte,200,52.719,
2026-08-31T03:54:09.197724+00:00,GET,http://localhost:3000/logistics/tenderos/productos-disponibles?tiendaId=bbbbbbbb-bbbb-4bbb-8bbb-bbbbbbbbbbbb&zona=Zona+Norte,200,51.007,
2026-08-31T03:54:09.247727+00:00,GET,http://localhost:3000/logistics/tenderos/productos-disponibles?tiendaId=bbbbbbbb-bbbb-4bbb-8bbb-bbbbbbbbbbbb&zona=Zona+Norte,200,52.074,
2026-08-31T03:54:09.297738+00:00,GET,http://localhost:3000/logistics/tenderos/productos-disponibles?tiendaId=bbbbbbbb-bbbb-4bbb-8bbb-bbbbbbbbbbbb&zona=Zona+Norte,200,49.903,
2026-08-31T03:54:09.346914+00:00,GET,http://localhost:3000/logistics/tenderos/productos-disponibles?tiendaId=bbbbbbbb-bbbb-4bbb-8bbb-bbbbbbbbbbbb&zona=Zona+Norte,200,51.501,
2026-08-31T03:54:09.397708+00:00,GET,http://localhost:3000/logistics/tenderos/productos-disponibles?tiendaId=bbbbbbbb-bbbb-4bbb-8bbb-bbbbbbbbbbbb&zona=Zona+Norte,200,51.935,
2026-08-31T03:54:09.447135+00:00,GET,http://localhost:3000/logistics/tenderos/productos-disponibles?tiendaId=bbbbbbbb-bbbb-4bbb-8bbb-bbbbbbbbbbbb&zona=Zona+Norte,200,52.637,
2026-08-31T03:54:09.497736+00:00,GET,http://localhost:3000/logistics/tenderos/productos-disponibles?tiendaId=bbbbbbbb-bbbb-4bbb-8bbb-bbbbbbbbbbbb&zona=Zona+Norte,200,53.582,
2026-08-31T03:54:09.547719+00:00,GET,http://localhost:3000/logistics/tenderos/productos-disponibles?tiendaId=bbbbbbbb-bbbb-4bbb-8bbb-bbbbbbbbbbbb&zona=Zona+Norte,200,52.297,
2026-08-31T03:54:09.597712+00:00,GET,http://localhost:3000/logistics/tenderos/productos-disponibles?tiendaId=bbbbbbbb-bbbb-4bbb-8bbb-bbbbbbbbbbbb&zona=Zona+Norte,200,50.952,
2026-08-31T03:54:09.647455+00:00,GET,http://localhost:3000/logistics/tenderos/productos-disponibles?tiendaId=bbbbbbbb-bbbb-4bbb-8bbb-bbbbbbbbbbbb&zona=Zona+Norte,200,50.641,
2026-08-31T03:54:09.697649+00:00,GET,http://localhost:3000/logistics/tenderos/productos-disponibles?tiendaId=bbbbbbbb-bbbb-4bbb-8bbb-bbbbbbbbbbbb&zona=Zona+Norte,200,49.398,
2026-08-31T03:54:09.747076+00:00,GET,http://localhost:3000/logistics/tenderos/productos-disponibles?tiendaId=bbbbbbbb-bbbb-4bbb-8bbb-bbbbbbbbbbbb&zona=Zona+Norte,200,49.616,
2026-08-31T03:54:09.796747+00:00,GET,http://localhost:3000/logistics/tenderos/productos-disponibles?tiendaId=bbbbbbbb-bbbb-4bbb-8bbb-bbbbbbbbbbbb&zona=Zona+Norte,200,52.765,
2026-08-31T03:54:09.847352+00:00,GET,http://localhost:3000/logistics/tenderos/productos-disponibles?tiendaId=bbbbbbbb-bbbb-4bbb-8bbb-bbbbbbbbbbbb&zona=Zona+Norte,200,54.364,
2026-08-31T03:54:09.897737+00:00,GET,http://localhost:3000/logistics/tenderos/productos-disponibles?tiendaId=bbbbbbbb-bbbb-4bbb-8bbb-bbbbbbbbbbbb&zona=Zona+Norte,200,60.431,
2026-08-31T03:54:09.947735+00:00,GET,http://localhost:3000/logistics/tenderos/productos-disponibles?tiendaId=bbbbbbbb-bbbb-4bbb-8bbb-bbbbbbbbbbbb&zona=Zona+Norte,200,60.355,
2026-08-31T03:54:09.997445+00:00,GET,http://localhost:3000/logistics/tenderos/productos-disponibles?tiendaId=bbbbbbbb-bbbb-4bbb-8bbb-bbbbbbbbbbbb&zona=Zona+Norte,200,52.593,
2026-08-31T03:54:10.047739+00:00,GET,http://localhost:3000/logistics/tenderos/productos-disponibles?tiendaId=bbbbbbbb-bbbb-4bbb-8bbb-bbbbbbbbbbbb&zona=Zona+Norte,200,57.987,
2026-08-31T03:54:10.097516+00:00,GET,http://localhost:3000/logistics/tenderos/productos-disponibles?tiendaId=bbbbbbbb-bbbb-4bbb-8bbb-bbbbbbbbbbbb&zona=Zona+Norte,200,50.008,
2026-08-31T03:54:10.147034+00:00,GET,http://localhost:3000/logistics/tenderos/productos-disponibles?tiendaId=bbbbbbbb-bbbb-4bbb-8bbb-bbbbbbbbbbbb&zona=Zona+Norte,200,52.404,
2026-08-31T03:54:10.197736+00:00,GET,http://localhost:3000/logistics/tenderos/productos-disponibles?tiendaId=bbbbbbbb-bbbb-4bbb-8bbb-bbbbbbbbbbbb&zona=Zona+Norte,200,55.322,
2026-08-31T03:54:10.247733+00:00,GET,http://localhost:3000/logistics/tenderos/productos-disponibles?tiendaId=bbbbbbbb-bbbb-4bbb-8bbb-bbbbbbbbbbbb&zona=Zona+Norte,200,56.835,
2026-08-31T03:54:10.297722+00:00,GET,http://localhost:3000/logistics/tenderos/productos-disponibles?tiendaId=bbbbbbbb-bbbb-4bbb-8bbb-bbbbbbbbbbbb&zona=Zona+Norte,200,56.984,
2026-08-31T03:54:10.347734+00:00,GET,http://localhost:3000/logistics/tenderos/productos-disponibles?tiendaId=bbbbbbbb-bbbb-4bbb-8bbb-bbbbbbbbbbbb&zona=Zona+Norte,200,53.243,
2026-08-31T03:54:10.397725+00:00,GET,http://localhost:3000/logistics/tenderos/productos-disponibles?tiendaId=bbbbbbbb-bbbb-4bbb-8bbb-bbbbbbbbbbbb&zona=Zona+Norte,200,53.975,
2026-08-31T03:54:10.447738+00:00,GET,http://localhost:3000/logistics/tenderos/productos-disponibles?tiendaId=bbbbbbbb-bbbb-4bbb-8bbb-bbbbbbbbbbbb&zona=Zona+Norte,200,54.707,
2026-08-31T03:54:10.497758+00:00,GET,http://localhost:3000/logistics/tenderos/productos-disponibles?tiendaId=bbbbbbbb-bbbb-4bbb-8bbb-bbbbbbbbbbbb&zona=Zona+Norte,200,55.511,
2026-08-31T03:54:10.547711+00:00,GET,http://localhost:3000/logistics/tenderos/productos-disponibles?tiendaId=bbbbbbbb-bbbb-4bbb-8bbb-bbbbbbbbbbbb&zona=Zona+Norte,200,55.516,
2026-08-31T03:54:10.597741+00:00,GET,http://localhost:3000/logistics/tenderos/productos-disponibles?tiendaId=bbbbbbbb-bbbb-4bbb-8bbb-bbbbbbbbbbbb&zona=Zona+Norte,200,54.719,
2026-08-31T03:54:10.647721+00:00,GET,http://localhost:3000/logistics/tenderos/productos-disponibles?tiendaId=bbbbbbbb-bbbb-4bbb-8bbb-bbbbbbbbbbbb&zona=Zona+Norte,200,54.790,
2026-08-31T03:54:10.697738+00:00,GET,http://localhost:3000/logistics/tenderos/productos-disponibles?tiendaId=bbbbbbbb-bbbb-4bbb-8bbb-bbbbbbbbbbbb&zona=Zona+Norte,200,59.061,
2026-08-31T03:54:10.747096+00:00,GET,http://localhost:3000/logistics/tenderos/productos-disponibles?tiendaId=bbbbbbbb-bbbb-4bbb-8bbb-bbbbbbbbbbbb&zona=Zona+Norte,200,51.284,
2026-08-31T03:54:10.797711+00:00,GET,http://localhost:3000/logistics/tenderos/productos-disponibles?tiendaId=bbbbbbbb-bbbb-4bbb-8bbb-bbbbbbbbbbbb&zona=Zona+Norte,200,60.858,
2026-08-31T03:54:10.847538+00:00,GET,http://localhost:3000/logistics/tenderos/productos-disponibles?tiendaId=bbbbbbbb-bbbb-4bbb-8bbb-bbbbbbbbbbbb&zona=Zona+Norte,200,58.723,
2026-08-31T03:54:10.897722+00:00,GET,http://localhost:3000/logistics/tenderos/productos-disponibles?tiendaId=bbbbbbbb-bbbb-4bbb-8bbb-bbbbbbbbbbbb&zona=Zona+Norte,200,56.090,
2026-08-31T03:54:10.947721+00:00,GET,http://localhost:3000/logistics/tenderos/productos-disponibles?tiendaId=bbbbbbbb-bbbb-4bbb-8bbb-bbbbbbbbbbbb&zona=Zona+Norte,200,54.544,
2026-08-31T03:54:10.997744+00:00,GET,http://localhost:3000/logistics/tenderos/productos-disponibles?tiendaId=bbbbbbbb-bbbb-4bbb-8bbb-bbbbbbbbbbbb&zona=Zona+Norte,200,53.136,
2026-08-31T03:54:11.047719+00:00,GET,http://localhost:3000/logistics/tenderos/productos-disponibles?tiendaId=bbbbbbbb-bbbb-4bbb-8bbb-bbbbbbbbbbbb&zona=Zona+Norte,200,59.343,
2026-08-31T03:54:11.097724+00:00,GET,http://localhost:3000/logistics/tenderos/productos-disponibles?tiendaId=bbbbbbbb-bbbb-4bbb-8bbb-bbbbbbbbbbbb&zona=Zona+Norte,200,53.938,
2026-08-31T03:54:11.147343+00:00,GET,http://localhost:3000/logistics/tenderos/productos-disponibles?tiendaId=bbbbbbbb-bbbb-4bbb-8bbb-bbbbbbbbbbbb&zona=Zona+Norte,200,51.943,
2026-08-31T03:54:11.197742+00:00,GET,http://localhost:3000/logistics/tenderos/productos-disponibles?tiendaId=bbbbbbbb-bbbb-4bbb-8bbb-bbbbbbbbbbbb&zona=Zona+Norte,200,58.378,
2026-08-31T03:54:11.247165+00:00,GET,http://localhost:3000/logistics/tenderos/productos-disponibles?tiendaId=bbbbbbbb-bbbb-4bbb-8bbb-bbbbbbbbbbbb&zona=Zona+Norte,200,56.993,
2026-08-31T03:54:11.297728+00:00,GET,http://localhost:3000/logistics/tenderos/productos-disponibles?tiendaId=bbbbbbbb-bbbb-4bbb-8bbb-bbbbbbbbbbbb&zona=Zona+Norte,200,53.296,
2026-08-31T03:54:11.347747+00:00,GET,http://localhost:3000/logistics/tenderos/productos-disponibles?tiendaId=bbbbbbbb-bbbb-4bbb-8bbb-bbbbbbbbbbbb&zona=Zona+Norte,200,52.591,
2026-08-31T03:54:11.397223+00:00,GET,http://localhost:3000/logistics/tenderos/productos-disponibles?tiendaId=bbbbbbbb-bbbb-4bbb-8bbb-bbbbbbbbbbbb&zona=Zona+Norte,200,52.902,
2026-08-31T03:54:11.447730+00:00,GET,http://localhost:3000/logistics/tenderos/productos-disponibles?tiendaId=bbbbbbbb-bbbb-4bbb-8bbb-bbbbbbbbbbbb&zona=Zona+Norte,200,55.847,
2026-08-31T03:54:11.497206+00:00,GET,http://localhost:3000/logistics/tenderos/productos-disponibles?tiendaId=bbbbbbbb-bbbb-4bbb-8bbb-bbbbbbbbbbbb&zona=Zona+Norte,200,59.561,
2026-08-31T03:54:11.547365+00:00,GET,http://localhost:3000/logistics/tenderos/productos-disponibles?tiendaId=bbbbbbbb-bbbb-4bbb-8bbb-bbbbbbbbbbbb&zona=Zona+Norte,200,51.655,
2026-08-31T03:54:11.597772+00:00,GET,http://localhost:3000/logistics/tenderos/productos-disponibles?tiendaId=bbbbbbbb-bbbb-4bbb-8bbb-bbbbbbbbbbbb&zona=Zona+Norte,200,56.575,
2026-08-31T03:54:11.647496+00:00,GET,http://localhost:3000/logistics/tenderos/productos-disponibles?tiendaId=bbbbbbbb-bbbb-4bbb-8bbb-bbbbbbbbbbbb&zona=Zona+Norte,200,54.396,
2026-08-31T03:54:11.697739+00:00,GET,http://localhost:3000/logistics/tenderos/productos-disponibles?tiendaId=bbbbbbbb-bbbb-4bbb-8bbb-bbbbbbbbbbbb&zona=Zona+Norte,200,54.007,
2026-08-31T03:54:11.747740+00:00,GET,http://localhost:3000/logistics/tenderos/productos-disponibles?tiendaId=bbbbbbbb-bbbb-4bbb-8bbb-bbbbbbbbbbbb&zona=Zona+Norte,200,51.278,
2026-08-31T03:54:11.797744+00:00,GET,http://localhost:3000/logistics/tenderos/productos-disponibles?tiendaId=bbbbbbbb-bbbb-4bbb-8bbb-bbbbbbbbbbbb&zona=Zona+Norte,200,52.466,
2026-08-31T03:54:11.847646+00:00,GET,http://localhost:3000/logistics/tenderos/productos-disponibles?tiendaId=bbbbbbbb-bbbb-4bbb-8bbb-bbbbbbbbbbbb&zona=Zona+Norte,200,61.263,
2026-08-31T03:54:11.897738+00:00,GET,http://localhost:3000/logistics/tenderos/productos-disponibles?tiendaId=bbbbbbbb-bbbb-4bbb-8bbb-bbbbbbbbbbbb&zona=Zona+Norte,200,61.628,
2026-08-31T03:54:11.947737+00:00,GET,http://localhost:3000/logistics/tenderos/productos-disponibles?tiendaId=bbbbbbbb-bbbb-4bbb-8bbb-bbbbbbbbbbbb&zona=Zona+Norte,200,51.793,
2026-08-31T03:54:11.997745+00:00,GET,http://localhost:3000/logistics/tenderos/productos-disponibles?tiendaId=bbbbbbbb-bbbb-4bbb-8bbb-bbbbbbbbbbbb&zona=Zona+Norte,200,51.157,
2026-08-31T03:54:12.047744+00:00,GET,http://localhost:3000/logistics/tenderos/productos-disponibles?tiendaId=bbbbbbbb-bbbb-4bbb-8bbb-bbbbbbbbbbbb&zona=Zona+Norte,200,54.765,
2026-08-31T03:54:12.097822+00:00,GET,http://localhost:3000/logistics/tenderos/productos-disponibles?tiendaId=bbbbbbbb-bbbb-4bbb-8bbb-bbbbbbbbbbbb&zona=Zona+Norte,200,52.014,
2026-08-31T03:54:12.147314+00:00,GET,http://localhost:3000/logistics/tenderos/productos-disponibles?tiendaId=bbbbbbbb-bbbb-4bbb-8bbb-bbbbbbbbbbbb&zona=Zona+Norte,200,51.743,
2026-08-31T03:54:12.197785+00:00,GET,http://localhost:3000/logistics/tenderos/productos-disponibles?tiendaId=bbbbbbbb-bbbb-4bbb-8bbb-bbbbbbbbbbbb&zona=Zona+Norte,200,51.198,
2026-08-31T03:54:12.247754+00:00,GET,http://localhost:3000/logistics/tenderos/productos-disponibles?tiendaId=bbbbbbbb-bbbb-4bbb-8bbb-bbbbbbbbbbbb&zona=Zona+Norte,200,51.426,
2026-08-31T03:54:12.297726+00:00,GET,http://localhost:3000/logistics/tenderos/productos-disponibles?tiendaId=bbbbbbbb-bbbb-4bbb-8bbb-bbbbbbbbbbbb&zona=Zona+Norte,200,51.363,
2026-08-31T03:54:12.347746+00:00,GET,http://localhost:3000/logistics/tenderos/productos-disponibles?tiendaId=bbbbbbbb-bbbb-4bbb-8bbb-bbbbbbbbbbbb&zona=Zona+Norte,200,56.920,
2026-08-31T03:54:12.397750+00:00,GET,http://localhost:3000/logistics/tenderos/productos-disponibles?tiendaId=bbbbbbbb-bbbb-4bbb-8bbb-bbbbbbbbbbbb&zona=Zona+Norte,200,55.823,
2026-08-31T03:54:12.447758+00:00,GET,http://localhost:3000/logistics/tenderos/productos-disponibles?tiendaId=bbbbbbbb-bbbb-4bbb-8bbb-bbbbbbbbbbbb&zona=Zona+Norte,200,51.396,
2026-08-31T03:54:12.497754+00:00,GET,http://localhost:3000/logistics/tenderos/productos-disponibles?tiendaId=bbbbbbbb-bbbb-4bbb-8bbb-bbbbbbbbbbbb&zona=Zona+Norte,200,52.754,
2026-08-31T03:54:12.546832+00:00,GET,http://localhost:3000/logistics/tenderos/productos-disponibles?tiendaId=bbbbbbbb-bbbb-4bbb-8bbb-bbbbbbbbbbbb&zona=Zona+Norte,200,52.154,
2026-08-31T03:54:12.597767+00:00,GET,http://localhost:3000/logistics/tenderos/productos-disponibles?tiendaId=bbbbbbbb-bbbb-4bbb-8bbb-bbbbbbbbbbbb&zona=Zona+Norte,200,49.358,
2026-08-31T03:54:12.647156+00:00,GET,http://localhost:3000/logistics/tenderos/productos-disponibles?tiendaId=bbbbbbbb-bbbb-4bbb-8bbb-bbbbbbbbbbbb&zona=Zona+Norte,200,51.919,
2026-08-31T03:54:12.697781+00:00,GET,http://localhost:3000/logistics/tenderos/productos-disponibles?tiendaId=bbbbbbbb-bbbb-4bbb-8bbb-bbbbbbbbbbbb&zona=Zona+Norte,200,51.241,
2026-08-31T03:54:12.747753+00:00,GET,http://localhost:3000/logistics/tenderos/productos-disponibles?tiendaId=bbbbbbbb-bbbb-4bbb-8bbb-bbbbbbbbbbbb&zona=Zona+Norte,200,51.532,
2026-08-31T03:54:12.797763+00:00,GET,http://localhost:3000/logistics/tenderos/productos-disponibles?tiendaId=bbbbbbbb-bbbb-4bbb-8bbb-bbbbbbbbbbbb&zona=Zona+Norte,200,50.749,
2026-08-31T03:54:12.847777+00:00,GET,http://localhost:3000/logistics/tenderos/productos-disponibles?tiendaId=bbbbbbbb-bbbb-4bbb-8bbb-bbbbbbbbbbbb&zona=Zona+Norte,200,51.902,
2026-08-31T03:54:12.897762+00:00,GET,http://localhost:3000/logistics/tenderos/productos-disponibles?tiendaId=bbbbbbbb-bbbb-4bbb-8bbb-bbbbbbbbbbbb&zona=Zona+Norte,200,51.489,
2026-08-31T03:54:12.947762+00:00,GET,http://localhost:3000/logistics/tenderos/productos-disponibles?tiendaId=bbbbbbbb-bbbb-4bbb-8bbb-bbbbbbbbbbbb&zona=Zona+Norte,200,52.056,
2026-08-31T03:54:12.997806+00:00,GET,http://localhost:3000/logistics/tenderos/productos-disponibles?tiendaId=bbbbbbbb-bbbb-4bbb-8bbb-bbbbbbbbbbbb&zona=Zona+Norte,200,51.682,
2026-08-31T03:54:13.047761+00:00,GET,http://localhost:3000/logistics/tenderos/productos-disponibles?tiendaId=bbbbbbbb-bbbb-4bbb-8bbb-bbbbbbbbbbbb&zona=Zona+Norte,200,51.769,
2026-08-31T03:54:13.097769+00:00,GET,http://localhost:3000/logistics/tenderos/productos-disponibles?tiendaId=bbbbbbbb-bbbb-4bbb-8bbb-bbbbbbbbbbbb&zona=Zona+Norte,200,52.876,
2026-08-31T03:54:13.147773+00:00,GET,http://localhost:3000/logistics/tenderos/productos-disponibles?tiendaId=bbbbbbbb-bbbb-4bbb-8bbb-bbbbbbbbbbbb&zona=Zona+Norte,200,50.870,
2026-08-31T03:54:13.197839+00:00,GET,http://localhost:3000/logistics/tenderos/productos-disponibles?tiendaId=bbbbbbbb-bbbb-4bbb-8bbb-bbbbbbbbbbbb&zona=Zona+Norte,200,50.608,
2026-08-31T03:54:13.247818+00:00,GET,http://localhost:3000/logistics/tenderos/productos-disponibles?tiendaId=bbbbbbbb-bbbb-4bbb-8bbb-bbbbbbbbbbbb&zona=Zona+Norte,200,49.447,
2026-08-31T03:54:13.297310+00:00,GET,http://localhost:3000/logistics/tenderos/productos-disponibles?tiendaId=bbbbbbbb-bbbb-4bbb-8bbb-bbbbbbbbbbbb&zona=Zona+Norte,200,48.543,
2026-08-31T03:54:13.346845+00:00,GET,http://localhost:3000/logistics/tenderos/productos-disponibles?tiendaId=bbbbbbbb-bbbb-4bbb-8bbb-bbbbbbbbbbbb&zona=Zona+Norte,200,50.139,
2026-08-31T03:54:13.397024+00:00,GET,http://localhost:3000/logistics/tenderos/productos-disponibles?tiendaId=bbbbbbbb-bbbb-4bbb-8bbb-bbbbbbbbbbbb&zona=Zona+Norte,200,49.918,
2026-08-31T03:54:13.447026+00:00,GET,http://localhost:3000/logistics/tenderos/productos-disponibles?tiendaId=bbbbbbbb-bbbb-4bbb-8bbb-bbbbbbbbbbbb&zona=Zona+Norte,200,50.639,
2026-08-31T03:54:13.497703+00:00,GET,http://localhost:3000/logistics/tenderos/productos-disponibles?tiendaId=bbbbbbbb-bbbb-4bbb-8bbb-bbbbbbbbbbbb&zona=Zona+Norte,200,49.820,
2026-08-31T03:54:13.547551+00:00,GET,http://localhost:3000/logistics/tenderos/productos-disponibles?tiendaId=bbbbbbbb-bbbb-4bbb-8bbb-bbbbbbbbbbbb&zona=Zona+Norte,200,49.269,
2026-08-31T03:54:13.596886+00:00,GET,http://localhost:3000/logistics/tenderos/productos-disponibles?tiendaId=bbbbbbbb-bbbb-4bbb-8bbb-bbbbbbbbbbbb&zona=Zona+Norte,200,50.946,
2026-08-31T03:54:13.647885+00:00,GET,http://localhost:3000/logistics/tenderos/productos-disponibles?tiendaId=bbbbbbbb-bbbb-4bbb-8bbb-bbbbbbbbbbbb&zona=Zona+Norte,200,50.417,
2026-08-31T03:54:13.697824+00:00,GET,http://localhost:3000/logistics/tenderos/productos-disponibles?tiendaId=bbbbbbbb-bbbb-4bbb-8bbb-bbbbbbbbbbbb&zona=Zona+Norte,200,50.103,
2026-08-31T03:54:13.747406+00:00,GET,http://localhost:3000/logistics/tenderos/productos-disponibles?tiendaId=bbbbbbbb-bbbb-4bbb-8bbb-bbbbbbbbbbbb&zona=Zona+Norte,200,51.778,
2026-08-31T03:54:13.797579+00:00,GET,http://localhost:3000/logistics/tenderos/productos-disponibles?tiendaId=bbbbbbbb-bbbb-4bbb-8bbb-bbbbbbbbbbbb&zona=Zona+Norte,200,53.575,
2026-08-31T03:54:13.847808+00:00,GET,http://localhost:3000/logistics/tenderos/productos-disponibles?tiendaId=bbbbbbbb-bbbb-4bbb-8bbb-bbbbbbbbbbbb&zona=Zona+Norte,200,51.341,
2026-08-31T03:54:13.897809+00:00,GET,http://localhost:3000/logistics/tenderos/productos-disponibles?tiendaId=bbbbbbbb-bbbb-4bbb-8bbb-bbbbbbbbbbbb&zona=Zona+Norte,200,51.761,
2026-08-31T03:54:13.947829+00:00,GET,http://localhost:3000/logistics/tenderos/productos-disponibles?tiendaId=bbbbbbbb-bbbb-4bbb-8bbb-bbbbbbbbbbbb&zona=Zona+Norte,200,51.120,
2026-08-31T03:54:13.997775+00:00,GET,http://localhost:3000/logistics/tenderos/productos-disponibles?tiendaId=bbbbbbbb-bbbb-4bbb-8bbb-bbbbbbbbbbbb&zona=Zona+Norte,200,54.005,
2026-08-31T03:54:14.047816+00:00,GET,http://localhost:3000/logistics/tenderos/productos-disponibles?tiendaId=bbbbbbbb-bbbb-4bbb-8bbb-bbbbbbbbbbbb&zona=Zona+Norte,200,52.985,
2026-08-31T03:54:14.097802+00:00,GET,http://localhost:3000/logistics/tenderos/productos-disponibles?tiendaId=bbbbbbbb-bbbb-4bbb-8bbb-bbbbbbbbbbbb&zona=Zona+Norte,200,52.472,
2026-08-31T03:54:14.147817+00:00,GET,http://localhost:3000/logistics/tenderos/productos-disponibles?tiendaId=bbbbbbbb-bbbb-4bbb-8bbb-bbbbbbbbbbbb&zona=Zona+Norte,200,58.624,
2026-08-31T03:54:14.197278+00:00,GET,http://localhost:3000/logistics/tenderos/productos-disponibles?tiendaId=bbbbbbbb-bbbb-4bbb-8bbb-bbbbbbbbbbbb&zona=Zona+Norte,200,53.334,
2026-08-31T03:54:14.247825+00:00,GET,http://localhost:3000/logistics/tenderos/productos-disponibles?tiendaId=bbbbbbbb-bbbb-4bbb-8bbb-bbbbbbbbbbbb&zona=Zona+Norte,200,55.144,
2026-08-31T03:54:14.297680+00:00,GET,http://localhost:3000/logistics/tenderos/productos-disponibles?tiendaId=bbbbbbbb-bbbb-4bbb-8bbb-bbbbbbbbbbbb&zona=Zona+Norte,200,53.352,
2026-08-31T03:54:14.347023+00:00,GET,http://localhost:3000/logistics/tenderos/productos-disponibles?tiendaId=bbbbbbbb-bbbb-4bbb-8bbb-bbbbbbbbbbbb&zona=Zona+Norte,200,55.117,
2026-08-31T03:54:14.397843+00:00,GET,http://localhost:3000/logistics/tenderos/productos-disponibles?tiendaId=bbbbbbbb-bbbb-4bbb-8bbb-bbbbbbbbbbbb&zona=Zona+Norte,200,53.155,
2026-08-31T03:54:14.447851+00:00,GET,http://localhost:3000/logistics/tenderos/productos-disponibles?tiendaId=bbbbbbbb-bbbb-4bbb-8bbb-bbbbbbbbbbbb&zona=Zona+Norte,200,54.733,
2026-08-31T03:54:14.497830+00:00,GET,http://localhost:3000/logistics/tenderos/productos-disponibles?tiendaId=bbbbbbbb-bbbb-4bbb-8bbb-bbbbbbbbbbbb&zona=Zona+Norte,200,52.170,
2026-08-31T03:54:14.547832+00:00,GET,http://localhost:3000/logistics/tenderos/productos-disponibles?tiendaId=bbbbbbbb-bbbb-4bbb-8bbb-bbbbbbbbbbbb&zona=Zona+Norte,200,51.522,
2026-08-31T03:54:14.597813+00:00,GET,http://localhost:3000/logistics/tenderos/productos-disponibles?tiendaId=bbbbbbbb-bbbb-4bbb-8bbb-bbbbbbbbbbbb&zona=Zona+Norte,200,59.714,
2026-08-31T03:54:14.647805+00:00,GET,http://localhost:3000/logistics/tenderos/productos-disponibles?tiendaId=bbbbbbbb-bbbb-4bbb-8bbb-bbbbbbbbbbbb&zona=Zona+Norte,200,54.203,
2026-08-31T03:54:14.697391+00:00,GET,http://localhost:3000/logistics/tenderos/productos-disponibles?tiendaId=bbbbbbbb-bbbb-4bbb-8bbb-bbbbbbbbbbbb&zona=Zona+Norte,200,53.090,
2026-08-31T03:54:14.747673+00:00,GET,http://localhost:3000/logistics/tenderos/productos-disponibles?tiendaId=bbbbbbbb-bbbb-4bbb-8bbb-bbbbbbbbbbbb&zona=Zona+Norte,200,54.952,
2026-08-31T03:54:14.797801+00:00,GET,http://localhost:3000/logistics/tenderos/productos-disponibles?tiendaId=bbbbbbbb-bbbb-4bbb-8bbb-bbbbbbbbbbbb&zona=Zona+Norte,200,58.174,
2026-08-31T03:54:14.847823+00:00,GET,http://localhost:3000/logistics/tenderos/productos-disponibles?tiendaId=bbbbbbbb-bbbb-4bbb-8bbb-bbbbbbbbbbbb&zona=Zona+Norte,200,58.260,
2026-08-31T03:54:14.897851+00:00,GET,http://localhost:3000/logistics/tenderos/productos-disponibles?tiendaId=bbbbbbbb-bbbb-4bbb-8bbb-bbbbbbbbbbbb&zona=Zona+Norte,200,52.802,
2026-08-31T03:54:14.947834+00:00,GET,http://localhost:3000/logistics/tenderos/productos-disponibles?tiendaId=bbbbbbbb-bbbb-4bbb-8bbb-bbbbbbbbbbbb&zona=Zona+Norte,200,52.413,
2026-08-31T03:54:14.997806+00:00,GET,http://localhost:3000/logistics/tenderos/productos-disponibles?tiendaId=bbbbbbbb-bbbb-4bbb-8bbb-bbbbbbbbbbbb&zona=Zona+Norte,200,53.672,
2026-08-31T03:54:15.047429+00:00,GET,http://localhost:3000/logistics/tenderos/productos-disponibles?tiendaId=bbbbbbbb-bbbb-4bbb-8bbb-bbbbbbbbbbbb&zona=Zona+Norte,200,52.663,
2026-08-31T03:54:15.097804+00:00,GET,http://localhost:3000/logistics/tenderos/productos-disponibles?tiendaId=bbbbbbbb-bbbb-4bbb-8bbb-bbbbbbbbbbbb&zona=Zona+Norte,200,51.937,
2026-08-31T03:54:15.147828+00:00,GET,http://localhost:3000/logistics/tenderos/productos-disponibles?tiendaId=bbbbbbbb-bbbb-4bbb-8bbb-bbbbbbbbbbbb&zona=Zona+Norte,200,51.225,
2026-08-31T03:54:15.197817+00:00,GET,http://localhost:3000/logistics/tenderos/productos-disponibles?tiendaId=bbbbbbbb-bbbb-4bbb-8bbb-bbbbbbbbbbbb&zona=Zona+Norte,200,51.377,
2026-08-31T03:54:15.247811+00:00,GET,http://localhost:3000/logistics/tenderos/productos-disponibles?tiendaId=bbbbbbbb-bbbb-4bbb-8bbb-bbbbbbbbbbbb&zona=Zona+Norte,200,56.033,
2026-08-31T03:54:15.297123+00:00,GET,http://localhost:3000/logistics/tenderos/productos-disponibles?tiendaId=bbbbbbbb-bbbb-4bbb-8bbb-bbbbbbbbbbbb&zona=Zona+Norte,200,51.720,
2026-08-31T03:54:15.347203+00:00,GET,http://localhost:3000/logistics/tenderos/productos-disponibles?tiendaId=bbbbbbbb-bbbb-4bbb-8bbb-bbbbbbbbbbbb&zona=Zona+Norte,200,52.596,
2026-08-31T03:54:15.397246+00:00,GET,http://localhost:3000/logistics/tenderos/productos-disponibles?tiendaId=bbbbbbbb-bbbb-4bbb-8bbb-bbbbbbbbbbbb&zona=Zona+Norte,200,50.437,
2026-08-31T03:54:15.447716+00:00,GET,http://localhost:3000/logistics/tenderos/productos-disponibles?tiendaId=bbbbbbbb-bbbb-4bbb-8bbb-bbbbbbbbbbbb&zona=Zona+Norte,200,55.226,
2026-08-31T03:54:15.496964+00:00,GET,http://localhost:3000/logistics/tenderos/productos-disponibles?tiendaId=bbbbbbbb-bbbb-4bbb-8bbb-bbbbbbbbbbbb&zona=Zona+Norte,200,59.296,
2026-08-31T03:54:15.547110+00:00,GET,http://localhost:3000/logistics/tenderos/productos-disponibles?tiendaId=bbbbbbbb-bbbb-4bbb-8bbb-bbbbbbbbbbbb&zona=Zona+Norte,200,61.430,
2026-08-31T03:54:15.597459+00:00,GET,http://localhost:3000/logistics/tenderos/productos-disponibles?tiendaId=bbbbbbbb-bbbb-4bbb-8bbb-bbbbbbbbbbbb&zona=Zona+Norte,200,54.962,
2026-08-31T03:54:15.647811+00:00,GET,http://localhost:3000/logistics/tenderos/productos-disponibles?tiendaId=bbbbbbbb-bbbb-4bbb-8bbb-bbbbbbbbbbbb&zona=Zona+Norte,200,52.140,
2026-08-31T03:54:15.697816+00:00,GET,http://localhost:3000/logistics/tenderos/productos-disponibles?tiendaId=bbbbbbbb-bbbb-4bbb-8bbb-bbbbbbbbbbbb&zona=Zona+Norte,200,51.186,
2026-08-31T03:54:15.747821+00:00,GET,http://localhost:3000/logistics/tenderos/productos-disponibles?tiendaId=bbbbbbbb-bbbb-4bbb-8bbb-bbbbbbbbbbbb&zona=Zona+Norte,200,55.039,
2026-08-31T03:54:15.797830+00:00,GET,http://localhost:3000/logistics/tenderos/productos-disponibles?tiendaId=bbbbbbbb-bbbb-4bbb-8bbb-bbbbbbbbbbbb&zona=Zona+Norte,200,57.006,
2026-08-31T03:54:15.847834+00:00,GET,http://localhost:3000/logistics/tenderos/productos-disponibles?tiendaId=bbbbbbbb-bbbb-4bbb-8bbb-bbbbbbbbbbbb&zona=Zona+Norte,200,52.454,
2026-08-31T03:54:15.897841+00:00,GET,http://localhost:3000/logistics/tenderos/productos-disponibles?tiendaId=bbbbbbbb-bbbb-4bbb-8bbb-bbbbbbbbbbbb&zona=Zona+Norte,200,53.644,
2026-08-31T03:54:15.947817+00:00,GET,http://localhost:3000/logistics/tenderos/productos-disponibles?tiendaId=bbbbbbbb-bbbb-4bbb-8bbb-bbbbbbbbbbbb&zona=Zona+Norte,200,56.039,
2026-08-31T03:54:15.997357+00:00,GET,http://localhost:3000/logistics/tenderos/productos-disponibles?tiendaId=bbbbbbbb-bbbb-4bbb-8bbb-bbbbbbbbbbbb&zona=Zona+Norte,200,55.197,
2026-08-31T03:54:16.047830+00:00,GET,http://localhost:3000/logistics/tenderos/productos-disponibles?tiendaId=bbbbbbbb-bbbb-4bbb-8bbb-bbbbbbbbbbbb&zona=Zona+Norte,200,53.505,
2026-08-31T03:54:16.097839+00:00,GET,http://localhost:3000/logistics/tenderos/productos-disponibles?tiendaId=bbbbbbbb-bbbb-4bbb-8bbb-bbbbbbbbbbbb&zona=Zona+Norte,200,52.874,
2026-08-31T03:54:16.147833+00:00,GET,http://localhost:3000/logistics/tenderos/productos-disponibles?tiendaId=bbbbbbbb-bbbb-4bbb-8bbb-bbbbbbbbbbbb&zona=Zona+Norte,200,54.586,
2026-08-31T03:54:16.197878+00:00,GET,http://localhost:3000/logistics/tenderos/productos-disponibles?tiendaId=bbbbbbbb-bbbb-4bbb-8bbb-bbbbbbbbbbbb&zona=Zona+Norte,200,53.003,
2026-08-31T03:54:16.247428+00:00,GET,http://localhost:3000/logistics/tenderos/productos-disponibles?tiendaId=bbbbbbbb-bbbb-4bbb-8bbb-bbbbbbbbbbbb&zona=Zona+Norte,200,53.774,
2026-08-31T03:54:16.297115+00:00,GET,http://localhost:3000/logistics/tenderos/productos-disponibles?tiendaId=bbbbbbbb-bbbb-4bbb-8bbb-bbbbbbbbbbbb&zona=Zona+Norte,200,54.287,
2026-08-31T03:54:16.347188+00:00,GET,http://localhost:3000/logistics/tenderos/productos-disponibles?tiendaId=bbbbbbbb-bbbb-4bbb-8bbb-bbbbbbbbbbbb&zona=Zona+Norte,200,50.719,
2026-08-31T03:54:16.397941+00:00,GET,http://localhost:3000/logistics/tenderos/productos-disponibles?tiendaId=bbbbbbbb-bbbb-4bbb-8bbb-bbbbbbbbbbbb&zona=Zona+Norte,200,50.454,
2026-08-31T03:54:16.447072+00:00,GET,http://localhost:3000/logistics/tenderos/productos-disponibles?tiendaId=bbbbbbbb-bbbb-4bbb-8bbb-bbbbbbbbbbbb&zona=Zona+Norte,200,52.084,
2026-08-31T03:54:16.497846+00:00,GET,http://localhost:3000/logistics/tenderos/productos-disponibles?tiendaId=bbbbbbbb-bbbb-4bbb-8bbb-bbbbbbbbbbbb&zona=Zona+Norte,200,52.018,
2026-08-31T03:54:16.547844+00:00,GET,http://localhost:3000/logistics/tenderos/productos-disponibles?tiendaId=bbbbbbbb-bbbb-4bbb-8bbb-bbbbbbbbbbbb&zona=Zona+Norte,200,51.266,
2026-08-31T03:54:16.597852+00:00,GET,http://localhost:3000/logistics/tenderos/productos-disponibles?tiendaId=bbbbbbbb-bbbb-4bbb-8bbb-bbbbbbbbbbbb&zona=Zona+Norte,200,56.131,
2026-08-31T03:54:16.647845+00:00,GET,http://localhost:3000/logistics/tenderos/productos-disponibles?tiendaId=bbbbbbbb-bbbb-4bbb-8bbb-bbbbbbbbbbbb&zona=Zona+Norte,200,54.684,
2026-08-31T03:54:16.697850+00:00,GET,http://localhost:3000/logistics/tenderos/productos-disponibles?tiendaId=bbbbbbbb-bbbb-4bbb-8bbb-bbbbbbbbbbbb&zona=Zona+Norte,200,55.478,
2026-08-31T03:54:16.747849+00:00,GET,http://localhost:3000/logistics/tenderos/productos-disponibles?tiendaId=bbbbbbbb-bbbb-4bbb-8bbb-bbbbbbbbbbbb&zona=Zona+Norte,200,56.250,
2026-08-31T03:54:16.797843+00:00,GET,http://localhost:3000/logistics/tenderos/productos-disponibles?tiendaId=bbbbbbbb-bbbb-4bbb-8bbb-bbbbbbbbbbbb&zona=Zona+Norte,200,54.253,
2026-08-31T03:54:16.847865+00:00,GET,http://localhost:3000/logistics/tenderos/productos-disponibles?tiendaId=bbbbbbbb-bbbb-4bbb-8bbb-bbbbbbbbbbbb&zona=Zona+Norte,200,54.265,
2026-08-31T03:54:16.896933+00:00,GET,http://localhost:3000/logistics/tenderos/productos-disponibles?tiendaId=bbbbbbbb-bbbb-4bbb-8bbb-bbbbbbbbbbbb&zona=Zona+Norte,200,55.261,
2026-08-31T03:54:16.947864+00:00,GET,http://localhost:3000/logistics/tenderos/productos-disponibles?tiendaId=bbbbbbbb-bbbb-4bbb-8bbb-bbbbbbbbbbbb&zona=Zona+Norte,200,52.698,
2026-08-31T03:54:16.997862+00:00,GET,http://localhost:3000/logistics/tenderos/productos-disponibles?tiendaId=bbbbbbbb-bbbb-4bbb-8bbb-bbbbbbbbbbbb&zona=Zona+Norte,200,52.850,
2026-08-31T03:54:17.047871+00:00,GET,http://localhost:3000/logistics/tenderos/productos-disponibles?tiendaId=bbbbbbbb-bbbb-4bbb-8bbb-bbbbbbbbbbbb&zona=Zona+Norte,200,53.323,
2026-08-31T03:54:17.097849+00:00,GET,http://localhost:3000/logistics/tenderos/productos-disponibles?tiendaId=bbbbbbbb-bbbb-4bbb-8bbb-bbbbbbbbbbbb&zona=Zona+Norte,200,55.083,
2026-08-31T03:54:17.147876+00:00,GET,http://localhost:3000/logistics/tenderos/productos-disponibles?tiendaId=bbbbbbbb-bbbb-4bbb-8bbb-bbbbbbbbbbbb&zona=Zona+Norte,200,53.125,
2026-08-31T03:54:17.197860+00:00,GET,http://localhost:3000/logistics/tenderos/productos-disponibles?tiendaId=bbbbbbbb-bbbb-4bbb-8bbb-bbbbbbbbbbbb&zona=Zona+Norte,200,54.401,
2026-08-31T03:54:17.247898+00:00,GET,http://localhost:3000/logistics/tenderos/productos-disponibles?tiendaId=bbbbbbbb-bbbb-4bbb-8bbb-bbbbbbbbbbbb&zona=Zona+Norte,200,53.690,
2026-08-31T03:54:17.297878+00:00,GET,http://localhost:3000/logistics/tenderos/productos-disponibles?tiendaId=bbbbbbbb-bbbb-4bbb-8bbb-bbbbbbbbbbbb&zona=Zona+Norte,200,50.385,
2026-08-31T03:54:17.347781+00:00,GET,http://localhost:3000/logistics/tenderos/productos-disponibles?tiendaId=bbbbbbbb-bbbb-4bbb-8bbb-bbbbbbbbbbbb&zona=Zona+Norte,200,51.954,
2026-08-31T03:54:17.397888+00:00,GET,http://localhost:3000/logistics/tenderos/productos-disponibles?tiendaId=bbbbbbbb-bbbb-4bbb-8bbb-bbbbbbbbbbbb&zona=Zona+Norte,200,54.884,
2026-08-31T03:54:17.447893+00:00,GET,http://localhost:3000/logistics/tenderos/productos-disponibles?tiendaId=bbbbbbbb-bbbb-4bbb-8bbb-bbbbbbbbbbbb&zona=Zona+Norte,200,52.799,
2026-08-31T03:54:17.497585+00:00,GET,http://localhost:3000/logistics/tenderos/productos-disponibles?tiendaId=bbbbbbbb-bbbb-4bbb-8bbb-bbbbbbbbbbbb&zona=Zona+Norte,200,51.188,
2026-08-31T03:54:17.547897+00:00,GET,http://localhost:3000/logistics/tenderos/productos-disponibles?tiendaId=bbbbbbbb-bbbb-4bbb-8bbb-bbbbbbbbbbbb&zona=Zona+Norte,200,52.505,
2026-08-31T03:54:17.597891+00:00,GET,http://localhost:3000/logistics/tenderos/productos-disponibles?tiendaId=bbbbbbbb-bbbb-4bbb-8bbb-bbbbbbbbbbbb&zona=Zona+Norte,200,53.698,
2026-08-31T03:54:17.647893+00:00,GET,http://localhost:3000/logistics/tenderos/productos-disponibles?tiendaId=bbbbbbbb-bbbb-4bbb-8bbb-bbbbbbbbbbbb&zona=Zona+Norte,200,57.415,
2026-08-31T03:54:17.697891+00:00,GET,http://localhost:3000/logistics/tenderos/productos-disponibles?tiendaId=bbbbbbbb-bbbb-4bbb-8bbb-bbbbbbbbbbbb&zona=Zona+Norte,200,52.794,
2026-08-31T03:54:17.747654+00:00,GET,http://localhost:3000/logistics/tenderos/productos-disponibles?tiendaId=bbbbbbbb-bbbb-4bbb-8bbb-bbbbbbbbbbbb&zona=Zona+Norte,200,52.124,
2026-08-31T03:54:17.796920+00:00,GET,http://localhost:3000/logistics/tenderos/productos-disponibles?tiendaId=bbbbbbbb-bbbb-4bbb-8bbb-bbbbbbbbbbbb&zona=Zona+Norte,200,53.446,
2026-08-31T03:54:17.847893+00:00,GET,http://localhost:3000/logistics/tenderos/productos-disponibles?tiendaId=bbbbbbbb-bbbb-4bbb-8bbb-bbbbbbbbbbbb&zona=Zona+Norte,200,52.206,
2026-08-31T03:54:17.897870+00:00,GET,http://localhost:3000/logistics/tenderos/productos-disponibles?tiendaId=bbbbbbbb-bbbb-4bbb-8bbb-bbbbbbbbbbbb&zona=Zona+Norte,200,53.694,
2026-08-31T03:54:17.947868+00:00,GET,http://localhost:3000/logistics/tenderos/productos-disponibles?tiendaId=bbbbbbbb-bbbb-4bbb-8bbb-bbbbbbbbbbbb&zona=Zona+Norte,200,52.952,
2026-08-31T03:54:17.997079+00:00,GET,http://localhost:3000/logistics/tenderos/productos-disponibles?tiendaId=bbbbbbbb-bbbb-4bbb-8bbb-bbbbbbbbbbbb&zona=Zona+Norte,200,55.236,
2026-08-31T03:54:18.047310+00:00,GET,http://localhost:3000/logistics/tenderos/productos-disponibles?tiendaId=bbbbbbbb-bbbb-4bbb-8bbb-bbbbbbbbbbbb&zona=Zona+Norte,200,62.980,
2026-08-31T03:54:18.097915+00:00,GET,http://localhost:3000/logistics/tenderos/productos-disponibles?tiendaId=bbbbbbbb-bbbb-4bbb-8bbb-bbbbbbbbbbbb&zona=Zona+Norte,200,64.378,
2026-08-31T03:54:18.147888+00:00,GET,http://localhost:3000/logistics/tenderos/productos-disponibles?tiendaId=bbbbbbbb-bbbb-4bbb-8bbb-bbbbbbbbbbbb&zona=Zona+Norte,200,59.354,
2026-08-31T03:54:18.197890+00:00,GET,http://localhost:3000/logistics/tenderos/productos-disponibles?tiendaId=bbbbbbbb-bbbb-4bbb-8bbb-bbbbbbbbbbbb&zona=Zona+Norte,200,53.512,
2026-08-31T03:54:18.247895+00:00,GET,http://localhost:3000/logistics/tenderos/productos-disponibles?tiendaId=bbbbbbbb-bbbb-4bbb-8bbb-bbbbbbbbbbbb&zona=Zona+Norte,200,62.320,
2026-08-31T03:54:18.297442+00:00,GET,http://localhost:3000/logistics/tenderos/productos-disponibles?tiendaId=bbbbbbbb-bbbb-4bbb-8bbb-bbbbbbbbbbbb&zona=Zona+Norte,200,57.536,
2026-08-31T03:54:18.347899+00:00,GET,http://localhost:3000/logistics/tenderos/productos-disponibles?tiendaId=bbbbbbbb-bbbb-4bbb-8bbb-bbbbbbbbbbbb&zona=Zona+Norte,200,51.856,
2026-08-31T03:54:18.397354+00:00,GET,http://localhost:3000/logistics/tenderos/productos-disponibles?tiendaId=bbbbbbbb-bbbb-4bbb-8bbb-bbbbbbbbbbbb&zona=Zona+Norte,200,52.618,
2026-08-31T03:54:18.447959+00:00,GET,http://localhost:3000/logistics/tenderos/productos-disponibles?tiendaId=bbbbbbbb-bbbb-4bbb-8bbb-bbbbbbbbbbbb&zona=Zona+Norte,200,55.365,
2026-08-31T03:54:18.497924+00:00,GET,http://localhost:3000/logistics/tenderos/productos-disponibles?tiendaId=bbbbbbbb-bbbb-4bbb-8bbb-bbbbbbbbbbbb&zona=Zona+Norte,200,49.580,
2026-08-31T03:54:18.547536+00:00,GET,http://localhost:3000/logistics/tenderos/productos-disponibles?tiendaId=bbbbbbbb-bbbb-4bbb-8bbb-bbbbbbbbbbbb&zona=Zona+Norte,200,53.031,
2026-08-31T03:54:18.597296+00:00,GET,http://localhost:3000/logistics/tenderos/productos-disponibles?tiendaId=bbbbbbbb-bbbb-4bbb-8bbb-bbbbbbbbbbbb&zona=Zona+Norte,200,54.402,
2026-08-31T03:54:18.647886+00:00,GET,http://localhost:3000/logistics/tenderos/productos-disponibles?tiendaId=bbbbbbbb-bbbb-4bbb-8bbb-bbbbbbbbbbbb&zona=Zona+Norte,200,55.764,
2026-08-31T03:54:18.697922+00:00,GET,http://localhost:3000/logistics/tenderos/productos-disponibles?tiendaId=bbbbbbbb-bbbb-4bbb-8bbb-bbbbbbbbbbbb&zona=Zona+Norte,200,53.321,
2026-08-31T03:54:18.747328+00:00,GET,http://localhost:3000/logistics/tenderos/productos-disponibles?tiendaId=bbbbbbbb-bbbb-4bbb-8bbb-bbbbbbbbbbbb&zona=Zona+Norte,200,53.843,
2026-08-31T03:54:18.797181+00:00,GET,http://localhost:3000/logistics/tenderos/productos-disponibles?tiendaId=bbbbbbbb-bbbb-4bbb-8bbb-bbbbbbbbbbbb&zona=Zona+Norte,200,55.565,
2026-08-31T03:54:18.847890+00:00,GET,http://localhost:3000/logistics/tenderos/productos-disponibles?tiendaId=bbbbbbbb-bbbb-4bbb-8bbb-bbbbbbbbbbbb&zona=Zona+Norte,200,52.062,
2026-08-31T03:54:18.897820+00:00,GET,http://localhost:3000/logistics/tenderos/productos-disponibles?tiendaId=bbbbbbbb-bbbb-4bbb-8bbb-bbbbbbbbbbbb&zona=Zona+Norte,200,57.307,
2026-08-31T03:54:18.947894+00:00,GET,http://localhost:3000/logistics/tenderos/productos-disponibles?tiendaId=bbbbbbbb-bbbb-4bbb-8bbb-bbbbbbbbbbbb&zona=Zona+Norte,200,56.699,
2026-08-31T03:54:18.997894+00:00,GET,http://localhost:3000/logistics/tenderos/productos-disponibles?tiendaId=bbbbbbbb-bbbb-4bbb-8bbb-bbbbbbbbbbbb&zona=Zona+Norte,200,54.203,
2026-08-31T03:54:19.047905+00:00,GET,http://localhost:3000/logistics/tenderos/productos-disponibles?tiendaId=bbbbbbbb-bbbb-4bbb-8bbb-bbbbbbbbbbbb&zona=Zona+Norte,200,54.709,
2026-08-31T03:54:19.097701+00:00,GET,http://localhost:3000/logistics/tenderos/productos-disponibles?tiendaId=bbbbbbbb-bbbb-4bbb-8bbb-bbbbbbbbbbbb&zona=Zona+Norte,200,53.009,
2026-08-31T03:54:19.146915+00:00,GET,http://localhost:3000/logistics/tenderos/productos-disponibles?tiendaId=bbbbbbbb-bbbb-4bbb-8bbb-bbbbbbbbbbbb&zona=Zona+Norte,200,54.348,
2026-08-31T03:54:19.197901+00:00,GET,http://localhost:3000/logistics/tenderos/productos-disponibles?tiendaId=bbbbbbbb-bbbb-4bbb-8bbb-bbbbbbbbbbbb&zona=Zona+Norte,200,53.256,
2026-08-31T03:54:19.247924+00:00,GET,http://localhost:3000/logistics/tenderos/productos-disponibles?tiendaId=bbbbbbbb-bbbb-4bbb-8bbb-bbbbbbbbbbbb&zona=Zona+Norte,200,57.547,
2026-08-31T03:54:19.297151+00:00,GET,http://localhost:3000/logistics/tenderos/productos-disponibles?tiendaId=bbbbbbbb-bbbb-4bbb-8bbb-bbbbbbbbbbbb&zona=Zona+Norte,200,54.739,
2026-08-31T03:54:19.347922+00:00,GET,http://localhost:3000/logistics/tenderos/productos-disponibles?tiendaId=bbbbbbbb-bbbb-4bbb-8bbb-bbbbbbbbbbbb&zona=Zona+Norte,200,53.947,
2026-08-31T03:54:19.397913+00:00,GET,http://localhost:3000/logistics/tenderos/productos-disponibles?tiendaId=bbbbbbbb-bbbb-4bbb-8bbb-bbbbbbbbbbbb&zona=Zona+Norte,200,50.593,
2026-08-31T03:54:19.447966+00:00,GET,http://localhost:3000/logistics/tenderos/productos-disponibles?tiendaId=bbbbbbbb-bbbb-4bbb-8bbb-bbbbbbbbbbbb&zona=Zona+Norte,200,51.261,
2026-08-31T03:54:19.497959+00:00,GET,http://localhost:3000/logistics/tenderos/productos-disponibles?tiendaId=bbbbbbbb-bbbb-4bbb-8bbb-bbbbbbbbbbbb&zona=Zona+Norte,200,59.187,
2026-08-31T03:54:19.547599+00:00,GET,http://localhost:3000/logistics/tenderos/productos-disponibles?tiendaId=bbbbbbbb-bbbb-4bbb-8bbb-bbbbbbbbbbbb&zona=Zona+Norte,200,54.645,
2026-08-31T03:54:19.597949+00:00,GET,http://localhost:3000/logistics/tenderos/productos-disponibles?tiendaId=bbbbbbbb-bbbb-4bbb-8bbb-bbbbbbbbbbbb&zona=Zona+Norte,200,56.368,
2026-08-31T03:54:19.647955+00:00,GET,http://localhost:3000/logistics/tenderos/productos-disponibles?tiendaId=bbbbbbbb-bbbb-4bbb-8bbb-bbbbbbbbbbbb&zona=Zona+Norte,200,57.333,
2026-08-31T03:54:19.697946+00:00,GET,http://localhost:3000/logistics/tenderos/productos-disponibles?tiendaId=bbbbbbbb-bbbb-4bbb-8bbb-bbbbbbbbbbbb&zona=Zona+Norte,200,51.627,
2026-08-31T03:54:19.747977+00:00,GET,http://localhost:3000/logistics/tenderos/productos-disponibles?tiendaId=bbbbbbbb-bbbb-4bbb-8bbb-bbbbbbbbbbbb&zona=Zona+Norte,200,54.020,
2026-08-31T03:54:19.797972+00:00,GET,http://localhost:3000/logistics/tenderos/productos-disponibles?tiendaId=bbbbbbbb-bbbb-4bbb-8bbb-bbbbbbbbbbbb&zona=Zona+Norte,200,51.294,
2026-08-31T03:54:19.847158+00:00,GET,http://localhost:3000/logistics/tenderos/productos-disponibles?tiendaId=bbbbbbbb-bbbb-4bbb-8bbb-bbbbbbbbbbbb&zona=Zona+Norte,200,53.334,
2026-08-31T03:54:19.897948+00:00,GET,http://localhost:3000/logistics/tenderos/productos-disponibles?tiendaId=bbbbbbbb-bbbb-4bbb-8bbb-bbbbbbbbbbbb&zona=Zona+Norte,200,55.291,
2026-08-31T03:54:19.947957+00:00,GET,http://localhost:3000/logistics/tenderos/productos-disponibles?tiendaId=bbbbbbbb-bbbb-4bbb-8bbb-bbbbbbbbbbbb&zona=Zona+Norte,200,63.253,
2026-08-31T03:54:19.997974+00:00,GET,http://localhost:3000/logistics/tenderos/productos-disponibles?tiendaId=bbbbbbbb-bbbb-4bbb-8bbb-bbbbbbbbbbbb&zona=Zona+Norte,200,54.483,
2026-08-31T03:54:20.047966+00:00,GET,http://localhost:3000/logistics/tenderos/productos-disponibles?tiendaId=bbbbbbbb-bbbb-4bbb-8bbb-bbbbbbbbbbbb&zona=Zona+Norte,200,59.437,
2026-08-31T03:54:20.097528+00:00,GET,http://localhost:3000/logistics/tenderos/productos-disponibles?tiendaId=bbbbbbbb-bbbb-4bbb-8bbb-bbbbbbbbbbbb&zona=Zona+Norte,200,53.652,
2026-08-31T03:54:20.147976+00:00,GET,http://localhost:3000/logistics/tenderos/productos-disponibles?tiendaId=bbbbbbbb-bbbb-4bbb-8bbb-bbbbbbbbbbbb&zona=Zona+Norte,200,54.240,
2026-08-31T03:54:20.197960+00:00,GET,http://localhost:3000/logistics/tenderos/productos-disponibles?tiendaId=bbbbbbbb-bbbb-4bbb-8bbb-bbbbbbbbbbbb&zona=Zona+Norte,200,54.427,
2026-08-31T03:54:20.247975+00:00,GET,http://localhost:3000/logistics/tenderos/productos-disponibles?tiendaId=bbbbbbbb-bbbb-4bbb-8bbb-bbbbbbbbbbbb&zona=Zona+Norte,200,57.106,
2026-08-31T03:54:20.297972+00:00,GET,http://localhost:3000/logistics/tenderos/productos-disponibles?tiendaId=bbbbbbbb-bbbb-4bbb-8bbb-bbbbbbbbbbbb&zona=Zona+Norte,200,55.245,
2026-08-31T03:54:20.347980+00:00,GET,http://localhost:3000/logistics/tenderos/productos-disponibles?tiendaId=bbbbbbbb-bbbb-4bbb-8bbb-bbbbbbbbbbbb&zona=Zona+Norte,200,54.111,
2026-08-31T03:54:20.397965+00:00,GET,http://localhost:3000/logistics/tenderos/productos-disponibles?tiendaId=bbbbbbbb-bbbb-4bbb-8bbb-bbbbbbbbbbbb&zona=Zona+Norte,200,56.121,
2026-08-31T03:54:20.447961+00:00,GET,http://localhost:3000/logistics/tenderos/productos-disponibles?tiendaId=bbbbbbbb-bbbb-4bbb-8bbb-bbbbbbbbbbbb&zona=Zona+Norte,200,60.457,
2026-08-31T03:54:20.497965+00:00,GET,http://localhost:3000/logistics/tenderos/productos-disponibles?tiendaId=bbbbbbbb-bbbb-4bbb-8bbb-bbbbbbbbbbbb&zona=Zona+Norte,200,52.814,
2026-08-31T03:54:20.547988+00:00,GET,http://localhost:3000/logistics/tenderos/productos-disponibles?tiendaId=bbbbbbbb-bbbb-4bbb-8bbb-bbbbbbbbbbbb&zona=Zona+Norte,200,58.032,
2026-08-31T03:54:20.597964+00:00,GET,http://localhost:3000/logistics/tenderos/productos-disponibles?tiendaId=bbbbbbbb-bbbb-4bbb-8bbb-bbbbbbbbbbbb&zona=Zona+Norte,200,59.300,
2026-08-31T03:54:20.647966+00:00,GET,http://localhost:3000/logistics/tenderos/productos-disponibles?tiendaId=bbbbbbbb-bbbb-4bbb-8bbb-bbbbbbbbbbbb&zona=Zona+Norte,200,51.374,
2026-08-31T03:54:20.697975+00:00,GET,http://localhost:3000/logistics/tenderos/productos-disponibles?tiendaId=bbbbbbbb-bbbb-4bbb-8bbb-bbbbbbbbbbbb&zona=Zona+Norte,200,52.718,
2026-08-31T03:54:20.747977+00:00,GET,http://localhost:3000/logistics/tenderos/productos-disponibles?tiendaId=bbbbbbbb-bbbb-4bbb-8bbb-bbbbbbbbbbbb&zona=Zona+Norte,200,55.740,
2026-08-31T03:54:20.797982+00:00,GET,http://localhost:3000/logistics/tenderos/productos-disponibles?tiendaId=bbbbbbbb-bbbb-4bbb-8bbb-bbbbbbbbbbbb&zona=Zona+Norte,200,57.041,
2026-08-31T03:54:20.848023+00:00,GET,http://localhost:3000/logistics/tenderos/productos-disponibles?tiendaId=bbbbbbbb-bbbb-4bbb-8bbb-bbbbbbbbbbbb&zona=Zona+Norte,200,59.348,
2026-08-31T03:54:20.898002+00:00,GET,http://localhost:3000/logistics/tenderos/productos-disponibles?tiendaId=bbbbbbbb-bbbb-4bbb-8bbb-bbbbbbbbbbbb&zona=Zona+Norte,200,51.922,
2026-08-31T03:54:20.947987+00:00,GET,http://localhost:3000/logistics/tenderos/productos-disponibles?tiendaId=bbbbbbbb-bbbb-4bbb-8bbb-bbbbbbbbbbbb&zona=Zona+Norte,200,53.837,
2026-08-31T03:54:20.997975+00:00,GET,http://localhost:3000/logistics/tenderos/productos-disponibles?tiendaId=bbbbbbbb-bbbb-4bbb-8bbb-bbbbbbbbbbbb&zona=Zona+Norte,200,52.194,
2026-08-31T03:54:21.048013+00:00,GET,http://localhost:3000/logistics/tenderos/productos-disponibles?tiendaId=bbbbbbbb-bbbb-4bbb-8bbb-bbbbbbbbbbbb&zona=Zona+Norte,200,55.122,
2026-08-31T03:54:21.098004+00:00,GET,http://localhost:3000/logistics/tenderos/productos-disponibles?tiendaId=bbbbbbbb-bbbb-4bbb-8bbb-bbbbbbbbbbbb&zona=Zona+Norte,200,56.044,
2026-08-31T03:54:21.148330+00:00,GET,http://localhost:3000/logistics/tenderos/productos-disponibles?tiendaId=bbbbbbbb-bbbb-4bbb-8bbb-bbbbbbbbbbbb&zona=Zona+Norte,200,51.835,
2026-08-31T03:54:21.197651+00:00,GET,http://localhost:3000/logistics/tenderos/productos-disponibles?tiendaId=bbbbbbbb-bbbb-4bbb-8bbb-bbbbbbbbbbbb&zona=Zona+Norte,200,54.078,
2026-08-31T03:54:21.248008+00:00,GET,http://localhost:3000/logistics/tenderos/productos-disponibles?tiendaId=bbbbbbbb-bbbb-4bbb-8bbb-bbbbbbbbbbbb&zona=Zona+Norte,200,60.245,
2026-08-31T03:54:21.297996+00:00,GET,http://localhost:3000/logistics/tenderos/productos-disponibles?tiendaId=bbbbbbbb-bbbb-4bbb-8bbb-bbbbbbbbbbbb&zona=Zona+Norte,200,63.901,
2026-08-31T03:54:21.348038+00:00,GET,http://localhost:3000/logistics/tenderos/productos-disponibles?tiendaId=bbbbbbbb-bbbb-4bbb-8bbb-bbbbbbbbbbbb&zona=Zona+Norte,200,62.092,
2026-08-31T03:54:21.398002+00:00,GET,http://localhost:3000/logistics/tenderos/productos-disponibles?tiendaId=bbbbbbbb-bbbb-4bbb-8bbb-bbbbbbbbbbbb&zona=Zona+Norte,200,59.197,
2026-08-31T03:54:21.448063+00:00,GET,http://localhost:3000/logistics/tenderos/productos-disponibles?tiendaId=bbbbbbbb-bbbb-4bbb-8bbb-bbbbbbbbbbbb&zona=Zona+Norte,200,52.012,
2026-08-31T03:54:21.497993+00:00,GET,http://localhost:3000/logistics/tenderos/productos-disponibles?tiendaId=bbbbbbbb-bbbb-4bbb-8bbb-bbbbbbbbbbbb&zona=Zona+Norte,200,51.237,
2026-08-31T03:54:21.548000+00:00,GET,http://localhost:3000/logistics/tenderos/productos-disponibles?tiendaId=bbbbbbbb-bbbb-4bbb-8bbb-bbbbbbbbbbbb&zona=Zona+Norte,200,51.629,
2026-08-31T03:54:21.597990+00:00,GET,http://localhost:3000/logistics/tenderos/productos-disponibles?tiendaId=bbbbbbbb-bbbb-4bbb-8bbb-bbbbbbbbbbbb&zona=Zona+Norte,200,50.636,
2026-08-31T03:54:21.647980+00:00,GET,http://localhost:3000/logistics/tenderos/productos-disponibles?tiendaId=bbbbbbbb-bbbb-4bbb-8bbb-bbbbbbbbbbbb&zona=Zona+Norte,200,49.432,
